TimeQuest Timing Analyzer report for touch_ml_scanpipe_top
Sat Oct 03 21:34:41 2026
Quartus II 64-Bit Version 13.0.1 Build 232 06/12/2013 Service Pack 1 SJ Web Edition


---------------------
; Table of Contents ;
---------------------
  1. Legal Notice
  2. TimeQuest Timing Analyzer Summary
  3. Parallel Compilation
  4. SDC File List
  5. Clocks
  6. Slow Model Fmax Summary
  7. Slow Model Setup Summary
  8. Slow Model Hold Summary
  9. Slow Model Recovery Summary
 10. Slow Model Removal Summary
 11. Slow Model Minimum Pulse Width Summary
 12. Slow Model Setup: 'clk'
 13. Slow Model Hold: 'clk'
 14. Slow Model Minimum Pulse Width: 'clk'
 15. Setup Times
 16. Hold Times
 17. Clock to Output Times
 18. Minimum Clock to Output Times
 19. Fast Model Setup Summary
 20. Fast Model Hold Summary
 21. Fast Model Recovery Summary
 22. Fast Model Removal Summary
 23. Fast Model Minimum Pulse Width Summary
 24. Fast Model Setup: 'clk'
 25. Fast Model Hold: 'clk'
 26. Fast Model Minimum Pulse Width: 'clk'
 27. Setup Times
 28. Hold Times
 29. Clock to Output Times
 30. Minimum Clock to Output Times
 31. Multicorner Timing Analysis Summary
 32. Setup Times
 33. Hold Times
 34. Clock to Output Times
 35. Minimum Clock to Output Times
 36. Setup Transfers
 37. Hold Transfers
 38. Report TCCS
 39. Report RSKM
 40. Unconstrained Paths
 41. TimeQuest Timing Analyzer Messages



----------------
; Legal Notice ;
----------------
Copyright (C) 1991-2013 Altera Corporation
Your use of Altera Corporation's design tools, logic functions 
and other software and tools, and its AMPP partner logic 
functions, and any output files from any of the foregoing 
(including device programming or simulation files), and any 
associated documentation or information are expressly subject 
to the terms and conditions of the Altera Program License 
Subscription Agreement, Altera MegaCore Function License 
Agreement, or other applicable license agreement, including, 
without limitation, that your use is for the sole purpose of 
programming logic devices manufactured by Altera and sold by 
Altera or its authorized distributors.  Please refer to the 
applicable agreement for further details.



+----------------------------------------------------------------------------------------+
; TimeQuest Timing Analyzer Summary                                                      ;
+--------------------+-------------------------------------------------------------------+
; Quartus II Version ; Version 13.0.1 Build 232 06/12/2013 Service Pack 1 SJ Web Edition ;
; Revision Name      ; touch_ml_scanpipe_top                                             ;
; Device Family      ; Cyclone II                                                        ;
; Device Name        ; EP2C5T144C8                                                       ;
; Timing Models      ; Final                                                             ;
; Delay Model        ; Combined                                                          ;
; Rise/Fall Delays   ; Unavailable                                                       ;
+--------------------+-------------------------------------------------------------------+


+------------------------------------------+
; Parallel Compilation                     ;
+----------------------------+-------------+
; Processors                 ; Number      ;
+----------------------------+-------------+
; Number detected on machine ; 6           ;
; Maximum allowed            ; 6           ;
;                            ;             ;
; Average used               ; 1.00        ;
; Maximum used               ; 2           ;
;                            ;             ;
; Usage by Processor         ; % Time Used ;
;     Processor 1            ; 100.0%      ;
;     Processor 2            ; < 0.1%      ;
;     Processors 3-6         ;   0.0%      ;
+----------------------------+-------------+


+---------------------------------------------------------------+
; SDC File List                                                 ;
+---------------------------+--------+--------------------------+
; SDC File Path             ; Status ; Read at                  ;
+---------------------------+--------+--------------------------+
; touch_ml_scanpipe_top.sdc ; OK     ; Sat Oct 03 21:34:41 2026 ;
+---------------------------+--------+--------------------------+


+-----------------------------------------------------------------------------------------------------------------------------------------------------------------------------------+
; Clocks                                                                                                                                                                            ;
+------------+------+---------+-----------+-------+---------+------------+-----------+-------------+-------+--------+-----------+------------+----------+--------+--------+---------+
; Clock Name ; Type ; Period  ; Frequency ; Rise  ; Fall    ; Duty Cycle ; Divide by ; Multiply by ; Phase ; Offset ; Edge List ; Edge Shift ; Inverted ; Master ; Source ; Targets ;
+------------+------+---------+-----------+-------+---------+------------+-----------+-------------+-------+--------+-----------+------------+----------+--------+--------+---------+
; clk        ; Base ; 200.000 ; 5.0 MHz   ; 0.000 ; 100.000 ;            ;           ;             ;       ;        ;           ;            ;          ;        ;        ; { clk } ;
+------------+------+---------+-----------+-------+---------+------------+-----------+-------------+-------+--------+-----------+------------+----------+--------+--------+---------+


+-------------------------------------------------+
; Slow Model Fmax Summary                         ;
+-----------+-----------------+------------+------+
; Fmax      ; Restricted Fmax ; Clock Name ; Note ;
+-----------+-----------------+------------+------+
; 36.13 MHz ; 36.13 MHz       ; clk        ;      ;
+-----------+-----------------+------------+------+
This panel reports FMAX for every clock in the design, regardless of the user-specified clock periods.  FMAX is only computed for paths where the source and destination registers or ports are driven by the same clock.  Paths of different clocks, including generated clocks, are ignored.  For paths between a clock and its inversion, FMAX is computed as if the rising and falling edges are scaled along with FMAX, such that the duty cycle (in terms of a percentage) is maintained. Altera recommends that you always use clock constraints and other slack reports for sign-off analysis.


+---------------------------------+
; Slow Model Setup Summary        ;
+-------+---------+---------------+
; Clock ; Slack   ; End Point TNS ;
+-------+---------+---------------+
; clk   ; 172.323 ; 0.000         ;
+-------+---------+---------------+


+-------------------------------+
; Slow Model Hold Summary       ;
+-------+-------+---------------+
; Clock ; Slack ; End Point TNS ;
+-------+-------+---------------+
; clk   ; 0.499 ; 0.000         ;
+-------+-------+---------------+


-------------------------------
; Slow Model Recovery Summary ;
-------------------------------
No paths to report.


------------------------------
; Slow Model Removal Summary ;
------------------------------
No paths to report.


+----------------------------------------+
; Slow Model Minimum Pulse Width Summary ;
+-------+--------+-----------------------+
; Clock ; Slack  ; End Point TNS         ;
+-------+--------+-----------------------+
; clk   ; 96.933 ; 0.000                 ;
+-------+--------+-----------------------+


+------------------------------------------------------------------------------------------------------------------------------------------------------------------------------------------------------------------------------------------------------+
; Slow Model Setup: 'clk'                                                                                                                                                                                                                              ;
+---------+----------------------------------------------------------------------------------------------------------------------+-----------------------------------------------+--------------+-------------+--------------+------------+------------+
; Slack   ; From Node                                                                                                            ; To Node                                       ; Launch Clock ; Latch Clock ; Relationship ; Clock Skew ; Data Delay ;
+---------+----------------------------------------------------------------------------------------------------------------------+-----------------------------------------------+--------------+-------------+--------------+------------+------------+
; 172.323 ; ml_inference_scanpipe:ml_path|scan_index[1]                                                                          ; ml_inference_scanpipe:ml_path|scan_second[23] ; clk          ; clk         ; 200.000      ; -0.025     ; 27.692     ;
; 172.323 ; ml_inference_scanpipe:ml_path|scan_index[1]                                                                          ; ml_inference_scanpipe:ml_path|scan_second[22] ; clk          ; clk         ; 200.000      ; -0.025     ; 27.692     ;
; 172.738 ; ml_inference_scanpipe:ml_path|scan_index[1]                                                                          ; ml_inference_scanpipe:ml_path|scan_second[6]  ; clk          ; clk         ; 200.000      ; -0.005     ; 27.297     ;
; 172.738 ; ml_inference_scanpipe:ml_path|scan_index[1]                                                                          ; ml_inference_scanpipe:ml_path|scan_second[7]  ; clk          ; clk         ; 200.000      ; -0.005     ; 27.297     ;
; 172.738 ; ml_inference_scanpipe:ml_path|scan_index[1]                                                                          ; ml_inference_scanpipe:ml_path|scan_second[4]  ; clk          ; clk         ; 200.000      ; -0.005     ; 27.297     ;
; 172.738 ; ml_inference_scanpipe:ml_path|scan_index[1]                                                                          ; ml_inference_scanpipe:ml_path|scan_second[5]  ; clk          ; clk         ; 200.000      ; -0.005     ; 27.297     ;
; 173.058 ; ml_inference_scanpipe:ml_path|scan_index[1]                                                                          ; ml_inference_scanpipe:ml_path|scan_second[19] ; clk          ; clk         ; 200.000      ; -0.014     ; 26.968     ;
; 173.058 ; ml_inference_scanpipe:ml_path|scan_index[1]                                                                          ; ml_inference_scanpipe:ml_path|scan_second[21] ; clk          ; clk         ; 200.000      ; -0.014     ; 26.968     ;
; 173.076 ; ml_inference_scanpipe:ml_path|scan_index[1]                                                                          ; ml_inference_scanpipe:ml_path|scan_second[2]  ; clk          ; clk         ; 200.000      ; -0.007     ; 26.957     ;
; 173.076 ; ml_inference_scanpipe:ml_path|scan_index[1]                                                                          ; ml_inference_scanpipe:ml_path|scan_second[3]  ; clk          ; clk         ; 200.000      ; -0.007     ; 26.957     ;
; 173.220 ; ml_inference_scanpipe:ml_path|altsyncram:hidden_rtl_0|altsyncram_sng1:auto_generated|ram_block1a0~portb_address_reg0 ; ml_inference_scanpipe:ml_path|scores[2][29]   ; clk          ; clk         ; 200.000      ; -0.148     ; 26.672     ;
; 173.220 ; ml_inference_scanpipe:ml_path|altsyncram:hidden_rtl_0|altsyncram_sng1:auto_generated|ram_block1a0~portb_address_reg1 ; ml_inference_scanpipe:ml_path|scores[2][29]   ; clk          ; clk         ; 200.000      ; -0.148     ; 26.672     ;
; 173.220 ; ml_inference_scanpipe:ml_path|altsyncram:hidden_rtl_0|altsyncram_sng1:auto_generated|ram_block1a0~portb_address_reg2 ; ml_inference_scanpipe:ml_path|scores[2][29]   ; clk          ; clk         ; 200.000      ; -0.148     ; 26.672     ;
; 173.220 ; ml_inference_scanpipe:ml_path|altsyncram:hidden_rtl_0|altsyncram_sng1:auto_generated|ram_block1a0~portb_address_reg3 ; ml_inference_scanpipe:ml_path|scores[2][29]   ; clk          ; clk         ; 200.000      ; -0.148     ; 26.672     ;
; 173.220 ; ml_inference_scanpipe:ml_path|altsyncram:hidden_rtl_0|altsyncram_sng1:auto_generated|ram_block1a0~portb_address_reg4 ; ml_inference_scanpipe:ml_path|scores[2][29]   ; clk          ; clk         ; 200.000      ; -0.148     ; 26.672     ;
; 173.320 ; ml_inference_scanpipe:ml_path|neuron[0]                                                                              ; ml_inference_scanpipe:ml_path|scores[2][29]   ; clk          ; clk         ; 200.000      ; -0.003     ; 26.717     ;
; 173.382 ; ml_inference_scanpipe:ml_path|scan_index[1]                                                                          ; ml_inference_scanpipe:ml_path|scan_second[12] ; clk          ; clk         ; 200.000      ; -0.011     ; 26.647     ;
; 173.382 ; ml_inference_scanpipe:ml_path|scan_index[1]                                                                          ; ml_inference_scanpipe:ml_path|scan_second[11] ; clk          ; clk         ; 200.000      ; -0.011     ; 26.647     ;
; 173.409 ; ml_inference_scanpipe:ml_path|scan_index[1]                                                                          ; ml_inference_scanpipe:ml_path|scan_second[28] ; clk          ; clk         ; 200.000      ; -0.026     ; 26.605     ;
; 173.409 ; ml_inference_scanpipe:ml_path|scan_index[1]                                                                          ; ml_inference_scanpipe:ml_path|scan_second[25] ; clk          ; clk         ; 200.000      ; -0.026     ; 26.605     ;
; 173.409 ; ml_inference_scanpipe:ml_path|scan_index[1]                                                                          ; ml_inference_scanpipe:ml_path|scan_second[24] ; clk          ; clk         ; 200.000      ; -0.026     ; 26.605     ;
; 173.409 ; ml_inference_scanpipe:ml_path|scan_index[1]                                                                          ; ml_inference_scanpipe:ml_path|scan_second[13] ; clk          ; clk         ; 200.000      ; -0.011     ; 26.620     ;
; 173.409 ; ml_inference_scanpipe:ml_path|scan_index[1]                                                                          ; ml_inference_scanpipe:ml_path|scan_second[14] ; clk          ; clk         ; 200.000      ; -0.011     ; 26.620     ;
; 173.413 ; ml_inference_scanpipe:ml_path|scan_index[1]                                                                          ; ml_inference_scanpipe:ml_path|scan_second[17] ; clk          ; clk         ; 200.000      ; -0.014     ; 26.613     ;
; 173.413 ; ml_inference_scanpipe:ml_path|scan_index[1]                                                                          ; ml_inference_scanpipe:ml_path|scan_second[16] ; clk          ; clk         ; 200.000      ; -0.014     ; 26.613     ;
; 173.413 ; ml_inference_scanpipe:ml_path|scan_index[1]                                                                          ; ml_inference_scanpipe:ml_path|scan_second[18] ; clk          ; clk         ; 200.000      ; -0.014     ; 26.613     ;
; 173.472 ; ml_inference_scanpipe:ml_path|scan_index[1]                                                                          ; ml_inference_scanpipe:ml_path|scan_second[15] ; clk          ; clk         ; 200.000      ; -0.005     ; 26.563     ;
; 173.472 ; ml_inference_scanpipe:ml_path|scan_index[1]                                                                          ; ml_inference_scanpipe:ml_path|scan_second[8]  ; clk          ; clk         ; 200.000      ; -0.005     ; 26.563     ;
; 173.499 ; ml_inference_scanpipe:ml_path|scan_index[1]                                                                          ; ml_inference_scanpipe:ml_path|scan_second[1]  ; clk          ; clk         ; 200.000      ; -0.013     ; 26.528     ;
; 173.499 ; ml_inference_scanpipe:ml_path|scan_index[1]                                                                          ; ml_inference_scanpipe:ml_path|scan_second[32] ; clk          ; clk         ; 200.000      ; -0.013     ; 26.528     ;
; 173.499 ; ml_inference_scanpipe:ml_path|scan_index[1]                                                                          ; ml_inference_scanpipe:ml_path|scan_second[0]  ; clk          ; clk         ; 200.000      ; -0.013     ; 26.528     ;
; 173.629 ; ml_inference_scanpipe:ml_path|altsyncram:l2_rom|altsyncram_pnt:auto_generated|ram_block1a0~porta_address_reg0        ; ml_inference_scanpipe:ml_path|scores[2][29]   ; clk          ; clk         ; 200.000      ; -0.127     ; 26.284     ;
; 173.629 ; ml_inference_scanpipe:ml_path|altsyncram:l2_rom|altsyncram_pnt:auto_generated|ram_block1a0~porta_address_reg1        ; ml_inference_scanpipe:ml_path|scores[2][29]   ; clk          ; clk         ; 200.000      ; -0.127     ; 26.284     ;
; 173.629 ; ml_inference_scanpipe:ml_path|altsyncram:l2_rom|altsyncram_pnt:auto_generated|ram_block1a0~porta_address_reg2        ; ml_inference_scanpipe:ml_path|scores[2][29]   ; clk          ; clk         ; 200.000      ; -0.127     ; 26.284     ;
; 173.629 ; ml_inference_scanpipe:ml_path|altsyncram:l2_rom|altsyncram_pnt:auto_generated|ram_block1a0~porta_address_reg3        ; ml_inference_scanpipe:ml_path|scores[2][29]   ; clk          ; clk         ; 200.000      ; -0.127     ; 26.284     ;
; 173.629 ; ml_inference_scanpipe:ml_path|altsyncram:l2_rom|altsyncram_pnt:auto_generated|ram_block1a0~porta_address_reg4        ; ml_inference_scanpipe:ml_path|scores[2][29]   ; clk          ; clk         ; 200.000      ; -0.127     ; 26.284     ;
; 173.629 ; ml_inference_scanpipe:ml_path|altsyncram:l2_rom|altsyncram_pnt:auto_generated|ram_block1a0~porta_address_reg5        ; ml_inference_scanpipe:ml_path|scores[2][29]   ; clk          ; clk         ; 200.000      ; -0.127     ; 26.284     ;
; 173.629 ; ml_inference_scanpipe:ml_path|altsyncram:l2_rom|altsyncram_pnt:auto_generated|ram_block1a0~porta_address_reg6        ; ml_inference_scanpipe:ml_path|scores[2][29]   ; clk          ; clk         ; 200.000      ; -0.127     ; 26.284     ;
; 173.629 ; ml_inference_scanpipe:ml_path|altsyncram:l2_rom|altsyncram_pnt:auto_generated|ram_block1a0~porta_address_reg7        ; ml_inference_scanpipe:ml_path|scores[2][29]   ; clk          ; clk         ; 200.000      ; -0.127     ; 26.284     ;
; 173.629 ; ml_inference_scanpipe:ml_path|altsyncram:l2_rom|altsyncram_pnt:auto_generated|ram_block1a0~porta_address_reg8        ; ml_inference_scanpipe:ml_path|scores[2][29]   ; clk          ; clk         ; 200.000      ; -0.127     ; 26.284     ;
; 173.676 ; ml_inference_scanpipe:ml_path|altsyncram:hidden_rtl_0|altsyncram_sng1:auto_generated|ram_block1a0~portb_address_reg0 ; ml_inference_scanpipe:ml_path|scores[6][29]   ; clk          ; clk         ; 200.000      ; -0.155     ; 26.209     ;
; 173.676 ; ml_inference_scanpipe:ml_path|altsyncram:hidden_rtl_0|altsyncram_sng1:auto_generated|ram_block1a0~portb_address_reg1 ; ml_inference_scanpipe:ml_path|scores[6][29]   ; clk          ; clk         ; 200.000      ; -0.155     ; 26.209     ;
; 173.676 ; ml_inference_scanpipe:ml_path|altsyncram:hidden_rtl_0|altsyncram_sng1:auto_generated|ram_block1a0~portb_address_reg2 ; ml_inference_scanpipe:ml_path|scores[6][29]   ; clk          ; clk         ; 200.000      ; -0.155     ; 26.209     ;
; 173.676 ; ml_inference_scanpipe:ml_path|altsyncram:hidden_rtl_0|altsyncram_sng1:auto_generated|ram_block1a0~portb_address_reg3 ; ml_inference_scanpipe:ml_path|scores[6][29]   ; clk          ; clk         ; 200.000      ; -0.155     ; 26.209     ;
; 173.676 ; ml_inference_scanpipe:ml_path|altsyncram:hidden_rtl_0|altsyncram_sng1:auto_generated|ram_block1a0~portb_address_reg4 ; ml_inference_scanpipe:ml_path|scores[6][29]   ; clk          ; clk         ; 200.000      ; -0.155     ; 26.209     ;
; 173.680 ; ml_inference_scanpipe:ml_path|altsyncram:hidden_rtl_0|altsyncram_sng1:auto_generated|ram_block1a0~portb_address_reg0 ; ml_inference_scanpipe:ml_path|scores[4][29]   ; clk          ; clk         ; 200.000      ; -0.155     ; 26.205     ;
; 173.680 ; ml_inference_scanpipe:ml_path|altsyncram:hidden_rtl_0|altsyncram_sng1:auto_generated|ram_block1a0~portb_address_reg1 ; ml_inference_scanpipe:ml_path|scores[4][29]   ; clk          ; clk         ; 200.000      ; -0.155     ; 26.205     ;
; 173.680 ; ml_inference_scanpipe:ml_path|altsyncram:hidden_rtl_0|altsyncram_sng1:auto_generated|ram_block1a0~portb_address_reg2 ; ml_inference_scanpipe:ml_path|scores[4][29]   ; clk          ; clk         ; 200.000      ; -0.155     ; 26.205     ;
; 173.680 ; ml_inference_scanpipe:ml_path|altsyncram:hidden_rtl_0|altsyncram_sng1:auto_generated|ram_block1a0~portb_address_reg3 ; ml_inference_scanpipe:ml_path|scores[4][29]   ; clk          ; clk         ; 200.000      ; -0.155     ; 26.205     ;
; 173.680 ; ml_inference_scanpipe:ml_path|altsyncram:hidden_rtl_0|altsyncram_sng1:auto_generated|ram_block1a0~portb_address_reg4 ; ml_inference_scanpipe:ml_path|scores[4][29]   ; clk          ; clk         ; 200.000      ; -0.155     ; 26.205     ;
; 173.773 ; ml_inference_scanpipe:ml_path|scan_index[1]                                                                          ; ml_inference_scanpipe:ml_path|scan_second[27] ; clk          ; clk         ; 200.000      ; -0.011     ; 26.256     ;
; 173.776 ; ml_inference_scanpipe:ml_path|neuron[0]                                                                              ; ml_inference_scanpipe:ml_path|scores[6][29]   ; clk          ; clk         ; 200.000      ; -0.010     ; 26.254     ;
; 173.780 ; ml_inference_scanpipe:ml_path|neuron[0]                                                                              ; ml_inference_scanpipe:ml_path|scores[4][29]   ; clk          ; clk         ; 200.000      ; -0.010     ; 26.250     ;
; 173.855 ; ml_inference_scanpipe:ml_path|scan_index[1]                                                                          ; ml_inference_scanpipe:ml_path|scan_second[26] ; clk          ; clk         ; 200.000      ; -0.025     ; 26.160     ;
; 173.855 ; ml_inference_scanpipe:ml_path|scan_index[1]                                                                          ; ml_inference_scanpipe:ml_path|scan_second[20] ; clk          ; clk         ; 200.000      ; -0.025     ; 26.160     ;
; 173.855 ; ml_inference_scanpipe:ml_path|scan_index[1]                                                                          ; ml_inference_scanpipe:ml_path|scan_second[9]  ; clk          ; clk         ; 200.000      ; -0.025     ; 26.160     ;
; 173.855 ; ml_inference_scanpipe:ml_path|scan_index[1]                                                                          ; ml_inference_scanpipe:ml_path|scan_second[10] ; clk          ; clk         ; 200.000      ; -0.025     ; 26.160     ;
; 173.872 ; ml_inference_scanpipe:ml_path|altsyncram:hidden_rtl_0|altsyncram_sng1:auto_generated|ram_block1a0~portb_address_reg0 ; ml_inference_scanpipe:ml_path|acc[30]         ; clk          ; clk         ; 200.000      ; -0.137     ; 26.031     ;
; 173.872 ; ml_inference_scanpipe:ml_path|altsyncram:hidden_rtl_0|altsyncram_sng1:auto_generated|ram_block1a0~portb_address_reg1 ; ml_inference_scanpipe:ml_path|acc[30]         ; clk          ; clk         ; 200.000      ; -0.137     ; 26.031     ;
; 173.872 ; ml_inference_scanpipe:ml_path|altsyncram:hidden_rtl_0|altsyncram_sng1:auto_generated|ram_block1a0~portb_address_reg2 ; ml_inference_scanpipe:ml_path|acc[30]         ; clk          ; clk         ; 200.000      ; -0.137     ; 26.031     ;
; 173.872 ; ml_inference_scanpipe:ml_path|altsyncram:hidden_rtl_0|altsyncram_sng1:auto_generated|ram_block1a0~portb_address_reg3 ; ml_inference_scanpipe:ml_path|acc[30]         ; clk          ; clk         ; 200.000      ; -0.137     ; 26.031     ;
; 173.872 ; ml_inference_scanpipe:ml_path|altsyncram:hidden_rtl_0|altsyncram_sng1:auto_generated|ram_block1a0~portb_address_reg4 ; ml_inference_scanpipe:ml_path|acc[30]         ; clk          ; clk         ; 200.000      ; -0.137     ; 26.031     ;
; 173.896 ; ml_inference_scanpipe:ml_path|scan_index[0]                                                                          ; ml_inference_scanpipe:ml_path|scan_second[23] ; clk          ; clk         ; 200.000      ; -0.025     ; 26.119     ;
; 173.896 ; ml_inference_scanpipe:ml_path|scan_index[0]                                                                          ; ml_inference_scanpipe:ml_path|scan_second[22] ; clk          ; clk         ; 200.000      ; -0.025     ; 26.119     ;
; 173.900 ; ml_inference_scanpipe:ml_path|altsyncram:hidden_rtl_0|altsyncram_sng1:auto_generated|ram_block1a0~portb_address_reg0 ; ml_inference_scanpipe:ml_path|scores[5][32]   ; clk          ; clk         ; 200.000      ; -0.152     ; 25.988     ;
; 173.900 ; ml_inference_scanpipe:ml_path|altsyncram:hidden_rtl_0|altsyncram_sng1:auto_generated|ram_block1a0~portb_address_reg1 ; ml_inference_scanpipe:ml_path|scores[5][32]   ; clk          ; clk         ; 200.000      ; -0.152     ; 25.988     ;
; 173.900 ; ml_inference_scanpipe:ml_path|altsyncram:hidden_rtl_0|altsyncram_sng1:auto_generated|ram_block1a0~portb_address_reg2 ; ml_inference_scanpipe:ml_path|scores[5][32]   ; clk          ; clk         ; 200.000      ; -0.152     ; 25.988     ;
; 173.900 ; ml_inference_scanpipe:ml_path|altsyncram:hidden_rtl_0|altsyncram_sng1:auto_generated|ram_block1a0~portb_address_reg3 ; ml_inference_scanpipe:ml_path|scores[5][32]   ; clk          ; clk         ; 200.000      ; -0.152     ; 25.988     ;
; 173.900 ; ml_inference_scanpipe:ml_path|altsyncram:hidden_rtl_0|altsyncram_sng1:auto_generated|ram_block1a0~portb_address_reg4 ; ml_inference_scanpipe:ml_path|scores[5][32]   ; clk          ; clk         ; 200.000      ; -0.152     ; 25.988     ;
; 173.901 ; ml_inference_scanpipe:ml_path|altsyncram:hidden_rtl_0|altsyncram_sng1:auto_generated|ram_block1a0~portb_address_reg0 ; ml_inference_scanpipe:ml_path|scores[7][32]   ; clk          ; clk         ; 200.000      ; -0.152     ; 25.987     ;
; 173.901 ; ml_inference_scanpipe:ml_path|altsyncram:hidden_rtl_0|altsyncram_sng1:auto_generated|ram_block1a0~portb_address_reg1 ; ml_inference_scanpipe:ml_path|scores[7][32]   ; clk          ; clk         ; 200.000      ; -0.152     ; 25.987     ;
; 173.901 ; ml_inference_scanpipe:ml_path|altsyncram:hidden_rtl_0|altsyncram_sng1:auto_generated|ram_block1a0~portb_address_reg2 ; ml_inference_scanpipe:ml_path|scores[7][32]   ; clk          ; clk         ; 200.000      ; -0.152     ; 25.987     ;
; 173.901 ; ml_inference_scanpipe:ml_path|altsyncram:hidden_rtl_0|altsyncram_sng1:auto_generated|ram_block1a0~portb_address_reg3 ; ml_inference_scanpipe:ml_path|scores[7][32]   ; clk          ; clk         ; 200.000      ; -0.152     ; 25.987     ;
; 173.901 ; ml_inference_scanpipe:ml_path|altsyncram:hidden_rtl_0|altsyncram_sng1:auto_generated|ram_block1a0~portb_address_reg4 ; ml_inference_scanpipe:ml_path|scores[7][32]   ; clk          ; clk         ; 200.000      ; -0.152     ; 25.987     ;
; 173.972 ; ml_inference_scanpipe:ml_path|scan_index[1]                                                                          ; ml_inference_scanpipe:ml_path|scan_best[30]   ; clk          ; clk         ; 200.000      ; -0.027     ; 26.041     ;
; 173.972 ; ml_inference_scanpipe:ml_path|scan_index[1]                                                                          ; ml_inference_scanpipe:ml_path|scan_best[28]   ; clk          ; clk         ; 200.000      ; -0.027     ; 26.041     ;
; 173.972 ; ml_inference_scanpipe:ml_path|scan_index[1]                                                                          ; ml_inference_scanpipe:ml_path|scan_best[21]   ; clk          ; clk         ; 200.000      ; -0.027     ; 26.041     ;
; 173.972 ; ml_inference_scanpipe:ml_path|scan_index[1]                                                                          ; ml_inference_scanpipe:ml_path|scan_best[20]   ; clk          ; clk         ; 200.000      ; -0.027     ; 26.041     ;
; 173.972 ; ml_inference_scanpipe:ml_path|scan_index[1]                                                                          ; ml_inference_scanpipe:ml_path|scan_best[19]   ; clk          ; clk         ; 200.000      ; -0.027     ; 26.041     ;
; 173.972 ; ml_inference_scanpipe:ml_path|scan_index[1]                                                                          ; ml_inference_scanpipe:ml_path|scan_best[7]    ; clk          ; clk         ; 200.000      ; -0.027     ; 26.041     ;
; 173.972 ; ml_inference_scanpipe:ml_path|scan_index[1]                                                                          ; ml_inference_scanpipe:ml_path|scan_best[2]    ; clk          ; clk         ; 200.000      ; -0.027     ; 26.041     ;
; 173.972 ; ml_inference_scanpipe:ml_path|neuron[0]                                                                              ; ml_inference_scanpipe:ml_path|acc[30]         ; clk          ; clk         ; 200.000      ; 0.008      ; 26.076     ;
; 173.981 ; ml_inference_scanpipe:ml_path|scan_index[1]                                                                          ; ml_inference_scanpipe:ml_path|scan_best[13]   ; clk          ; clk         ; 200.000      ; -0.011     ; 26.048     ;
; 173.994 ; ml_inference_scanpipe:ml_path|scan_index[1]                                                                          ; ml_inference_scanpipe:ml_path|scan_best[16]   ; clk          ; clk         ; 200.000      ; -0.018     ; 26.028     ;
; 173.994 ; ml_inference_scanpipe:ml_path|scan_index[1]                                                                          ; ml_inference_scanpipe:ml_path|scan_best[12]   ; clk          ; clk         ; 200.000      ; -0.018     ; 26.028     ;
; 173.994 ; ml_inference_scanpipe:ml_path|scan_index[1]                                                                          ; ml_inference_scanpipe:ml_path|scan_best[11]   ; clk          ; clk         ; 200.000      ; -0.018     ; 26.028     ;
; 173.994 ; ml_inference_scanpipe:ml_path|scan_index[1]                                                                          ; ml_inference_scanpipe:ml_path|scan_best[14]   ; clk          ; clk         ; 200.000      ; -0.018     ; 26.028     ;
; 173.994 ; ml_inference_scanpipe:ml_path|scan_index[1]                                                                          ; ml_inference_scanpipe:ml_path|scan_best[4]    ; clk          ; clk         ; 200.000      ; -0.018     ; 26.028     ;
; 174.000 ; ml_inference_scanpipe:ml_path|neuron[0]                                                                              ; ml_inference_scanpipe:ml_path|scores[5][32]   ; clk          ; clk         ; 200.000      ; -0.007     ; 26.033     ;
; 174.001 ; ml_inference_scanpipe:ml_path|neuron[0]                                                                              ; ml_inference_scanpipe:ml_path|scores[7][32]   ; clk          ; clk         ; 200.000      ; -0.007     ; 26.032     ;
; 174.033 ; ml_inference_scanpipe:ml_path|altsyncram:hidden_rtl_0|altsyncram_sng1:auto_generated|ram_block1a0~portb_address_reg0 ; ml_inference_scanpipe:ml_path|acc[36]         ; clk          ; clk         ; 200.000      ; -0.147     ; 25.860     ;
; 174.033 ; ml_inference_scanpipe:ml_path|scan_index[1]                                                                          ; ml_inference_scanpipe:ml_path|scan_best[18]   ; clk          ; clk         ; 200.000      ; -0.014     ; 25.993     ;
; 174.033 ; ml_inference_scanpipe:ml_path|scan_index[1]                                                                          ; ml_inference_scanpipe:ml_path|scan_best[17]   ; clk          ; clk         ; 200.000      ; -0.014     ; 25.993     ;
; 174.033 ; ml_inference_scanpipe:ml_path|altsyncram:hidden_rtl_0|altsyncram_sng1:auto_generated|ram_block1a0~portb_address_reg1 ; ml_inference_scanpipe:ml_path|acc[36]         ; clk          ; clk         ; 200.000      ; -0.147     ; 25.860     ;
; 174.033 ; ml_inference_scanpipe:ml_path|altsyncram:hidden_rtl_0|altsyncram_sng1:auto_generated|ram_block1a0~portb_address_reg2 ; ml_inference_scanpipe:ml_path|acc[36]         ; clk          ; clk         ; 200.000      ; -0.147     ; 25.860     ;
; 174.033 ; ml_inference_scanpipe:ml_path|altsyncram:hidden_rtl_0|altsyncram_sng1:auto_generated|ram_block1a0~portb_address_reg3 ; ml_inference_scanpipe:ml_path|acc[36]         ; clk          ; clk         ; 200.000      ; -0.147     ; 25.860     ;
; 174.033 ; ml_inference_scanpipe:ml_path|altsyncram:hidden_rtl_0|altsyncram_sng1:auto_generated|ram_block1a0~portb_address_reg4 ; ml_inference_scanpipe:ml_path|acc[36]         ; clk          ; clk         ; 200.000      ; -0.147     ; 25.860     ;
; 174.058 ; ml_inference_scanpipe:ml_path|scan_index[1]                                                                          ; ml_inference_scanpipe:ml_path|scan_best[3]    ; clk          ; clk         ; 200.000      ; -0.007     ; 25.975     ;
; 174.085 ; ml_inference_scanpipe:ml_path|altsyncram:l2_rom|altsyncram_pnt:auto_generated|ram_block1a0~porta_address_reg0        ; ml_inference_scanpipe:ml_path|scores[6][29]   ; clk          ; clk         ; 200.000      ; -0.134     ; 25.821     ;
; 174.085 ; ml_inference_scanpipe:ml_path|altsyncram:l2_rom|altsyncram_pnt:auto_generated|ram_block1a0~porta_address_reg1        ; ml_inference_scanpipe:ml_path|scores[6][29]   ; clk          ; clk         ; 200.000      ; -0.134     ; 25.821     ;
+---------+----------------------------------------------------------------------------------------------------------------------+-----------------------------------------------+--------------+-------------+--------------+------------+------------+


+-------------------------------------------------------------------------------------------------------------------------------------------------------------------------------------------------------------------------+
; Slow Model Hold: 'clk'                                                                                                                                                                                                  ;
+-------+---------------------------------------------------------------------+---------------------------------------------------------------------+--------------+-------------+--------------+------------+------------+
; Slack ; From Node                                                           ; To Node                                                             ; Launch Clock ; Latch Clock ; Relationship ; Clock Skew ; Data Delay ;
+-------+---------------------------------------------------------------------+---------------------------------------------------------------------+--------------+-------------+--------------+------------+------------+
; 0.499 ; touch_capture_top:touch_path|touch_frame_adapter:frame|stream_busy  ; touch_capture_top:touch_path|touch_frame_adapter:frame|stream_busy  ; clk          ; clk         ; 0.000        ; 0.000      ; 0.805      ;
; 0.499 ; ml_inference_scanpipe:ml_path|scan_index[2]                         ; ml_inference_scanpipe:ml_path|scan_index[2]                         ; clk          ; clk         ; 0.000        ; 0.000      ; 0.805      ;
; 0.499 ; ml_inference_scanpipe:ml_path|scan_index[3]                         ; ml_inference_scanpipe:ml_path|scan_index[3]                         ; clk          ; clk         ; 0.000        ; 0.000      ; 0.805      ;
; 0.499 ; ml_inference_scanpipe:ml_path|scan_index[4]                         ; ml_inference_scanpipe:ml_path|scan_index[4]                         ; clk          ; clk         ; 0.000        ; 0.000      ; 0.805      ;
; 0.499 ; ml_inference_scanpipe:ml_path|scan_index[5]                         ; ml_inference_scanpipe:ml_path|scan_index[5]                         ; clk          ; clk         ; 0.000        ; 0.000      ; 0.805      ;
; 0.499 ; ml_inference_scanpipe:ml_path|scan_index[6]                         ; ml_inference_scanpipe:ml_path|scan_index[6]                         ; clk          ; clk         ; 0.000        ; 0.000      ; 0.805      ;
; 0.499 ; ml_inference_scanpipe:ml_path|scan_index[7]                         ; ml_inference_scanpipe:ml_path|scan_index[7]                         ; clk          ; clk         ; 0.000        ; 0.000      ; 0.805      ;
; 0.499 ; ml_inference_scanpipe:ml_path|scan_index[8]                         ; ml_inference_scanpipe:ml_path|scan_index[8]                         ; clk          ; clk         ; 0.000        ; 0.000      ; 0.805      ;
; 0.499 ; ml_inference_scanpipe:ml_path|scan_index[9]                         ; ml_inference_scanpipe:ml_path|scan_index[9]                         ; clk          ; clk         ; 0.000        ; 0.000      ; 0.805      ;
; 0.499 ; ml_inference_scanpipe:ml_path|scan_index[10]                        ; ml_inference_scanpipe:ml_path|scan_index[10]                        ; clk          ; clk         ; 0.000        ; 0.000      ; 0.805      ;
; 0.499 ; ml_inference_scanpipe:ml_path|scan_index[11]                        ; ml_inference_scanpipe:ml_path|scan_index[11]                        ; clk          ; clk         ; 0.000        ; 0.000      ; 0.805      ;
; 0.499 ; ml_inference_scanpipe:ml_path|scan_index[12]                        ; ml_inference_scanpipe:ml_path|scan_index[12]                        ; clk          ; clk         ; 0.000        ; 0.000      ; 0.805      ;
; 0.499 ; ml_inference_scanpipe:ml_path|scan_index[13]                        ; ml_inference_scanpipe:ml_path|scan_index[13]                        ; clk          ; clk         ; 0.000        ; 0.000      ; 0.805      ;
; 0.499 ; ml_inference_scanpipe:ml_path|scan_index[14]                        ; ml_inference_scanpipe:ml_path|scan_index[14]                        ; clk          ; clk         ; 0.000        ; 0.000      ; 0.805      ;
; 0.499 ; ml_inference_scanpipe:ml_path|scan_index[15]                        ; ml_inference_scanpipe:ml_path|scan_index[15]                        ; clk          ; clk         ; 0.000        ; 0.000      ; 0.805      ;
; 0.499 ; ml_inference_scanpipe:ml_path|scan_index[16]                        ; ml_inference_scanpipe:ml_path|scan_index[16]                        ; clk          ; clk         ; 0.000        ; 0.000      ; 0.805      ;
; 0.499 ; ml_inference_scanpipe:ml_path|scan_index[17]                        ; ml_inference_scanpipe:ml_path|scan_index[17]                        ; clk          ; clk         ; 0.000        ; 0.000      ; 0.805      ;
; 0.499 ; ml_inference_scanpipe:ml_path|scan_index[18]                        ; ml_inference_scanpipe:ml_path|scan_index[18]                        ; clk          ; clk         ; 0.000        ; 0.000      ; 0.805      ;
; 0.499 ; ml_inference_scanpipe:ml_path|scan_index[19]                        ; ml_inference_scanpipe:ml_path|scan_index[19]                        ; clk          ; clk         ; 0.000        ; 0.000      ; 0.805      ;
; 0.499 ; ml_inference_scanpipe:ml_path|scan_index[20]                        ; ml_inference_scanpipe:ml_path|scan_index[20]                        ; clk          ; clk         ; 0.000        ; 0.000      ; 0.805      ;
; 0.499 ; ml_inference_scanpipe:ml_path|scan_index[21]                        ; ml_inference_scanpipe:ml_path|scan_index[21]                        ; clk          ; clk         ; 0.000        ; 0.000      ; 0.805      ;
; 0.499 ; ml_inference_scanpipe:ml_path|scan_index[22]                        ; ml_inference_scanpipe:ml_path|scan_index[22]                        ; clk          ; clk         ; 0.000        ; 0.000      ; 0.805      ;
; 0.499 ; ml_inference_scanpipe:ml_path|scan_index[23]                        ; ml_inference_scanpipe:ml_path|scan_index[23]                        ; clk          ; clk         ; 0.000        ; 0.000      ; 0.805      ;
; 0.499 ; ml_inference_scanpipe:ml_path|scan_index[24]                        ; ml_inference_scanpipe:ml_path|scan_index[24]                        ; clk          ; clk         ; 0.000        ; 0.000      ; 0.805      ;
; 0.499 ; ml_inference_scanpipe:ml_path|scan_index[25]                        ; ml_inference_scanpipe:ml_path|scan_index[25]                        ; clk          ; clk         ; 0.000        ; 0.000      ; 0.805      ;
; 0.499 ; ml_inference_scanpipe:ml_path|scan_index[26]                        ; ml_inference_scanpipe:ml_path|scan_index[26]                        ; clk          ; clk         ; 0.000        ; 0.000      ; 0.805      ;
; 0.499 ; ml_inference_scanpipe:ml_path|scan_index[27]                        ; ml_inference_scanpipe:ml_path|scan_index[27]                        ; clk          ; clk         ; 0.000        ; 0.000      ; 0.805      ;
; 0.499 ; ml_inference_scanpipe:ml_path|scan_index[28]                        ; ml_inference_scanpipe:ml_path|scan_index[28]                        ; clk          ; clk         ; 0.000        ; 0.000      ; 0.805      ;
; 0.499 ; ml_inference_scanpipe:ml_path|scan_index[29]                        ; ml_inference_scanpipe:ml_path|scan_index[29]                        ; clk          ; clk         ; 0.000        ; 0.000      ; 0.805      ;
; 0.499 ; ml_inference_scanpipe:ml_path|scan_index[30]                        ; ml_inference_scanpipe:ml_path|scan_index[30]                        ; clk          ; clk         ; 0.000        ; 0.000      ; 0.805      ;
; 0.499 ; ml_inference_scanpipe:ml_path|scan_index[31]                        ; ml_inference_scanpipe:ml_path|scan_index[31]                        ; clk          ; clk         ; 0.000        ; 0.000      ; 0.805      ;
; 0.499 ; ml_inference_scanpipe:ml_path|state.SCAN_STEP                       ; ml_inference_scanpipe:ml_path|state.SCAN_STEP                       ; clk          ; clk         ; 0.000        ; 0.000      ; 0.805      ;
; 0.499 ; ml_inference_scanpipe:ml_path|state.LOAD                            ; ml_inference_scanpipe:ml_path|state.LOAD                            ; clk          ; clk         ; 0.000        ; 0.000      ; 0.805      ;
; 0.499 ; ml_inference_scanpipe:ml_path|state.IDLE                            ; ml_inference_scanpipe:ml_path|state.IDLE                            ; clk          ; clk         ; 0.000        ; 0.000      ; 0.805      ;
; 0.499 ; ml_inference_scanpipe:ml_path|pixel_idx[1]                          ; ml_inference_scanpipe:ml_path|pixel_idx[1]                          ; clk          ; clk         ; 0.000        ; 0.000      ; 0.805      ;
; 0.499 ; ml_inference_scanpipe:ml_path|pixel_idx[7]                          ; ml_inference_scanpipe:ml_path|pixel_idx[7]                          ; clk          ; clk         ; 0.000        ; 0.000      ; 0.805      ;
; 0.499 ; ml_inference_scanpipe:ml_path|pixel_idx[6]                          ; ml_inference_scanpipe:ml_path|pixel_idx[6]                          ; clk          ; clk         ; 0.000        ; 0.000      ; 0.805      ;
; 0.499 ; ml_inference_scanpipe:ml_path|pixel_idx[0]                          ; ml_inference_scanpipe:ml_path|pixel_idx[0]                          ; clk          ; clk         ; 0.000        ; 0.000      ; 0.805      ;
; 0.499 ; ml_inference_scanpipe:ml_path|pixel_idx[2]                          ; ml_inference_scanpipe:ml_path|pixel_idx[2]                          ; clk          ; clk         ; 0.000        ; 0.000      ; 0.805      ;
; 0.499 ; ml_inference_scanpipe:ml_path|pixel_idx[3]                          ; ml_inference_scanpipe:ml_path|pixel_idx[3]                          ; clk          ; clk         ; 0.000        ; 0.000      ; 0.805      ;
; 0.499 ; ml_inference_scanpipe:ml_path|pixel_idx[5]                          ; ml_inference_scanpipe:ml_path|pixel_idx[5]                          ; clk          ; clk         ; 0.000        ; 0.000      ; 0.805      ;
; 0.499 ; ml_inference_scanpipe:ml_path|neuron[0]                             ; ml_inference_scanpipe:ml_path|neuron[0]                             ; clk          ; clk         ; 0.000        ; 0.000      ; 0.805      ;
; 0.499 ; ml_inference_scanpipe:ml_path|neuron[1]                             ; ml_inference_scanpipe:ml_path|neuron[1]                             ; clk          ; clk         ; 0.000        ; 0.000      ; 0.805      ;
; 0.499 ; ml_inference_scanpipe:ml_path|neuron[2]                             ; ml_inference_scanpipe:ml_path|neuron[2]                             ; clk          ; clk         ; 0.000        ; 0.000      ; 0.805      ;
; 0.499 ; ml_inference_scanpipe:ml_path|neuron[3]                             ; ml_inference_scanpipe:ml_path|neuron[3]                             ; clk          ; clk         ; 0.000        ; 0.000      ; 0.805      ;
; 0.499 ; ml_inference_scanpipe:ml_path|neuron[4]                             ; ml_inference_scanpipe:ml_path|neuron[4]                             ; clk          ; clk         ; 0.000        ; 0.000      ; 0.805      ;
; 0.499 ; ml_inference_scanpipe:ml_path|neuron[5]                             ; ml_inference_scanpipe:ml_path|neuron[5]                             ; clk          ; clk         ; 0.000        ; 0.000      ; 0.805      ;
; 0.499 ; ml_inference_scanpipe:ml_path|neuron[6]                             ; ml_inference_scanpipe:ml_path|neuron[6]                             ; clk          ; clk         ; 0.000        ; 0.000      ; 0.805      ;
; 0.499 ; ml_inference_scanpipe:ml_path|neuron[7]                             ; ml_inference_scanpipe:ml_path|neuron[7]                             ; clk          ; clk         ; 0.000        ; 0.000      ; 0.805      ;
; 0.499 ; ml_inference_scanpipe:ml_path|neuron[8]                             ; ml_inference_scanpipe:ml_path|neuron[8]                             ; clk          ; clk         ; 0.000        ; 0.000      ; 0.805      ;
; 0.499 ; ml_inference_scanpipe:ml_path|neuron[9]                             ; ml_inference_scanpipe:ml_path|neuron[9]                             ; clk          ; clk         ; 0.000        ; 0.000      ; 0.805      ;
; 0.499 ; ml_inference_scanpipe:ml_path|neuron[10]                            ; ml_inference_scanpipe:ml_path|neuron[10]                            ; clk          ; clk         ; 0.000        ; 0.000      ; 0.805      ;
; 0.499 ; ml_inference_scanpipe:ml_path|neuron[11]                            ; ml_inference_scanpipe:ml_path|neuron[11]                            ; clk          ; clk         ; 0.000        ; 0.000      ; 0.805      ;
; 0.499 ; ml_inference_scanpipe:ml_path|neuron[12]                            ; ml_inference_scanpipe:ml_path|neuron[12]                            ; clk          ; clk         ; 0.000        ; 0.000      ; 0.805      ;
; 0.499 ; ml_inference_scanpipe:ml_path|neuron[13]                            ; ml_inference_scanpipe:ml_path|neuron[13]                            ; clk          ; clk         ; 0.000        ; 0.000      ; 0.805      ;
; 0.499 ; ml_inference_scanpipe:ml_path|neuron[14]                            ; ml_inference_scanpipe:ml_path|neuron[14]                            ; clk          ; clk         ; 0.000        ; 0.000      ; 0.805      ;
; 0.499 ; ml_inference_scanpipe:ml_path|neuron[15]                            ; ml_inference_scanpipe:ml_path|neuron[15]                            ; clk          ; clk         ; 0.000        ; 0.000      ; 0.805      ;
; 0.499 ; ml_inference_scanpipe:ml_path|neuron[16]                            ; ml_inference_scanpipe:ml_path|neuron[16]                            ; clk          ; clk         ; 0.000        ; 0.000      ; 0.805      ;
; 0.499 ; ml_inference_scanpipe:ml_path|neuron[17]                            ; ml_inference_scanpipe:ml_path|neuron[17]                            ; clk          ; clk         ; 0.000        ; 0.000      ; 0.805      ;
; 0.499 ; ml_inference_scanpipe:ml_path|neuron[18]                            ; ml_inference_scanpipe:ml_path|neuron[18]                            ; clk          ; clk         ; 0.000        ; 0.000      ; 0.805      ;
; 0.499 ; ml_inference_scanpipe:ml_path|neuron[19]                            ; ml_inference_scanpipe:ml_path|neuron[19]                            ; clk          ; clk         ; 0.000        ; 0.000      ; 0.805      ;
; 0.499 ; ml_inference_scanpipe:ml_path|neuron[20]                            ; ml_inference_scanpipe:ml_path|neuron[20]                            ; clk          ; clk         ; 0.000        ; 0.000      ; 0.805      ;
; 0.499 ; ml_inference_scanpipe:ml_path|neuron[21]                            ; ml_inference_scanpipe:ml_path|neuron[21]                            ; clk          ; clk         ; 0.000        ; 0.000      ; 0.805      ;
; 0.499 ; ml_inference_scanpipe:ml_path|neuron[22]                            ; ml_inference_scanpipe:ml_path|neuron[22]                            ; clk          ; clk         ; 0.000        ; 0.000      ; 0.805      ;
; 0.499 ; ml_inference_scanpipe:ml_path|neuron[23]                            ; ml_inference_scanpipe:ml_path|neuron[23]                            ; clk          ; clk         ; 0.000        ; 0.000      ; 0.805      ;
; 0.499 ; ml_inference_scanpipe:ml_path|neuron[24]                            ; ml_inference_scanpipe:ml_path|neuron[24]                            ; clk          ; clk         ; 0.000        ; 0.000      ; 0.805      ;
; 0.499 ; ml_inference_scanpipe:ml_path|neuron[25]                            ; ml_inference_scanpipe:ml_path|neuron[25]                            ; clk          ; clk         ; 0.000        ; 0.000      ; 0.805      ;
; 0.499 ; ml_inference_scanpipe:ml_path|neuron[26]                            ; ml_inference_scanpipe:ml_path|neuron[26]                            ; clk          ; clk         ; 0.000        ; 0.000      ; 0.805      ;
; 0.499 ; ml_inference_scanpipe:ml_path|neuron[27]                            ; ml_inference_scanpipe:ml_path|neuron[27]                            ; clk          ; clk         ; 0.000        ; 0.000      ; 0.805      ;
; 0.499 ; ml_inference_scanpipe:ml_path|neuron[28]                            ; ml_inference_scanpipe:ml_path|neuron[28]                            ; clk          ; clk         ; 0.000        ; 0.000      ; 0.805      ;
; 0.499 ; ml_inference_scanpipe:ml_path|neuron[29]                            ; ml_inference_scanpipe:ml_path|neuron[29]                            ; clk          ; clk         ; 0.000        ; 0.000      ; 0.805      ;
; 0.499 ; ml_inference_scanpipe:ml_path|neuron[30]                            ; ml_inference_scanpipe:ml_path|neuron[30]                            ; clk          ; clk         ; 0.000        ; 0.000      ; 0.805      ;
; 0.499 ; ml_inference_scanpipe:ml_path|neuron[31]                            ; ml_inference_scanpipe:ml_path|neuron[31]                            ; clk          ; clk         ; 0.000        ; 0.000      ; 0.805      ;
; 0.499 ; touch_capture_top:touch_path|xpt2046_reader:reader|state.S_SPI      ; touch_capture_top:touch_path|xpt2046_reader:reader|state.S_SPI      ; clk          ; clk         ; 0.000        ; 0.000      ; 0.805      ;
; 0.499 ; touch_capture_top:touch_path|xpt2046_reader:reader|divider[0]       ; touch_capture_top:touch_path|xpt2046_reader:reader|divider[0]       ; clk          ; clk         ; 0.000        ; 0.000      ; 0.805      ;
; 0.499 ; touch_capture_top:touch_path|xpt2046_reader:reader|divider[1]       ; touch_capture_top:touch_path|xpt2046_reader:reader|divider[1]       ; clk          ; clk         ; 0.000        ; 0.000      ; 0.805      ;
; 0.499 ; touch_capture_top:touch_path|xpt2046_reader:reader|divider[2]       ; touch_capture_top:touch_path|xpt2046_reader:reader|divider[2]       ; clk          ; clk         ; 0.000        ; 0.000      ; 0.805      ;
; 0.499 ; touch_capture_top:touch_path|xpt2046_reader:reader|divider[3]       ; touch_capture_top:touch_path|xpt2046_reader:reader|divider[3]       ; clk          ; clk         ; 0.000        ; 0.000      ; 0.805      ;
; 0.499 ; touch_capture_top:touch_path|xpt2046_reader:reader|divider[4]       ; touch_capture_top:touch_path|xpt2046_reader:reader|divider[4]       ; clk          ; clk         ; 0.000        ; 0.000      ; 0.805      ;
; 0.499 ; touch_capture_top:touch_path|xpt2046_reader:reader|divider[5]       ; touch_capture_top:touch_path|xpt2046_reader:reader|divider[5]       ; clk          ; clk         ; 0.000        ; 0.000      ; 0.805      ;
; 0.499 ; touch_capture_top:touch_path|xpt2046_reader:reader|divider[6]       ; touch_capture_top:touch_path|xpt2046_reader:reader|divider[6]       ; clk          ; clk         ; 0.000        ; 0.000      ; 0.805      ;
; 0.499 ; touch_capture_top:touch_path|xpt2046_reader:reader|divider[7]       ; touch_capture_top:touch_path|xpt2046_reader:reader|divider[7]       ; clk          ; clk         ; 0.000        ; 0.000      ; 0.805      ;
; 0.499 ; touch_capture_top:touch_path|xpt2046_reader:reader|divider[8]       ; touch_capture_top:touch_path|xpt2046_reader:reader|divider[8]       ; clk          ; clk         ; 0.000        ; 0.000      ; 0.805      ;
; 0.499 ; touch_capture_top:touch_path|xpt2046_reader:reader|divider[9]       ; touch_capture_top:touch_path|xpt2046_reader:reader|divider[9]       ; clk          ; clk         ; 0.000        ; 0.000      ; 0.805      ;
; 0.499 ; touch_capture_top:touch_path|xpt2046_reader:reader|divider[10]      ; touch_capture_top:touch_path|xpt2046_reader:reader|divider[10]      ; clk          ; clk         ; 0.000        ; 0.000      ; 0.805      ;
; 0.499 ; touch_capture_top:touch_path|xpt2046_reader:reader|divider[11]      ; touch_capture_top:touch_path|xpt2046_reader:reader|divider[11]      ; clk          ; clk         ; 0.000        ; 0.000      ; 0.805      ;
; 0.499 ; touch_capture_top:touch_path|xpt2046_reader:reader|divider[12]      ; touch_capture_top:touch_path|xpt2046_reader:reader|divider[12]      ; clk          ; clk         ; 0.000        ; 0.000      ; 0.805      ;
; 0.499 ; touch_capture_top:touch_path|xpt2046_reader:reader|divider[13]      ; touch_capture_top:touch_path|xpt2046_reader:reader|divider[13]      ; clk          ; clk         ; 0.000        ; 0.000      ; 0.805      ;
; 0.499 ; touch_capture_top:touch_path|xpt2046_reader:reader|divider[14]      ; touch_capture_top:touch_path|xpt2046_reader:reader|divider[14]      ; clk          ; clk         ; 0.000        ; 0.000      ; 0.805      ;
; 0.499 ; touch_capture_top:touch_path|xpt2046_reader:reader|divider[15]      ; touch_capture_top:touch_path|xpt2046_reader:reader|divider[15]      ; clk          ; clk         ; 0.000        ; 0.000      ; 0.805      ;
; 0.499 ; touch_capture_top:touch_path|xpt2046_reader:reader|touch_sclk       ; touch_capture_top:touch_path|xpt2046_reader:reader|touch_sclk       ; clk          ; clk         ; 0.000        ; 0.000      ; 0.805      ;
; 0.499 ; touch_capture_top:touch_path|xpt2046_reader:reader|bit_index[0]     ; touch_capture_top:touch_path|xpt2046_reader:reader|bit_index[0]     ; clk          ; clk         ; 0.000        ; 0.000      ; 0.805      ;
; 0.499 ; touch_capture_top:touch_path|xpt2046_reader:reader|bit_index[1]     ; touch_capture_top:touch_path|xpt2046_reader:reader|bit_index[1]     ; clk          ; clk         ; 0.000        ; 0.000      ; 0.805      ;
; 0.499 ; touch_capture_top:touch_path|xpt2046_reader:reader|bit_index[2]     ; touch_capture_top:touch_path|xpt2046_reader:reader|bit_index[2]     ; clk          ; clk         ; 0.000        ; 0.000      ; 0.805      ;
; 0.499 ; touch_capture_top:touch_path|xpt2046_reader:reader|bit_index[3]     ; touch_capture_top:touch_path|xpt2046_reader:reader|bit_index[3]     ; clk          ; clk         ; 0.000        ; 0.000      ; 0.805      ;
; 0.499 ; touch_capture_top:touch_path|xpt2046_reader:reader|bit_index[4]     ; touch_capture_top:touch_path|xpt2046_reader:reader|bit_index[4]     ; clk          ; clk         ; 0.000        ; 0.000      ; 0.805      ;
; 0.499 ; touch_capture_top:touch_path|xpt2046_reader:reader|state.S_GAP      ; touch_capture_top:touch_path|xpt2046_reader:reader|state.S_GAP      ; clk          ; clk         ; 0.000        ; 0.000      ; 0.805      ;
; 0.499 ; touch_capture_top:touch_path|xpt2046_reader:reader|state.S_IDLE     ; touch_capture_top:touch_path|xpt2046_reader:reader|state.S_IDLE     ; clk          ; clk         ; 0.000        ; 0.000      ; 0.805      ;
; 0.499 ; touch_capture_top:touch_path|xpt2046_reader:reader|axis_y           ; touch_capture_top:touch_path|xpt2046_reader:reader|axis_y           ; clk          ; clk         ; 0.000        ; 0.000      ; 0.805      ;
; 0.499 ; touch_capture_top:touch_path|touch_frame_adapter:frame|frame[35][0] ; touch_capture_top:touch_path|touch_frame_adapter:frame|frame[35][0] ; clk          ; clk         ; 0.000        ; 0.000      ; 0.805      ;
+-------+---------------------------------------------------------------------+---------------------------------------------------------------------+--------------+-------------+--------------+------------+------------+


+-------------------------------------------------------------------------------------------------------------------------------------------------------------------------------------------------------+
; Slow Model Minimum Pulse Width: 'clk'                                                                                                                                                                 ;
+--------+--------------+----------------+------------------+-------+------------+----------------------------------------------------------------------------------------------------------------------+
; Slack  ; Actual Width ; Required Width ; Type             ; Clock ; Clock Edge ; Target                                                                                                               ;
+--------+--------------+----------------+------------------+-------+------------+----------------------------------------------------------------------------------------------------------------------+
; 96.933 ; 100.000      ; 3.067          ; High Pulse Width ; clk   ; Rise       ; ml_inference_scanpipe:ml_path|altsyncram:hidden_rtl_0|altsyncram_sng1:auto_generated|ram_block1a0~porta_address_reg0 ;
; 96.933 ; 100.000      ; 3.067          ; Low Pulse Width  ; clk   ; Rise       ; ml_inference_scanpipe:ml_path|altsyncram:hidden_rtl_0|altsyncram_sng1:auto_generated|ram_block1a0~porta_address_reg0 ;
; 96.933 ; 100.000      ; 3.067          ; High Pulse Width ; clk   ; Rise       ; ml_inference_scanpipe:ml_path|altsyncram:hidden_rtl_0|altsyncram_sng1:auto_generated|ram_block1a0~porta_address_reg1 ;
; 96.933 ; 100.000      ; 3.067          ; Low Pulse Width  ; clk   ; Rise       ; ml_inference_scanpipe:ml_path|altsyncram:hidden_rtl_0|altsyncram_sng1:auto_generated|ram_block1a0~porta_address_reg1 ;
; 96.933 ; 100.000      ; 3.067          ; High Pulse Width ; clk   ; Rise       ; ml_inference_scanpipe:ml_path|altsyncram:hidden_rtl_0|altsyncram_sng1:auto_generated|ram_block1a0~porta_address_reg2 ;
; 96.933 ; 100.000      ; 3.067          ; Low Pulse Width  ; clk   ; Rise       ; ml_inference_scanpipe:ml_path|altsyncram:hidden_rtl_0|altsyncram_sng1:auto_generated|ram_block1a0~porta_address_reg2 ;
; 96.933 ; 100.000      ; 3.067          ; High Pulse Width ; clk   ; Rise       ; ml_inference_scanpipe:ml_path|altsyncram:hidden_rtl_0|altsyncram_sng1:auto_generated|ram_block1a0~porta_address_reg3 ;
; 96.933 ; 100.000      ; 3.067          ; Low Pulse Width  ; clk   ; Rise       ; ml_inference_scanpipe:ml_path|altsyncram:hidden_rtl_0|altsyncram_sng1:auto_generated|ram_block1a0~porta_address_reg3 ;
; 96.933 ; 100.000      ; 3.067          ; High Pulse Width ; clk   ; Rise       ; ml_inference_scanpipe:ml_path|altsyncram:hidden_rtl_0|altsyncram_sng1:auto_generated|ram_block1a0~porta_address_reg4 ;
; 96.933 ; 100.000      ; 3.067          ; Low Pulse Width  ; clk   ; Rise       ; ml_inference_scanpipe:ml_path|altsyncram:hidden_rtl_0|altsyncram_sng1:auto_generated|ram_block1a0~porta_address_reg4 ;
; 96.933 ; 100.000      ; 3.067          ; High Pulse Width ; clk   ; Rise       ; ml_inference_scanpipe:ml_path|altsyncram:hidden_rtl_0|altsyncram_sng1:auto_generated|ram_block1a0~porta_datain_reg0  ;
; 96.933 ; 100.000      ; 3.067          ; Low Pulse Width  ; clk   ; Rise       ; ml_inference_scanpipe:ml_path|altsyncram:hidden_rtl_0|altsyncram_sng1:auto_generated|ram_block1a0~porta_datain_reg0  ;
; 96.933 ; 100.000      ; 3.067          ; High Pulse Width ; clk   ; Rise       ; ml_inference_scanpipe:ml_path|altsyncram:hidden_rtl_0|altsyncram_sng1:auto_generated|ram_block1a0~porta_datain_reg1  ;
; 96.933 ; 100.000      ; 3.067          ; Low Pulse Width  ; clk   ; Rise       ; ml_inference_scanpipe:ml_path|altsyncram:hidden_rtl_0|altsyncram_sng1:auto_generated|ram_block1a0~porta_datain_reg1  ;
; 96.933 ; 100.000      ; 3.067          ; High Pulse Width ; clk   ; Rise       ; ml_inference_scanpipe:ml_path|altsyncram:hidden_rtl_0|altsyncram_sng1:auto_generated|ram_block1a0~porta_datain_reg10 ;
; 96.933 ; 100.000      ; 3.067          ; Low Pulse Width  ; clk   ; Rise       ; ml_inference_scanpipe:ml_path|altsyncram:hidden_rtl_0|altsyncram_sng1:auto_generated|ram_block1a0~porta_datain_reg10 ;
; 96.933 ; 100.000      ; 3.067          ; High Pulse Width ; clk   ; Rise       ; ml_inference_scanpipe:ml_path|altsyncram:hidden_rtl_0|altsyncram_sng1:auto_generated|ram_block1a0~porta_datain_reg11 ;
; 96.933 ; 100.000      ; 3.067          ; Low Pulse Width  ; clk   ; Rise       ; ml_inference_scanpipe:ml_path|altsyncram:hidden_rtl_0|altsyncram_sng1:auto_generated|ram_block1a0~porta_datain_reg11 ;
; 96.933 ; 100.000      ; 3.067          ; High Pulse Width ; clk   ; Rise       ; ml_inference_scanpipe:ml_path|altsyncram:hidden_rtl_0|altsyncram_sng1:auto_generated|ram_block1a0~porta_datain_reg12 ;
; 96.933 ; 100.000      ; 3.067          ; Low Pulse Width  ; clk   ; Rise       ; ml_inference_scanpipe:ml_path|altsyncram:hidden_rtl_0|altsyncram_sng1:auto_generated|ram_block1a0~porta_datain_reg12 ;
; 96.933 ; 100.000      ; 3.067          ; High Pulse Width ; clk   ; Rise       ; ml_inference_scanpipe:ml_path|altsyncram:hidden_rtl_0|altsyncram_sng1:auto_generated|ram_block1a0~porta_datain_reg13 ;
; 96.933 ; 100.000      ; 3.067          ; Low Pulse Width  ; clk   ; Rise       ; ml_inference_scanpipe:ml_path|altsyncram:hidden_rtl_0|altsyncram_sng1:auto_generated|ram_block1a0~porta_datain_reg13 ;
; 96.933 ; 100.000      ; 3.067          ; High Pulse Width ; clk   ; Rise       ; ml_inference_scanpipe:ml_path|altsyncram:hidden_rtl_0|altsyncram_sng1:auto_generated|ram_block1a0~porta_datain_reg14 ;
; 96.933 ; 100.000      ; 3.067          ; Low Pulse Width  ; clk   ; Rise       ; ml_inference_scanpipe:ml_path|altsyncram:hidden_rtl_0|altsyncram_sng1:auto_generated|ram_block1a0~porta_datain_reg14 ;
; 96.933 ; 100.000      ; 3.067          ; High Pulse Width ; clk   ; Rise       ; ml_inference_scanpipe:ml_path|altsyncram:hidden_rtl_0|altsyncram_sng1:auto_generated|ram_block1a0~porta_datain_reg15 ;
; 96.933 ; 100.000      ; 3.067          ; Low Pulse Width  ; clk   ; Rise       ; ml_inference_scanpipe:ml_path|altsyncram:hidden_rtl_0|altsyncram_sng1:auto_generated|ram_block1a0~porta_datain_reg15 ;
; 96.933 ; 100.000      ; 3.067          ; High Pulse Width ; clk   ; Rise       ; ml_inference_scanpipe:ml_path|altsyncram:hidden_rtl_0|altsyncram_sng1:auto_generated|ram_block1a0~porta_datain_reg16 ;
; 96.933 ; 100.000      ; 3.067          ; Low Pulse Width  ; clk   ; Rise       ; ml_inference_scanpipe:ml_path|altsyncram:hidden_rtl_0|altsyncram_sng1:auto_generated|ram_block1a0~porta_datain_reg16 ;
; 96.933 ; 100.000      ; 3.067          ; High Pulse Width ; clk   ; Rise       ; ml_inference_scanpipe:ml_path|altsyncram:hidden_rtl_0|altsyncram_sng1:auto_generated|ram_block1a0~porta_datain_reg17 ;
; 96.933 ; 100.000      ; 3.067          ; Low Pulse Width  ; clk   ; Rise       ; ml_inference_scanpipe:ml_path|altsyncram:hidden_rtl_0|altsyncram_sng1:auto_generated|ram_block1a0~porta_datain_reg17 ;
; 96.933 ; 100.000      ; 3.067          ; High Pulse Width ; clk   ; Rise       ; ml_inference_scanpipe:ml_path|altsyncram:hidden_rtl_0|altsyncram_sng1:auto_generated|ram_block1a0~porta_datain_reg18 ;
; 96.933 ; 100.000      ; 3.067          ; Low Pulse Width  ; clk   ; Rise       ; ml_inference_scanpipe:ml_path|altsyncram:hidden_rtl_0|altsyncram_sng1:auto_generated|ram_block1a0~porta_datain_reg18 ;
; 96.933 ; 100.000      ; 3.067          ; High Pulse Width ; clk   ; Rise       ; ml_inference_scanpipe:ml_path|altsyncram:hidden_rtl_0|altsyncram_sng1:auto_generated|ram_block1a0~porta_datain_reg19 ;
; 96.933 ; 100.000      ; 3.067          ; Low Pulse Width  ; clk   ; Rise       ; ml_inference_scanpipe:ml_path|altsyncram:hidden_rtl_0|altsyncram_sng1:auto_generated|ram_block1a0~porta_datain_reg19 ;
; 96.933 ; 100.000      ; 3.067          ; High Pulse Width ; clk   ; Rise       ; ml_inference_scanpipe:ml_path|altsyncram:hidden_rtl_0|altsyncram_sng1:auto_generated|ram_block1a0~porta_datain_reg2  ;
; 96.933 ; 100.000      ; 3.067          ; Low Pulse Width  ; clk   ; Rise       ; ml_inference_scanpipe:ml_path|altsyncram:hidden_rtl_0|altsyncram_sng1:auto_generated|ram_block1a0~porta_datain_reg2  ;
; 96.933 ; 100.000      ; 3.067          ; High Pulse Width ; clk   ; Rise       ; ml_inference_scanpipe:ml_path|altsyncram:hidden_rtl_0|altsyncram_sng1:auto_generated|ram_block1a0~porta_datain_reg20 ;
; 96.933 ; 100.000      ; 3.067          ; Low Pulse Width  ; clk   ; Rise       ; ml_inference_scanpipe:ml_path|altsyncram:hidden_rtl_0|altsyncram_sng1:auto_generated|ram_block1a0~porta_datain_reg20 ;
; 96.933 ; 100.000      ; 3.067          ; High Pulse Width ; clk   ; Rise       ; ml_inference_scanpipe:ml_path|altsyncram:hidden_rtl_0|altsyncram_sng1:auto_generated|ram_block1a0~porta_datain_reg21 ;
; 96.933 ; 100.000      ; 3.067          ; Low Pulse Width  ; clk   ; Rise       ; ml_inference_scanpipe:ml_path|altsyncram:hidden_rtl_0|altsyncram_sng1:auto_generated|ram_block1a0~porta_datain_reg21 ;
; 96.933 ; 100.000      ; 3.067          ; High Pulse Width ; clk   ; Rise       ; ml_inference_scanpipe:ml_path|altsyncram:hidden_rtl_0|altsyncram_sng1:auto_generated|ram_block1a0~porta_datain_reg22 ;
; 96.933 ; 100.000      ; 3.067          ; Low Pulse Width  ; clk   ; Rise       ; ml_inference_scanpipe:ml_path|altsyncram:hidden_rtl_0|altsyncram_sng1:auto_generated|ram_block1a0~porta_datain_reg22 ;
; 96.933 ; 100.000      ; 3.067          ; High Pulse Width ; clk   ; Rise       ; ml_inference_scanpipe:ml_path|altsyncram:hidden_rtl_0|altsyncram_sng1:auto_generated|ram_block1a0~porta_datain_reg23 ;
; 96.933 ; 100.000      ; 3.067          ; Low Pulse Width  ; clk   ; Rise       ; ml_inference_scanpipe:ml_path|altsyncram:hidden_rtl_0|altsyncram_sng1:auto_generated|ram_block1a0~porta_datain_reg23 ;
; 96.933 ; 100.000      ; 3.067          ; High Pulse Width ; clk   ; Rise       ; ml_inference_scanpipe:ml_path|altsyncram:hidden_rtl_0|altsyncram_sng1:auto_generated|ram_block1a0~porta_datain_reg24 ;
; 96.933 ; 100.000      ; 3.067          ; Low Pulse Width  ; clk   ; Rise       ; ml_inference_scanpipe:ml_path|altsyncram:hidden_rtl_0|altsyncram_sng1:auto_generated|ram_block1a0~porta_datain_reg24 ;
; 96.933 ; 100.000      ; 3.067          ; High Pulse Width ; clk   ; Rise       ; ml_inference_scanpipe:ml_path|altsyncram:hidden_rtl_0|altsyncram_sng1:auto_generated|ram_block1a0~porta_datain_reg25 ;
; 96.933 ; 100.000      ; 3.067          ; Low Pulse Width  ; clk   ; Rise       ; ml_inference_scanpipe:ml_path|altsyncram:hidden_rtl_0|altsyncram_sng1:auto_generated|ram_block1a0~porta_datain_reg25 ;
; 96.933 ; 100.000      ; 3.067          ; High Pulse Width ; clk   ; Rise       ; ml_inference_scanpipe:ml_path|altsyncram:hidden_rtl_0|altsyncram_sng1:auto_generated|ram_block1a0~porta_datain_reg26 ;
; 96.933 ; 100.000      ; 3.067          ; Low Pulse Width  ; clk   ; Rise       ; ml_inference_scanpipe:ml_path|altsyncram:hidden_rtl_0|altsyncram_sng1:auto_generated|ram_block1a0~porta_datain_reg26 ;
; 96.933 ; 100.000      ; 3.067          ; High Pulse Width ; clk   ; Rise       ; ml_inference_scanpipe:ml_path|altsyncram:hidden_rtl_0|altsyncram_sng1:auto_generated|ram_block1a0~porta_datain_reg27 ;
; 96.933 ; 100.000      ; 3.067          ; Low Pulse Width  ; clk   ; Rise       ; ml_inference_scanpipe:ml_path|altsyncram:hidden_rtl_0|altsyncram_sng1:auto_generated|ram_block1a0~porta_datain_reg27 ;
; 96.933 ; 100.000      ; 3.067          ; High Pulse Width ; clk   ; Rise       ; ml_inference_scanpipe:ml_path|altsyncram:hidden_rtl_0|altsyncram_sng1:auto_generated|ram_block1a0~porta_datain_reg28 ;
; 96.933 ; 100.000      ; 3.067          ; Low Pulse Width  ; clk   ; Rise       ; ml_inference_scanpipe:ml_path|altsyncram:hidden_rtl_0|altsyncram_sng1:auto_generated|ram_block1a0~porta_datain_reg28 ;
; 96.933 ; 100.000      ; 3.067          ; High Pulse Width ; clk   ; Rise       ; ml_inference_scanpipe:ml_path|altsyncram:hidden_rtl_0|altsyncram_sng1:auto_generated|ram_block1a0~porta_datain_reg29 ;
; 96.933 ; 100.000      ; 3.067          ; Low Pulse Width  ; clk   ; Rise       ; ml_inference_scanpipe:ml_path|altsyncram:hidden_rtl_0|altsyncram_sng1:auto_generated|ram_block1a0~porta_datain_reg29 ;
; 96.933 ; 100.000      ; 3.067          ; High Pulse Width ; clk   ; Rise       ; ml_inference_scanpipe:ml_path|altsyncram:hidden_rtl_0|altsyncram_sng1:auto_generated|ram_block1a0~porta_datain_reg3  ;
; 96.933 ; 100.000      ; 3.067          ; Low Pulse Width  ; clk   ; Rise       ; ml_inference_scanpipe:ml_path|altsyncram:hidden_rtl_0|altsyncram_sng1:auto_generated|ram_block1a0~porta_datain_reg3  ;
; 96.933 ; 100.000      ; 3.067          ; High Pulse Width ; clk   ; Rise       ; ml_inference_scanpipe:ml_path|altsyncram:hidden_rtl_0|altsyncram_sng1:auto_generated|ram_block1a0~porta_datain_reg30 ;
; 96.933 ; 100.000      ; 3.067          ; Low Pulse Width  ; clk   ; Rise       ; ml_inference_scanpipe:ml_path|altsyncram:hidden_rtl_0|altsyncram_sng1:auto_generated|ram_block1a0~porta_datain_reg30 ;
; 96.933 ; 100.000      ; 3.067          ; High Pulse Width ; clk   ; Rise       ; ml_inference_scanpipe:ml_path|altsyncram:hidden_rtl_0|altsyncram_sng1:auto_generated|ram_block1a0~porta_datain_reg31 ;
; 96.933 ; 100.000      ; 3.067          ; Low Pulse Width  ; clk   ; Rise       ; ml_inference_scanpipe:ml_path|altsyncram:hidden_rtl_0|altsyncram_sng1:auto_generated|ram_block1a0~porta_datain_reg31 ;
; 96.933 ; 100.000      ; 3.067          ; High Pulse Width ; clk   ; Rise       ; ml_inference_scanpipe:ml_path|altsyncram:hidden_rtl_0|altsyncram_sng1:auto_generated|ram_block1a0~porta_datain_reg4  ;
; 96.933 ; 100.000      ; 3.067          ; Low Pulse Width  ; clk   ; Rise       ; ml_inference_scanpipe:ml_path|altsyncram:hidden_rtl_0|altsyncram_sng1:auto_generated|ram_block1a0~porta_datain_reg4  ;
; 96.933 ; 100.000      ; 3.067          ; High Pulse Width ; clk   ; Rise       ; ml_inference_scanpipe:ml_path|altsyncram:hidden_rtl_0|altsyncram_sng1:auto_generated|ram_block1a0~porta_datain_reg5  ;
; 96.933 ; 100.000      ; 3.067          ; Low Pulse Width  ; clk   ; Rise       ; ml_inference_scanpipe:ml_path|altsyncram:hidden_rtl_0|altsyncram_sng1:auto_generated|ram_block1a0~porta_datain_reg5  ;
; 96.933 ; 100.000      ; 3.067          ; High Pulse Width ; clk   ; Rise       ; ml_inference_scanpipe:ml_path|altsyncram:hidden_rtl_0|altsyncram_sng1:auto_generated|ram_block1a0~porta_datain_reg6  ;
; 96.933 ; 100.000      ; 3.067          ; Low Pulse Width  ; clk   ; Rise       ; ml_inference_scanpipe:ml_path|altsyncram:hidden_rtl_0|altsyncram_sng1:auto_generated|ram_block1a0~porta_datain_reg6  ;
; 96.933 ; 100.000      ; 3.067          ; High Pulse Width ; clk   ; Rise       ; ml_inference_scanpipe:ml_path|altsyncram:hidden_rtl_0|altsyncram_sng1:auto_generated|ram_block1a0~porta_datain_reg7  ;
; 96.933 ; 100.000      ; 3.067          ; Low Pulse Width  ; clk   ; Rise       ; ml_inference_scanpipe:ml_path|altsyncram:hidden_rtl_0|altsyncram_sng1:auto_generated|ram_block1a0~porta_datain_reg7  ;
; 96.933 ; 100.000      ; 3.067          ; High Pulse Width ; clk   ; Rise       ; ml_inference_scanpipe:ml_path|altsyncram:hidden_rtl_0|altsyncram_sng1:auto_generated|ram_block1a0~porta_datain_reg8  ;
; 96.933 ; 100.000      ; 3.067          ; Low Pulse Width  ; clk   ; Rise       ; ml_inference_scanpipe:ml_path|altsyncram:hidden_rtl_0|altsyncram_sng1:auto_generated|ram_block1a0~porta_datain_reg8  ;
; 96.933 ; 100.000      ; 3.067          ; High Pulse Width ; clk   ; Rise       ; ml_inference_scanpipe:ml_path|altsyncram:hidden_rtl_0|altsyncram_sng1:auto_generated|ram_block1a0~porta_datain_reg9  ;
; 96.933 ; 100.000      ; 3.067          ; Low Pulse Width  ; clk   ; Rise       ; ml_inference_scanpipe:ml_path|altsyncram:hidden_rtl_0|altsyncram_sng1:auto_generated|ram_block1a0~porta_datain_reg9  ;
; 96.933 ; 100.000      ; 3.067          ; High Pulse Width ; clk   ; Rise       ; ml_inference_scanpipe:ml_path|altsyncram:hidden_rtl_0|altsyncram_sng1:auto_generated|ram_block1a0~porta_memory_reg0  ;
; 96.933 ; 100.000      ; 3.067          ; Low Pulse Width  ; clk   ; Rise       ; ml_inference_scanpipe:ml_path|altsyncram:hidden_rtl_0|altsyncram_sng1:auto_generated|ram_block1a0~porta_memory_reg0  ;
; 96.933 ; 100.000      ; 3.067          ; High Pulse Width ; clk   ; Rise       ; ml_inference_scanpipe:ml_path|altsyncram:hidden_rtl_0|altsyncram_sng1:auto_generated|ram_block1a0~porta_we_reg       ;
; 96.933 ; 100.000      ; 3.067          ; Low Pulse Width  ; clk   ; Rise       ; ml_inference_scanpipe:ml_path|altsyncram:hidden_rtl_0|altsyncram_sng1:auto_generated|ram_block1a0~porta_we_reg       ;
; 96.933 ; 100.000      ; 3.067          ; High Pulse Width ; clk   ; Rise       ; ml_inference_scanpipe:ml_path|altsyncram:hidden_rtl_0|altsyncram_sng1:auto_generated|ram_block1a0~portb_address_reg0 ;
; 96.933 ; 100.000      ; 3.067          ; Low Pulse Width  ; clk   ; Rise       ; ml_inference_scanpipe:ml_path|altsyncram:hidden_rtl_0|altsyncram_sng1:auto_generated|ram_block1a0~portb_address_reg0 ;
; 96.933 ; 100.000      ; 3.067          ; High Pulse Width ; clk   ; Rise       ; ml_inference_scanpipe:ml_path|altsyncram:hidden_rtl_0|altsyncram_sng1:auto_generated|ram_block1a0~portb_address_reg1 ;
; 96.933 ; 100.000      ; 3.067          ; Low Pulse Width  ; clk   ; Rise       ; ml_inference_scanpipe:ml_path|altsyncram:hidden_rtl_0|altsyncram_sng1:auto_generated|ram_block1a0~portb_address_reg1 ;
; 96.933 ; 100.000      ; 3.067          ; High Pulse Width ; clk   ; Rise       ; ml_inference_scanpipe:ml_path|altsyncram:hidden_rtl_0|altsyncram_sng1:auto_generated|ram_block1a0~portb_address_reg2 ;
; 96.933 ; 100.000      ; 3.067          ; Low Pulse Width  ; clk   ; Rise       ; ml_inference_scanpipe:ml_path|altsyncram:hidden_rtl_0|altsyncram_sng1:auto_generated|ram_block1a0~portb_address_reg2 ;
; 96.933 ; 100.000      ; 3.067          ; High Pulse Width ; clk   ; Rise       ; ml_inference_scanpipe:ml_path|altsyncram:hidden_rtl_0|altsyncram_sng1:auto_generated|ram_block1a0~portb_address_reg3 ;
; 96.933 ; 100.000      ; 3.067          ; Low Pulse Width  ; clk   ; Rise       ; ml_inference_scanpipe:ml_path|altsyncram:hidden_rtl_0|altsyncram_sng1:auto_generated|ram_block1a0~portb_address_reg3 ;
; 96.933 ; 100.000      ; 3.067          ; High Pulse Width ; clk   ; Rise       ; ml_inference_scanpipe:ml_path|altsyncram:hidden_rtl_0|altsyncram_sng1:auto_generated|ram_block1a0~portb_address_reg4 ;
; 96.933 ; 100.000      ; 3.067          ; Low Pulse Width  ; clk   ; Rise       ; ml_inference_scanpipe:ml_path|altsyncram:hidden_rtl_0|altsyncram_sng1:auto_generated|ram_block1a0~portb_address_reg4 ;
; 96.933 ; 100.000      ; 3.067          ; High Pulse Width ; clk   ; Rise       ; ml_inference_scanpipe:ml_path|altsyncram:hidden_rtl_0|altsyncram_sng1:auto_generated|ram_block1a10~porta_memory_reg0 ;
; 96.933 ; 100.000      ; 3.067          ; Low Pulse Width  ; clk   ; Rise       ; ml_inference_scanpipe:ml_path|altsyncram:hidden_rtl_0|altsyncram_sng1:auto_generated|ram_block1a10~porta_memory_reg0 ;
; 96.933 ; 100.000      ; 3.067          ; High Pulse Width ; clk   ; Rise       ; ml_inference_scanpipe:ml_path|altsyncram:hidden_rtl_0|altsyncram_sng1:auto_generated|ram_block1a11~porta_memory_reg0 ;
; 96.933 ; 100.000      ; 3.067          ; Low Pulse Width  ; clk   ; Rise       ; ml_inference_scanpipe:ml_path|altsyncram:hidden_rtl_0|altsyncram_sng1:auto_generated|ram_block1a11~porta_memory_reg0 ;
; 96.933 ; 100.000      ; 3.067          ; High Pulse Width ; clk   ; Rise       ; ml_inference_scanpipe:ml_path|altsyncram:hidden_rtl_0|altsyncram_sng1:auto_generated|ram_block1a12~porta_memory_reg0 ;
; 96.933 ; 100.000      ; 3.067          ; Low Pulse Width  ; clk   ; Rise       ; ml_inference_scanpipe:ml_path|altsyncram:hidden_rtl_0|altsyncram_sng1:auto_generated|ram_block1a12~porta_memory_reg0 ;
; 96.933 ; 100.000      ; 3.067          ; High Pulse Width ; clk   ; Rise       ; ml_inference_scanpipe:ml_path|altsyncram:hidden_rtl_0|altsyncram_sng1:auto_generated|ram_block1a13~porta_memory_reg0 ;
; 96.933 ; 100.000      ; 3.067          ; Low Pulse Width  ; clk   ; Rise       ; ml_inference_scanpipe:ml_path|altsyncram:hidden_rtl_0|altsyncram_sng1:auto_generated|ram_block1a13~porta_memory_reg0 ;
; 96.933 ; 100.000      ; 3.067          ; High Pulse Width ; clk   ; Rise       ; ml_inference_scanpipe:ml_path|altsyncram:hidden_rtl_0|altsyncram_sng1:auto_generated|ram_block1a14~porta_memory_reg0 ;
; 96.933 ; 100.000      ; 3.067          ; Low Pulse Width  ; clk   ; Rise       ; ml_inference_scanpipe:ml_path|altsyncram:hidden_rtl_0|altsyncram_sng1:auto_generated|ram_block1a14~porta_memory_reg0 ;
; 96.933 ; 100.000      ; 3.067          ; High Pulse Width ; clk   ; Rise       ; ml_inference_scanpipe:ml_path|altsyncram:hidden_rtl_0|altsyncram_sng1:auto_generated|ram_block1a15~porta_memory_reg0 ;
; 96.933 ; 100.000      ; 3.067          ; Low Pulse Width  ; clk   ; Rise       ; ml_inference_scanpipe:ml_path|altsyncram:hidden_rtl_0|altsyncram_sng1:auto_generated|ram_block1a15~porta_memory_reg0 ;
+--------+--------------+----------------+------------------+-------+------------+----------------------------------------------------------------------------------------------------------------------+


+----------------------------------------------------------------------------+
; Setup Times                                                                ;
+--------------+------------+--------+--------+------------+-----------------+
; Data Port    ; Clock Port ; Rise   ; Fall   ; Clock Edge ; Clock Reference ;
+--------------+------------+--------+--------+------------+-----------------+
; clear_frame  ; clk        ; 12.327 ; 12.327 ; Rise       ; clk             ;
; reset_n      ; clk        ; 5.285  ; 5.285  ; Rise       ; clk             ;
; start_stream ; clk        ; 3.594  ; 3.594  ; Rise       ; clk             ;
; touch_irq_n  ; clk        ; 5.565  ; 5.565  ; Rise       ; clk             ;
; touch_miso   ; clk        ; 0.630  ; 0.630  ; Rise       ; clk             ;
+--------------+------------+--------+--------+------------+-----------------+


+----------------------------------------------------------------------------+
; Hold Times                                                                 ;
+--------------+------------+--------+--------+------------+-----------------+
; Data Port    ; Clock Port ; Rise   ; Fall   ; Clock Edge ; Clock Reference ;
+--------------+------------+--------+--------+------------+-----------------+
; clear_frame  ; clk        ; -0.589 ; -0.589 ; Rise       ; clk             ;
; reset_n      ; clk        ; -0.125 ; -0.125 ; Rise       ; clk             ;
; start_stream ; clk        ; -1.540 ; -1.540 ; Rise       ; clk             ;
; touch_irq_n  ; clk        ; -1.476 ; -1.476 ; Rise       ; clk             ;
; touch_miso   ; clk        ; -0.364 ; -0.364 ; Rise       ; clk             ;
+--------------+------------+--------+--------+------------+-----------------+


+-----------------------------------------------------------------------------------+
; Clock to Output Times                                                             ;
+-----------------------+------------+-------+-------+------------+-----------------+
; Data Port             ; Clock Port ; Rise  ; Fall  ; Clock Edge ; Clock Reference ;
+-----------------------+------------+-------+-------+------------+-----------------+
; ml_busy               ; clk        ; 8.395 ; 8.395 ; Rise       ; clk             ;
; result_accepted       ; clk        ; 7.285 ; 7.285 ; Rise       ; clk             ;
; result_confidence[*]  ; clk        ; 8.647 ; 8.647 ; Rise       ; clk             ;
;  result_confidence[0] ; clk        ; 8.197 ; 8.197 ; Rise       ; clk             ;
;  result_confidence[1] ; clk        ; 7.637 ; 7.637 ; Rise       ; clk             ;
;  result_confidence[2] ; clk        ; 7.985 ; 7.985 ; Rise       ; clk             ;
;  result_confidence[3] ; clk        ; 8.201 ; 8.201 ; Rise       ; clk             ;
;  result_confidence[4] ; clk        ; 8.292 ; 8.292 ; Rise       ; clk             ;
;  result_confidence[5] ; clk        ; 8.377 ; 8.377 ; Rise       ; clk             ;
;  result_confidence[6] ; clk        ; 8.647 ; 8.647 ; Rise       ; clk             ;
;  result_confidence[7] ; clk        ; 7.985 ; 7.985 ; Rise       ; clk             ;
; result_cycles[*]      ; clk        ; 9.336 ; 9.336 ; Rise       ; clk             ;
;  result_cycles[0]     ; clk        ; 8.043 ; 8.043 ; Rise       ; clk             ;
;  result_cycles[1]     ; clk        ; 8.704 ; 8.704 ; Rise       ; clk             ;
;  result_cycles[2]     ; clk        ; 8.611 ; 8.611 ; Rise       ; clk             ;
;  result_cycles[3]     ; clk        ; 7.583 ; 7.583 ; Rise       ; clk             ;
;  result_cycles[4]     ; clk        ; 8.698 ; 8.698 ; Rise       ; clk             ;
;  result_cycles[5]     ; clk        ; 8.358 ; 8.358 ; Rise       ; clk             ;
;  result_cycles[6]     ; clk        ; 7.783 ; 7.783 ; Rise       ; clk             ;
;  result_cycles[7]     ; clk        ; 7.967 ; 7.967 ; Rise       ; clk             ;
;  result_cycles[8]     ; clk        ; 7.542 ; 7.542 ; Rise       ; clk             ;
;  result_cycles[9]     ; clk        ; 7.506 ; 7.506 ; Rise       ; clk             ;
;  result_cycles[10]    ; clk        ; 8.456 ; 8.456 ; Rise       ; clk             ;
;  result_cycles[11]    ; clk        ; 8.719 ; 8.719 ; Rise       ; clk             ;
;  result_cycles[12]    ; clk        ; 7.914 ; 7.914 ; Rise       ; clk             ;
;  result_cycles[13]    ; clk        ; 8.093 ; 8.093 ; Rise       ; clk             ;
;  result_cycles[14]    ; clk        ; 8.723 ; 8.723 ; Rise       ; clk             ;
;  result_cycles[15]    ; clk        ; 7.584 ; 7.584 ; Rise       ; clk             ;
;  result_cycles[16]    ; clk        ; 7.244 ; 7.244 ; Rise       ; clk             ;
;  result_cycles[17]    ; clk        ; 7.997 ; 7.997 ; Rise       ; clk             ;
;  result_cycles[18]    ; clk        ; 7.635 ; 7.635 ; Rise       ; clk             ;
;  result_cycles[19]    ; clk        ; 7.965 ; 7.965 ; Rise       ; clk             ;
;  result_cycles[20]    ; clk        ; 8.703 ; 8.703 ; Rise       ; clk             ;
;  result_cycles[21]    ; clk        ; 7.960 ; 7.960 ; Rise       ; clk             ;
;  result_cycles[22]    ; clk        ; 7.990 ; 7.990 ; Rise       ; clk             ;
;  result_cycles[23]    ; clk        ; 7.275 ; 7.275 ; Rise       ; clk             ;
;  result_cycles[24]    ; clk        ; 8.242 ; 8.242 ; Rise       ; clk             ;
;  result_cycles[25]    ; clk        ; 7.586 ; 7.586 ; Rise       ; clk             ;
;  result_cycles[26]    ; clk        ; 8.591 ; 8.591 ; Rise       ; clk             ;
;  result_cycles[27]    ; clk        ; 7.910 ; 7.910 ; Rise       ; clk             ;
;  result_cycles[28]    ; clk        ; 8.005 ; 8.005 ; Rise       ; clk             ;
;  result_cycles[29]    ; clk        ; 9.336 ; 9.336 ; Rise       ; clk             ;
;  result_cycles[30]    ; clk        ; 7.271 ; 7.271 ; Rise       ; clk             ;
;  result_cycles[31]    ; clk        ; 7.500 ; 7.500 ; Rise       ; clk             ;
; result_digit[*]       ; clk        ; 8.501 ; 8.501 ; Rise       ; clk             ;
;  result_digit[0]      ; clk        ; 8.367 ; 8.367 ; Rise       ; clk             ;
;  result_digit[1]      ; clk        ; 8.394 ; 8.394 ; Rise       ; clk             ;
;  result_digit[2]      ; clk        ; 8.501 ; 8.501 ; Rise       ; clk             ;
;  result_digit[3]      ; clk        ; 8.412 ; 8.412 ; Rise       ; clk             ;
; result_margin[*]      ; clk        ; 7.683 ; 7.683 ; Rise       ; clk             ;
;  result_margin[0]     ; clk        ; 7.257 ; 7.257 ; Rise       ; clk             ;
;  result_margin[1]     ; clk        ; 7.082 ; 7.082 ; Rise       ; clk             ;
;  result_margin[2]     ; clk        ; 7.129 ; 7.129 ; Rise       ; clk             ;
;  result_margin[3]     ; clk        ; 7.181 ; 7.181 ; Rise       ; clk             ;
;  result_margin[4]     ; clk        ; 7.683 ; 7.683 ; Rise       ; clk             ;
;  result_margin[5]     ; clk        ; 7.303 ; 7.303 ; Rise       ; clk             ;
;  result_margin[6]     ; clk        ; 7.294 ; 7.294 ; Rise       ; clk             ;
;  result_margin[7]     ; clk        ; 7.304 ; 7.304 ; Rise       ; clk             ;
;  result_margin[8]     ; clk        ; 7.510 ; 7.510 ; Rise       ; clk             ;
;  result_margin[9]     ; clk        ; 7.252 ; 7.252 ; Rise       ; clk             ;
;  result_margin[10]    ; clk        ; 7.201 ; 7.201 ; Rise       ; clk             ;
;  result_margin[11]    ; clk        ; 7.270 ; 7.270 ; Rise       ; clk             ;
;  result_margin[12]    ; clk        ; 7.336 ; 7.336 ; Rise       ; clk             ;
;  result_margin[13]    ; clk        ; 7.226 ; 7.226 ; Rise       ; clk             ;
;  result_margin[14]    ; clk        ; 7.185 ; 7.185 ; Rise       ; clk             ;
;  result_margin[15]    ; clk        ; 7.682 ; 7.682 ; Rise       ; clk             ;
; result_valid          ; clk        ; 7.634 ; 7.634 ; Rise       ; clk             ;
; touch_cs_n            ; clk        ; 7.301 ; 7.301 ; Rise       ; clk             ;
; touch_mosi            ; clk        ; 7.103 ; 7.103 ; Rise       ; clk             ;
; touch_sclk            ; clk        ; 7.165 ; 7.165 ; Rise       ; clk             ;
+-----------------------+------------+-------+-------+------------+-----------------+


+-----------------------------------------------------------------------------------+
; Minimum Clock to Output Times                                                     ;
+-----------------------+------------+-------+-------+------------+-----------------+
; Data Port             ; Clock Port ; Rise  ; Fall  ; Clock Edge ; Clock Reference ;
+-----------------------+------------+-------+-------+------------+-----------------+
; ml_busy               ; clk        ; 8.395 ; 8.395 ; Rise       ; clk             ;
; result_accepted       ; clk        ; 7.285 ; 7.285 ; Rise       ; clk             ;
; result_confidence[*]  ; clk        ; 7.637 ; 7.637 ; Rise       ; clk             ;
;  result_confidence[0] ; clk        ; 8.197 ; 8.197 ; Rise       ; clk             ;
;  result_confidence[1] ; clk        ; 7.637 ; 7.637 ; Rise       ; clk             ;
;  result_confidence[2] ; clk        ; 7.985 ; 7.985 ; Rise       ; clk             ;
;  result_confidence[3] ; clk        ; 8.201 ; 8.201 ; Rise       ; clk             ;
;  result_confidence[4] ; clk        ; 8.292 ; 8.292 ; Rise       ; clk             ;
;  result_confidence[5] ; clk        ; 8.377 ; 8.377 ; Rise       ; clk             ;
;  result_confidence[6] ; clk        ; 8.647 ; 8.647 ; Rise       ; clk             ;
;  result_confidence[7] ; clk        ; 7.985 ; 7.985 ; Rise       ; clk             ;
; result_cycles[*]      ; clk        ; 7.244 ; 7.244 ; Rise       ; clk             ;
;  result_cycles[0]     ; clk        ; 8.043 ; 8.043 ; Rise       ; clk             ;
;  result_cycles[1]     ; clk        ; 8.704 ; 8.704 ; Rise       ; clk             ;
;  result_cycles[2]     ; clk        ; 8.611 ; 8.611 ; Rise       ; clk             ;
;  result_cycles[3]     ; clk        ; 7.583 ; 7.583 ; Rise       ; clk             ;
;  result_cycles[4]     ; clk        ; 8.698 ; 8.698 ; Rise       ; clk             ;
;  result_cycles[5]     ; clk        ; 8.358 ; 8.358 ; Rise       ; clk             ;
;  result_cycles[6]     ; clk        ; 7.783 ; 7.783 ; Rise       ; clk             ;
;  result_cycles[7]     ; clk        ; 7.967 ; 7.967 ; Rise       ; clk             ;
;  result_cycles[8]     ; clk        ; 7.542 ; 7.542 ; Rise       ; clk             ;
;  result_cycles[9]     ; clk        ; 7.506 ; 7.506 ; Rise       ; clk             ;
;  result_cycles[10]    ; clk        ; 8.456 ; 8.456 ; Rise       ; clk             ;
;  result_cycles[11]    ; clk        ; 8.719 ; 8.719 ; Rise       ; clk             ;
;  result_cycles[12]    ; clk        ; 7.914 ; 7.914 ; Rise       ; clk             ;
;  result_cycles[13]    ; clk        ; 8.093 ; 8.093 ; Rise       ; clk             ;
;  result_cycles[14]    ; clk        ; 8.723 ; 8.723 ; Rise       ; clk             ;
;  result_cycles[15]    ; clk        ; 7.584 ; 7.584 ; Rise       ; clk             ;
;  result_cycles[16]    ; clk        ; 7.244 ; 7.244 ; Rise       ; clk             ;
;  result_cycles[17]    ; clk        ; 7.997 ; 7.997 ; Rise       ; clk             ;
;  result_cycles[18]    ; clk        ; 7.635 ; 7.635 ; Rise       ; clk             ;
;  result_cycles[19]    ; clk        ; 7.965 ; 7.965 ; Rise       ; clk             ;
;  result_cycles[20]    ; clk        ; 8.703 ; 8.703 ; Rise       ; clk             ;
;  result_cycles[21]    ; clk        ; 7.960 ; 7.960 ; Rise       ; clk             ;
;  result_cycles[22]    ; clk        ; 7.990 ; 7.990 ; Rise       ; clk             ;
;  result_cycles[23]    ; clk        ; 7.275 ; 7.275 ; Rise       ; clk             ;
;  result_cycles[24]    ; clk        ; 8.242 ; 8.242 ; Rise       ; clk             ;
;  result_cycles[25]    ; clk        ; 7.586 ; 7.586 ; Rise       ; clk             ;
;  result_cycles[26]    ; clk        ; 8.591 ; 8.591 ; Rise       ; clk             ;
;  result_cycles[27]    ; clk        ; 7.910 ; 7.910 ; Rise       ; clk             ;
;  result_cycles[28]    ; clk        ; 8.005 ; 8.005 ; Rise       ; clk             ;
;  result_cycles[29]    ; clk        ; 9.336 ; 9.336 ; Rise       ; clk             ;
;  result_cycles[30]    ; clk        ; 7.271 ; 7.271 ; Rise       ; clk             ;
;  result_cycles[31]    ; clk        ; 7.500 ; 7.500 ; Rise       ; clk             ;
; result_digit[*]       ; clk        ; 8.367 ; 8.367 ; Rise       ; clk             ;
;  result_digit[0]      ; clk        ; 8.367 ; 8.367 ; Rise       ; clk             ;
;  result_digit[1]      ; clk        ; 8.394 ; 8.394 ; Rise       ; clk             ;
;  result_digit[2]      ; clk        ; 8.501 ; 8.501 ; Rise       ; clk             ;
;  result_digit[3]      ; clk        ; 8.412 ; 8.412 ; Rise       ; clk             ;
; result_margin[*]      ; clk        ; 7.082 ; 7.082 ; Rise       ; clk             ;
;  result_margin[0]     ; clk        ; 7.257 ; 7.257 ; Rise       ; clk             ;
;  result_margin[1]     ; clk        ; 7.082 ; 7.082 ; Rise       ; clk             ;
;  result_margin[2]     ; clk        ; 7.129 ; 7.129 ; Rise       ; clk             ;
;  result_margin[3]     ; clk        ; 7.181 ; 7.181 ; Rise       ; clk             ;
;  result_margin[4]     ; clk        ; 7.683 ; 7.683 ; Rise       ; clk             ;
;  result_margin[5]     ; clk        ; 7.303 ; 7.303 ; Rise       ; clk             ;
;  result_margin[6]     ; clk        ; 7.294 ; 7.294 ; Rise       ; clk             ;
;  result_margin[7]     ; clk        ; 7.304 ; 7.304 ; Rise       ; clk             ;
;  result_margin[8]     ; clk        ; 7.510 ; 7.510 ; Rise       ; clk             ;
;  result_margin[9]     ; clk        ; 7.252 ; 7.252 ; Rise       ; clk             ;
;  result_margin[10]    ; clk        ; 7.201 ; 7.201 ; Rise       ; clk             ;
;  result_margin[11]    ; clk        ; 7.270 ; 7.270 ; Rise       ; clk             ;
;  result_margin[12]    ; clk        ; 7.336 ; 7.336 ; Rise       ; clk             ;
;  result_margin[13]    ; clk        ; 7.226 ; 7.226 ; Rise       ; clk             ;
;  result_margin[14]    ; clk        ; 7.185 ; 7.185 ; Rise       ; clk             ;
;  result_margin[15]    ; clk        ; 7.682 ; 7.682 ; Rise       ; clk             ;
; result_valid          ; clk        ; 7.634 ; 7.634 ; Rise       ; clk             ;
; touch_cs_n            ; clk        ; 7.301 ; 7.301 ; Rise       ; clk             ;
; touch_mosi            ; clk        ; 7.103 ; 7.103 ; Rise       ; clk             ;
; touch_sclk            ; clk        ; 7.165 ; 7.165 ; Rise       ; clk             ;
+-----------------------+------------+-------+-------+------------+-----------------+


+---------------------------------+
; Fast Model Setup Summary        ;
+-------+---------+---------------+
; Clock ; Slack   ; End Point TNS ;
+-------+---------+---------------+
; clk   ; 191.439 ; 0.000         ;
+-------+---------+---------------+


+-------------------------------+
; Fast Model Hold Summary       ;
+-------+-------+---------------+
; Clock ; Slack ; End Point TNS ;
+-------+-------+---------------+
; clk   ; 0.215 ; 0.000         ;
+-------+-------+---------------+


-------------------------------
; Fast Model Recovery Summary ;
-------------------------------
No paths to report.


------------------------------
; Fast Model Removal Summary ;
------------------------------
No paths to report.


+----------------------------------------+
; Fast Model Minimum Pulse Width Summary ;
+-------+--------+-----------------------+
; Clock ; Slack  ; End Point TNS         ;
+-------+--------+-----------------------+
; clk   ; 97.873 ; 0.000                 ;
+-------+--------+-----------------------+


+-----------------------------------------------------------------------------------------------------------------------------------------------------------------------------------------------------------------------------------------------------------------------------------------------------------------------------+
; Fast Model Setup: 'clk'                                                                                                                                                                                                                                                                                                     ;
+---------+----------------------------------------------------------------------------------------------------------------------+----------------------------------------------------------------------------------------------------------------------+--------------+-------------+--------------+------------+------------+
; Slack   ; From Node                                                                                                            ; To Node                                                                                                              ; Launch Clock ; Latch Clock ; Relationship ; Clock Skew ; Data Delay ;
+---------+----------------------------------------------------------------------------------------------------------------------+----------------------------------------------------------------------------------------------------------------------+--------------+-------------+--------------+------------+------------+
; 191.439 ; ml_inference_scanpipe:ml_path|scan_index[1]                                                                          ; ml_inference_scanpipe:ml_path|scan_second[23]                                                                        ; clk          ; clk         ; 200.000      ; -0.025     ; 8.568      ;
; 191.439 ; ml_inference_scanpipe:ml_path|scan_index[1]                                                                          ; ml_inference_scanpipe:ml_path|scan_second[22]                                                                        ; clk          ; clk         ; 200.000      ; -0.025     ; 8.568      ;
; 191.586 ; ml_inference_scanpipe:ml_path|scan_index[1]                                                                          ; ml_inference_scanpipe:ml_path|scan_second[6]                                                                         ; clk          ; clk         ; 200.000      ; -0.006     ; 8.440      ;
; 191.586 ; ml_inference_scanpipe:ml_path|scan_index[1]                                                                          ; ml_inference_scanpipe:ml_path|scan_second[7]                                                                         ; clk          ; clk         ; 200.000      ; -0.006     ; 8.440      ;
; 191.586 ; ml_inference_scanpipe:ml_path|scan_index[1]                                                                          ; ml_inference_scanpipe:ml_path|scan_second[4]                                                                         ; clk          ; clk         ; 200.000      ; -0.006     ; 8.440      ;
; 191.586 ; ml_inference_scanpipe:ml_path|scan_index[1]                                                                          ; ml_inference_scanpipe:ml_path|scan_second[5]                                                                         ; clk          ; clk         ; 200.000      ; -0.006     ; 8.440      ;
; 191.647 ; ml_inference_scanpipe:ml_path|scan_index[1]                                                                          ; ml_inference_scanpipe:ml_path|scan_second[19]                                                                        ; clk          ; clk         ; 200.000      ; -0.014     ; 8.371      ;
; 191.647 ; ml_inference_scanpipe:ml_path|scan_index[1]                                                                          ; ml_inference_scanpipe:ml_path|scan_second[21]                                                                        ; clk          ; clk         ; 200.000      ; -0.014     ; 8.371      ;
; 191.669 ; ml_inference_scanpipe:ml_path|scan_index[1]                                                                          ; ml_inference_scanpipe:ml_path|scan_second[2]                                                                         ; clk          ; clk         ; 200.000      ; -0.009     ; 8.354      ;
; 191.669 ; ml_inference_scanpipe:ml_path|scan_index[1]                                                                          ; ml_inference_scanpipe:ml_path|scan_second[3]                                                                         ; clk          ; clk         ; 200.000      ; -0.009     ; 8.354      ;
; 191.735 ; ml_inference_scanpipe:ml_path|scan_index[1]                                                                          ; ml_inference_scanpipe:ml_path|scan_second[12]                                                                        ; clk          ; clk         ; 200.000      ; -0.009     ; 8.288      ;
; 191.735 ; ml_inference_scanpipe:ml_path|scan_index[1]                                                                          ; ml_inference_scanpipe:ml_path|scan_second[11]                                                                        ; clk          ; clk         ; 200.000      ; -0.009     ; 8.288      ;
; 191.749 ; ml_inference_scanpipe:ml_path|scan_index[1]                                                                          ; ml_inference_scanpipe:ml_path|scan_second[13]                                                                        ; clk          ; clk         ; 200.000      ; -0.009     ; 8.274      ;
; 191.749 ; ml_inference_scanpipe:ml_path|scan_index[1]                                                                          ; ml_inference_scanpipe:ml_path|scan_second[14]                                                                        ; clk          ; clk         ; 200.000      ; -0.009     ; 8.274      ;
; 191.751 ; ml_inference_scanpipe:ml_path|scan_index[1]                                                                          ; ml_inference_scanpipe:ml_path|scan_second[28]                                                                        ; clk          ; clk         ; 200.000      ; -0.025     ; 8.256      ;
; 191.751 ; ml_inference_scanpipe:ml_path|scan_index[1]                                                                          ; ml_inference_scanpipe:ml_path|scan_second[25]                                                                        ; clk          ; clk         ; 200.000      ; -0.025     ; 8.256      ;
; 191.751 ; ml_inference_scanpipe:ml_path|scan_index[1]                                                                          ; ml_inference_scanpipe:ml_path|scan_second[24]                                                                        ; clk          ; clk         ; 200.000      ; -0.025     ; 8.256      ;
; 191.751 ; ml_inference_scanpipe:ml_path|scan_index[1]                                                                          ; ml_inference_scanpipe:ml_path|scan_second[17]                                                                        ; clk          ; clk         ; 200.000      ; -0.014     ; 8.267      ;
; 191.751 ; ml_inference_scanpipe:ml_path|scan_index[1]                                                                          ; ml_inference_scanpipe:ml_path|scan_second[16]                                                                        ; clk          ; clk         ; 200.000      ; -0.014     ; 8.267      ;
; 191.751 ; ml_inference_scanpipe:ml_path|scan_index[1]                                                                          ; ml_inference_scanpipe:ml_path|scan_second[18]                                                                        ; clk          ; clk         ; 200.000      ; -0.014     ; 8.267      ;
; 191.799 ; ml_inference_scanpipe:ml_path|scan_index[1]                                                                          ; ml_inference_scanpipe:ml_path|scan_second[15]                                                                        ; clk          ; clk         ; 200.000      ; -0.006     ; 8.227      ;
; 191.799 ; ml_inference_scanpipe:ml_path|scan_index[1]                                                                          ; ml_inference_scanpipe:ml_path|scan_second[8]                                                                         ; clk          ; clk         ; 200.000      ; -0.006     ; 8.227      ;
; 191.801 ; ml_inference_scanpipe:ml_path|scan_index[1]                                                                          ; ml_inference_scanpipe:ml_path|scan_second[1]                                                                         ; clk          ; clk         ; 200.000      ; -0.015     ; 8.216      ;
; 191.801 ; ml_inference_scanpipe:ml_path|scan_index[1]                                                                          ; ml_inference_scanpipe:ml_path|scan_second[32]                                                                        ; clk          ; clk         ; 200.000      ; -0.015     ; 8.216      ;
; 191.801 ; ml_inference_scanpipe:ml_path|scan_index[1]                                                                          ; ml_inference_scanpipe:ml_path|scan_second[0]                                                                         ; clk          ; clk         ; 200.000      ; -0.015     ; 8.216      ;
; 191.845 ; ml_inference_scanpipe:ml_path|altsyncram:hidden_rtl_0|altsyncram_sng1:auto_generated|ram_block1a0~portb_address_reg0 ; ml_inference_scanpipe:ml_path|scores[2][29]                                                                          ; clk          ; clk         ; 200.000      ; -0.075     ; 8.112      ;
; 191.845 ; ml_inference_scanpipe:ml_path|altsyncram:hidden_rtl_0|altsyncram_sng1:auto_generated|ram_block1a0~portb_address_reg1 ; ml_inference_scanpipe:ml_path|scores[2][29]                                                                          ; clk          ; clk         ; 200.000      ; -0.075     ; 8.112      ;
; 191.845 ; ml_inference_scanpipe:ml_path|altsyncram:hidden_rtl_0|altsyncram_sng1:auto_generated|ram_block1a0~portb_address_reg2 ; ml_inference_scanpipe:ml_path|scores[2][29]                                                                          ; clk          ; clk         ; 200.000      ; -0.075     ; 8.112      ;
; 191.845 ; ml_inference_scanpipe:ml_path|altsyncram:hidden_rtl_0|altsyncram_sng1:auto_generated|ram_block1a0~portb_address_reg3 ; ml_inference_scanpipe:ml_path|scores[2][29]                                                                          ; clk          ; clk         ; 200.000      ; -0.075     ; 8.112      ;
; 191.845 ; ml_inference_scanpipe:ml_path|altsyncram:hidden_rtl_0|altsyncram_sng1:auto_generated|ram_block1a0~portb_address_reg4 ; ml_inference_scanpipe:ml_path|scores[2][29]                                                                          ; clk          ; clk         ; 200.000      ; -0.075     ; 8.112      ;
; 191.901 ; ml_inference_scanpipe:ml_path|scan_index[1]                                                                          ; ml_inference_scanpipe:ml_path|scan_best[30]                                                                          ; clk          ; clk         ; 200.000      ; -0.030     ; 8.101      ;
; 191.901 ; ml_inference_scanpipe:ml_path|scan_index[1]                                                                          ; ml_inference_scanpipe:ml_path|scan_best[28]                                                                          ; clk          ; clk         ; 200.000      ; -0.030     ; 8.101      ;
; 191.901 ; ml_inference_scanpipe:ml_path|scan_index[1]                                                                          ; ml_inference_scanpipe:ml_path|scan_best[21]                                                                          ; clk          ; clk         ; 200.000      ; -0.030     ; 8.101      ;
; 191.901 ; ml_inference_scanpipe:ml_path|scan_index[1]                                                                          ; ml_inference_scanpipe:ml_path|scan_best[20]                                                                          ; clk          ; clk         ; 200.000      ; -0.030     ; 8.101      ;
; 191.901 ; ml_inference_scanpipe:ml_path|scan_index[1]                                                                          ; ml_inference_scanpipe:ml_path|scan_best[19]                                                                          ; clk          ; clk         ; 200.000      ; -0.030     ; 8.101      ;
; 191.901 ; ml_inference_scanpipe:ml_path|scan_index[1]                                                                          ; ml_inference_scanpipe:ml_path|scan_best[7]                                                                           ; clk          ; clk         ; 200.000      ; -0.030     ; 8.101      ;
; 191.901 ; ml_inference_scanpipe:ml_path|scan_index[1]                                                                          ; ml_inference_scanpipe:ml_path|scan_best[2]                                                                           ; clk          ; clk         ; 200.000      ; -0.030     ; 8.101      ;
; 191.904 ; ml_inference_scanpipe:ml_path|scan_index[1]                                                                          ; ml_inference_scanpipe:ml_path|scan_second[26]                                                                        ; clk          ; clk         ; 200.000      ; -0.026     ; 8.102      ;
; 191.904 ; ml_inference_scanpipe:ml_path|scan_index[1]                                                                          ; ml_inference_scanpipe:ml_path|scan_second[20]                                                                        ; clk          ; clk         ; 200.000      ; -0.026     ; 8.102      ;
; 191.904 ; ml_inference_scanpipe:ml_path|scan_index[1]                                                                          ; ml_inference_scanpipe:ml_path|scan_second[9]                                                                         ; clk          ; clk         ; 200.000      ; -0.026     ; 8.102      ;
; 191.904 ; ml_inference_scanpipe:ml_path|scan_index[1]                                                                          ; ml_inference_scanpipe:ml_path|scan_second[10]                                                                        ; clk          ; clk         ; 200.000      ; -0.026     ; 8.102      ;
; 191.906 ; ml_inference_scanpipe:ml_path|scan_index[1]                                                                          ; ml_inference_scanpipe:ml_path|scan_best[16]                                                                          ; clk          ; clk         ; 200.000      ; -0.018     ; 8.108      ;
; 191.906 ; ml_inference_scanpipe:ml_path|scan_index[1]                                                                          ; ml_inference_scanpipe:ml_path|scan_best[12]                                                                          ; clk          ; clk         ; 200.000      ; -0.018     ; 8.108      ;
; 191.906 ; ml_inference_scanpipe:ml_path|scan_index[1]                                                                          ; ml_inference_scanpipe:ml_path|scan_best[11]                                                                          ; clk          ; clk         ; 200.000      ; -0.018     ; 8.108      ;
; 191.906 ; ml_inference_scanpipe:ml_path|scan_index[1]                                                                          ; ml_inference_scanpipe:ml_path|scan_best[14]                                                                          ; clk          ; clk         ; 200.000      ; -0.018     ; 8.108      ;
; 191.906 ; ml_inference_scanpipe:ml_path|scan_index[1]                                                                          ; ml_inference_scanpipe:ml_path|scan_best[4]                                                                           ; clk          ; clk         ; 200.000      ; -0.018     ; 8.108      ;
; 191.910 ; ml_inference_scanpipe:ml_path|scan_index[1]                                                                          ; ml_inference_scanpipe:ml_path|scan_best[13]                                                                          ; clk          ; clk         ; 200.000      ; -0.009     ; 8.113      ;
; 191.913 ; ml_inference_scanpipe:ml_path|scan_index[0]                                                                          ; ml_inference_scanpipe:ml_path|scan_second[23]                                                                        ; clk          ; clk         ; 200.000      ; -0.025     ; 8.094      ;
; 191.913 ; ml_inference_scanpipe:ml_path|scan_index[0]                                                                          ; ml_inference_scanpipe:ml_path|scan_second[22]                                                                        ; clk          ; clk         ; 200.000      ; -0.025     ; 8.094      ;
; 191.929 ; ml_inference_scanpipe:ml_path|scan_index[1]                                                                          ; ml_inference_scanpipe:ml_path|scan_best[18]                                                                          ; clk          ; clk         ; 200.000      ; -0.014     ; 8.089      ;
; 191.929 ; ml_inference_scanpipe:ml_path|scan_index[1]                                                                          ; ml_inference_scanpipe:ml_path|scan_best[17]                                                                          ; clk          ; clk         ; 200.000      ; -0.014     ; 8.089      ;
; 191.956 ; ml_inference_scanpipe:ml_path|scan_index[1]                                                                          ; ml_inference_scanpipe:ml_path|scan_best[3]                                                                           ; clk          ; clk         ; 200.000      ; -0.009     ; 8.067      ;
; 191.956 ; ml_inference_scanpipe:ml_path|altsyncram:l2_rom|altsyncram_pnt:auto_generated|ram_block1a0~porta_address_reg0        ; ml_inference_scanpipe:ml_path|scores[2][29]                                                                          ; clk          ; clk         ; 200.000      ; -0.089     ; 7.987      ;
; 191.956 ; ml_inference_scanpipe:ml_path|altsyncram:l2_rom|altsyncram_pnt:auto_generated|ram_block1a0~porta_address_reg1        ; ml_inference_scanpipe:ml_path|scores[2][29]                                                                          ; clk          ; clk         ; 200.000      ; -0.089     ; 7.987      ;
; 191.956 ; ml_inference_scanpipe:ml_path|altsyncram:l2_rom|altsyncram_pnt:auto_generated|ram_block1a0~porta_address_reg2        ; ml_inference_scanpipe:ml_path|scores[2][29]                                                                          ; clk          ; clk         ; 200.000      ; -0.089     ; 7.987      ;
; 191.956 ; ml_inference_scanpipe:ml_path|altsyncram:l2_rom|altsyncram_pnt:auto_generated|ram_block1a0~porta_address_reg3        ; ml_inference_scanpipe:ml_path|scores[2][29]                                                                          ; clk          ; clk         ; 200.000      ; -0.089     ; 7.987      ;
; 191.956 ; ml_inference_scanpipe:ml_path|altsyncram:l2_rom|altsyncram_pnt:auto_generated|ram_block1a0~porta_address_reg4        ; ml_inference_scanpipe:ml_path|scores[2][29]                                                                          ; clk          ; clk         ; 200.000      ; -0.089     ; 7.987      ;
; 191.956 ; ml_inference_scanpipe:ml_path|altsyncram:l2_rom|altsyncram_pnt:auto_generated|ram_block1a0~porta_address_reg5        ; ml_inference_scanpipe:ml_path|scores[2][29]                                                                          ; clk          ; clk         ; 200.000      ; -0.089     ; 7.987      ;
; 191.956 ; ml_inference_scanpipe:ml_path|altsyncram:l2_rom|altsyncram_pnt:auto_generated|ram_block1a0~porta_address_reg6        ; ml_inference_scanpipe:ml_path|scores[2][29]                                                                          ; clk          ; clk         ; 200.000      ; -0.089     ; 7.987      ;
; 191.956 ; ml_inference_scanpipe:ml_path|altsyncram:l2_rom|altsyncram_pnt:auto_generated|ram_block1a0~porta_address_reg7        ; ml_inference_scanpipe:ml_path|scores[2][29]                                                                          ; clk          ; clk         ; 200.000      ; -0.089     ; 7.987      ;
; 191.956 ; ml_inference_scanpipe:ml_path|altsyncram:l2_rom|altsyncram_pnt:auto_generated|ram_block1a0~porta_address_reg8        ; ml_inference_scanpipe:ml_path|scores[2][29]                                                                          ; clk          ; clk         ; 200.000      ; -0.089     ; 7.987      ;
; 191.991 ; ml_inference_scanpipe:ml_path|scan_index[1]                                                                          ; ml_inference_scanpipe:ml_path|scan_second[27]                                                                        ; clk          ; clk         ; 200.000      ; -0.011     ; 8.030      ;
; 192.003 ; ml_inference_scanpipe:ml_path|altsyncram:hidden_rtl_0|altsyncram_sng1:auto_generated|ram_block1a0~portb_address_reg0 ; ml_inference_scanpipe:ml_path|scores[6][29]                                                                          ; clk          ; clk         ; 200.000      ; -0.078     ; 7.951      ;
; 192.003 ; ml_inference_scanpipe:ml_path|altsyncram:hidden_rtl_0|altsyncram_sng1:auto_generated|ram_block1a0~portb_address_reg1 ; ml_inference_scanpipe:ml_path|scores[6][29]                                                                          ; clk          ; clk         ; 200.000      ; -0.078     ; 7.951      ;
; 192.003 ; ml_inference_scanpipe:ml_path|altsyncram:hidden_rtl_0|altsyncram_sng1:auto_generated|ram_block1a0~portb_address_reg2 ; ml_inference_scanpipe:ml_path|scores[6][29]                                                                          ; clk          ; clk         ; 200.000      ; -0.078     ; 7.951      ;
; 192.003 ; ml_inference_scanpipe:ml_path|altsyncram:hidden_rtl_0|altsyncram_sng1:auto_generated|ram_block1a0~portb_address_reg3 ; ml_inference_scanpipe:ml_path|scores[6][29]                                                                          ; clk          ; clk         ; 200.000      ; -0.078     ; 7.951      ;
; 192.003 ; ml_inference_scanpipe:ml_path|altsyncram:hidden_rtl_0|altsyncram_sng1:auto_generated|ram_block1a0~portb_address_reg4 ; ml_inference_scanpipe:ml_path|scores[6][29]                                                                          ; clk          ; clk         ; 200.000      ; -0.078     ; 7.951      ;
; 192.008 ; ml_inference_scanpipe:ml_path|altsyncram:hidden_rtl_0|altsyncram_sng1:auto_generated|ram_block1a0~portb_address_reg0 ; ml_inference_scanpipe:ml_path|scores[4][29]                                                                          ; clk          ; clk         ; 200.000      ; -0.078     ; 7.946      ;
; 192.008 ; ml_inference_scanpipe:ml_path|altsyncram:hidden_rtl_0|altsyncram_sng1:auto_generated|ram_block1a0~portb_address_reg1 ; ml_inference_scanpipe:ml_path|scores[4][29]                                                                          ; clk          ; clk         ; 200.000      ; -0.078     ; 7.946      ;
; 192.008 ; ml_inference_scanpipe:ml_path|altsyncram:hidden_rtl_0|altsyncram_sng1:auto_generated|ram_block1a0~portb_address_reg2 ; ml_inference_scanpipe:ml_path|scores[4][29]                                                                          ; clk          ; clk         ; 200.000      ; -0.078     ; 7.946      ;
; 192.008 ; ml_inference_scanpipe:ml_path|altsyncram:hidden_rtl_0|altsyncram_sng1:auto_generated|ram_block1a0~portb_address_reg3 ; ml_inference_scanpipe:ml_path|scores[4][29]                                                                          ; clk          ; clk         ; 200.000      ; -0.078     ; 7.946      ;
; 192.008 ; ml_inference_scanpipe:ml_path|altsyncram:hidden_rtl_0|altsyncram_sng1:auto_generated|ram_block1a0~portb_address_reg4 ; ml_inference_scanpipe:ml_path|scores[4][29]                                                                          ; clk          ; clk         ; 200.000      ; -0.078     ; 7.946      ;
; 192.010 ; ml_inference_scanpipe:ml_path|scan_index[1]                                                                          ; ml_inference_scanpipe:ml_path|scan_second[29]                                                                        ; clk          ; clk         ; 200.000      ; -0.011     ; 8.011      ;
; 192.010 ; ml_inference_scanpipe:ml_path|scan_index[1]                                                                          ; ml_inference_scanpipe:ml_path|scan_second[30]                                                                        ; clk          ; clk         ; 200.000      ; -0.011     ; 8.011      ;
; 192.010 ; ml_inference_scanpipe:ml_path|scan_index[1]                                                                          ; ml_inference_scanpipe:ml_path|scan_second[31]                                                                        ; clk          ; clk         ; 200.000      ; -0.011     ; 8.011      ;
; 192.022 ; ml_inference_scanpipe:ml_path|scan_index[1]                                                                          ; ml_inference_scanpipe:ml_path|scan_best[25]                                                                          ; clk          ; clk         ; 200.000      ; -0.025     ; 7.985      ;
; 192.030 ; ml_inference_scanpipe:ml_path|scan_index[1]                                                                          ; ml_inference_scanpipe:ml_path|scan_best[10]                                                                          ; clk          ; clk         ; 200.000      ; -0.014     ; 7.988      ;
; 192.030 ; ml_inference_scanpipe:ml_path|scan_index[1]                                                                          ; ml_inference_scanpipe:ml_path|scan_best[8]                                                                           ; clk          ; clk         ; 200.000      ; -0.014     ; 7.988      ;
; 192.046 ; ml_inference_scanpipe:ml_path|scan_index[1]                                                                          ; ml_inference_scanpipe:ml_path|scan_best[24]                                                                          ; clk          ; clk         ; 200.000      ; -0.025     ; 7.961      ;
; 192.046 ; ml_inference_scanpipe:ml_path|scan_index[1]                                                                          ; ml_inference_scanpipe:ml_path|scan_best[26]                                                                          ; clk          ; clk         ; 200.000      ; -0.026     ; 7.960      ;
; 192.046 ; ml_inference_scanpipe:ml_path|scan_index[1]                                                                          ; ml_inference_scanpipe:ml_path|scan_best[23]                                                                          ; clk          ; clk         ; 200.000      ; -0.025     ; 7.961      ;
; 192.046 ; ml_inference_scanpipe:ml_path|scan_index[1]                                                                          ; ml_inference_scanpipe:ml_path|scan_best[9]                                                                           ; clk          ; clk         ; 200.000      ; -0.026     ; 7.960      ;
; 192.060 ; ml_inference_scanpipe:ml_path|scan_index[0]                                                                          ; ml_inference_scanpipe:ml_path|scan_second[6]                                                                         ; clk          ; clk         ; 200.000      ; -0.006     ; 7.966      ;
; 192.060 ; ml_inference_scanpipe:ml_path|scan_index[0]                                                                          ; ml_inference_scanpipe:ml_path|scan_second[7]                                                                         ; clk          ; clk         ; 200.000      ; -0.006     ; 7.966      ;
; 192.060 ; ml_inference_scanpipe:ml_path|scan_index[0]                                                                          ; ml_inference_scanpipe:ml_path|scan_second[4]                                                                         ; clk          ; clk         ; 200.000      ; -0.006     ; 7.966      ;
; 192.060 ; ml_inference_scanpipe:ml_path|scan_index[0]                                                                          ; ml_inference_scanpipe:ml_path|scan_second[5]                                                                         ; clk          ; clk         ; 200.000      ; -0.006     ; 7.966      ;
; 192.080 ; ml_inference_scanpipe:ml_path|scan_index[1]                                                                          ; ml_inference_scanpipe:ml_path|scan_best[1]                                                                           ; clk          ; clk         ; 200.000      ; -0.015     ; 7.937      ;
; 192.080 ; ml_inference_scanpipe:ml_path|scan_index[1]                                                                          ; ml_inference_scanpipe:ml_path|scan_best[0]                                                                           ; clk          ; clk         ; 200.000      ; -0.015     ; 7.937      ;
; 192.084 ; ml_inference_scanpipe:ml_path|altsyncram:l1_rom|altsyncram_vqt:auto_generated|ram_block1a8~porta_address_reg0        ; ml_inference_scanpipe:ml_path|altsyncram:hidden_rtl_0|altsyncram_sng1:auto_generated|ram_block1a0~porta_datain_reg11 ; clk          ; clk         ; 200.000      ; -0.025     ; 7.890      ;
; 192.084 ; ml_inference_scanpipe:ml_path|altsyncram:l1_rom|altsyncram_vqt:auto_generated|ram_block1a8~porta_address_reg1        ; ml_inference_scanpipe:ml_path|altsyncram:hidden_rtl_0|altsyncram_sng1:auto_generated|ram_block1a0~porta_datain_reg11 ; clk          ; clk         ; 200.000      ; -0.025     ; 7.890      ;
; 192.084 ; ml_inference_scanpipe:ml_path|altsyncram:l1_rom|altsyncram_vqt:auto_generated|ram_block1a8~porta_address_reg2        ; ml_inference_scanpipe:ml_path|altsyncram:hidden_rtl_0|altsyncram_sng1:auto_generated|ram_block1a0~porta_datain_reg11 ; clk          ; clk         ; 200.000      ; -0.025     ; 7.890      ;
; 192.084 ; ml_inference_scanpipe:ml_path|altsyncram:l1_rom|altsyncram_vqt:auto_generated|ram_block1a8~porta_address_reg3        ; ml_inference_scanpipe:ml_path|altsyncram:hidden_rtl_0|altsyncram_sng1:auto_generated|ram_block1a0~porta_datain_reg11 ; clk          ; clk         ; 200.000      ; -0.025     ; 7.890      ;
; 192.084 ; ml_inference_scanpipe:ml_path|altsyncram:l1_rom|altsyncram_vqt:auto_generated|ram_block1a8~porta_address_reg4        ; ml_inference_scanpipe:ml_path|altsyncram:hidden_rtl_0|altsyncram_sng1:auto_generated|ram_block1a0~porta_datain_reg11 ; clk          ; clk         ; 200.000      ; -0.025     ; 7.890      ;
; 192.084 ; ml_inference_scanpipe:ml_path|altsyncram:l1_rom|altsyncram_vqt:auto_generated|ram_block1a8~porta_address_reg5        ; ml_inference_scanpipe:ml_path|altsyncram:hidden_rtl_0|altsyncram_sng1:auto_generated|ram_block1a0~porta_datain_reg11 ; clk          ; clk         ; 200.000      ; -0.025     ; 7.890      ;
; 192.084 ; ml_inference_scanpipe:ml_path|altsyncram:l1_rom|altsyncram_vqt:auto_generated|ram_block1a8~porta_address_reg6        ; ml_inference_scanpipe:ml_path|altsyncram:hidden_rtl_0|altsyncram_sng1:auto_generated|ram_block1a0~porta_datain_reg11 ; clk          ; clk         ; 200.000      ; -0.025     ; 7.890      ;
; 192.084 ; ml_inference_scanpipe:ml_path|altsyncram:l1_rom|altsyncram_vqt:auto_generated|ram_block1a8~porta_address_reg7        ; ml_inference_scanpipe:ml_path|altsyncram:hidden_rtl_0|altsyncram_sng1:auto_generated|ram_block1a0~porta_datain_reg11 ; clk          ; clk         ; 200.000      ; -0.025     ; 7.890      ;
; 192.084 ; ml_inference_scanpipe:ml_path|altsyncram:l1_rom|altsyncram_vqt:auto_generated|ram_block1a8~porta_address_reg8        ; ml_inference_scanpipe:ml_path|altsyncram:hidden_rtl_0|altsyncram_sng1:auto_generated|ram_block1a0~porta_datain_reg11 ; clk          ; clk         ; 200.000      ; -0.025     ; 7.890      ;
; 192.084 ; ml_inference_scanpipe:ml_path|altsyncram:l1_rom|altsyncram_vqt:auto_generated|ram_block1a8~porta_address_reg9        ; ml_inference_scanpipe:ml_path|altsyncram:hidden_rtl_0|altsyncram_sng1:auto_generated|ram_block1a0~porta_datain_reg11 ; clk          ; clk         ; 200.000      ; -0.025     ; 7.890      ;
; 192.084 ; ml_inference_scanpipe:ml_path|altsyncram:l1_rom|altsyncram_vqt:auto_generated|ram_block1a8~porta_address_reg10       ; ml_inference_scanpipe:ml_path|altsyncram:hidden_rtl_0|altsyncram_sng1:auto_generated|ram_block1a0~porta_datain_reg11 ; clk          ; clk         ; 200.000      ; -0.025     ; 7.890      ;
; 192.084 ; ml_inference_scanpipe:ml_path|altsyncram:l1_rom|altsyncram_vqt:auto_generated|ram_block1a8~porta_address_reg11       ; ml_inference_scanpipe:ml_path|altsyncram:hidden_rtl_0|altsyncram_sng1:auto_generated|ram_block1a0~porta_datain_reg11 ; clk          ; clk         ; 200.000      ; -0.025     ; 7.890      ;
+---------+----------------------------------------------------------------------------------------------------------------------+----------------------------------------------------------------------------------------------------------------------+--------------+-------------+--------------+------------+------------+


+-------------------------------------------------------------------------------------------------------------------------------------------------------------------------------------------------------------------------+
; Fast Model Hold: 'clk'                                                                                                                                                                                                  ;
+-------+---------------------------------------------------------------------+---------------------------------------------------------------------+--------------+-------------+--------------+------------+------------+
; Slack ; From Node                                                           ; To Node                                                             ; Launch Clock ; Latch Clock ; Relationship ; Clock Skew ; Data Delay ;
+-------+---------------------------------------------------------------------+---------------------------------------------------------------------+--------------+-------------+--------------+------------+------------+
; 0.215 ; touch_capture_top:touch_path|touch_frame_adapter:frame|stream_busy  ; touch_capture_top:touch_path|touch_frame_adapter:frame|stream_busy  ; clk          ; clk         ; 0.000        ; 0.000      ; 0.367      ;
; 0.215 ; ml_inference_scanpipe:ml_path|scan_index[2]                         ; ml_inference_scanpipe:ml_path|scan_index[2]                         ; clk          ; clk         ; 0.000        ; 0.000      ; 0.367      ;
; 0.215 ; ml_inference_scanpipe:ml_path|scan_index[3]                         ; ml_inference_scanpipe:ml_path|scan_index[3]                         ; clk          ; clk         ; 0.000        ; 0.000      ; 0.367      ;
; 0.215 ; ml_inference_scanpipe:ml_path|scan_index[4]                         ; ml_inference_scanpipe:ml_path|scan_index[4]                         ; clk          ; clk         ; 0.000        ; 0.000      ; 0.367      ;
; 0.215 ; ml_inference_scanpipe:ml_path|scan_index[5]                         ; ml_inference_scanpipe:ml_path|scan_index[5]                         ; clk          ; clk         ; 0.000        ; 0.000      ; 0.367      ;
; 0.215 ; ml_inference_scanpipe:ml_path|scan_index[6]                         ; ml_inference_scanpipe:ml_path|scan_index[6]                         ; clk          ; clk         ; 0.000        ; 0.000      ; 0.367      ;
; 0.215 ; ml_inference_scanpipe:ml_path|scan_index[7]                         ; ml_inference_scanpipe:ml_path|scan_index[7]                         ; clk          ; clk         ; 0.000        ; 0.000      ; 0.367      ;
; 0.215 ; ml_inference_scanpipe:ml_path|scan_index[8]                         ; ml_inference_scanpipe:ml_path|scan_index[8]                         ; clk          ; clk         ; 0.000        ; 0.000      ; 0.367      ;
; 0.215 ; ml_inference_scanpipe:ml_path|scan_index[9]                         ; ml_inference_scanpipe:ml_path|scan_index[9]                         ; clk          ; clk         ; 0.000        ; 0.000      ; 0.367      ;
; 0.215 ; ml_inference_scanpipe:ml_path|scan_index[10]                        ; ml_inference_scanpipe:ml_path|scan_index[10]                        ; clk          ; clk         ; 0.000        ; 0.000      ; 0.367      ;
; 0.215 ; ml_inference_scanpipe:ml_path|scan_index[11]                        ; ml_inference_scanpipe:ml_path|scan_index[11]                        ; clk          ; clk         ; 0.000        ; 0.000      ; 0.367      ;
; 0.215 ; ml_inference_scanpipe:ml_path|scan_index[12]                        ; ml_inference_scanpipe:ml_path|scan_index[12]                        ; clk          ; clk         ; 0.000        ; 0.000      ; 0.367      ;
; 0.215 ; ml_inference_scanpipe:ml_path|scan_index[13]                        ; ml_inference_scanpipe:ml_path|scan_index[13]                        ; clk          ; clk         ; 0.000        ; 0.000      ; 0.367      ;
; 0.215 ; ml_inference_scanpipe:ml_path|scan_index[14]                        ; ml_inference_scanpipe:ml_path|scan_index[14]                        ; clk          ; clk         ; 0.000        ; 0.000      ; 0.367      ;
; 0.215 ; ml_inference_scanpipe:ml_path|scan_index[15]                        ; ml_inference_scanpipe:ml_path|scan_index[15]                        ; clk          ; clk         ; 0.000        ; 0.000      ; 0.367      ;
; 0.215 ; ml_inference_scanpipe:ml_path|scan_index[16]                        ; ml_inference_scanpipe:ml_path|scan_index[16]                        ; clk          ; clk         ; 0.000        ; 0.000      ; 0.367      ;
; 0.215 ; ml_inference_scanpipe:ml_path|scan_index[17]                        ; ml_inference_scanpipe:ml_path|scan_index[17]                        ; clk          ; clk         ; 0.000        ; 0.000      ; 0.367      ;
; 0.215 ; ml_inference_scanpipe:ml_path|scan_index[18]                        ; ml_inference_scanpipe:ml_path|scan_index[18]                        ; clk          ; clk         ; 0.000        ; 0.000      ; 0.367      ;
; 0.215 ; ml_inference_scanpipe:ml_path|scan_index[19]                        ; ml_inference_scanpipe:ml_path|scan_index[19]                        ; clk          ; clk         ; 0.000        ; 0.000      ; 0.367      ;
; 0.215 ; ml_inference_scanpipe:ml_path|scan_index[20]                        ; ml_inference_scanpipe:ml_path|scan_index[20]                        ; clk          ; clk         ; 0.000        ; 0.000      ; 0.367      ;
; 0.215 ; ml_inference_scanpipe:ml_path|scan_index[21]                        ; ml_inference_scanpipe:ml_path|scan_index[21]                        ; clk          ; clk         ; 0.000        ; 0.000      ; 0.367      ;
; 0.215 ; ml_inference_scanpipe:ml_path|scan_index[22]                        ; ml_inference_scanpipe:ml_path|scan_index[22]                        ; clk          ; clk         ; 0.000        ; 0.000      ; 0.367      ;
; 0.215 ; ml_inference_scanpipe:ml_path|scan_index[23]                        ; ml_inference_scanpipe:ml_path|scan_index[23]                        ; clk          ; clk         ; 0.000        ; 0.000      ; 0.367      ;
; 0.215 ; ml_inference_scanpipe:ml_path|scan_index[24]                        ; ml_inference_scanpipe:ml_path|scan_index[24]                        ; clk          ; clk         ; 0.000        ; 0.000      ; 0.367      ;
; 0.215 ; ml_inference_scanpipe:ml_path|scan_index[25]                        ; ml_inference_scanpipe:ml_path|scan_index[25]                        ; clk          ; clk         ; 0.000        ; 0.000      ; 0.367      ;
; 0.215 ; ml_inference_scanpipe:ml_path|scan_index[26]                        ; ml_inference_scanpipe:ml_path|scan_index[26]                        ; clk          ; clk         ; 0.000        ; 0.000      ; 0.367      ;
; 0.215 ; ml_inference_scanpipe:ml_path|scan_index[27]                        ; ml_inference_scanpipe:ml_path|scan_index[27]                        ; clk          ; clk         ; 0.000        ; 0.000      ; 0.367      ;
; 0.215 ; ml_inference_scanpipe:ml_path|scan_index[28]                        ; ml_inference_scanpipe:ml_path|scan_index[28]                        ; clk          ; clk         ; 0.000        ; 0.000      ; 0.367      ;
; 0.215 ; ml_inference_scanpipe:ml_path|scan_index[29]                        ; ml_inference_scanpipe:ml_path|scan_index[29]                        ; clk          ; clk         ; 0.000        ; 0.000      ; 0.367      ;
; 0.215 ; ml_inference_scanpipe:ml_path|scan_index[30]                        ; ml_inference_scanpipe:ml_path|scan_index[30]                        ; clk          ; clk         ; 0.000        ; 0.000      ; 0.367      ;
; 0.215 ; ml_inference_scanpipe:ml_path|scan_index[31]                        ; ml_inference_scanpipe:ml_path|scan_index[31]                        ; clk          ; clk         ; 0.000        ; 0.000      ; 0.367      ;
; 0.215 ; ml_inference_scanpipe:ml_path|state.SCAN_STEP                       ; ml_inference_scanpipe:ml_path|state.SCAN_STEP                       ; clk          ; clk         ; 0.000        ; 0.000      ; 0.367      ;
; 0.215 ; ml_inference_scanpipe:ml_path|state.LOAD                            ; ml_inference_scanpipe:ml_path|state.LOAD                            ; clk          ; clk         ; 0.000        ; 0.000      ; 0.367      ;
; 0.215 ; ml_inference_scanpipe:ml_path|state.IDLE                            ; ml_inference_scanpipe:ml_path|state.IDLE                            ; clk          ; clk         ; 0.000        ; 0.000      ; 0.367      ;
; 0.215 ; ml_inference_scanpipe:ml_path|pixel_idx[1]                          ; ml_inference_scanpipe:ml_path|pixel_idx[1]                          ; clk          ; clk         ; 0.000        ; 0.000      ; 0.367      ;
; 0.215 ; ml_inference_scanpipe:ml_path|pixel_idx[7]                          ; ml_inference_scanpipe:ml_path|pixel_idx[7]                          ; clk          ; clk         ; 0.000        ; 0.000      ; 0.367      ;
; 0.215 ; ml_inference_scanpipe:ml_path|pixel_idx[6]                          ; ml_inference_scanpipe:ml_path|pixel_idx[6]                          ; clk          ; clk         ; 0.000        ; 0.000      ; 0.367      ;
; 0.215 ; ml_inference_scanpipe:ml_path|pixel_idx[0]                          ; ml_inference_scanpipe:ml_path|pixel_idx[0]                          ; clk          ; clk         ; 0.000        ; 0.000      ; 0.367      ;
; 0.215 ; ml_inference_scanpipe:ml_path|pixel_idx[2]                          ; ml_inference_scanpipe:ml_path|pixel_idx[2]                          ; clk          ; clk         ; 0.000        ; 0.000      ; 0.367      ;
; 0.215 ; ml_inference_scanpipe:ml_path|pixel_idx[3]                          ; ml_inference_scanpipe:ml_path|pixel_idx[3]                          ; clk          ; clk         ; 0.000        ; 0.000      ; 0.367      ;
; 0.215 ; ml_inference_scanpipe:ml_path|pixel_idx[5]                          ; ml_inference_scanpipe:ml_path|pixel_idx[5]                          ; clk          ; clk         ; 0.000        ; 0.000      ; 0.367      ;
; 0.215 ; ml_inference_scanpipe:ml_path|neuron[0]                             ; ml_inference_scanpipe:ml_path|neuron[0]                             ; clk          ; clk         ; 0.000        ; 0.000      ; 0.367      ;
; 0.215 ; ml_inference_scanpipe:ml_path|neuron[1]                             ; ml_inference_scanpipe:ml_path|neuron[1]                             ; clk          ; clk         ; 0.000        ; 0.000      ; 0.367      ;
; 0.215 ; ml_inference_scanpipe:ml_path|neuron[2]                             ; ml_inference_scanpipe:ml_path|neuron[2]                             ; clk          ; clk         ; 0.000        ; 0.000      ; 0.367      ;
; 0.215 ; ml_inference_scanpipe:ml_path|neuron[3]                             ; ml_inference_scanpipe:ml_path|neuron[3]                             ; clk          ; clk         ; 0.000        ; 0.000      ; 0.367      ;
; 0.215 ; ml_inference_scanpipe:ml_path|neuron[4]                             ; ml_inference_scanpipe:ml_path|neuron[4]                             ; clk          ; clk         ; 0.000        ; 0.000      ; 0.367      ;
; 0.215 ; ml_inference_scanpipe:ml_path|neuron[5]                             ; ml_inference_scanpipe:ml_path|neuron[5]                             ; clk          ; clk         ; 0.000        ; 0.000      ; 0.367      ;
; 0.215 ; ml_inference_scanpipe:ml_path|neuron[6]                             ; ml_inference_scanpipe:ml_path|neuron[6]                             ; clk          ; clk         ; 0.000        ; 0.000      ; 0.367      ;
; 0.215 ; ml_inference_scanpipe:ml_path|neuron[7]                             ; ml_inference_scanpipe:ml_path|neuron[7]                             ; clk          ; clk         ; 0.000        ; 0.000      ; 0.367      ;
; 0.215 ; ml_inference_scanpipe:ml_path|neuron[8]                             ; ml_inference_scanpipe:ml_path|neuron[8]                             ; clk          ; clk         ; 0.000        ; 0.000      ; 0.367      ;
; 0.215 ; ml_inference_scanpipe:ml_path|neuron[9]                             ; ml_inference_scanpipe:ml_path|neuron[9]                             ; clk          ; clk         ; 0.000        ; 0.000      ; 0.367      ;
; 0.215 ; ml_inference_scanpipe:ml_path|neuron[10]                            ; ml_inference_scanpipe:ml_path|neuron[10]                            ; clk          ; clk         ; 0.000        ; 0.000      ; 0.367      ;
; 0.215 ; ml_inference_scanpipe:ml_path|neuron[11]                            ; ml_inference_scanpipe:ml_path|neuron[11]                            ; clk          ; clk         ; 0.000        ; 0.000      ; 0.367      ;
; 0.215 ; ml_inference_scanpipe:ml_path|neuron[12]                            ; ml_inference_scanpipe:ml_path|neuron[12]                            ; clk          ; clk         ; 0.000        ; 0.000      ; 0.367      ;
; 0.215 ; ml_inference_scanpipe:ml_path|neuron[13]                            ; ml_inference_scanpipe:ml_path|neuron[13]                            ; clk          ; clk         ; 0.000        ; 0.000      ; 0.367      ;
; 0.215 ; ml_inference_scanpipe:ml_path|neuron[14]                            ; ml_inference_scanpipe:ml_path|neuron[14]                            ; clk          ; clk         ; 0.000        ; 0.000      ; 0.367      ;
; 0.215 ; ml_inference_scanpipe:ml_path|neuron[15]                            ; ml_inference_scanpipe:ml_path|neuron[15]                            ; clk          ; clk         ; 0.000        ; 0.000      ; 0.367      ;
; 0.215 ; ml_inference_scanpipe:ml_path|neuron[16]                            ; ml_inference_scanpipe:ml_path|neuron[16]                            ; clk          ; clk         ; 0.000        ; 0.000      ; 0.367      ;
; 0.215 ; ml_inference_scanpipe:ml_path|neuron[17]                            ; ml_inference_scanpipe:ml_path|neuron[17]                            ; clk          ; clk         ; 0.000        ; 0.000      ; 0.367      ;
; 0.215 ; ml_inference_scanpipe:ml_path|neuron[18]                            ; ml_inference_scanpipe:ml_path|neuron[18]                            ; clk          ; clk         ; 0.000        ; 0.000      ; 0.367      ;
; 0.215 ; ml_inference_scanpipe:ml_path|neuron[19]                            ; ml_inference_scanpipe:ml_path|neuron[19]                            ; clk          ; clk         ; 0.000        ; 0.000      ; 0.367      ;
; 0.215 ; ml_inference_scanpipe:ml_path|neuron[20]                            ; ml_inference_scanpipe:ml_path|neuron[20]                            ; clk          ; clk         ; 0.000        ; 0.000      ; 0.367      ;
; 0.215 ; ml_inference_scanpipe:ml_path|neuron[21]                            ; ml_inference_scanpipe:ml_path|neuron[21]                            ; clk          ; clk         ; 0.000        ; 0.000      ; 0.367      ;
; 0.215 ; ml_inference_scanpipe:ml_path|neuron[22]                            ; ml_inference_scanpipe:ml_path|neuron[22]                            ; clk          ; clk         ; 0.000        ; 0.000      ; 0.367      ;
; 0.215 ; ml_inference_scanpipe:ml_path|neuron[23]                            ; ml_inference_scanpipe:ml_path|neuron[23]                            ; clk          ; clk         ; 0.000        ; 0.000      ; 0.367      ;
; 0.215 ; ml_inference_scanpipe:ml_path|neuron[24]                            ; ml_inference_scanpipe:ml_path|neuron[24]                            ; clk          ; clk         ; 0.000        ; 0.000      ; 0.367      ;
; 0.215 ; ml_inference_scanpipe:ml_path|neuron[25]                            ; ml_inference_scanpipe:ml_path|neuron[25]                            ; clk          ; clk         ; 0.000        ; 0.000      ; 0.367      ;
; 0.215 ; ml_inference_scanpipe:ml_path|neuron[26]                            ; ml_inference_scanpipe:ml_path|neuron[26]                            ; clk          ; clk         ; 0.000        ; 0.000      ; 0.367      ;
; 0.215 ; ml_inference_scanpipe:ml_path|neuron[27]                            ; ml_inference_scanpipe:ml_path|neuron[27]                            ; clk          ; clk         ; 0.000        ; 0.000      ; 0.367      ;
; 0.215 ; ml_inference_scanpipe:ml_path|neuron[28]                            ; ml_inference_scanpipe:ml_path|neuron[28]                            ; clk          ; clk         ; 0.000        ; 0.000      ; 0.367      ;
; 0.215 ; ml_inference_scanpipe:ml_path|neuron[29]                            ; ml_inference_scanpipe:ml_path|neuron[29]                            ; clk          ; clk         ; 0.000        ; 0.000      ; 0.367      ;
; 0.215 ; ml_inference_scanpipe:ml_path|neuron[30]                            ; ml_inference_scanpipe:ml_path|neuron[30]                            ; clk          ; clk         ; 0.000        ; 0.000      ; 0.367      ;
; 0.215 ; ml_inference_scanpipe:ml_path|neuron[31]                            ; ml_inference_scanpipe:ml_path|neuron[31]                            ; clk          ; clk         ; 0.000        ; 0.000      ; 0.367      ;
; 0.215 ; touch_capture_top:touch_path|xpt2046_reader:reader|state.S_SPI      ; touch_capture_top:touch_path|xpt2046_reader:reader|state.S_SPI      ; clk          ; clk         ; 0.000        ; 0.000      ; 0.367      ;
; 0.215 ; touch_capture_top:touch_path|xpt2046_reader:reader|divider[0]       ; touch_capture_top:touch_path|xpt2046_reader:reader|divider[0]       ; clk          ; clk         ; 0.000        ; 0.000      ; 0.367      ;
; 0.215 ; touch_capture_top:touch_path|xpt2046_reader:reader|divider[1]       ; touch_capture_top:touch_path|xpt2046_reader:reader|divider[1]       ; clk          ; clk         ; 0.000        ; 0.000      ; 0.367      ;
; 0.215 ; touch_capture_top:touch_path|xpt2046_reader:reader|divider[2]       ; touch_capture_top:touch_path|xpt2046_reader:reader|divider[2]       ; clk          ; clk         ; 0.000        ; 0.000      ; 0.367      ;
; 0.215 ; touch_capture_top:touch_path|xpt2046_reader:reader|divider[3]       ; touch_capture_top:touch_path|xpt2046_reader:reader|divider[3]       ; clk          ; clk         ; 0.000        ; 0.000      ; 0.367      ;
; 0.215 ; touch_capture_top:touch_path|xpt2046_reader:reader|divider[4]       ; touch_capture_top:touch_path|xpt2046_reader:reader|divider[4]       ; clk          ; clk         ; 0.000        ; 0.000      ; 0.367      ;
; 0.215 ; touch_capture_top:touch_path|xpt2046_reader:reader|divider[5]       ; touch_capture_top:touch_path|xpt2046_reader:reader|divider[5]       ; clk          ; clk         ; 0.000        ; 0.000      ; 0.367      ;
; 0.215 ; touch_capture_top:touch_path|xpt2046_reader:reader|divider[6]       ; touch_capture_top:touch_path|xpt2046_reader:reader|divider[6]       ; clk          ; clk         ; 0.000        ; 0.000      ; 0.367      ;
; 0.215 ; touch_capture_top:touch_path|xpt2046_reader:reader|divider[7]       ; touch_capture_top:touch_path|xpt2046_reader:reader|divider[7]       ; clk          ; clk         ; 0.000        ; 0.000      ; 0.367      ;
; 0.215 ; touch_capture_top:touch_path|xpt2046_reader:reader|divider[8]       ; touch_capture_top:touch_path|xpt2046_reader:reader|divider[8]       ; clk          ; clk         ; 0.000        ; 0.000      ; 0.367      ;
; 0.215 ; touch_capture_top:touch_path|xpt2046_reader:reader|divider[9]       ; touch_capture_top:touch_path|xpt2046_reader:reader|divider[9]       ; clk          ; clk         ; 0.000        ; 0.000      ; 0.367      ;
; 0.215 ; touch_capture_top:touch_path|xpt2046_reader:reader|divider[10]      ; touch_capture_top:touch_path|xpt2046_reader:reader|divider[10]      ; clk          ; clk         ; 0.000        ; 0.000      ; 0.367      ;
; 0.215 ; touch_capture_top:touch_path|xpt2046_reader:reader|divider[11]      ; touch_capture_top:touch_path|xpt2046_reader:reader|divider[11]      ; clk          ; clk         ; 0.000        ; 0.000      ; 0.367      ;
; 0.215 ; touch_capture_top:touch_path|xpt2046_reader:reader|divider[12]      ; touch_capture_top:touch_path|xpt2046_reader:reader|divider[12]      ; clk          ; clk         ; 0.000        ; 0.000      ; 0.367      ;
; 0.215 ; touch_capture_top:touch_path|xpt2046_reader:reader|divider[13]      ; touch_capture_top:touch_path|xpt2046_reader:reader|divider[13]      ; clk          ; clk         ; 0.000        ; 0.000      ; 0.367      ;
; 0.215 ; touch_capture_top:touch_path|xpt2046_reader:reader|divider[14]      ; touch_capture_top:touch_path|xpt2046_reader:reader|divider[14]      ; clk          ; clk         ; 0.000        ; 0.000      ; 0.367      ;
; 0.215 ; touch_capture_top:touch_path|xpt2046_reader:reader|divider[15]      ; touch_capture_top:touch_path|xpt2046_reader:reader|divider[15]      ; clk          ; clk         ; 0.000        ; 0.000      ; 0.367      ;
; 0.215 ; touch_capture_top:touch_path|xpt2046_reader:reader|touch_sclk       ; touch_capture_top:touch_path|xpt2046_reader:reader|touch_sclk       ; clk          ; clk         ; 0.000        ; 0.000      ; 0.367      ;
; 0.215 ; touch_capture_top:touch_path|xpt2046_reader:reader|bit_index[0]     ; touch_capture_top:touch_path|xpt2046_reader:reader|bit_index[0]     ; clk          ; clk         ; 0.000        ; 0.000      ; 0.367      ;
; 0.215 ; touch_capture_top:touch_path|xpt2046_reader:reader|bit_index[1]     ; touch_capture_top:touch_path|xpt2046_reader:reader|bit_index[1]     ; clk          ; clk         ; 0.000        ; 0.000      ; 0.367      ;
; 0.215 ; touch_capture_top:touch_path|xpt2046_reader:reader|bit_index[2]     ; touch_capture_top:touch_path|xpt2046_reader:reader|bit_index[2]     ; clk          ; clk         ; 0.000        ; 0.000      ; 0.367      ;
; 0.215 ; touch_capture_top:touch_path|xpt2046_reader:reader|bit_index[3]     ; touch_capture_top:touch_path|xpt2046_reader:reader|bit_index[3]     ; clk          ; clk         ; 0.000        ; 0.000      ; 0.367      ;
; 0.215 ; touch_capture_top:touch_path|xpt2046_reader:reader|bit_index[4]     ; touch_capture_top:touch_path|xpt2046_reader:reader|bit_index[4]     ; clk          ; clk         ; 0.000        ; 0.000      ; 0.367      ;
; 0.215 ; touch_capture_top:touch_path|xpt2046_reader:reader|state.S_GAP      ; touch_capture_top:touch_path|xpt2046_reader:reader|state.S_GAP      ; clk          ; clk         ; 0.000        ; 0.000      ; 0.367      ;
; 0.215 ; touch_capture_top:touch_path|xpt2046_reader:reader|state.S_IDLE     ; touch_capture_top:touch_path|xpt2046_reader:reader|state.S_IDLE     ; clk          ; clk         ; 0.000        ; 0.000      ; 0.367      ;
; 0.215 ; touch_capture_top:touch_path|xpt2046_reader:reader|axis_y           ; touch_capture_top:touch_path|xpt2046_reader:reader|axis_y           ; clk          ; clk         ; 0.000        ; 0.000      ; 0.367      ;
; 0.215 ; touch_capture_top:touch_path|touch_frame_adapter:frame|frame[35][0] ; touch_capture_top:touch_path|touch_frame_adapter:frame|frame[35][0] ; clk          ; clk         ; 0.000        ; 0.000      ; 0.367      ;
+-------+---------------------------------------------------------------------+---------------------------------------------------------------------+--------------+-------------+--------------+------------+------------+


+-------------------------------------------------------------------------------------------------------------------------------------------------------------------------------------------------------+
; Fast Model Minimum Pulse Width: 'clk'                                                                                                                                                                 ;
+--------+--------------+----------------+------------------+-------+------------+----------------------------------------------------------------------------------------------------------------------+
; Slack  ; Actual Width ; Required Width ; Type             ; Clock ; Clock Edge ; Target                                                                                                               ;
+--------+--------------+----------------+------------------+-------+------------+----------------------------------------------------------------------------------------------------------------------+
; 97.873 ; 100.000      ; 2.127          ; High Pulse Width ; clk   ; Rise       ; ml_inference_scanpipe:ml_path|altsyncram:hidden_rtl_0|altsyncram_sng1:auto_generated|ram_block1a0~porta_address_reg0 ;
; 97.873 ; 100.000      ; 2.127          ; Low Pulse Width  ; clk   ; Rise       ; ml_inference_scanpipe:ml_path|altsyncram:hidden_rtl_0|altsyncram_sng1:auto_generated|ram_block1a0~porta_address_reg0 ;
; 97.873 ; 100.000      ; 2.127          ; High Pulse Width ; clk   ; Rise       ; ml_inference_scanpipe:ml_path|altsyncram:hidden_rtl_0|altsyncram_sng1:auto_generated|ram_block1a0~porta_address_reg1 ;
; 97.873 ; 100.000      ; 2.127          ; Low Pulse Width  ; clk   ; Rise       ; ml_inference_scanpipe:ml_path|altsyncram:hidden_rtl_0|altsyncram_sng1:auto_generated|ram_block1a0~porta_address_reg1 ;
; 97.873 ; 100.000      ; 2.127          ; High Pulse Width ; clk   ; Rise       ; ml_inference_scanpipe:ml_path|altsyncram:hidden_rtl_0|altsyncram_sng1:auto_generated|ram_block1a0~porta_address_reg2 ;
; 97.873 ; 100.000      ; 2.127          ; Low Pulse Width  ; clk   ; Rise       ; ml_inference_scanpipe:ml_path|altsyncram:hidden_rtl_0|altsyncram_sng1:auto_generated|ram_block1a0~porta_address_reg2 ;
; 97.873 ; 100.000      ; 2.127          ; High Pulse Width ; clk   ; Rise       ; ml_inference_scanpipe:ml_path|altsyncram:hidden_rtl_0|altsyncram_sng1:auto_generated|ram_block1a0~porta_address_reg3 ;
; 97.873 ; 100.000      ; 2.127          ; Low Pulse Width  ; clk   ; Rise       ; ml_inference_scanpipe:ml_path|altsyncram:hidden_rtl_0|altsyncram_sng1:auto_generated|ram_block1a0~porta_address_reg3 ;
; 97.873 ; 100.000      ; 2.127          ; High Pulse Width ; clk   ; Rise       ; ml_inference_scanpipe:ml_path|altsyncram:hidden_rtl_0|altsyncram_sng1:auto_generated|ram_block1a0~porta_address_reg4 ;
; 97.873 ; 100.000      ; 2.127          ; Low Pulse Width  ; clk   ; Rise       ; ml_inference_scanpipe:ml_path|altsyncram:hidden_rtl_0|altsyncram_sng1:auto_generated|ram_block1a0~porta_address_reg4 ;
; 97.873 ; 100.000      ; 2.127          ; High Pulse Width ; clk   ; Rise       ; ml_inference_scanpipe:ml_path|altsyncram:hidden_rtl_0|altsyncram_sng1:auto_generated|ram_block1a0~porta_datain_reg0  ;
; 97.873 ; 100.000      ; 2.127          ; Low Pulse Width  ; clk   ; Rise       ; ml_inference_scanpipe:ml_path|altsyncram:hidden_rtl_0|altsyncram_sng1:auto_generated|ram_block1a0~porta_datain_reg0  ;
; 97.873 ; 100.000      ; 2.127          ; High Pulse Width ; clk   ; Rise       ; ml_inference_scanpipe:ml_path|altsyncram:hidden_rtl_0|altsyncram_sng1:auto_generated|ram_block1a0~porta_datain_reg1  ;
; 97.873 ; 100.000      ; 2.127          ; Low Pulse Width  ; clk   ; Rise       ; ml_inference_scanpipe:ml_path|altsyncram:hidden_rtl_0|altsyncram_sng1:auto_generated|ram_block1a0~porta_datain_reg1  ;
; 97.873 ; 100.000      ; 2.127          ; High Pulse Width ; clk   ; Rise       ; ml_inference_scanpipe:ml_path|altsyncram:hidden_rtl_0|altsyncram_sng1:auto_generated|ram_block1a0~porta_datain_reg10 ;
; 97.873 ; 100.000      ; 2.127          ; Low Pulse Width  ; clk   ; Rise       ; ml_inference_scanpipe:ml_path|altsyncram:hidden_rtl_0|altsyncram_sng1:auto_generated|ram_block1a0~porta_datain_reg10 ;
; 97.873 ; 100.000      ; 2.127          ; High Pulse Width ; clk   ; Rise       ; ml_inference_scanpipe:ml_path|altsyncram:hidden_rtl_0|altsyncram_sng1:auto_generated|ram_block1a0~porta_datain_reg11 ;
; 97.873 ; 100.000      ; 2.127          ; Low Pulse Width  ; clk   ; Rise       ; ml_inference_scanpipe:ml_path|altsyncram:hidden_rtl_0|altsyncram_sng1:auto_generated|ram_block1a0~porta_datain_reg11 ;
; 97.873 ; 100.000      ; 2.127          ; High Pulse Width ; clk   ; Rise       ; ml_inference_scanpipe:ml_path|altsyncram:hidden_rtl_0|altsyncram_sng1:auto_generated|ram_block1a0~porta_datain_reg12 ;
; 97.873 ; 100.000      ; 2.127          ; Low Pulse Width  ; clk   ; Rise       ; ml_inference_scanpipe:ml_path|altsyncram:hidden_rtl_0|altsyncram_sng1:auto_generated|ram_block1a0~porta_datain_reg12 ;
; 97.873 ; 100.000      ; 2.127          ; High Pulse Width ; clk   ; Rise       ; ml_inference_scanpipe:ml_path|altsyncram:hidden_rtl_0|altsyncram_sng1:auto_generated|ram_block1a0~porta_datain_reg13 ;
; 97.873 ; 100.000      ; 2.127          ; Low Pulse Width  ; clk   ; Rise       ; ml_inference_scanpipe:ml_path|altsyncram:hidden_rtl_0|altsyncram_sng1:auto_generated|ram_block1a0~porta_datain_reg13 ;
; 97.873 ; 100.000      ; 2.127          ; High Pulse Width ; clk   ; Rise       ; ml_inference_scanpipe:ml_path|altsyncram:hidden_rtl_0|altsyncram_sng1:auto_generated|ram_block1a0~porta_datain_reg14 ;
; 97.873 ; 100.000      ; 2.127          ; Low Pulse Width  ; clk   ; Rise       ; ml_inference_scanpipe:ml_path|altsyncram:hidden_rtl_0|altsyncram_sng1:auto_generated|ram_block1a0~porta_datain_reg14 ;
; 97.873 ; 100.000      ; 2.127          ; High Pulse Width ; clk   ; Rise       ; ml_inference_scanpipe:ml_path|altsyncram:hidden_rtl_0|altsyncram_sng1:auto_generated|ram_block1a0~porta_datain_reg15 ;
; 97.873 ; 100.000      ; 2.127          ; Low Pulse Width  ; clk   ; Rise       ; ml_inference_scanpipe:ml_path|altsyncram:hidden_rtl_0|altsyncram_sng1:auto_generated|ram_block1a0~porta_datain_reg15 ;
; 97.873 ; 100.000      ; 2.127          ; High Pulse Width ; clk   ; Rise       ; ml_inference_scanpipe:ml_path|altsyncram:hidden_rtl_0|altsyncram_sng1:auto_generated|ram_block1a0~porta_datain_reg16 ;
; 97.873 ; 100.000      ; 2.127          ; Low Pulse Width  ; clk   ; Rise       ; ml_inference_scanpipe:ml_path|altsyncram:hidden_rtl_0|altsyncram_sng1:auto_generated|ram_block1a0~porta_datain_reg16 ;
; 97.873 ; 100.000      ; 2.127          ; High Pulse Width ; clk   ; Rise       ; ml_inference_scanpipe:ml_path|altsyncram:hidden_rtl_0|altsyncram_sng1:auto_generated|ram_block1a0~porta_datain_reg17 ;
; 97.873 ; 100.000      ; 2.127          ; Low Pulse Width  ; clk   ; Rise       ; ml_inference_scanpipe:ml_path|altsyncram:hidden_rtl_0|altsyncram_sng1:auto_generated|ram_block1a0~porta_datain_reg17 ;
; 97.873 ; 100.000      ; 2.127          ; High Pulse Width ; clk   ; Rise       ; ml_inference_scanpipe:ml_path|altsyncram:hidden_rtl_0|altsyncram_sng1:auto_generated|ram_block1a0~porta_datain_reg18 ;
; 97.873 ; 100.000      ; 2.127          ; Low Pulse Width  ; clk   ; Rise       ; ml_inference_scanpipe:ml_path|altsyncram:hidden_rtl_0|altsyncram_sng1:auto_generated|ram_block1a0~porta_datain_reg18 ;
; 97.873 ; 100.000      ; 2.127          ; High Pulse Width ; clk   ; Rise       ; ml_inference_scanpipe:ml_path|altsyncram:hidden_rtl_0|altsyncram_sng1:auto_generated|ram_block1a0~porta_datain_reg19 ;
; 97.873 ; 100.000      ; 2.127          ; Low Pulse Width  ; clk   ; Rise       ; ml_inference_scanpipe:ml_path|altsyncram:hidden_rtl_0|altsyncram_sng1:auto_generated|ram_block1a0~porta_datain_reg19 ;
; 97.873 ; 100.000      ; 2.127          ; High Pulse Width ; clk   ; Rise       ; ml_inference_scanpipe:ml_path|altsyncram:hidden_rtl_0|altsyncram_sng1:auto_generated|ram_block1a0~porta_datain_reg2  ;
; 97.873 ; 100.000      ; 2.127          ; Low Pulse Width  ; clk   ; Rise       ; ml_inference_scanpipe:ml_path|altsyncram:hidden_rtl_0|altsyncram_sng1:auto_generated|ram_block1a0~porta_datain_reg2  ;
; 97.873 ; 100.000      ; 2.127          ; High Pulse Width ; clk   ; Rise       ; ml_inference_scanpipe:ml_path|altsyncram:hidden_rtl_0|altsyncram_sng1:auto_generated|ram_block1a0~porta_datain_reg20 ;
; 97.873 ; 100.000      ; 2.127          ; Low Pulse Width  ; clk   ; Rise       ; ml_inference_scanpipe:ml_path|altsyncram:hidden_rtl_0|altsyncram_sng1:auto_generated|ram_block1a0~porta_datain_reg20 ;
; 97.873 ; 100.000      ; 2.127          ; High Pulse Width ; clk   ; Rise       ; ml_inference_scanpipe:ml_path|altsyncram:hidden_rtl_0|altsyncram_sng1:auto_generated|ram_block1a0~porta_datain_reg21 ;
; 97.873 ; 100.000      ; 2.127          ; Low Pulse Width  ; clk   ; Rise       ; ml_inference_scanpipe:ml_path|altsyncram:hidden_rtl_0|altsyncram_sng1:auto_generated|ram_block1a0~porta_datain_reg21 ;
; 97.873 ; 100.000      ; 2.127          ; High Pulse Width ; clk   ; Rise       ; ml_inference_scanpipe:ml_path|altsyncram:hidden_rtl_0|altsyncram_sng1:auto_generated|ram_block1a0~porta_datain_reg22 ;
; 97.873 ; 100.000      ; 2.127          ; Low Pulse Width  ; clk   ; Rise       ; ml_inference_scanpipe:ml_path|altsyncram:hidden_rtl_0|altsyncram_sng1:auto_generated|ram_block1a0~porta_datain_reg22 ;
; 97.873 ; 100.000      ; 2.127          ; High Pulse Width ; clk   ; Rise       ; ml_inference_scanpipe:ml_path|altsyncram:hidden_rtl_0|altsyncram_sng1:auto_generated|ram_block1a0~porta_datain_reg23 ;
; 97.873 ; 100.000      ; 2.127          ; Low Pulse Width  ; clk   ; Rise       ; ml_inference_scanpipe:ml_path|altsyncram:hidden_rtl_0|altsyncram_sng1:auto_generated|ram_block1a0~porta_datain_reg23 ;
; 97.873 ; 100.000      ; 2.127          ; High Pulse Width ; clk   ; Rise       ; ml_inference_scanpipe:ml_path|altsyncram:hidden_rtl_0|altsyncram_sng1:auto_generated|ram_block1a0~porta_datain_reg24 ;
; 97.873 ; 100.000      ; 2.127          ; Low Pulse Width  ; clk   ; Rise       ; ml_inference_scanpipe:ml_path|altsyncram:hidden_rtl_0|altsyncram_sng1:auto_generated|ram_block1a0~porta_datain_reg24 ;
; 97.873 ; 100.000      ; 2.127          ; High Pulse Width ; clk   ; Rise       ; ml_inference_scanpipe:ml_path|altsyncram:hidden_rtl_0|altsyncram_sng1:auto_generated|ram_block1a0~porta_datain_reg25 ;
; 97.873 ; 100.000      ; 2.127          ; Low Pulse Width  ; clk   ; Rise       ; ml_inference_scanpipe:ml_path|altsyncram:hidden_rtl_0|altsyncram_sng1:auto_generated|ram_block1a0~porta_datain_reg25 ;
; 97.873 ; 100.000      ; 2.127          ; High Pulse Width ; clk   ; Rise       ; ml_inference_scanpipe:ml_path|altsyncram:hidden_rtl_0|altsyncram_sng1:auto_generated|ram_block1a0~porta_datain_reg26 ;
; 97.873 ; 100.000      ; 2.127          ; Low Pulse Width  ; clk   ; Rise       ; ml_inference_scanpipe:ml_path|altsyncram:hidden_rtl_0|altsyncram_sng1:auto_generated|ram_block1a0~porta_datain_reg26 ;
; 97.873 ; 100.000      ; 2.127          ; High Pulse Width ; clk   ; Rise       ; ml_inference_scanpipe:ml_path|altsyncram:hidden_rtl_0|altsyncram_sng1:auto_generated|ram_block1a0~porta_datain_reg27 ;
; 97.873 ; 100.000      ; 2.127          ; Low Pulse Width  ; clk   ; Rise       ; ml_inference_scanpipe:ml_path|altsyncram:hidden_rtl_0|altsyncram_sng1:auto_generated|ram_block1a0~porta_datain_reg27 ;
; 97.873 ; 100.000      ; 2.127          ; High Pulse Width ; clk   ; Rise       ; ml_inference_scanpipe:ml_path|altsyncram:hidden_rtl_0|altsyncram_sng1:auto_generated|ram_block1a0~porta_datain_reg28 ;
; 97.873 ; 100.000      ; 2.127          ; Low Pulse Width  ; clk   ; Rise       ; ml_inference_scanpipe:ml_path|altsyncram:hidden_rtl_0|altsyncram_sng1:auto_generated|ram_block1a0~porta_datain_reg28 ;
; 97.873 ; 100.000      ; 2.127          ; High Pulse Width ; clk   ; Rise       ; ml_inference_scanpipe:ml_path|altsyncram:hidden_rtl_0|altsyncram_sng1:auto_generated|ram_block1a0~porta_datain_reg29 ;
; 97.873 ; 100.000      ; 2.127          ; Low Pulse Width  ; clk   ; Rise       ; ml_inference_scanpipe:ml_path|altsyncram:hidden_rtl_0|altsyncram_sng1:auto_generated|ram_block1a0~porta_datain_reg29 ;
; 97.873 ; 100.000      ; 2.127          ; High Pulse Width ; clk   ; Rise       ; ml_inference_scanpipe:ml_path|altsyncram:hidden_rtl_0|altsyncram_sng1:auto_generated|ram_block1a0~porta_datain_reg3  ;
; 97.873 ; 100.000      ; 2.127          ; Low Pulse Width  ; clk   ; Rise       ; ml_inference_scanpipe:ml_path|altsyncram:hidden_rtl_0|altsyncram_sng1:auto_generated|ram_block1a0~porta_datain_reg3  ;
; 97.873 ; 100.000      ; 2.127          ; High Pulse Width ; clk   ; Rise       ; ml_inference_scanpipe:ml_path|altsyncram:hidden_rtl_0|altsyncram_sng1:auto_generated|ram_block1a0~porta_datain_reg30 ;
; 97.873 ; 100.000      ; 2.127          ; Low Pulse Width  ; clk   ; Rise       ; ml_inference_scanpipe:ml_path|altsyncram:hidden_rtl_0|altsyncram_sng1:auto_generated|ram_block1a0~porta_datain_reg30 ;
; 97.873 ; 100.000      ; 2.127          ; High Pulse Width ; clk   ; Rise       ; ml_inference_scanpipe:ml_path|altsyncram:hidden_rtl_0|altsyncram_sng1:auto_generated|ram_block1a0~porta_datain_reg31 ;
; 97.873 ; 100.000      ; 2.127          ; Low Pulse Width  ; clk   ; Rise       ; ml_inference_scanpipe:ml_path|altsyncram:hidden_rtl_0|altsyncram_sng1:auto_generated|ram_block1a0~porta_datain_reg31 ;
; 97.873 ; 100.000      ; 2.127          ; High Pulse Width ; clk   ; Rise       ; ml_inference_scanpipe:ml_path|altsyncram:hidden_rtl_0|altsyncram_sng1:auto_generated|ram_block1a0~porta_datain_reg4  ;
; 97.873 ; 100.000      ; 2.127          ; Low Pulse Width  ; clk   ; Rise       ; ml_inference_scanpipe:ml_path|altsyncram:hidden_rtl_0|altsyncram_sng1:auto_generated|ram_block1a0~porta_datain_reg4  ;
; 97.873 ; 100.000      ; 2.127          ; High Pulse Width ; clk   ; Rise       ; ml_inference_scanpipe:ml_path|altsyncram:hidden_rtl_0|altsyncram_sng1:auto_generated|ram_block1a0~porta_datain_reg5  ;
; 97.873 ; 100.000      ; 2.127          ; Low Pulse Width  ; clk   ; Rise       ; ml_inference_scanpipe:ml_path|altsyncram:hidden_rtl_0|altsyncram_sng1:auto_generated|ram_block1a0~porta_datain_reg5  ;
; 97.873 ; 100.000      ; 2.127          ; High Pulse Width ; clk   ; Rise       ; ml_inference_scanpipe:ml_path|altsyncram:hidden_rtl_0|altsyncram_sng1:auto_generated|ram_block1a0~porta_datain_reg6  ;
; 97.873 ; 100.000      ; 2.127          ; Low Pulse Width  ; clk   ; Rise       ; ml_inference_scanpipe:ml_path|altsyncram:hidden_rtl_0|altsyncram_sng1:auto_generated|ram_block1a0~porta_datain_reg6  ;
; 97.873 ; 100.000      ; 2.127          ; High Pulse Width ; clk   ; Rise       ; ml_inference_scanpipe:ml_path|altsyncram:hidden_rtl_0|altsyncram_sng1:auto_generated|ram_block1a0~porta_datain_reg7  ;
; 97.873 ; 100.000      ; 2.127          ; Low Pulse Width  ; clk   ; Rise       ; ml_inference_scanpipe:ml_path|altsyncram:hidden_rtl_0|altsyncram_sng1:auto_generated|ram_block1a0~porta_datain_reg7  ;
; 97.873 ; 100.000      ; 2.127          ; High Pulse Width ; clk   ; Rise       ; ml_inference_scanpipe:ml_path|altsyncram:hidden_rtl_0|altsyncram_sng1:auto_generated|ram_block1a0~porta_datain_reg8  ;
; 97.873 ; 100.000      ; 2.127          ; Low Pulse Width  ; clk   ; Rise       ; ml_inference_scanpipe:ml_path|altsyncram:hidden_rtl_0|altsyncram_sng1:auto_generated|ram_block1a0~porta_datain_reg8  ;
; 97.873 ; 100.000      ; 2.127          ; High Pulse Width ; clk   ; Rise       ; ml_inference_scanpipe:ml_path|altsyncram:hidden_rtl_0|altsyncram_sng1:auto_generated|ram_block1a0~porta_datain_reg9  ;
; 97.873 ; 100.000      ; 2.127          ; Low Pulse Width  ; clk   ; Rise       ; ml_inference_scanpipe:ml_path|altsyncram:hidden_rtl_0|altsyncram_sng1:auto_generated|ram_block1a0~porta_datain_reg9  ;
; 97.873 ; 100.000      ; 2.127          ; High Pulse Width ; clk   ; Rise       ; ml_inference_scanpipe:ml_path|altsyncram:hidden_rtl_0|altsyncram_sng1:auto_generated|ram_block1a0~porta_memory_reg0  ;
; 97.873 ; 100.000      ; 2.127          ; Low Pulse Width  ; clk   ; Rise       ; ml_inference_scanpipe:ml_path|altsyncram:hidden_rtl_0|altsyncram_sng1:auto_generated|ram_block1a0~porta_memory_reg0  ;
; 97.873 ; 100.000      ; 2.127          ; High Pulse Width ; clk   ; Rise       ; ml_inference_scanpipe:ml_path|altsyncram:hidden_rtl_0|altsyncram_sng1:auto_generated|ram_block1a0~porta_we_reg       ;
; 97.873 ; 100.000      ; 2.127          ; Low Pulse Width  ; clk   ; Rise       ; ml_inference_scanpipe:ml_path|altsyncram:hidden_rtl_0|altsyncram_sng1:auto_generated|ram_block1a0~porta_we_reg       ;
; 97.873 ; 100.000      ; 2.127          ; High Pulse Width ; clk   ; Rise       ; ml_inference_scanpipe:ml_path|altsyncram:hidden_rtl_0|altsyncram_sng1:auto_generated|ram_block1a0~portb_address_reg0 ;
; 97.873 ; 100.000      ; 2.127          ; Low Pulse Width  ; clk   ; Rise       ; ml_inference_scanpipe:ml_path|altsyncram:hidden_rtl_0|altsyncram_sng1:auto_generated|ram_block1a0~portb_address_reg0 ;
; 97.873 ; 100.000      ; 2.127          ; High Pulse Width ; clk   ; Rise       ; ml_inference_scanpipe:ml_path|altsyncram:hidden_rtl_0|altsyncram_sng1:auto_generated|ram_block1a0~portb_address_reg1 ;
; 97.873 ; 100.000      ; 2.127          ; Low Pulse Width  ; clk   ; Rise       ; ml_inference_scanpipe:ml_path|altsyncram:hidden_rtl_0|altsyncram_sng1:auto_generated|ram_block1a0~portb_address_reg1 ;
; 97.873 ; 100.000      ; 2.127          ; High Pulse Width ; clk   ; Rise       ; ml_inference_scanpipe:ml_path|altsyncram:hidden_rtl_0|altsyncram_sng1:auto_generated|ram_block1a0~portb_address_reg2 ;
; 97.873 ; 100.000      ; 2.127          ; Low Pulse Width  ; clk   ; Rise       ; ml_inference_scanpipe:ml_path|altsyncram:hidden_rtl_0|altsyncram_sng1:auto_generated|ram_block1a0~portb_address_reg2 ;
; 97.873 ; 100.000      ; 2.127          ; High Pulse Width ; clk   ; Rise       ; ml_inference_scanpipe:ml_path|altsyncram:hidden_rtl_0|altsyncram_sng1:auto_generated|ram_block1a0~portb_address_reg3 ;
; 97.873 ; 100.000      ; 2.127          ; Low Pulse Width  ; clk   ; Rise       ; ml_inference_scanpipe:ml_path|altsyncram:hidden_rtl_0|altsyncram_sng1:auto_generated|ram_block1a0~portb_address_reg3 ;
; 97.873 ; 100.000      ; 2.127          ; High Pulse Width ; clk   ; Rise       ; ml_inference_scanpipe:ml_path|altsyncram:hidden_rtl_0|altsyncram_sng1:auto_generated|ram_block1a0~portb_address_reg4 ;
; 97.873 ; 100.000      ; 2.127          ; Low Pulse Width  ; clk   ; Rise       ; ml_inference_scanpipe:ml_path|altsyncram:hidden_rtl_0|altsyncram_sng1:auto_generated|ram_block1a0~portb_address_reg4 ;
; 97.873 ; 100.000      ; 2.127          ; High Pulse Width ; clk   ; Rise       ; ml_inference_scanpipe:ml_path|altsyncram:hidden_rtl_0|altsyncram_sng1:auto_generated|ram_block1a10~porta_memory_reg0 ;
; 97.873 ; 100.000      ; 2.127          ; Low Pulse Width  ; clk   ; Rise       ; ml_inference_scanpipe:ml_path|altsyncram:hidden_rtl_0|altsyncram_sng1:auto_generated|ram_block1a10~porta_memory_reg0 ;
; 97.873 ; 100.000      ; 2.127          ; High Pulse Width ; clk   ; Rise       ; ml_inference_scanpipe:ml_path|altsyncram:hidden_rtl_0|altsyncram_sng1:auto_generated|ram_block1a11~porta_memory_reg0 ;
; 97.873 ; 100.000      ; 2.127          ; Low Pulse Width  ; clk   ; Rise       ; ml_inference_scanpipe:ml_path|altsyncram:hidden_rtl_0|altsyncram_sng1:auto_generated|ram_block1a11~porta_memory_reg0 ;
; 97.873 ; 100.000      ; 2.127          ; High Pulse Width ; clk   ; Rise       ; ml_inference_scanpipe:ml_path|altsyncram:hidden_rtl_0|altsyncram_sng1:auto_generated|ram_block1a12~porta_memory_reg0 ;
; 97.873 ; 100.000      ; 2.127          ; Low Pulse Width  ; clk   ; Rise       ; ml_inference_scanpipe:ml_path|altsyncram:hidden_rtl_0|altsyncram_sng1:auto_generated|ram_block1a12~porta_memory_reg0 ;
; 97.873 ; 100.000      ; 2.127          ; High Pulse Width ; clk   ; Rise       ; ml_inference_scanpipe:ml_path|altsyncram:hidden_rtl_0|altsyncram_sng1:auto_generated|ram_block1a13~porta_memory_reg0 ;
; 97.873 ; 100.000      ; 2.127          ; Low Pulse Width  ; clk   ; Rise       ; ml_inference_scanpipe:ml_path|altsyncram:hidden_rtl_0|altsyncram_sng1:auto_generated|ram_block1a13~porta_memory_reg0 ;
; 97.873 ; 100.000      ; 2.127          ; High Pulse Width ; clk   ; Rise       ; ml_inference_scanpipe:ml_path|altsyncram:hidden_rtl_0|altsyncram_sng1:auto_generated|ram_block1a14~porta_memory_reg0 ;
; 97.873 ; 100.000      ; 2.127          ; Low Pulse Width  ; clk   ; Rise       ; ml_inference_scanpipe:ml_path|altsyncram:hidden_rtl_0|altsyncram_sng1:auto_generated|ram_block1a14~porta_memory_reg0 ;
; 97.873 ; 100.000      ; 2.127          ; High Pulse Width ; clk   ; Rise       ; ml_inference_scanpipe:ml_path|altsyncram:hidden_rtl_0|altsyncram_sng1:auto_generated|ram_block1a15~porta_memory_reg0 ;
; 97.873 ; 100.000      ; 2.127          ; Low Pulse Width  ; clk   ; Rise       ; ml_inference_scanpipe:ml_path|altsyncram:hidden_rtl_0|altsyncram_sng1:auto_generated|ram_block1a15~porta_memory_reg0 ;
+--------+--------------+----------------+------------------+-------+------------+----------------------------------------------------------------------------------------------------------------------+


+----------------------------------------------------------------------------+
; Setup Times                                                                ;
+--------------+------------+--------+--------+------------+-----------------+
; Data Port    ; Clock Port ; Rise   ; Fall   ; Clock Edge ; Clock Reference ;
+--------------+------------+--------+--------+------------+-----------------+
; clear_frame  ; clk        ; 3.787  ; 3.787  ; Rise       ; clk             ;
; reset_n      ; clk        ; 1.492  ; 1.492  ; Rise       ; clk             ;
; start_stream ; clk        ; 0.935  ; 0.935  ; Rise       ; clk             ;
; touch_irq_n  ; clk        ; 1.470  ; 1.470  ; Rise       ; clk             ;
; touch_miso   ; clk        ; -0.112 ; -0.112 ; Rise       ; clk             ;
+--------------+------------+--------+--------+------------+-----------------+


+----------------------------------------------------------------------------+
; Hold Times                                                                 ;
+--------------+------------+--------+--------+------------+-----------------+
; Data Port    ; Clock Port ; Rise   ; Fall   ; Clock Edge ; Clock Reference ;
+--------------+------------+--------+--------+------------+-----------------+
; clear_frame  ; clk        ; 0.181  ; 0.181  ; Rise       ; clk             ;
; reset_n      ; clk        ; 0.367  ; 0.367  ; Rise       ; clk             ;
; start_stream ; clk        ; -0.094 ; -0.094 ; Rise       ; clk             ;
; touch_irq_n  ; clk        ; -0.156 ; -0.156 ; Rise       ; clk             ;
; touch_miso   ; clk        ; 0.232  ; 0.232  ; Rise       ; clk             ;
+--------------+------------+--------+--------+------------+-----------------+


+-----------------------------------------------------------------------------------+
; Clock to Output Times                                                             ;
+-----------------------+------------+-------+-------+------------+-----------------+
; Data Port             ; Clock Port ; Rise  ; Fall  ; Clock Edge ; Clock Reference ;
+-----------------------+------------+-------+-------+------------+-----------------+
; ml_busy               ; clk        ; 3.807 ; 3.807 ; Rise       ; clk             ;
; result_accepted       ; clk        ; 3.467 ; 3.467 ; Rise       ; clk             ;
; result_confidence[*]  ; clk        ; 3.931 ; 3.931 ; Rise       ; clk             ;
;  result_confidence[0] ; clk        ; 3.796 ; 3.796 ; Rise       ; clk             ;
;  result_confidence[1] ; clk        ; 3.571 ; 3.571 ; Rise       ; clk             ;
;  result_confidence[2] ; clk        ; 3.674 ; 3.674 ; Rise       ; clk             ;
;  result_confidence[3] ; clk        ; 3.803 ; 3.803 ; Rise       ; clk             ;
;  result_confidence[4] ; clk        ; 3.825 ; 3.825 ; Rise       ; clk             ;
;  result_confidence[5] ; clk        ; 3.794 ; 3.794 ; Rise       ; clk             ;
;  result_confidence[6] ; clk        ; 3.931 ; 3.931 ; Rise       ; clk             ;
;  result_confidence[7] ; clk        ; 3.676 ; 3.676 ; Rise       ; clk             ;
; result_cycles[*]      ; clk        ; 4.160 ; 4.160 ; Rise       ; clk             ;
;  result_cycles[0]     ; clk        ; 3.688 ; 3.688 ; Rise       ; clk             ;
;  result_cycles[1]     ; clk        ; 3.887 ; 3.887 ; Rise       ; clk             ;
;  result_cycles[2]     ; clk        ; 3.795 ; 3.795 ; Rise       ; clk             ;
;  result_cycles[3]     ; clk        ; 3.535 ; 3.535 ; Rise       ; clk             ;
;  result_cycles[4]     ; clk        ; 3.887 ; 3.887 ; Rise       ; clk             ;
;  result_cycles[5]     ; clk        ; 3.789 ; 3.789 ; Rise       ; clk             ;
;  result_cycles[6]     ; clk        ; 3.658 ; 3.658 ; Rise       ; clk             ;
;  result_cycles[7]     ; clk        ; 3.663 ; 3.663 ; Rise       ; clk             ;
;  result_cycles[8]     ; clk        ; 3.468 ; 3.468 ; Rise       ; clk             ;
;  result_cycles[9]     ; clk        ; 3.453 ; 3.453 ; Rise       ; clk             ;
;  result_cycles[10]    ; clk        ; 3.847 ; 3.847 ; Rise       ; clk             ;
;  result_cycles[11]    ; clk        ; 3.851 ; 3.851 ; Rise       ; clk             ;
;  result_cycles[12]    ; clk        ; 3.583 ; 3.583 ; Rise       ; clk             ;
;  result_cycles[13]    ; clk        ; 3.738 ; 3.738 ; Rise       ; clk             ;
;  result_cycles[14]    ; clk        ; 3.905 ; 3.905 ; Rise       ; clk             ;
;  result_cycles[15]    ; clk        ; 3.537 ; 3.537 ; Rise       ; clk             ;
;  result_cycles[16]    ; clk        ; 3.445 ; 3.445 ; Rise       ; clk             ;
;  result_cycles[17]    ; clk        ; 3.678 ; 3.678 ; Rise       ; clk             ;
;  result_cycles[18]    ; clk        ; 3.565 ; 3.565 ; Rise       ; clk             ;
;  result_cycles[19]    ; clk        ; 3.617 ; 3.617 ; Rise       ; clk             ;
;  result_cycles[20]    ; clk        ; 3.889 ; 3.889 ; Rise       ; clk             ;
;  result_cycles[21]    ; clk        ; 3.659 ; 3.659 ; Rise       ; clk             ;
;  result_cycles[22]    ; clk        ; 3.678 ; 3.678 ; Rise       ; clk             ;
;  result_cycles[23]    ; clk        ; 3.464 ; 3.464 ; Rise       ; clk             ;
;  result_cycles[24]    ; clk        ; 3.762 ; 3.762 ; Rise       ; clk             ;
;  result_cycles[25]    ; clk        ; 3.541 ; 3.541 ; Rise       ; clk             ;
;  result_cycles[26]    ; clk        ; 3.785 ; 3.785 ; Rise       ; clk             ;
;  result_cycles[27]    ; clk        ; 3.582 ; 3.582 ; Rise       ; clk             ;
;  result_cycles[28]    ; clk        ; 3.666 ; 3.666 ; Rise       ; clk             ;
;  result_cycles[29]    ; clk        ; 4.160 ; 4.160 ; Rise       ; clk             ;
;  result_cycles[30]    ; clk        ; 3.462 ; 3.462 ; Rise       ; clk             ;
;  result_cycles[31]    ; clk        ; 3.451 ; 3.451 ; Rise       ; clk             ;
; result_digit[*]       ; clk        ; 3.882 ; 3.882 ; Rise       ; clk             ;
;  result_digit[0]      ; clk        ; 3.796 ; 3.796 ; Rise       ; clk             ;
;  result_digit[1]      ; clk        ; 3.823 ; 3.823 ; Rise       ; clk             ;
;  result_digit[2]      ; clk        ; 3.882 ; 3.882 ; Rise       ; clk             ;
;  result_digit[3]      ; clk        ; 3.829 ; 3.829 ; Rise       ; clk             ;
; result_margin[*]      ; clk        ; 3.600 ; 3.600 ; Rise       ; clk             ;
;  result_margin[0]     ; clk        ; 3.417 ; 3.417 ; Rise       ; clk             ;
;  result_margin[1]     ; clk        ; 3.310 ; 3.310 ; Rise       ; clk             ;
;  result_margin[2]     ; clk        ; 3.336 ; 3.336 ; Rise       ; clk             ;
;  result_margin[3]     ; clk        ; 3.356 ; 3.356 ; Rise       ; clk             ;
;  result_margin[4]     ; clk        ; 3.600 ; 3.600 ; Rise       ; clk             ;
;  result_margin[5]     ; clk        ; 3.485 ; 3.485 ; Rise       ; clk             ;
;  result_margin[6]     ; clk        ; 3.476 ; 3.476 ; Rise       ; clk             ;
;  result_margin[7]     ; clk        ; 3.486 ; 3.486 ; Rise       ; clk             ;
;  result_margin[8]     ; clk        ; 3.457 ; 3.457 ; Rise       ; clk             ;
;  result_margin[9]     ; clk        ; 3.410 ; 3.410 ; Rise       ; clk             ;
;  result_margin[10]    ; clk        ; 3.373 ; 3.373 ; Rise       ; clk             ;
;  result_margin[11]    ; clk        ; 3.418 ; 3.418 ; Rise       ; clk             ;
;  result_margin[12]    ; clk        ; 3.508 ; 3.508 ; Rise       ; clk             ;
;  result_margin[13]    ; clk        ; 3.381 ; 3.381 ; Rise       ; clk             ;
;  result_margin[14]    ; clk        ; 3.359 ; 3.359 ; Rise       ; clk             ;
;  result_margin[15]    ; clk        ; 3.599 ; 3.599 ; Rise       ; clk             ;
; result_valid          ; clk        ; 3.559 ; 3.559 ; Rise       ; clk             ;
; touch_cs_n            ; clk        ; 3.480 ; 3.480 ; Rise       ; clk             ;
; touch_mosi            ; clk        ; 3.328 ; 3.328 ; Rise       ; clk             ;
; touch_sclk            ; clk        ; 3.353 ; 3.353 ; Rise       ; clk             ;
+-----------------------+------------+-------+-------+------------+-----------------+


+-----------------------------------------------------------------------------------+
; Minimum Clock to Output Times                                                     ;
+-----------------------+------------+-------+-------+------------+-----------------+
; Data Port             ; Clock Port ; Rise  ; Fall  ; Clock Edge ; Clock Reference ;
+-----------------------+------------+-------+-------+------------+-----------------+
; ml_busy               ; clk        ; 3.807 ; 3.807 ; Rise       ; clk             ;
; result_accepted       ; clk        ; 3.467 ; 3.467 ; Rise       ; clk             ;
; result_confidence[*]  ; clk        ; 3.571 ; 3.571 ; Rise       ; clk             ;
;  result_confidence[0] ; clk        ; 3.796 ; 3.796 ; Rise       ; clk             ;
;  result_confidence[1] ; clk        ; 3.571 ; 3.571 ; Rise       ; clk             ;
;  result_confidence[2] ; clk        ; 3.674 ; 3.674 ; Rise       ; clk             ;
;  result_confidence[3] ; clk        ; 3.803 ; 3.803 ; Rise       ; clk             ;
;  result_confidence[4] ; clk        ; 3.825 ; 3.825 ; Rise       ; clk             ;
;  result_confidence[5] ; clk        ; 3.794 ; 3.794 ; Rise       ; clk             ;
;  result_confidence[6] ; clk        ; 3.931 ; 3.931 ; Rise       ; clk             ;
;  result_confidence[7] ; clk        ; 3.676 ; 3.676 ; Rise       ; clk             ;
; result_cycles[*]      ; clk        ; 3.445 ; 3.445 ; Rise       ; clk             ;
;  result_cycles[0]     ; clk        ; 3.688 ; 3.688 ; Rise       ; clk             ;
;  result_cycles[1]     ; clk        ; 3.887 ; 3.887 ; Rise       ; clk             ;
;  result_cycles[2]     ; clk        ; 3.795 ; 3.795 ; Rise       ; clk             ;
;  result_cycles[3]     ; clk        ; 3.535 ; 3.535 ; Rise       ; clk             ;
;  result_cycles[4]     ; clk        ; 3.887 ; 3.887 ; Rise       ; clk             ;
;  result_cycles[5]     ; clk        ; 3.789 ; 3.789 ; Rise       ; clk             ;
;  result_cycles[6]     ; clk        ; 3.658 ; 3.658 ; Rise       ; clk             ;
;  result_cycles[7]     ; clk        ; 3.663 ; 3.663 ; Rise       ; clk             ;
;  result_cycles[8]     ; clk        ; 3.468 ; 3.468 ; Rise       ; clk             ;
;  result_cycles[9]     ; clk        ; 3.453 ; 3.453 ; Rise       ; clk             ;
;  result_cycles[10]    ; clk        ; 3.847 ; 3.847 ; Rise       ; clk             ;
;  result_cycles[11]    ; clk        ; 3.851 ; 3.851 ; Rise       ; clk             ;
;  result_cycles[12]    ; clk        ; 3.583 ; 3.583 ; Rise       ; clk             ;
;  result_cycles[13]    ; clk        ; 3.738 ; 3.738 ; Rise       ; clk             ;
;  result_cycles[14]    ; clk        ; 3.905 ; 3.905 ; Rise       ; clk             ;
;  result_cycles[15]    ; clk        ; 3.537 ; 3.537 ; Rise       ; clk             ;
;  result_cycles[16]    ; clk        ; 3.445 ; 3.445 ; Rise       ; clk             ;
;  result_cycles[17]    ; clk        ; 3.678 ; 3.678 ; Rise       ; clk             ;
;  result_cycles[18]    ; clk        ; 3.565 ; 3.565 ; Rise       ; clk             ;
;  result_cycles[19]    ; clk        ; 3.617 ; 3.617 ; Rise       ; clk             ;
;  result_cycles[20]    ; clk        ; 3.889 ; 3.889 ; Rise       ; clk             ;
;  result_cycles[21]    ; clk        ; 3.659 ; 3.659 ; Rise       ; clk             ;
;  result_cycles[22]    ; clk        ; 3.678 ; 3.678 ; Rise       ; clk             ;
;  result_cycles[23]    ; clk        ; 3.464 ; 3.464 ; Rise       ; clk             ;
;  result_cycles[24]    ; clk        ; 3.762 ; 3.762 ; Rise       ; clk             ;
;  result_cycles[25]    ; clk        ; 3.541 ; 3.541 ; Rise       ; clk             ;
;  result_cycles[26]    ; clk        ; 3.785 ; 3.785 ; Rise       ; clk             ;
;  result_cycles[27]    ; clk        ; 3.582 ; 3.582 ; Rise       ; clk             ;
;  result_cycles[28]    ; clk        ; 3.666 ; 3.666 ; Rise       ; clk             ;
;  result_cycles[29]    ; clk        ; 4.160 ; 4.160 ; Rise       ; clk             ;
;  result_cycles[30]    ; clk        ; 3.462 ; 3.462 ; Rise       ; clk             ;
;  result_cycles[31]    ; clk        ; 3.451 ; 3.451 ; Rise       ; clk             ;
; result_digit[*]       ; clk        ; 3.796 ; 3.796 ; Rise       ; clk             ;
;  result_digit[0]      ; clk        ; 3.796 ; 3.796 ; Rise       ; clk             ;
;  result_digit[1]      ; clk        ; 3.823 ; 3.823 ; Rise       ; clk             ;
;  result_digit[2]      ; clk        ; 3.882 ; 3.882 ; Rise       ; clk             ;
;  result_digit[3]      ; clk        ; 3.829 ; 3.829 ; Rise       ; clk             ;
; result_margin[*]      ; clk        ; 3.310 ; 3.310 ; Rise       ; clk             ;
;  result_margin[0]     ; clk        ; 3.417 ; 3.417 ; Rise       ; clk             ;
;  result_margin[1]     ; clk        ; 3.310 ; 3.310 ; Rise       ; clk             ;
;  result_margin[2]     ; clk        ; 3.336 ; 3.336 ; Rise       ; clk             ;
;  result_margin[3]     ; clk        ; 3.356 ; 3.356 ; Rise       ; clk             ;
;  result_margin[4]     ; clk        ; 3.600 ; 3.600 ; Rise       ; clk             ;
;  result_margin[5]     ; clk        ; 3.485 ; 3.485 ; Rise       ; clk             ;
;  result_margin[6]     ; clk        ; 3.476 ; 3.476 ; Rise       ; clk             ;
;  result_margin[7]     ; clk        ; 3.486 ; 3.486 ; Rise       ; clk             ;
;  result_margin[8]     ; clk        ; 3.457 ; 3.457 ; Rise       ; clk             ;
;  result_margin[9]     ; clk        ; 3.410 ; 3.410 ; Rise       ; clk             ;
;  result_margin[10]    ; clk        ; 3.373 ; 3.373 ; Rise       ; clk             ;
;  result_margin[11]    ; clk        ; 3.418 ; 3.418 ; Rise       ; clk             ;
;  result_margin[12]    ; clk        ; 3.508 ; 3.508 ; Rise       ; clk             ;
;  result_margin[13]    ; clk        ; 3.381 ; 3.381 ; Rise       ; clk             ;
;  result_margin[14]    ; clk        ; 3.359 ; 3.359 ; Rise       ; clk             ;
;  result_margin[15]    ; clk        ; 3.599 ; 3.599 ; Rise       ; clk             ;
; result_valid          ; clk        ; 3.559 ; 3.559 ; Rise       ; clk             ;
; touch_cs_n            ; clk        ; 3.480 ; 3.480 ; Rise       ; clk             ;
; touch_mosi            ; clk        ; 3.328 ; 3.328 ; Rise       ; clk             ;
; touch_sclk            ; clk        ; 3.353 ; 3.353 ; Rise       ; clk             ;
+-----------------------+------------+-------+-------+------------+-----------------+


+-------------------------------------------------------------------------------+
; Multicorner Timing Analysis Summary                                           ;
+------------------+---------+-------+----------+---------+---------------------+
; Clock            ; Setup   ; Hold  ; Recovery ; Removal ; Minimum Pulse Width ;
+------------------+---------+-------+----------+---------+---------------------+
; Worst-case Slack ; 172.323 ; 0.215 ; N/A      ; N/A     ; 96.933              ;
;  clk             ; 172.323 ; 0.215 ; N/A      ; N/A     ; 96.933              ;
; Design-wide TNS  ; 0.0     ; 0.0   ; 0.0      ; 0.0     ; 0.0                 ;
;  clk             ; 0.000   ; 0.000 ; N/A      ; N/A     ; 0.000               ;
+------------------+---------+-------+----------+---------+---------------------+


+----------------------------------------------------------------------------+
; Setup Times                                                                ;
+--------------+------------+--------+--------+------------+-----------------+
; Data Port    ; Clock Port ; Rise   ; Fall   ; Clock Edge ; Clock Reference ;
+--------------+------------+--------+--------+------------+-----------------+
; clear_frame  ; clk        ; 12.327 ; 12.327 ; Rise       ; clk             ;
; reset_n      ; clk        ; 5.285  ; 5.285  ; Rise       ; clk             ;
; start_stream ; clk        ; 3.594  ; 3.594  ; Rise       ; clk             ;
; touch_irq_n  ; clk        ; 5.565  ; 5.565  ; Rise       ; clk             ;
; touch_miso   ; clk        ; 0.630  ; 0.630  ; Rise       ; clk             ;
+--------------+------------+--------+--------+------------+-----------------+


+----------------------------------------------------------------------------+
; Hold Times                                                                 ;
+--------------+------------+--------+--------+------------+-----------------+
; Data Port    ; Clock Port ; Rise   ; Fall   ; Clock Edge ; Clock Reference ;
+--------------+------------+--------+--------+------------+-----------------+
; clear_frame  ; clk        ; 0.181  ; 0.181  ; Rise       ; clk             ;
; reset_n      ; clk        ; 0.367  ; 0.367  ; Rise       ; clk             ;
; start_stream ; clk        ; -0.094 ; -0.094 ; Rise       ; clk             ;
; touch_irq_n  ; clk        ; -0.156 ; -0.156 ; Rise       ; clk             ;
; touch_miso   ; clk        ; 0.232  ; 0.232  ; Rise       ; clk             ;
+--------------+------------+--------+--------+------------+-----------------+


+-----------------------------------------------------------------------------------+
; Clock to Output Times                                                             ;
+-----------------------+------------+-------+-------+------------+-----------------+
; Data Port             ; Clock Port ; Rise  ; Fall  ; Clock Edge ; Clock Reference ;
+-----------------------+------------+-------+-------+------------+-----------------+
; ml_busy               ; clk        ; 8.395 ; 8.395 ; Rise       ; clk             ;
; result_accepted       ; clk        ; 7.285 ; 7.285 ; Rise       ; clk             ;
; result_confidence[*]  ; clk        ; 8.647 ; 8.647 ; Rise       ; clk             ;
;  result_confidence[0] ; clk        ; 8.197 ; 8.197 ; Rise       ; clk             ;
;  result_confidence[1] ; clk        ; 7.637 ; 7.637 ; Rise       ; clk             ;
;  result_confidence[2] ; clk        ; 7.985 ; 7.985 ; Rise       ; clk             ;
;  result_confidence[3] ; clk        ; 8.201 ; 8.201 ; Rise       ; clk             ;
;  result_confidence[4] ; clk        ; 8.292 ; 8.292 ; Rise       ; clk             ;
;  result_confidence[5] ; clk        ; 8.377 ; 8.377 ; Rise       ; clk             ;
;  result_confidence[6] ; clk        ; 8.647 ; 8.647 ; Rise       ; clk             ;
;  result_confidence[7] ; clk        ; 7.985 ; 7.985 ; Rise       ; clk             ;
; result_cycles[*]      ; clk        ; 9.336 ; 9.336 ; Rise       ; clk             ;
;  result_cycles[0]     ; clk        ; 8.043 ; 8.043 ; Rise       ; clk             ;
;  result_cycles[1]     ; clk        ; 8.704 ; 8.704 ; Rise       ; clk             ;
;  result_cycles[2]     ; clk        ; 8.611 ; 8.611 ; Rise       ; clk             ;
;  result_cycles[3]     ; clk        ; 7.583 ; 7.583 ; Rise       ; clk             ;
;  result_cycles[4]     ; clk        ; 8.698 ; 8.698 ; Rise       ; clk             ;
;  result_cycles[5]     ; clk        ; 8.358 ; 8.358 ; Rise       ; clk             ;
;  result_cycles[6]     ; clk        ; 7.783 ; 7.783 ; Rise       ; clk             ;
;  result_cycles[7]     ; clk        ; 7.967 ; 7.967 ; Rise       ; clk             ;
;  result_cycles[8]     ; clk        ; 7.542 ; 7.542 ; Rise       ; clk             ;
;  result_cycles[9]     ; clk        ; 7.506 ; 7.506 ; Rise       ; clk             ;
;  result_cycles[10]    ; clk        ; 8.456 ; 8.456 ; Rise       ; clk             ;
;  result_cycles[11]    ; clk        ; 8.719 ; 8.719 ; Rise       ; clk             ;
;  result_cycles[12]    ; clk        ; 7.914 ; 7.914 ; Rise       ; clk             ;
;  result_cycles[13]    ; clk        ; 8.093 ; 8.093 ; Rise       ; clk             ;
;  result_cycles[14]    ; clk        ; 8.723 ; 8.723 ; Rise       ; clk             ;
;  result_cycles[15]    ; clk        ; 7.584 ; 7.584 ; Rise       ; clk             ;
;  result_cycles[16]    ; clk        ; 7.244 ; 7.244 ; Rise       ; clk             ;
;  result_cycles[17]    ; clk        ; 7.997 ; 7.997 ; Rise       ; clk             ;
;  result_cycles[18]    ; clk        ; 7.635 ; 7.635 ; Rise       ; clk             ;
;  result_cycles[19]    ; clk        ; 7.965 ; 7.965 ; Rise       ; clk             ;
;  result_cycles[20]    ; clk        ; 8.703 ; 8.703 ; Rise       ; clk             ;
;  result_cycles[21]    ; clk        ; 7.960 ; 7.960 ; Rise       ; clk             ;
;  result_cycles[22]    ; clk        ; 7.990 ; 7.990 ; Rise       ; clk             ;
;  result_cycles[23]    ; clk        ; 7.275 ; 7.275 ; Rise       ; clk             ;
;  result_cycles[24]    ; clk        ; 8.242 ; 8.242 ; Rise       ; clk             ;
;  result_cycles[25]    ; clk        ; 7.586 ; 7.586 ; Rise       ; clk             ;
;  result_cycles[26]    ; clk        ; 8.591 ; 8.591 ; Rise       ; clk             ;
;  result_cycles[27]    ; clk        ; 7.910 ; 7.910 ; Rise       ; clk             ;
;  result_cycles[28]    ; clk        ; 8.005 ; 8.005 ; Rise       ; clk             ;
;  result_cycles[29]    ; clk        ; 9.336 ; 9.336 ; Rise       ; clk             ;
;  result_cycles[30]    ; clk        ; 7.271 ; 7.271 ; Rise       ; clk             ;
;  result_cycles[31]    ; clk        ; 7.500 ; 7.500 ; Rise       ; clk             ;
; result_digit[*]       ; clk        ; 8.501 ; 8.501 ; Rise       ; clk             ;
;  result_digit[0]      ; clk        ; 8.367 ; 8.367 ; Rise       ; clk             ;
;  result_digit[1]      ; clk        ; 8.394 ; 8.394 ; Rise       ; clk             ;
;  result_digit[2]      ; clk        ; 8.501 ; 8.501 ; Rise       ; clk             ;
;  result_digit[3]      ; clk        ; 8.412 ; 8.412 ; Rise       ; clk             ;
; result_margin[*]      ; clk        ; 7.683 ; 7.683 ; Rise       ; clk             ;
;  result_margin[0]     ; clk        ; 7.257 ; 7.257 ; Rise       ; clk             ;
;  result_margin[1]     ; clk        ; 7.082 ; 7.082 ; Rise       ; clk             ;
;  result_margin[2]     ; clk        ; 7.129 ; 7.129 ; Rise       ; clk             ;
;  result_margin[3]     ; clk        ; 7.181 ; 7.181 ; Rise       ; clk             ;
;  result_margin[4]     ; clk        ; 7.683 ; 7.683 ; Rise       ; clk             ;
;  result_margin[5]     ; clk        ; 7.303 ; 7.303 ; Rise       ; clk             ;
;  result_margin[6]     ; clk        ; 7.294 ; 7.294 ; Rise       ; clk             ;
;  result_margin[7]     ; clk        ; 7.304 ; 7.304 ; Rise       ; clk             ;
;  result_margin[8]     ; clk        ; 7.510 ; 7.510 ; Rise       ; clk             ;
;  result_margin[9]     ; clk        ; 7.252 ; 7.252 ; Rise       ; clk             ;
;  result_margin[10]    ; clk        ; 7.201 ; 7.201 ; Rise       ; clk             ;
;  result_margin[11]    ; clk        ; 7.270 ; 7.270 ; Rise       ; clk             ;
;  result_margin[12]    ; clk        ; 7.336 ; 7.336 ; Rise       ; clk             ;
;  result_margin[13]    ; clk        ; 7.226 ; 7.226 ; Rise       ; clk             ;
;  result_margin[14]    ; clk        ; 7.185 ; 7.185 ; Rise       ; clk             ;
;  result_margin[15]    ; clk        ; 7.682 ; 7.682 ; Rise       ; clk             ;
; result_valid          ; clk        ; 7.634 ; 7.634 ; Rise       ; clk             ;
; touch_cs_n            ; clk        ; 7.301 ; 7.301 ; Rise       ; clk             ;
; touch_mosi            ; clk        ; 7.103 ; 7.103 ; Rise       ; clk             ;
; touch_sclk            ; clk        ; 7.165 ; 7.165 ; Rise       ; clk             ;
+-----------------------+------------+-------+-------+------------+-----------------+


+-----------------------------------------------------------------------------------+
; Minimum Clock to Output Times                                                     ;
+-----------------------+------------+-------+-------+------------+-----------------+
; Data Port             ; Clock Port ; Rise  ; Fall  ; Clock Edge ; Clock Reference ;
+-----------------------+------------+-------+-------+------------+-----------------+
; ml_busy               ; clk        ; 3.807 ; 3.807 ; Rise       ; clk             ;
; result_accepted       ; clk        ; 3.467 ; 3.467 ; Rise       ; clk             ;
; result_confidence[*]  ; clk        ; 3.571 ; 3.571 ; Rise       ; clk             ;
;  result_confidence[0] ; clk        ; 3.796 ; 3.796 ; Rise       ; clk             ;
;  result_confidence[1] ; clk        ; 3.571 ; 3.571 ; Rise       ; clk             ;
;  result_confidence[2] ; clk        ; 3.674 ; 3.674 ; Rise       ; clk             ;
;  result_confidence[3] ; clk        ; 3.803 ; 3.803 ; Rise       ; clk             ;
;  result_confidence[4] ; clk        ; 3.825 ; 3.825 ; Rise       ; clk             ;
;  result_confidence[5] ; clk        ; 3.794 ; 3.794 ; Rise       ; clk             ;
;  result_confidence[6] ; clk        ; 3.931 ; 3.931 ; Rise       ; clk             ;
;  result_confidence[7] ; clk        ; 3.676 ; 3.676 ; Rise       ; clk             ;
; result_cycles[*]      ; clk        ; 3.445 ; 3.445 ; Rise       ; clk             ;
;  result_cycles[0]     ; clk        ; 3.688 ; 3.688 ; Rise       ; clk             ;
;  result_cycles[1]     ; clk        ; 3.887 ; 3.887 ; Rise       ; clk             ;
;  result_cycles[2]     ; clk        ; 3.795 ; 3.795 ; Rise       ; clk             ;
;  result_cycles[3]     ; clk        ; 3.535 ; 3.535 ; Rise       ; clk             ;
;  result_cycles[4]     ; clk        ; 3.887 ; 3.887 ; Rise       ; clk             ;
;  result_cycles[5]     ; clk        ; 3.789 ; 3.789 ; Rise       ; clk             ;
;  result_cycles[6]     ; clk        ; 3.658 ; 3.658 ; Rise       ; clk             ;
;  result_cycles[7]     ; clk        ; 3.663 ; 3.663 ; Rise       ; clk             ;
;  result_cycles[8]     ; clk        ; 3.468 ; 3.468 ; Rise       ; clk             ;
;  result_cycles[9]     ; clk        ; 3.453 ; 3.453 ; Rise       ; clk             ;
;  result_cycles[10]    ; clk        ; 3.847 ; 3.847 ; Rise       ; clk             ;
;  result_cycles[11]    ; clk        ; 3.851 ; 3.851 ; Rise       ; clk             ;
;  result_cycles[12]    ; clk        ; 3.583 ; 3.583 ; Rise       ; clk             ;
;  result_cycles[13]    ; clk        ; 3.738 ; 3.738 ; Rise       ; clk             ;
;  result_cycles[14]    ; clk        ; 3.905 ; 3.905 ; Rise       ; clk             ;
;  result_cycles[15]    ; clk        ; 3.537 ; 3.537 ; Rise       ; clk             ;
;  result_cycles[16]    ; clk        ; 3.445 ; 3.445 ; Rise       ; clk             ;
;  result_cycles[17]    ; clk        ; 3.678 ; 3.678 ; Rise       ; clk             ;
;  result_cycles[18]    ; clk        ; 3.565 ; 3.565 ; Rise       ; clk             ;
;  result_cycles[19]    ; clk        ; 3.617 ; 3.617 ; Rise       ; clk             ;
;  result_cycles[20]    ; clk        ; 3.889 ; 3.889 ; Rise       ; clk             ;
;  result_cycles[21]    ; clk        ; 3.659 ; 3.659 ; Rise       ; clk             ;
;  result_cycles[22]    ; clk        ; 3.678 ; 3.678 ; Rise       ; clk             ;
;  result_cycles[23]    ; clk        ; 3.464 ; 3.464 ; Rise       ; clk             ;
;  result_cycles[24]    ; clk        ; 3.762 ; 3.762 ; Rise       ; clk             ;
;  result_cycles[25]    ; clk        ; 3.541 ; 3.541 ; Rise       ; clk             ;
;  result_cycles[26]    ; clk        ; 3.785 ; 3.785 ; Rise       ; clk             ;
;  result_cycles[27]    ; clk        ; 3.582 ; 3.582 ; Rise       ; clk             ;
;  result_cycles[28]    ; clk        ; 3.666 ; 3.666 ; Rise       ; clk             ;
;  result_cycles[29]    ; clk        ; 4.160 ; 4.160 ; Rise       ; clk             ;
;  result_cycles[30]    ; clk        ; 3.462 ; 3.462 ; Rise       ; clk             ;
;  result_cycles[31]    ; clk        ; 3.451 ; 3.451 ; Rise       ; clk             ;
; result_digit[*]       ; clk        ; 3.796 ; 3.796 ; Rise       ; clk             ;
;  result_digit[0]      ; clk        ; 3.796 ; 3.796 ; Rise       ; clk             ;
;  result_digit[1]      ; clk        ; 3.823 ; 3.823 ; Rise       ; clk             ;
;  result_digit[2]      ; clk        ; 3.882 ; 3.882 ; Rise       ; clk             ;
;  result_digit[3]      ; clk        ; 3.829 ; 3.829 ; Rise       ; clk             ;
; result_margin[*]      ; clk        ; 3.310 ; 3.310 ; Rise       ; clk             ;
;  result_margin[0]     ; clk        ; 3.417 ; 3.417 ; Rise       ; clk             ;
;  result_margin[1]     ; clk        ; 3.310 ; 3.310 ; Rise       ; clk             ;
;  result_margin[2]     ; clk        ; 3.336 ; 3.336 ; Rise       ; clk             ;
;  result_margin[3]     ; clk        ; 3.356 ; 3.356 ; Rise       ; clk             ;
;  result_margin[4]     ; clk        ; 3.600 ; 3.600 ; Rise       ; clk             ;
;  result_margin[5]     ; clk        ; 3.485 ; 3.485 ; Rise       ; clk             ;
;  result_margin[6]     ; clk        ; 3.476 ; 3.476 ; Rise       ; clk             ;
;  result_margin[7]     ; clk        ; 3.486 ; 3.486 ; Rise       ; clk             ;
;  result_margin[8]     ; clk        ; 3.457 ; 3.457 ; Rise       ; clk             ;
;  result_margin[9]     ; clk        ; 3.410 ; 3.410 ; Rise       ; clk             ;
;  result_margin[10]    ; clk        ; 3.373 ; 3.373 ; Rise       ; clk             ;
;  result_margin[11]    ; clk        ; 3.418 ; 3.418 ; Rise       ; clk             ;
;  result_margin[12]    ; clk        ; 3.508 ; 3.508 ; Rise       ; clk             ;
;  result_margin[13]    ; clk        ; 3.381 ; 3.381 ; Rise       ; clk             ;
;  result_margin[14]    ; clk        ; 3.359 ; 3.359 ; Rise       ; clk             ;
;  result_margin[15]    ; clk        ; 3.599 ; 3.599 ; Rise       ; clk             ;
; result_valid          ; clk        ; 3.559 ; 3.559 ; Rise       ; clk             ;
; touch_cs_n            ; clk        ; 3.480 ; 3.480 ; Rise       ; clk             ;
; touch_mosi            ; clk        ; 3.328 ; 3.328 ; Rise       ; clk             ;
; touch_sclk            ; clk        ; 3.353 ; 3.353 ; Rise       ; clk             ;
+-----------------------+------------+-------+-------+------------+-----------------+


+-------------------------------------------------------------------+
; Setup Transfers                                                   ;
+------------+----------+----------+----------+----------+----------+
; From Clock ; To Clock ; RR Paths ; FR Paths ; RF Paths ; FF Paths ;
+------------+----------+----------+----------+----------+----------+
; clk        ; clk      ; 42612652 ; 0        ; 0        ; 0        ;
+------------+----------+----------+----------+----------+----------+
Entries labeled "false path" only account for clock-to-clock false paths and not path-based false paths. As a result, actual path counts may be lower than reported.


+-------------------------------------------------------------------+
; Hold Transfers                                                    ;
+------------+----------+----------+----------+----------+----------+
; From Clock ; To Clock ; RR Paths ; FR Paths ; RF Paths ; FF Paths ;
+------------+----------+----------+----------+----------+----------+
; clk        ; clk      ; 42612652 ; 0        ; 0        ; 0        ;
+------------+----------+----------+----------+----------+----------+
Entries labeled "false path" only account for clock-to-clock false paths and not path-based false paths. As a result, actual path counts may be lower than reported.


---------------
; Report TCCS ;
---------------
No dedicated SERDES Transmitter circuitry present in device or used in design


---------------
; Report RSKM ;
---------------
No dedicated SERDES Receiver circuitry present in device or used in design


+------------------------------------------------+
; Unconstrained Paths                            ;
+---------------------------------+-------+------+
; Property                        ; Setup ; Hold ;
+---------------------------------+-------+------+
; Illegal Clocks                  ; 0     ; 0    ;
; Unconstrained Clocks            ; 0     ; 0    ;
; Unconstrained Input Ports       ; 5     ; 5    ;
; Unconstrained Input Port Paths  ; 1239  ; 1239 ;
; Unconstrained Output Ports      ; 66    ; 66   ;
; Unconstrained Output Port Paths ; 66    ; 66   ;
+---------------------------------+-------+------+


+------------------------------------+
; TimeQuest Timing Analyzer Messages ;
+------------------------------------+
Info: *******************************************************************
Info: Running Quartus II 64-Bit TimeQuest Timing Analyzer
    Info: Version 13.0.1 Build 232 06/12/2013 Service Pack 1 SJ Web Edition
    Info: Processing started: Sat Oct 03 21:34:39 2026
Info: Command: quartus_sta touch_ml_scanpipe_top -c touch_ml_scanpipe_top
Info: qsta_default_script.tcl version: #1
Info (20030): Parallel compilation is enabled and will use 6 of the 6 processors detected
Info (332104): Reading SDC File: 'touch_ml_scanpipe_top.sdc'
Info: Found TIMEQUEST_REPORT_SCRIPT_INCLUDE_DEFAULT_ANALYSIS = ON
Info: Analyzing Slow Model
Info (332146): Worst-case setup slack is 172.323
    Info (332119):     Slack End Point TNS Clock 
    Info (332119): ========= ============= =====================
    Info (332119):   172.323         0.000 clk 
Info (332146): Worst-case hold slack is 0.499
    Info (332119):     Slack End Point TNS Clock 
    Info (332119): ========= ============= =====================
    Info (332119):     0.499         0.000 clk 
Info (332140): No Recovery paths to report
Info (332140): No Removal paths to report
Info (332146): Worst-case minimum pulse width slack is 96.933
    Info (332119):     Slack End Point TNS Clock 
    Info (332119): ========= ============= =====================
    Info (332119):    96.933         0.000 clk 
Info (332001): The selected device family is not supported by the report_metastability command.
Info: Analyzing Fast Model
Info (332146): Worst-case setup slack is 191.439
    Info (332119):     Slack End Point TNS Clock 
    Info (332119): ========= ============= =====================
    Info (332119):   191.439         0.000 clk 
Info (332146): Worst-case hold slack is 0.215
    Info (332119):     Slack End Point TNS Clock 
    Info (332119): ========= ============= =====================
    Info (332119):     0.215         0.000 clk 
Info (332140): No Recovery paths to report
Info (332140): No Removal paths to report
Info (332146): Worst-case minimum pulse width slack is 97.873
    Info (332119):     Slack End Point TNS Clock 
    Info (332119): ========= ============= =====================
    Info (332119):    97.873         0.000 clk 
Info (332001): The selected device family is not supported by the report_metastability command.
Info (332102): Design is not fully constrained for setup requirements
Info (332102): Design is not fully constrained for hold requirements
Info: Quartus II 64-Bit TimeQuest Timing Analyzer was successful. 0 errors, 0 warnings
    Info: Peak virtual memory: 4619 megabytes
    Info: Processing ended: Sat Oct 03 21:34:41 2026
    Info: Elapsed time: 00:00:02
    Info: Total CPU time (on all processors): 00:00:02


