TimeQuest Timing Analyzer report for touch_ml_scanpipe_top
Sat Oct 03 21:35:35 2026
Quartus II 64-Bit Version 13.0.1 Build 232 06/12/2013 Service Pack 1 SJ Web Edition


---------------------
; Table of Contents ;
---------------------
  1. Legal Notice
  2. TimeQuest Timing Analyzer Summary
  3. Parallel Compilation
  4. SDC File List
  5. Clocks
  6. Slow Model Fmax Summary
  7. Slow Model Setup Summary
  8. Slow Model Hold Summary
  9. Slow Model Recovery Summary
 10. Slow Model Removal Summary
 11. Slow Model Minimum Pulse Width Summary
 12. Slow Model Setup: 'clk'
 13. Slow Model Hold: 'clk'
 14. Slow Model Minimum Pulse Width: 'clk'
 15. Setup Times
 16. Hold Times
 17. Clock to Output Times
 18. Minimum Clock to Output Times
 19. Fast Model Setup Summary
 20. Fast Model Hold Summary
 21. Fast Model Recovery Summary
 22. Fast Model Removal Summary
 23. Fast Model Minimum Pulse Width Summary
 24. Fast Model Setup: 'clk'
 25. Fast Model Hold: 'clk'
 26. Fast Model Minimum Pulse Width: 'clk'
 27. Setup Times
 28. Hold Times
 29. Clock to Output Times
 30. Minimum Clock to Output Times
 31. Multicorner Timing Analysis Summary
 32. Setup Times
 33. Hold Times
 34. Clock to Output Times
 35. Minimum Clock to Output Times
 36. Setup Transfers
 37. Hold Transfers
 38. Report TCCS
 39. Report RSKM
 40. Unconstrained Paths
 41. TimeQuest Timing Analyzer Messages



----------------
; Legal Notice ;
----------------
Copyright (C) 1991-2013 Altera Corporation
Your use of Altera Corporation's design tools, logic functions 
and other software and tools, and its AMPP partner logic 
functions, and any output files from any of the foregoing 
(including device programming or simulation files), and any 
associated documentation or information are expressly subject 
to the terms and conditions of the Altera Program License 
Subscription Agreement, Altera MegaCore Function License 
Agreement, or other applicable license agreement, including, 
without limitation, that your use is for the sole purpose of 
programming logic devices manufactured by Altera and sold by 
Altera or its authorized distributors.  Please refer to the 
applicable agreement for further details.



+----------------------------------------------------------------------------------------+
; TimeQuest Timing Analyzer Summary                                                      ;
+--------------------+-------------------------------------------------------------------+
; Quartus II Version ; Version 13.0.1 Build 232 06/12/2013 Service Pack 1 SJ Web Edition ;
; Revision Name      ; touch_ml_scanpipe_top                                             ;
; Device Family      ; Cyclone II                                                        ;
; Device Name        ; EP2C5T144C8                                                       ;
; Timing Models      ; Final                                                             ;
; Delay Model        ; Combined                                                          ;
; Rise/Fall Delays   ; Unavailable                                                       ;
+--------------------+-------------------------------------------------------------------+


+------------------------------------------+
; Parallel Compilation                     ;
+----------------------------+-------------+
; Processors                 ; Number      ;
+----------------------------+-------------+
; Number detected on machine ; 6           ;
; Maximum allowed            ; 6           ;
;                            ;             ;
; Average used               ; 1.00        ;
; Maximum used               ; 2           ;
;                            ;             ;
; Usage by Processor         ; % Time Used ;
;     Processor 1            ; 100.0%      ;
;     Processor 2            ; < 0.1%      ;
;     Processors 3-6         ;   0.0%      ;
+----------------------------+-------------+


+---------------------------------------------------------------+
; SDC File List                                                 ;
+---------------------------+--------+--------------------------+
; SDC File Path             ; Status ; Read at                  ;
+---------------------------+--------+--------------------------+
; touch_ml_scanpipe_top.sdc ; OK     ; Sat Oct 03 21:35:34 2026 ;
+---------------------------+--------+--------------------------+


+----------------------------------------------------------------------------------------------------------------------------------------------------------------------------------+
; Clocks                                                                                                                                                                           ;
+------------+------+---------+-----------+-------+--------+------------+-----------+-------------+-------+--------+-----------+------------+----------+--------+--------+---------+
; Clock Name ; Type ; Period  ; Frequency ; Rise  ; Fall   ; Duty Cycle ; Divide by ; Multiply by ; Phase ; Offset ; Edge List ; Edge Shift ; Inverted ; Master ; Source ; Targets ;
+------------+------+---------+-----------+-------+--------+------------+-----------+-------------+-------+--------+-----------+------------+----------+--------+--------+---------+
; clk        ; Base ; 100.000 ; 10.0 MHz  ; 0.000 ; 50.000 ;            ;           ;             ;       ;        ;           ;            ;          ;        ;        ; { clk } ;
+------------+------+---------+-----------+-------+--------+------------+-----------+-------------+-------+--------+-----------+------------+----------+--------+--------+---------+


+-------------------------------------------------+
; Slow Model Fmax Summary                         ;
+-----------+-----------------+------------+------+
; Fmax      ; Restricted Fmax ; Clock Name ; Note ;
+-----------+-----------------+------------+------+
; 34.07 MHz ; 34.07 MHz       ; clk        ;      ;
+-----------+-----------------+------------+------+
This panel reports FMAX for every clock in the design, regardless of the user-specified clock periods.  FMAX is only computed for paths where the source and destination registers or ports are driven by the same clock.  Paths of different clocks, including generated clocks, are ignored.  For paths between a clock and its inversion, FMAX is computed as if the rising and falling edges are scaled along with FMAX, such that the duty cycle (in terms of a percentage) is maintained. Altera recommends that you always use clock constraints and other slack reports for sign-off analysis.


+--------------------------------+
; Slow Model Setup Summary       ;
+-------+--------+---------------+
; Clock ; Slack  ; End Point TNS ;
+-------+--------+---------------+
; clk   ; 70.647 ; 0.000         ;
+-------+--------+---------------+


+-------------------------------+
; Slow Model Hold Summary       ;
+-------+-------+---------------+
; Clock ; Slack ; End Point TNS ;
+-------+-------+---------------+
; clk   ; 0.499 ; 0.000         ;
+-------+-------+---------------+


-------------------------------
; Slow Model Recovery Summary ;
-------------------------------
No paths to report.


------------------------------
; Slow Model Removal Summary ;
------------------------------
No paths to report.


+----------------------------------------+
; Slow Model Minimum Pulse Width Summary ;
+-------+--------+-----------------------+
; Clock ; Slack  ; End Point TNS         ;
+-------+--------+-----------------------+
; clk   ; 46.933 ; 0.000                 ;
+-------+--------+-----------------------+


+----------------------------------------------------------------------------------------------------------------------------------------------------------------------------+
; Slow Model Setup: 'clk'                                                                                                                                                    ;
+--------+---------------------------------------------+-----------------------------------------------+--------------+-------------+--------------+------------+------------+
; Slack  ; From Node                                   ; To Node                                       ; Launch Clock ; Latch Clock ; Relationship ; Clock Skew ; Data Delay ;
+--------+---------------------------------------------+-----------------------------------------------+--------------+-------------+--------------+------------+------------+
; 70.647 ; ml_inference_scanpipe:ml_path|scan_index[1] ; ml_inference_scanpipe:ml_path|scan_second[27] ; clk          ; clk         ; 100.000      ; 0.021      ; 29.414     ;
; 70.647 ; ml_inference_scanpipe:ml_path|scan_index[1] ; ml_inference_scanpipe:ml_path|scan_second[29] ; clk          ; clk         ; 100.000      ; 0.021      ; 29.414     ;
; 70.647 ; ml_inference_scanpipe:ml_path|scan_index[1] ; ml_inference_scanpipe:ml_path|scan_second[31] ; clk          ; clk         ; 100.000      ; 0.021      ; 29.414     ;
; 70.658 ; ml_inference_scanpipe:ml_path|scan_index[1] ; ml_inference_scanpipe:ml_path|scan_second[28] ; clk          ; clk         ; 100.000      ; 0.022      ; 29.404     ;
; 70.673 ; ml_inference_scanpipe:ml_path|scan_index[1] ; ml_inference_scanpipe:ml_path|scan_best[26]   ; clk          ; clk         ; 100.000      ; 0.025      ; 29.392     ;
; 70.673 ; ml_inference_scanpipe:ml_path|scan_index[1] ; ml_inference_scanpipe:ml_path|scan_best[25]   ; clk          ; clk         ; 100.000      ; 0.025      ; 29.392     ;
; 70.700 ; ml_inference_scanpipe:ml_path|scan_index[1] ; ml_inference_scanpipe:ml_path|scan_second[14] ; clk          ; clk         ; 100.000      ; 0.008      ; 29.348     ;
; 70.802 ; ml_inference_scanpipe:ml_path|scan_index[1] ; ml_inference_scanpipe:ml_path|scan_best[2]    ; clk          ; clk         ; 100.000      ; 0.003      ; 29.241     ;
; 70.802 ; ml_inference_scanpipe:ml_path|scan_index[1] ; ml_inference_scanpipe:ml_path|scan_best[1]    ; clk          ; clk         ; 100.000      ; 0.003      ; 29.241     ;
; 70.802 ; ml_inference_scanpipe:ml_path|scan_index[1] ; ml_inference_scanpipe:ml_path|scan_best[0]    ; clk          ; clk         ; 100.000      ; 0.003      ; 29.241     ;
; 70.948 ; ml_inference_scanpipe:ml_path|scan_index[1] ; ml_inference_scanpipe:ml_path|scan_second[5]  ; clk          ; clk         ; 100.000      ; -0.005     ; 29.087     ;
; 70.948 ; ml_inference_scanpipe:ml_path|scan_index[1] ; ml_inference_scanpipe:ml_path|scan_second[7]  ; clk          ; clk         ; 100.000      ; -0.005     ; 29.087     ;
; 70.948 ; ml_inference_scanpipe:ml_path|scan_index[1] ; ml_inference_scanpipe:ml_path|scan_second[6]  ; clk          ; clk         ; 100.000      ; -0.005     ; 29.087     ;
; 70.970 ; ml_inference_scanpipe:ml_path|scan_index[1] ; ml_inference_scanpipe:ml_path|scan_second[22] ; clk          ; clk         ; 100.000      ; 0.008      ; 29.078     ;
; 70.970 ; ml_inference_scanpipe:ml_path|scan_index[1] ; ml_inference_scanpipe:ml_path|scan_second[8]  ; clk          ; clk         ; 100.000      ; 0.008      ; 29.078     ;
; 70.970 ; ml_inference_scanpipe:ml_path|scan_index[1] ; ml_inference_scanpipe:ml_path|scan_second[9]  ; clk          ; clk         ; 100.000      ; 0.008      ; 29.078     ;
; 70.978 ; ml_inference_scanpipe:ml_path|scan_index[1] ; ml_inference_scanpipe:ml_path|scan_second[26] ; clk          ; clk         ; 100.000      ; 0.025      ; 29.087     ;
; 70.978 ; ml_inference_scanpipe:ml_path|scan_index[1] ; ml_inference_scanpipe:ml_path|scan_second[25] ; clk          ; clk         ; 100.000      ; 0.025      ; 29.087     ;
; 70.991 ; ml_inference_scanpipe:ml_path|scan_index[1] ; ml_inference_scanpipe:ml_path|scan_second[4]  ; clk          ; clk         ; 100.000      ; 0.001      ; 29.050     ;
; 70.991 ; ml_inference_scanpipe:ml_path|scan_index[1] ; ml_inference_scanpipe:ml_path|scan_second[10] ; clk          ; clk         ; 100.000      ; 0.001      ; 29.050     ;
; 71.028 ; ml_inference_scanpipe:ml_path|scan_index[1] ; ml_inference_scanpipe:ml_path|scan_second[24] ; clk          ; clk         ; 100.000      ; 0.014      ; 29.026     ;
; 71.028 ; ml_inference_scanpipe:ml_path|scan_index[1] ; ml_inference_scanpipe:ml_path|scan_second[23] ; clk          ; clk         ; 100.000      ; 0.014      ; 29.026     ;
; 71.052 ; ml_inference_scanpipe:ml_path|scan_index[1] ; ml_inference_scanpipe:ml_path|scan_second[13] ; clk          ; clk         ; 100.000      ; 0.025      ; 29.013     ;
; 71.052 ; ml_inference_scanpipe:ml_path|scan_index[1] ; ml_inference_scanpipe:ml_path|scan_second[11] ; clk          ; clk         ; 100.000      ; 0.025      ; 29.013     ;
; 71.052 ; ml_inference_scanpipe:ml_path|scan_index[1] ; ml_inference_scanpipe:ml_path|scan_second[12] ; clk          ; clk         ; 100.000      ; 0.025      ; 29.013     ;
; 71.058 ; ml_inference_scanpipe:ml_path|scan_index[1] ; ml_inference_scanpipe:ml_path|scan_second[1]  ; clk          ; clk         ; 100.000      ; 0.003      ; 28.985     ;
; 71.058 ; ml_inference_scanpipe:ml_path|scan_index[1] ; ml_inference_scanpipe:ml_path|scan_second[2]  ; clk          ; clk         ; 100.000      ; 0.003      ; 28.985     ;
; 71.058 ; ml_inference_scanpipe:ml_path|scan_index[1] ; ml_inference_scanpipe:ml_path|scan_second[3]  ; clk          ; clk         ; 100.000      ; 0.003      ; 28.985     ;
; 71.058 ; ml_inference_scanpipe:ml_path|scan_index[1] ; ml_inference_scanpipe:ml_path|scan_second[0]  ; clk          ; clk         ; 100.000      ; 0.003      ; 28.985     ;
; 71.059 ; ml_inference_scanpipe:ml_path|scan_index[1] ; ml_inference_scanpipe:ml_path|scan_second[21] ; clk          ; clk         ; 100.000      ; 0.019      ; 29.000     ;
; 71.059 ; ml_inference_scanpipe:ml_path|scan_index[1] ; ml_inference_scanpipe:ml_path|scan_second[19] ; clk          ; clk         ; 100.000      ; 0.019      ; 29.000     ;
; 71.059 ; ml_inference_scanpipe:ml_path|scan_index[1] ; ml_inference_scanpipe:ml_path|scan_second[20] ; clk          ; clk         ; 100.000      ; 0.019      ; 29.000     ;
; 71.181 ; ml_inference_scanpipe:ml_path|scan_index[1] ; ml_inference_scanpipe:ml_path|scan_best[4]    ; clk          ; clk         ; 100.000      ; -0.004     ; 28.855     ;
; 71.181 ; ml_inference_scanpipe:ml_path|scan_index[1] ; ml_inference_scanpipe:ml_path|scan_best[8]    ; clk          ; clk         ; 100.000      ; -0.004     ; 28.855     ;
; 71.181 ; ml_inference_scanpipe:ml_path|scan_index[1] ; ml_inference_scanpipe:ml_path|scan_best[12]   ; clk          ; clk         ; 100.000      ; -0.004     ; 28.855     ;
; 71.181 ; ml_inference_scanpipe:ml_path|scan_index[1] ; ml_inference_scanpipe:ml_path|scan_best[10]   ; clk          ; clk         ; 100.000      ; -0.004     ; 28.855     ;
; 71.202 ; ml_inference_scanpipe:ml_path|scan_index[1] ; ml_inference_scanpipe:ml_path|scan_best[9]    ; clk          ; clk         ; 100.000      ; 0.008      ; 28.846     ;
; 71.205 ; ml_inference_scanpipe:ml_path|scan_index[1] ; ml_inference_scanpipe:ml_path|scan_best[5]    ; clk          ; clk         ; 100.000      ; -0.003     ; 28.832     ;
; 71.205 ; ml_inference_scanpipe:ml_path|scan_index[1] ; ml_inference_scanpipe:ml_path|scan_best[6]    ; clk          ; clk         ; 100.000      ; -0.003     ; 28.832     ;
; 71.205 ; ml_inference_scanpipe:ml_path|scan_index[1] ; ml_inference_scanpipe:ml_path|scan_best[7]    ; clk          ; clk         ; 100.000      ; -0.003     ; 28.832     ;
; 71.233 ; ml_inference_scanpipe:ml_path|scan_index[1] ; ml_inference_scanpipe:ml_path|scan_best[27]   ; clk          ; clk         ; 100.000      ; 0.021      ; 28.828     ;
; 71.233 ; ml_inference_scanpipe:ml_path|scan_index[1] ; ml_inference_scanpipe:ml_path|scan_best[32]   ; clk          ; clk         ; 100.000      ; 0.021      ; 28.828     ;
; 71.233 ; ml_inference_scanpipe:ml_path|scan_index[1] ; ml_inference_scanpipe:ml_path|scan_best[29]   ; clk          ; clk         ; 100.000      ; 0.021      ; 28.828     ;
; 71.253 ; ml_inference_scanpipe:ml_path|scan_index[1] ; ml_inference_scanpipe:ml_path|scan_best[22]   ; clk          ; clk         ; 100.000      ; 0.014      ; 28.801     ;
; 71.253 ; ml_inference_scanpipe:ml_path|scan_index[1] ; ml_inference_scanpipe:ml_path|scan_best[24]   ; clk          ; clk         ; 100.000      ; 0.014      ; 28.801     ;
; 71.253 ; ml_inference_scanpipe:ml_path|scan_index[1] ; ml_inference_scanpipe:ml_path|scan_best[23]   ; clk          ; clk         ; 100.000      ; 0.014      ; 28.801     ;
; 71.261 ; ml_inference_scanpipe:ml_path|scan_index[1] ; ml_inference_scanpipe:ml_path|scan_best[18]   ; clk          ; clk         ; 100.000      ; 0.024      ; 28.803     ;
; 71.261 ; ml_inference_scanpipe:ml_path|scan_index[1] ; ml_inference_scanpipe:ml_path|scan_best[11]   ; clk          ; clk         ; 100.000      ; 0.024      ; 28.803     ;
; 71.331 ; ml_inference_scanpipe:ml_path|scan_index[1] ; ml_inference_scanpipe:ml_path|scan_second[17] ; clk          ; clk         ; 100.000      ; 0.007      ; 28.716     ;
; 71.423 ; ml_inference_scanpipe:ml_path|scan_index[0] ; ml_inference_scanpipe:ml_path|scan_second[27] ; clk          ; clk         ; 100.000      ; 0.021      ; 28.638     ;
; 71.423 ; ml_inference_scanpipe:ml_path|scan_index[0] ; ml_inference_scanpipe:ml_path|scan_second[29] ; clk          ; clk         ; 100.000      ; 0.021      ; 28.638     ;
; 71.423 ; ml_inference_scanpipe:ml_path|scan_index[0] ; ml_inference_scanpipe:ml_path|scan_second[31] ; clk          ; clk         ; 100.000      ; 0.021      ; 28.638     ;
; 71.429 ; ml_inference_scanpipe:ml_path|scan_index[1] ; ml_inference_scanpipe:ml_path|scan_second[16] ; clk          ; clk         ; 100.000      ; 0.007      ; 28.618     ;
; 71.429 ; ml_inference_scanpipe:ml_path|scan_index[1] ; ml_inference_scanpipe:ml_path|scan_second[15] ; clk          ; clk         ; 100.000      ; 0.007      ; 28.618     ;
; 71.434 ; ml_inference_scanpipe:ml_path|scan_index[1] ; ml_inference_scanpipe:ml_path|scan_second[18] ; clk          ; clk         ; 100.000      ; 0.009      ; 28.615     ;
; 71.434 ; ml_inference_scanpipe:ml_path|scan_index[0] ; ml_inference_scanpipe:ml_path|scan_second[28] ; clk          ; clk         ; 100.000      ; 0.022      ; 28.628     ;
; 71.449 ; ml_inference_scanpipe:ml_path|scan_index[0] ; ml_inference_scanpipe:ml_path|scan_best[26]   ; clk          ; clk         ; 100.000      ; 0.025      ; 28.616     ;
; 71.449 ; ml_inference_scanpipe:ml_path|scan_index[0] ; ml_inference_scanpipe:ml_path|scan_best[25]   ; clk          ; clk         ; 100.000      ; 0.025      ; 28.616     ;
; 71.476 ; ml_inference_scanpipe:ml_path|scan_index[0] ; ml_inference_scanpipe:ml_path|scan_second[14] ; clk          ; clk         ; 100.000      ; 0.008      ; 28.572     ;
; 71.578 ; ml_inference_scanpipe:ml_path|scan_index[0] ; ml_inference_scanpipe:ml_path|scan_best[2]    ; clk          ; clk         ; 100.000      ; 0.003      ; 28.465     ;
; 71.578 ; ml_inference_scanpipe:ml_path|scan_index[0] ; ml_inference_scanpipe:ml_path|scan_best[1]    ; clk          ; clk         ; 100.000      ; 0.003      ; 28.465     ;
; 71.578 ; ml_inference_scanpipe:ml_path|scan_index[0] ; ml_inference_scanpipe:ml_path|scan_best[0]    ; clk          ; clk         ; 100.000      ; 0.003      ; 28.465     ;
; 71.609 ; ml_inference_scanpipe:ml_path|scan_index[1] ; ml_inference_scanpipe:ml_path|scan_best[3]    ; clk          ; clk         ; 100.000      ; 0.001      ; 28.432     ;
; 71.614 ; ml_inference_scanpipe:ml_path|scan_index[1] ; ml_inference_scanpipe:ml_path|scan_best[17]   ; clk          ; clk         ; 100.000      ; 0.007      ; 28.433     ;
; 71.614 ; ml_inference_scanpipe:ml_path|scan_index[1] ; ml_inference_scanpipe:ml_path|scan_best[15]   ; clk          ; clk         ; 100.000      ; 0.007      ; 28.433     ;
; 71.724 ; ml_inference_scanpipe:ml_path|scan_index[0] ; ml_inference_scanpipe:ml_path|scan_second[5]  ; clk          ; clk         ; 100.000      ; -0.005     ; 28.311     ;
; 71.724 ; ml_inference_scanpipe:ml_path|scan_index[0] ; ml_inference_scanpipe:ml_path|scan_second[7]  ; clk          ; clk         ; 100.000      ; -0.005     ; 28.311     ;
; 71.724 ; ml_inference_scanpipe:ml_path|scan_index[0] ; ml_inference_scanpipe:ml_path|scan_second[6]  ; clk          ; clk         ; 100.000      ; -0.005     ; 28.311     ;
; 71.746 ; ml_inference_scanpipe:ml_path|scan_index[0] ; ml_inference_scanpipe:ml_path|scan_second[22] ; clk          ; clk         ; 100.000      ; 0.008      ; 28.302     ;
; 71.746 ; ml_inference_scanpipe:ml_path|scan_index[0] ; ml_inference_scanpipe:ml_path|scan_second[8]  ; clk          ; clk         ; 100.000      ; 0.008      ; 28.302     ;
; 71.746 ; ml_inference_scanpipe:ml_path|scan_index[0] ; ml_inference_scanpipe:ml_path|scan_second[9]  ; clk          ; clk         ; 100.000      ; 0.008      ; 28.302     ;
; 71.754 ; ml_inference_scanpipe:ml_path|scan_index[0] ; ml_inference_scanpipe:ml_path|scan_second[26] ; clk          ; clk         ; 100.000      ; 0.025      ; 28.311     ;
; 71.754 ; ml_inference_scanpipe:ml_path|scan_index[0] ; ml_inference_scanpipe:ml_path|scan_second[25] ; clk          ; clk         ; 100.000      ; 0.025      ; 28.311     ;
; 71.767 ; ml_inference_scanpipe:ml_path|scan_index[0] ; ml_inference_scanpipe:ml_path|scan_second[4]  ; clk          ; clk         ; 100.000      ; 0.001      ; 28.274     ;
; 71.767 ; ml_inference_scanpipe:ml_path|scan_index[0] ; ml_inference_scanpipe:ml_path|scan_second[10] ; clk          ; clk         ; 100.000      ; 0.001      ; 28.274     ;
; 71.804 ; ml_inference_scanpipe:ml_path|scan_index[0] ; ml_inference_scanpipe:ml_path|scan_second[24] ; clk          ; clk         ; 100.000      ; 0.014      ; 28.250     ;
; 71.804 ; ml_inference_scanpipe:ml_path|scan_index[0] ; ml_inference_scanpipe:ml_path|scan_second[23] ; clk          ; clk         ; 100.000      ; 0.014      ; 28.250     ;
; 71.828 ; ml_inference_scanpipe:ml_path|scan_index[0] ; ml_inference_scanpipe:ml_path|scan_second[13] ; clk          ; clk         ; 100.000      ; 0.025      ; 28.237     ;
; 71.828 ; ml_inference_scanpipe:ml_path|scan_index[0] ; ml_inference_scanpipe:ml_path|scan_second[11] ; clk          ; clk         ; 100.000      ; 0.025      ; 28.237     ;
; 71.828 ; ml_inference_scanpipe:ml_path|scan_index[0] ; ml_inference_scanpipe:ml_path|scan_second[12] ; clk          ; clk         ; 100.000      ; 0.025      ; 28.237     ;
; 71.834 ; ml_inference_scanpipe:ml_path|scan_index[0] ; ml_inference_scanpipe:ml_path|scan_second[1]  ; clk          ; clk         ; 100.000      ; 0.003      ; 28.209     ;
; 71.834 ; ml_inference_scanpipe:ml_path|scan_index[0] ; ml_inference_scanpipe:ml_path|scan_second[2]  ; clk          ; clk         ; 100.000      ; 0.003      ; 28.209     ;
; 71.834 ; ml_inference_scanpipe:ml_path|scan_index[0] ; ml_inference_scanpipe:ml_path|scan_second[3]  ; clk          ; clk         ; 100.000      ; 0.003      ; 28.209     ;
; 71.834 ; ml_inference_scanpipe:ml_path|scan_index[0] ; ml_inference_scanpipe:ml_path|scan_second[0]  ; clk          ; clk         ; 100.000      ; 0.003      ; 28.209     ;
; 71.835 ; ml_inference_scanpipe:ml_path|scan_index[0] ; ml_inference_scanpipe:ml_path|scan_second[21] ; clk          ; clk         ; 100.000      ; 0.019      ; 28.224     ;
; 71.835 ; ml_inference_scanpipe:ml_path|scan_index[0] ; ml_inference_scanpipe:ml_path|scan_second[19] ; clk          ; clk         ; 100.000      ; 0.019      ; 28.224     ;
; 71.835 ; ml_inference_scanpipe:ml_path|scan_index[0] ; ml_inference_scanpipe:ml_path|scan_second[20] ; clk          ; clk         ; 100.000      ; 0.019      ; 28.224     ;
; 71.957 ; ml_inference_scanpipe:ml_path|scan_index[0] ; ml_inference_scanpipe:ml_path|scan_best[4]    ; clk          ; clk         ; 100.000      ; -0.004     ; 28.079     ;
; 71.957 ; ml_inference_scanpipe:ml_path|scan_index[0] ; ml_inference_scanpipe:ml_path|scan_best[8]    ; clk          ; clk         ; 100.000      ; -0.004     ; 28.079     ;
; 71.957 ; ml_inference_scanpipe:ml_path|scan_index[0] ; ml_inference_scanpipe:ml_path|scan_best[12]   ; clk          ; clk         ; 100.000      ; -0.004     ; 28.079     ;
; 71.957 ; ml_inference_scanpipe:ml_path|scan_index[0] ; ml_inference_scanpipe:ml_path|scan_best[10]   ; clk          ; clk         ; 100.000      ; -0.004     ; 28.079     ;
; 71.978 ; ml_inference_scanpipe:ml_path|scan_index[0] ; ml_inference_scanpipe:ml_path|scan_best[9]    ; clk          ; clk         ; 100.000      ; 0.008      ; 28.070     ;
; 71.981 ; ml_inference_scanpipe:ml_path|scan_index[0] ; ml_inference_scanpipe:ml_path|scan_best[5]    ; clk          ; clk         ; 100.000      ; -0.003     ; 28.056     ;
; 71.981 ; ml_inference_scanpipe:ml_path|scan_index[0] ; ml_inference_scanpipe:ml_path|scan_best[6]    ; clk          ; clk         ; 100.000      ; -0.003     ; 28.056     ;
; 71.981 ; ml_inference_scanpipe:ml_path|scan_index[0] ; ml_inference_scanpipe:ml_path|scan_best[7]    ; clk          ; clk         ; 100.000      ; -0.003     ; 28.056     ;
; 72.009 ; ml_inference_scanpipe:ml_path|scan_index[0] ; ml_inference_scanpipe:ml_path|scan_best[27]   ; clk          ; clk         ; 100.000      ; 0.021      ; 28.052     ;
; 72.009 ; ml_inference_scanpipe:ml_path|scan_index[0] ; ml_inference_scanpipe:ml_path|scan_best[32]   ; clk          ; clk         ; 100.000      ; 0.021      ; 28.052     ;
; 72.009 ; ml_inference_scanpipe:ml_path|scan_index[0] ; ml_inference_scanpipe:ml_path|scan_best[29]   ; clk          ; clk         ; 100.000      ; 0.021      ; 28.052     ;
; 72.029 ; ml_inference_scanpipe:ml_path|scan_index[0] ; ml_inference_scanpipe:ml_path|scan_best[22]   ; clk          ; clk         ; 100.000      ; 0.014      ; 28.025     ;
; 72.029 ; ml_inference_scanpipe:ml_path|scan_index[0] ; ml_inference_scanpipe:ml_path|scan_best[24]   ; clk          ; clk         ; 100.000      ; 0.014      ; 28.025     ;
+--------+---------------------------------------------+-----------------------------------------------+--------------+-------------+--------------+------------+------------+


+-------------------------------------------------------------------------------------------------------------------------------------------------------------------------------------------------------------------------+
; Slow Model Hold: 'clk'                                                                                                                                                                                                  ;
+-------+---------------------------------------------------------------------+---------------------------------------------------------------------+--------------+-------------+--------------+------------+------------+
; Slack ; From Node                                                           ; To Node                                                             ; Launch Clock ; Latch Clock ; Relationship ; Clock Skew ; Data Delay ;
+-------+---------------------------------------------------------------------+---------------------------------------------------------------------+--------------+-------------+--------------+------------+------------+
; 0.499 ; touch_capture_top:touch_path|touch_frame_adapter:frame|stream_busy  ; touch_capture_top:touch_path|touch_frame_adapter:frame|stream_busy  ; clk          ; clk         ; 0.000        ; 0.000      ; 0.805      ;
; 0.499 ; ml_inference_scanpipe:ml_path|state.IDLE                            ; ml_inference_scanpipe:ml_path|state.IDLE                            ; clk          ; clk         ; 0.000        ; 0.000      ; 0.805      ;
; 0.499 ; ml_inference_scanpipe:ml_path|state.LOAD                            ; ml_inference_scanpipe:ml_path|state.LOAD                            ; clk          ; clk         ; 0.000        ; 0.000      ; 0.805      ;
; 0.499 ; ml_inference_scanpipe:ml_path|pixel_idx[1]                          ; ml_inference_scanpipe:ml_path|pixel_idx[1]                          ; clk          ; clk         ; 0.000        ; 0.000      ; 0.805      ;
; 0.499 ; ml_inference_scanpipe:ml_path|pixel_idx[2]                          ; ml_inference_scanpipe:ml_path|pixel_idx[2]                          ; clk          ; clk         ; 0.000        ; 0.000      ; 0.805      ;
; 0.499 ; ml_inference_scanpipe:ml_path|pixel_idx[3]                          ; ml_inference_scanpipe:ml_path|pixel_idx[3]                          ; clk          ; clk         ; 0.000        ; 0.000      ; 0.805      ;
; 0.499 ; ml_inference_scanpipe:ml_path|pixel_idx[5]                          ; ml_inference_scanpipe:ml_path|pixel_idx[5]                          ; clk          ; clk         ; 0.000        ; 0.000      ; 0.805      ;
; 0.499 ; ml_inference_scanpipe:ml_path|pixel_idx[6]                          ; ml_inference_scanpipe:ml_path|pixel_idx[6]                          ; clk          ; clk         ; 0.000        ; 0.000      ; 0.805      ;
; 0.499 ; ml_inference_scanpipe:ml_path|pixel_idx[7]                          ; ml_inference_scanpipe:ml_path|pixel_idx[7]                          ; clk          ; clk         ; 0.000        ; 0.000      ; 0.805      ;
; 0.499 ; ml_inference_scanpipe:ml_path|pixel_idx[0]                          ; ml_inference_scanpipe:ml_path|pixel_idx[0]                          ; clk          ; clk         ; 0.000        ; 0.000      ; 0.805      ;
; 0.499 ; ml_inference_scanpipe:ml_path|neuron[3]                             ; ml_inference_scanpipe:ml_path|neuron[3]                             ; clk          ; clk         ; 0.000        ; 0.000      ; 0.805      ;
; 0.499 ; ml_inference_scanpipe:ml_path|neuron[1]                             ; ml_inference_scanpipe:ml_path|neuron[1]                             ; clk          ; clk         ; 0.000        ; 0.000      ; 0.805      ;
; 0.499 ; ml_inference_scanpipe:ml_path|neuron[2]                             ; ml_inference_scanpipe:ml_path|neuron[2]                             ; clk          ; clk         ; 0.000        ; 0.000      ; 0.805      ;
; 0.499 ; ml_inference_scanpipe:ml_path|neuron[4]                             ; ml_inference_scanpipe:ml_path|neuron[4]                             ; clk          ; clk         ; 0.000        ; 0.000      ; 0.805      ;
; 0.499 ; ml_inference_scanpipe:ml_path|neuron[0]                             ; ml_inference_scanpipe:ml_path|neuron[0]                             ; clk          ; clk         ; 0.000        ; 0.000      ; 0.805      ;
; 0.499 ; ml_inference_scanpipe:ml_path|neuron[5]                             ; ml_inference_scanpipe:ml_path|neuron[5]                             ; clk          ; clk         ; 0.000        ; 0.000      ; 0.805      ;
; 0.499 ; ml_inference_scanpipe:ml_path|neuron[6]                             ; ml_inference_scanpipe:ml_path|neuron[6]                             ; clk          ; clk         ; 0.000        ; 0.000      ; 0.805      ;
; 0.499 ; ml_inference_scanpipe:ml_path|neuron[7]                             ; ml_inference_scanpipe:ml_path|neuron[7]                             ; clk          ; clk         ; 0.000        ; 0.000      ; 0.805      ;
; 0.499 ; ml_inference_scanpipe:ml_path|neuron[8]                             ; ml_inference_scanpipe:ml_path|neuron[8]                             ; clk          ; clk         ; 0.000        ; 0.000      ; 0.805      ;
; 0.499 ; ml_inference_scanpipe:ml_path|neuron[9]                             ; ml_inference_scanpipe:ml_path|neuron[9]                             ; clk          ; clk         ; 0.000        ; 0.000      ; 0.805      ;
; 0.499 ; ml_inference_scanpipe:ml_path|neuron[10]                            ; ml_inference_scanpipe:ml_path|neuron[10]                            ; clk          ; clk         ; 0.000        ; 0.000      ; 0.805      ;
; 0.499 ; ml_inference_scanpipe:ml_path|neuron[11]                            ; ml_inference_scanpipe:ml_path|neuron[11]                            ; clk          ; clk         ; 0.000        ; 0.000      ; 0.805      ;
; 0.499 ; ml_inference_scanpipe:ml_path|neuron[12]                            ; ml_inference_scanpipe:ml_path|neuron[12]                            ; clk          ; clk         ; 0.000        ; 0.000      ; 0.805      ;
; 0.499 ; ml_inference_scanpipe:ml_path|neuron[13]                            ; ml_inference_scanpipe:ml_path|neuron[13]                            ; clk          ; clk         ; 0.000        ; 0.000      ; 0.805      ;
; 0.499 ; ml_inference_scanpipe:ml_path|neuron[14]                            ; ml_inference_scanpipe:ml_path|neuron[14]                            ; clk          ; clk         ; 0.000        ; 0.000      ; 0.805      ;
; 0.499 ; ml_inference_scanpipe:ml_path|neuron[15]                            ; ml_inference_scanpipe:ml_path|neuron[15]                            ; clk          ; clk         ; 0.000        ; 0.000      ; 0.805      ;
; 0.499 ; ml_inference_scanpipe:ml_path|neuron[16]                            ; ml_inference_scanpipe:ml_path|neuron[16]                            ; clk          ; clk         ; 0.000        ; 0.000      ; 0.805      ;
; 0.499 ; ml_inference_scanpipe:ml_path|neuron[17]                            ; ml_inference_scanpipe:ml_path|neuron[17]                            ; clk          ; clk         ; 0.000        ; 0.000      ; 0.805      ;
; 0.499 ; ml_inference_scanpipe:ml_path|neuron[18]                            ; ml_inference_scanpipe:ml_path|neuron[18]                            ; clk          ; clk         ; 0.000        ; 0.000      ; 0.805      ;
; 0.499 ; ml_inference_scanpipe:ml_path|neuron[19]                            ; ml_inference_scanpipe:ml_path|neuron[19]                            ; clk          ; clk         ; 0.000        ; 0.000      ; 0.805      ;
; 0.499 ; ml_inference_scanpipe:ml_path|neuron[20]                            ; ml_inference_scanpipe:ml_path|neuron[20]                            ; clk          ; clk         ; 0.000        ; 0.000      ; 0.805      ;
; 0.499 ; ml_inference_scanpipe:ml_path|neuron[21]                            ; ml_inference_scanpipe:ml_path|neuron[21]                            ; clk          ; clk         ; 0.000        ; 0.000      ; 0.805      ;
; 0.499 ; ml_inference_scanpipe:ml_path|neuron[22]                            ; ml_inference_scanpipe:ml_path|neuron[22]                            ; clk          ; clk         ; 0.000        ; 0.000      ; 0.805      ;
; 0.499 ; ml_inference_scanpipe:ml_path|neuron[23]                            ; ml_inference_scanpipe:ml_path|neuron[23]                            ; clk          ; clk         ; 0.000        ; 0.000      ; 0.805      ;
; 0.499 ; ml_inference_scanpipe:ml_path|neuron[24]                            ; ml_inference_scanpipe:ml_path|neuron[24]                            ; clk          ; clk         ; 0.000        ; 0.000      ; 0.805      ;
; 0.499 ; ml_inference_scanpipe:ml_path|neuron[25]                            ; ml_inference_scanpipe:ml_path|neuron[25]                            ; clk          ; clk         ; 0.000        ; 0.000      ; 0.805      ;
; 0.499 ; ml_inference_scanpipe:ml_path|neuron[26]                            ; ml_inference_scanpipe:ml_path|neuron[26]                            ; clk          ; clk         ; 0.000        ; 0.000      ; 0.805      ;
; 0.499 ; ml_inference_scanpipe:ml_path|neuron[27]                            ; ml_inference_scanpipe:ml_path|neuron[27]                            ; clk          ; clk         ; 0.000        ; 0.000      ; 0.805      ;
; 0.499 ; ml_inference_scanpipe:ml_path|neuron[28]                            ; ml_inference_scanpipe:ml_path|neuron[28]                            ; clk          ; clk         ; 0.000        ; 0.000      ; 0.805      ;
; 0.499 ; ml_inference_scanpipe:ml_path|neuron[29]                            ; ml_inference_scanpipe:ml_path|neuron[29]                            ; clk          ; clk         ; 0.000        ; 0.000      ; 0.805      ;
; 0.499 ; ml_inference_scanpipe:ml_path|neuron[30]                            ; ml_inference_scanpipe:ml_path|neuron[30]                            ; clk          ; clk         ; 0.000        ; 0.000      ; 0.805      ;
; 0.499 ; ml_inference_scanpipe:ml_path|neuron[31]                            ; ml_inference_scanpipe:ml_path|neuron[31]                            ; clk          ; clk         ; 0.000        ; 0.000      ; 0.805      ;
; 0.499 ; ml_inference_scanpipe:ml_path|scan_index[2]                         ; ml_inference_scanpipe:ml_path|scan_index[2]                         ; clk          ; clk         ; 0.000        ; 0.000      ; 0.805      ;
; 0.499 ; ml_inference_scanpipe:ml_path|scan_index[3]                         ; ml_inference_scanpipe:ml_path|scan_index[3]                         ; clk          ; clk         ; 0.000        ; 0.000      ; 0.805      ;
; 0.499 ; ml_inference_scanpipe:ml_path|scan_index[4]                         ; ml_inference_scanpipe:ml_path|scan_index[4]                         ; clk          ; clk         ; 0.000        ; 0.000      ; 0.805      ;
; 0.499 ; ml_inference_scanpipe:ml_path|scan_index[5]                         ; ml_inference_scanpipe:ml_path|scan_index[5]                         ; clk          ; clk         ; 0.000        ; 0.000      ; 0.805      ;
; 0.499 ; ml_inference_scanpipe:ml_path|scan_index[6]                         ; ml_inference_scanpipe:ml_path|scan_index[6]                         ; clk          ; clk         ; 0.000        ; 0.000      ; 0.805      ;
; 0.499 ; ml_inference_scanpipe:ml_path|scan_index[7]                         ; ml_inference_scanpipe:ml_path|scan_index[7]                         ; clk          ; clk         ; 0.000        ; 0.000      ; 0.805      ;
; 0.499 ; ml_inference_scanpipe:ml_path|scan_index[8]                         ; ml_inference_scanpipe:ml_path|scan_index[8]                         ; clk          ; clk         ; 0.000        ; 0.000      ; 0.805      ;
; 0.499 ; ml_inference_scanpipe:ml_path|scan_index[9]                         ; ml_inference_scanpipe:ml_path|scan_index[9]                         ; clk          ; clk         ; 0.000        ; 0.000      ; 0.805      ;
; 0.499 ; ml_inference_scanpipe:ml_path|scan_index[10]                        ; ml_inference_scanpipe:ml_path|scan_index[10]                        ; clk          ; clk         ; 0.000        ; 0.000      ; 0.805      ;
; 0.499 ; ml_inference_scanpipe:ml_path|scan_index[11]                        ; ml_inference_scanpipe:ml_path|scan_index[11]                        ; clk          ; clk         ; 0.000        ; 0.000      ; 0.805      ;
; 0.499 ; ml_inference_scanpipe:ml_path|scan_index[12]                        ; ml_inference_scanpipe:ml_path|scan_index[12]                        ; clk          ; clk         ; 0.000        ; 0.000      ; 0.805      ;
; 0.499 ; ml_inference_scanpipe:ml_path|scan_index[13]                        ; ml_inference_scanpipe:ml_path|scan_index[13]                        ; clk          ; clk         ; 0.000        ; 0.000      ; 0.805      ;
; 0.499 ; ml_inference_scanpipe:ml_path|scan_index[14]                        ; ml_inference_scanpipe:ml_path|scan_index[14]                        ; clk          ; clk         ; 0.000        ; 0.000      ; 0.805      ;
; 0.499 ; ml_inference_scanpipe:ml_path|scan_index[15]                        ; ml_inference_scanpipe:ml_path|scan_index[15]                        ; clk          ; clk         ; 0.000        ; 0.000      ; 0.805      ;
; 0.499 ; ml_inference_scanpipe:ml_path|scan_index[16]                        ; ml_inference_scanpipe:ml_path|scan_index[16]                        ; clk          ; clk         ; 0.000        ; 0.000      ; 0.805      ;
; 0.499 ; ml_inference_scanpipe:ml_path|scan_index[17]                        ; ml_inference_scanpipe:ml_path|scan_index[17]                        ; clk          ; clk         ; 0.000        ; 0.000      ; 0.805      ;
; 0.499 ; ml_inference_scanpipe:ml_path|scan_index[18]                        ; ml_inference_scanpipe:ml_path|scan_index[18]                        ; clk          ; clk         ; 0.000        ; 0.000      ; 0.805      ;
; 0.499 ; ml_inference_scanpipe:ml_path|scan_index[19]                        ; ml_inference_scanpipe:ml_path|scan_index[19]                        ; clk          ; clk         ; 0.000        ; 0.000      ; 0.805      ;
; 0.499 ; ml_inference_scanpipe:ml_path|scan_index[20]                        ; ml_inference_scanpipe:ml_path|scan_index[20]                        ; clk          ; clk         ; 0.000        ; 0.000      ; 0.805      ;
; 0.499 ; ml_inference_scanpipe:ml_path|scan_index[21]                        ; ml_inference_scanpipe:ml_path|scan_index[21]                        ; clk          ; clk         ; 0.000        ; 0.000      ; 0.805      ;
; 0.499 ; ml_inference_scanpipe:ml_path|scan_index[22]                        ; ml_inference_scanpipe:ml_path|scan_index[22]                        ; clk          ; clk         ; 0.000        ; 0.000      ; 0.805      ;
; 0.499 ; ml_inference_scanpipe:ml_path|scan_index[23]                        ; ml_inference_scanpipe:ml_path|scan_index[23]                        ; clk          ; clk         ; 0.000        ; 0.000      ; 0.805      ;
; 0.499 ; ml_inference_scanpipe:ml_path|scan_index[24]                        ; ml_inference_scanpipe:ml_path|scan_index[24]                        ; clk          ; clk         ; 0.000        ; 0.000      ; 0.805      ;
; 0.499 ; ml_inference_scanpipe:ml_path|scan_index[25]                        ; ml_inference_scanpipe:ml_path|scan_index[25]                        ; clk          ; clk         ; 0.000        ; 0.000      ; 0.805      ;
; 0.499 ; ml_inference_scanpipe:ml_path|scan_index[26]                        ; ml_inference_scanpipe:ml_path|scan_index[26]                        ; clk          ; clk         ; 0.000        ; 0.000      ; 0.805      ;
; 0.499 ; ml_inference_scanpipe:ml_path|scan_index[27]                        ; ml_inference_scanpipe:ml_path|scan_index[27]                        ; clk          ; clk         ; 0.000        ; 0.000      ; 0.805      ;
; 0.499 ; ml_inference_scanpipe:ml_path|scan_index[28]                        ; ml_inference_scanpipe:ml_path|scan_index[28]                        ; clk          ; clk         ; 0.000        ; 0.000      ; 0.805      ;
; 0.499 ; ml_inference_scanpipe:ml_path|scan_index[29]                        ; ml_inference_scanpipe:ml_path|scan_index[29]                        ; clk          ; clk         ; 0.000        ; 0.000      ; 0.805      ;
; 0.499 ; ml_inference_scanpipe:ml_path|scan_index[30]                        ; ml_inference_scanpipe:ml_path|scan_index[30]                        ; clk          ; clk         ; 0.000        ; 0.000      ; 0.805      ;
; 0.499 ; ml_inference_scanpipe:ml_path|scan_index[31]                        ; ml_inference_scanpipe:ml_path|scan_index[31]                        ; clk          ; clk         ; 0.000        ; 0.000      ; 0.805      ;
; 0.499 ; ml_inference_scanpipe:ml_path|state.SCAN_STEP                       ; ml_inference_scanpipe:ml_path|state.SCAN_STEP                       ; clk          ; clk         ; 0.000        ; 0.000      ; 0.805      ;
; 0.499 ; touch_capture_top:touch_path|xpt2046_reader:reader|state.S_SPI      ; touch_capture_top:touch_path|xpt2046_reader:reader|state.S_SPI      ; clk          ; clk         ; 0.000        ; 0.000      ; 0.805      ;
; 0.499 ; touch_capture_top:touch_path|xpt2046_reader:reader|divider[0]       ; touch_capture_top:touch_path|xpt2046_reader:reader|divider[0]       ; clk          ; clk         ; 0.000        ; 0.000      ; 0.805      ;
; 0.499 ; touch_capture_top:touch_path|xpt2046_reader:reader|divider[1]       ; touch_capture_top:touch_path|xpt2046_reader:reader|divider[1]       ; clk          ; clk         ; 0.000        ; 0.000      ; 0.805      ;
; 0.499 ; touch_capture_top:touch_path|xpt2046_reader:reader|divider[2]       ; touch_capture_top:touch_path|xpt2046_reader:reader|divider[2]       ; clk          ; clk         ; 0.000        ; 0.000      ; 0.805      ;
; 0.499 ; touch_capture_top:touch_path|xpt2046_reader:reader|divider[3]       ; touch_capture_top:touch_path|xpt2046_reader:reader|divider[3]       ; clk          ; clk         ; 0.000        ; 0.000      ; 0.805      ;
; 0.499 ; touch_capture_top:touch_path|xpt2046_reader:reader|divider[4]       ; touch_capture_top:touch_path|xpt2046_reader:reader|divider[4]       ; clk          ; clk         ; 0.000        ; 0.000      ; 0.805      ;
; 0.499 ; touch_capture_top:touch_path|xpt2046_reader:reader|divider[5]       ; touch_capture_top:touch_path|xpt2046_reader:reader|divider[5]       ; clk          ; clk         ; 0.000        ; 0.000      ; 0.805      ;
; 0.499 ; touch_capture_top:touch_path|xpt2046_reader:reader|divider[6]       ; touch_capture_top:touch_path|xpt2046_reader:reader|divider[6]       ; clk          ; clk         ; 0.000        ; 0.000      ; 0.805      ;
; 0.499 ; touch_capture_top:touch_path|xpt2046_reader:reader|divider[7]       ; touch_capture_top:touch_path|xpt2046_reader:reader|divider[7]       ; clk          ; clk         ; 0.000        ; 0.000      ; 0.805      ;
; 0.499 ; touch_capture_top:touch_path|xpt2046_reader:reader|divider[8]       ; touch_capture_top:touch_path|xpt2046_reader:reader|divider[8]       ; clk          ; clk         ; 0.000        ; 0.000      ; 0.805      ;
; 0.499 ; touch_capture_top:touch_path|xpt2046_reader:reader|divider[9]       ; touch_capture_top:touch_path|xpt2046_reader:reader|divider[9]       ; clk          ; clk         ; 0.000        ; 0.000      ; 0.805      ;
; 0.499 ; touch_capture_top:touch_path|xpt2046_reader:reader|divider[10]      ; touch_capture_top:touch_path|xpt2046_reader:reader|divider[10]      ; clk          ; clk         ; 0.000        ; 0.000      ; 0.805      ;
; 0.499 ; touch_capture_top:touch_path|xpt2046_reader:reader|divider[11]      ; touch_capture_top:touch_path|xpt2046_reader:reader|divider[11]      ; clk          ; clk         ; 0.000        ; 0.000      ; 0.805      ;
; 0.499 ; touch_capture_top:touch_path|xpt2046_reader:reader|divider[12]      ; touch_capture_top:touch_path|xpt2046_reader:reader|divider[12]      ; clk          ; clk         ; 0.000        ; 0.000      ; 0.805      ;
; 0.499 ; touch_capture_top:touch_path|xpt2046_reader:reader|divider[13]      ; touch_capture_top:touch_path|xpt2046_reader:reader|divider[13]      ; clk          ; clk         ; 0.000        ; 0.000      ; 0.805      ;
; 0.499 ; touch_capture_top:touch_path|xpt2046_reader:reader|divider[14]      ; touch_capture_top:touch_path|xpt2046_reader:reader|divider[14]      ; clk          ; clk         ; 0.000        ; 0.000      ; 0.805      ;
; 0.499 ; touch_capture_top:touch_path|xpt2046_reader:reader|divider[15]      ; touch_capture_top:touch_path|xpt2046_reader:reader|divider[15]      ; clk          ; clk         ; 0.000        ; 0.000      ; 0.805      ;
; 0.499 ; touch_capture_top:touch_path|xpt2046_reader:reader|touch_sclk       ; touch_capture_top:touch_path|xpt2046_reader:reader|touch_sclk       ; clk          ; clk         ; 0.000        ; 0.000      ; 0.805      ;
; 0.499 ; touch_capture_top:touch_path|xpt2046_reader:reader|bit_index[0]     ; touch_capture_top:touch_path|xpt2046_reader:reader|bit_index[0]     ; clk          ; clk         ; 0.000        ; 0.000      ; 0.805      ;
; 0.499 ; touch_capture_top:touch_path|xpt2046_reader:reader|bit_index[1]     ; touch_capture_top:touch_path|xpt2046_reader:reader|bit_index[1]     ; clk          ; clk         ; 0.000        ; 0.000      ; 0.805      ;
; 0.499 ; touch_capture_top:touch_path|xpt2046_reader:reader|bit_index[2]     ; touch_capture_top:touch_path|xpt2046_reader:reader|bit_index[2]     ; clk          ; clk         ; 0.000        ; 0.000      ; 0.805      ;
; 0.499 ; touch_capture_top:touch_path|xpt2046_reader:reader|bit_index[3]     ; touch_capture_top:touch_path|xpt2046_reader:reader|bit_index[3]     ; clk          ; clk         ; 0.000        ; 0.000      ; 0.805      ;
; 0.499 ; touch_capture_top:touch_path|xpt2046_reader:reader|bit_index[4]     ; touch_capture_top:touch_path|xpt2046_reader:reader|bit_index[4]     ; clk          ; clk         ; 0.000        ; 0.000      ; 0.805      ;
; 0.499 ; touch_capture_top:touch_path|xpt2046_reader:reader|state.S_GAP      ; touch_capture_top:touch_path|xpt2046_reader:reader|state.S_GAP      ; clk          ; clk         ; 0.000        ; 0.000      ; 0.805      ;
; 0.499 ; touch_capture_top:touch_path|xpt2046_reader:reader|state.S_IDLE     ; touch_capture_top:touch_path|xpt2046_reader:reader|state.S_IDLE     ; clk          ; clk         ; 0.000        ; 0.000      ; 0.805      ;
; 0.499 ; touch_capture_top:touch_path|xpt2046_reader:reader|axis_y           ; touch_capture_top:touch_path|xpt2046_reader:reader|axis_y           ; clk          ; clk         ; 0.000        ; 0.000      ; 0.805      ;
; 0.499 ; touch_capture_top:touch_path|touch_frame_adapter:frame|frame[17][0] ; touch_capture_top:touch_path|touch_frame_adapter:frame|frame[17][0] ; clk          ; clk         ; 0.000        ; 0.000      ; 0.805      ;
+-------+---------------------------------------------------------------------+---------------------------------------------------------------------+--------------+-------------+--------------+------------+------------+


+-------------------------------------------------------------------------------------------------------------------------------------------------------------------------------------------------------+
; Slow Model Minimum Pulse Width: 'clk'                                                                                                                                                                 ;
+--------+--------------+----------------+------------------+-------+------------+----------------------------------------------------------------------------------------------------------------------+
; Slack  ; Actual Width ; Required Width ; Type             ; Clock ; Clock Edge ; Target                                                                                                               ;
+--------+--------------+----------------+------------------+-------+------------+----------------------------------------------------------------------------------------------------------------------+
; 46.933 ; 50.000       ; 3.067          ; High Pulse Width ; clk   ; Rise       ; ml_inference_scanpipe:ml_path|altsyncram:hidden_rtl_0|altsyncram_sng1:auto_generated|ram_block1a0~porta_address_reg0 ;
; 46.933 ; 50.000       ; 3.067          ; Low Pulse Width  ; clk   ; Rise       ; ml_inference_scanpipe:ml_path|altsyncram:hidden_rtl_0|altsyncram_sng1:auto_generated|ram_block1a0~porta_address_reg0 ;
; 46.933 ; 50.000       ; 3.067          ; High Pulse Width ; clk   ; Rise       ; ml_inference_scanpipe:ml_path|altsyncram:hidden_rtl_0|altsyncram_sng1:auto_generated|ram_block1a0~porta_address_reg1 ;
; 46.933 ; 50.000       ; 3.067          ; Low Pulse Width  ; clk   ; Rise       ; ml_inference_scanpipe:ml_path|altsyncram:hidden_rtl_0|altsyncram_sng1:auto_generated|ram_block1a0~porta_address_reg1 ;
; 46.933 ; 50.000       ; 3.067          ; High Pulse Width ; clk   ; Rise       ; ml_inference_scanpipe:ml_path|altsyncram:hidden_rtl_0|altsyncram_sng1:auto_generated|ram_block1a0~porta_address_reg2 ;
; 46.933 ; 50.000       ; 3.067          ; Low Pulse Width  ; clk   ; Rise       ; ml_inference_scanpipe:ml_path|altsyncram:hidden_rtl_0|altsyncram_sng1:auto_generated|ram_block1a0~porta_address_reg2 ;
; 46.933 ; 50.000       ; 3.067          ; High Pulse Width ; clk   ; Rise       ; ml_inference_scanpipe:ml_path|altsyncram:hidden_rtl_0|altsyncram_sng1:auto_generated|ram_block1a0~porta_address_reg3 ;
; 46.933 ; 50.000       ; 3.067          ; Low Pulse Width  ; clk   ; Rise       ; ml_inference_scanpipe:ml_path|altsyncram:hidden_rtl_0|altsyncram_sng1:auto_generated|ram_block1a0~porta_address_reg3 ;
; 46.933 ; 50.000       ; 3.067          ; High Pulse Width ; clk   ; Rise       ; ml_inference_scanpipe:ml_path|altsyncram:hidden_rtl_0|altsyncram_sng1:auto_generated|ram_block1a0~porta_address_reg4 ;
; 46.933 ; 50.000       ; 3.067          ; Low Pulse Width  ; clk   ; Rise       ; ml_inference_scanpipe:ml_path|altsyncram:hidden_rtl_0|altsyncram_sng1:auto_generated|ram_block1a0~porta_address_reg4 ;
; 46.933 ; 50.000       ; 3.067          ; High Pulse Width ; clk   ; Rise       ; ml_inference_scanpipe:ml_path|altsyncram:hidden_rtl_0|altsyncram_sng1:auto_generated|ram_block1a0~porta_datain_reg0  ;
; 46.933 ; 50.000       ; 3.067          ; Low Pulse Width  ; clk   ; Rise       ; ml_inference_scanpipe:ml_path|altsyncram:hidden_rtl_0|altsyncram_sng1:auto_generated|ram_block1a0~porta_datain_reg0  ;
; 46.933 ; 50.000       ; 3.067          ; High Pulse Width ; clk   ; Rise       ; ml_inference_scanpipe:ml_path|altsyncram:hidden_rtl_0|altsyncram_sng1:auto_generated|ram_block1a0~porta_datain_reg1  ;
; 46.933 ; 50.000       ; 3.067          ; Low Pulse Width  ; clk   ; Rise       ; ml_inference_scanpipe:ml_path|altsyncram:hidden_rtl_0|altsyncram_sng1:auto_generated|ram_block1a0~porta_datain_reg1  ;
; 46.933 ; 50.000       ; 3.067          ; High Pulse Width ; clk   ; Rise       ; ml_inference_scanpipe:ml_path|altsyncram:hidden_rtl_0|altsyncram_sng1:auto_generated|ram_block1a0~porta_datain_reg10 ;
; 46.933 ; 50.000       ; 3.067          ; Low Pulse Width  ; clk   ; Rise       ; ml_inference_scanpipe:ml_path|altsyncram:hidden_rtl_0|altsyncram_sng1:auto_generated|ram_block1a0~porta_datain_reg10 ;
; 46.933 ; 50.000       ; 3.067          ; High Pulse Width ; clk   ; Rise       ; ml_inference_scanpipe:ml_path|altsyncram:hidden_rtl_0|altsyncram_sng1:auto_generated|ram_block1a0~porta_datain_reg11 ;
; 46.933 ; 50.000       ; 3.067          ; Low Pulse Width  ; clk   ; Rise       ; ml_inference_scanpipe:ml_path|altsyncram:hidden_rtl_0|altsyncram_sng1:auto_generated|ram_block1a0~porta_datain_reg11 ;
; 46.933 ; 50.000       ; 3.067          ; High Pulse Width ; clk   ; Rise       ; ml_inference_scanpipe:ml_path|altsyncram:hidden_rtl_0|altsyncram_sng1:auto_generated|ram_block1a0~porta_datain_reg12 ;
; 46.933 ; 50.000       ; 3.067          ; Low Pulse Width  ; clk   ; Rise       ; ml_inference_scanpipe:ml_path|altsyncram:hidden_rtl_0|altsyncram_sng1:auto_generated|ram_block1a0~porta_datain_reg12 ;
; 46.933 ; 50.000       ; 3.067          ; High Pulse Width ; clk   ; Rise       ; ml_inference_scanpipe:ml_path|altsyncram:hidden_rtl_0|altsyncram_sng1:auto_generated|ram_block1a0~porta_datain_reg13 ;
; 46.933 ; 50.000       ; 3.067          ; Low Pulse Width  ; clk   ; Rise       ; ml_inference_scanpipe:ml_path|altsyncram:hidden_rtl_0|altsyncram_sng1:auto_generated|ram_block1a0~porta_datain_reg13 ;
; 46.933 ; 50.000       ; 3.067          ; High Pulse Width ; clk   ; Rise       ; ml_inference_scanpipe:ml_path|altsyncram:hidden_rtl_0|altsyncram_sng1:auto_generated|ram_block1a0~porta_datain_reg14 ;
; 46.933 ; 50.000       ; 3.067          ; Low Pulse Width  ; clk   ; Rise       ; ml_inference_scanpipe:ml_path|altsyncram:hidden_rtl_0|altsyncram_sng1:auto_generated|ram_block1a0~porta_datain_reg14 ;
; 46.933 ; 50.000       ; 3.067          ; High Pulse Width ; clk   ; Rise       ; ml_inference_scanpipe:ml_path|altsyncram:hidden_rtl_0|altsyncram_sng1:auto_generated|ram_block1a0~porta_datain_reg15 ;
; 46.933 ; 50.000       ; 3.067          ; Low Pulse Width  ; clk   ; Rise       ; ml_inference_scanpipe:ml_path|altsyncram:hidden_rtl_0|altsyncram_sng1:auto_generated|ram_block1a0~porta_datain_reg15 ;
; 46.933 ; 50.000       ; 3.067          ; High Pulse Width ; clk   ; Rise       ; ml_inference_scanpipe:ml_path|altsyncram:hidden_rtl_0|altsyncram_sng1:auto_generated|ram_block1a0~porta_datain_reg16 ;
; 46.933 ; 50.000       ; 3.067          ; Low Pulse Width  ; clk   ; Rise       ; ml_inference_scanpipe:ml_path|altsyncram:hidden_rtl_0|altsyncram_sng1:auto_generated|ram_block1a0~porta_datain_reg16 ;
; 46.933 ; 50.000       ; 3.067          ; High Pulse Width ; clk   ; Rise       ; ml_inference_scanpipe:ml_path|altsyncram:hidden_rtl_0|altsyncram_sng1:auto_generated|ram_block1a0~porta_datain_reg17 ;
; 46.933 ; 50.000       ; 3.067          ; Low Pulse Width  ; clk   ; Rise       ; ml_inference_scanpipe:ml_path|altsyncram:hidden_rtl_0|altsyncram_sng1:auto_generated|ram_block1a0~porta_datain_reg17 ;
; 46.933 ; 50.000       ; 3.067          ; High Pulse Width ; clk   ; Rise       ; ml_inference_scanpipe:ml_path|altsyncram:hidden_rtl_0|altsyncram_sng1:auto_generated|ram_block1a0~porta_datain_reg18 ;
; 46.933 ; 50.000       ; 3.067          ; Low Pulse Width  ; clk   ; Rise       ; ml_inference_scanpipe:ml_path|altsyncram:hidden_rtl_0|altsyncram_sng1:auto_generated|ram_block1a0~porta_datain_reg18 ;
; 46.933 ; 50.000       ; 3.067          ; High Pulse Width ; clk   ; Rise       ; ml_inference_scanpipe:ml_path|altsyncram:hidden_rtl_0|altsyncram_sng1:auto_generated|ram_block1a0~porta_datain_reg19 ;
; 46.933 ; 50.000       ; 3.067          ; Low Pulse Width  ; clk   ; Rise       ; ml_inference_scanpipe:ml_path|altsyncram:hidden_rtl_0|altsyncram_sng1:auto_generated|ram_block1a0~porta_datain_reg19 ;
; 46.933 ; 50.000       ; 3.067          ; High Pulse Width ; clk   ; Rise       ; ml_inference_scanpipe:ml_path|altsyncram:hidden_rtl_0|altsyncram_sng1:auto_generated|ram_block1a0~porta_datain_reg2  ;
; 46.933 ; 50.000       ; 3.067          ; Low Pulse Width  ; clk   ; Rise       ; ml_inference_scanpipe:ml_path|altsyncram:hidden_rtl_0|altsyncram_sng1:auto_generated|ram_block1a0~porta_datain_reg2  ;
; 46.933 ; 50.000       ; 3.067          ; High Pulse Width ; clk   ; Rise       ; ml_inference_scanpipe:ml_path|altsyncram:hidden_rtl_0|altsyncram_sng1:auto_generated|ram_block1a0~porta_datain_reg20 ;
; 46.933 ; 50.000       ; 3.067          ; Low Pulse Width  ; clk   ; Rise       ; ml_inference_scanpipe:ml_path|altsyncram:hidden_rtl_0|altsyncram_sng1:auto_generated|ram_block1a0~porta_datain_reg20 ;
; 46.933 ; 50.000       ; 3.067          ; High Pulse Width ; clk   ; Rise       ; ml_inference_scanpipe:ml_path|altsyncram:hidden_rtl_0|altsyncram_sng1:auto_generated|ram_block1a0~porta_datain_reg21 ;
; 46.933 ; 50.000       ; 3.067          ; Low Pulse Width  ; clk   ; Rise       ; ml_inference_scanpipe:ml_path|altsyncram:hidden_rtl_0|altsyncram_sng1:auto_generated|ram_block1a0~porta_datain_reg21 ;
; 46.933 ; 50.000       ; 3.067          ; High Pulse Width ; clk   ; Rise       ; ml_inference_scanpipe:ml_path|altsyncram:hidden_rtl_0|altsyncram_sng1:auto_generated|ram_block1a0~porta_datain_reg22 ;
; 46.933 ; 50.000       ; 3.067          ; Low Pulse Width  ; clk   ; Rise       ; ml_inference_scanpipe:ml_path|altsyncram:hidden_rtl_0|altsyncram_sng1:auto_generated|ram_block1a0~porta_datain_reg22 ;
; 46.933 ; 50.000       ; 3.067          ; High Pulse Width ; clk   ; Rise       ; ml_inference_scanpipe:ml_path|altsyncram:hidden_rtl_0|altsyncram_sng1:auto_generated|ram_block1a0~porta_datain_reg23 ;
; 46.933 ; 50.000       ; 3.067          ; Low Pulse Width  ; clk   ; Rise       ; ml_inference_scanpipe:ml_path|altsyncram:hidden_rtl_0|altsyncram_sng1:auto_generated|ram_block1a0~porta_datain_reg23 ;
; 46.933 ; 50.000       ; 3.067          ; High Pulse Width ; clk   ; Rise       ; ml_inference_scanpipe:ml_path|altsyncram:hidden_rtl_0|altsyncram_sng1:auto_generated|ram_block1a0~porta_datain_reg24 ;
; 46.933 ; 50.000       ; 3.067          ; Low Pulse Width  ; clk   ; Rise       ; ml_inference_scanpipe:ml_path|altsyncram:hidden_rtl_0|altsyncram_sng1:auto_generated|ram_block1a0~porta_datain_reg24 ;
; 46.933 ; 50.000       ; 3.067          ; High Pulse Width ; clk   ; Rise       ; ml_inference_scanpipe:ml_path|altsyncram:hidden_rtl_0|altsyncram_sng1:auto_generated|ram_block1a0~porta_datain_reg25 ;
; 46.933 ; 50.000       ; 3.067          ; Low Pulse Width  ; clk   ; Rise       ; ml_inference_scanpipe:ml_path|altsyncram:hidden_rtl_0|altsyncram_sng1:auto_generated|ram_block1a0~porta_datain_reg25 ;
; 46.933 ; 50.000       ; 3.067          ; High Pulse Width ; clk   ; Rise       ; ml_inference_scanpipe:ml_path|altsyncram:hidden_rtl_0|altsyncram_sng1:auto_generated|ram_block1a0~porta_datain_reg26 ;
; 46.933 ; 50.000       ; 3.067          ; Low Pulse Width  ; clk   ; Rise       ; ml_inference_scanpipe:ml_path|altsyncram:hidden_rtl_0|altsyncram_sng1:auto_generated|ram_block1a0~porta_datain_reg26 ;
; 46.933 ; 50.000       ; 3.067          ; High Pulse Width ; clk   ; Rise       ; ml_inference_scanpipe:ml_path|altsyncram:hidden_rtl_0|altsyncram_sng1:auto_generated|ram_block1a0~porta_datain_reg27 ;
; 46.933 ; 50.000       ; 3.067          ; Low Pulse Width  ; clk   ; Rise       ; ml_inference_scanpipe:ml_path|altsyncram:hidden_rtl_0|altsyncram_sng1:auto_generated|ram_block1a0~porta_datain_reg27 ;
; 46.933 ; 50.000       ; 3.067          ; High Pulse Width ; clk   ; Rise       ; ml_inference_scanpipe:ml_path|altsyncram:hidden_rtl_0|altsyncram_sng1:auto_generated|ram_block1a0~porta_datain_reg28 ;
; 46.933 ; 50.000       ; 3.067          ; Low Pulse Width  ; clk   ; Rise       ; ml_inference_scanpipe:ml_path|altsyncram:hidden_rtl_0|altsyncram_sng1:auto_generated|ram_block1a0~porta_datain_reg28 ;
; 46.933 ; 50.000       ; 3.067          ; High Pulse Width ; clk   ; Rise       ; ml_inference_scanpipe:ml_path|altsyncram:hidden_rtl_0|altsyncram_sng1:auto_generated|ram_block1a0~porta_datain_reg29 ;
; 46.933 ; 50.000       ; 3.067          ; Low Pulse Width  ; clk   ; Rise       ; ml_inference_scanpipe:ml_path|altsyncram:hidden_rtl_0|altsyncram_sng1:auto_generated|ram_block1a0~porta_datain_reg29 ;
; 46.933 ; 50.000       ; 3.067          ; High Pulse Width ; clk   ; Rise       ; ml_inference_scanpipe:ml_path|altsyncram:hidden_rtl_0|altsyncram_sng1:auto_generated|ram_block1a0~porta_datain_reg3  ;
; 46.933 ; 50.000       ; 3.067          ; Low Pulse Width  ; clk   ; Rise       ; ml_inference_scanpipe:ml_path|altsyncram:hidden_rtl_0|altsyncram_sng1:auto_generated|ram_block1a0~porta_datain_reg3  ;
; 46.933 ; 50.000       ; 3.067          ; High Pulse Width ; clk   ; Rise       ; ml_inference_scanpipe:ml_path|altsyncram:hidden_rtl_0|altsyncram_sng1:auto_generated|ram_block1a0~porta_datain_reg30 ;
; 46.933 ; 50.000       ; 3.067          ; Low Pulse Width  ; clk   ; Rise       ; ml_inference_scanpipe:ml_path|altsyncram:hidden_rtl_0|altsyncram_sng1:auto_generated|ram_block1a0~porta_datain_reg30 ;
; 46.933 ; 50.000       ; 3.067          ; High Pulse Width ; clk   ; Rise       ; ml_inference_scanpipe:ml_path|altsyncram:hidden_rtl_0|altsyncram_sng1:auto_generated|ram_block1a0~porta_datain_reg31 ;
; 46.933 ; 50.000       ; 3.067          ; Low Pulse Width  ; clk   ; Rise       ; ml_inference_scanpipe:ml_path|altsyncram:hidden_rtl_0|altsyncram_sng1:auto_generated|ram_block1a0~porta_datain_reg31 ;
; 46.933 ; 50.000       ; 3.067          ; High Pulse Width ; clk   ; Rise       ; ml_inference_scanpipe:ml_path|altsyncram:hidden_rtl_0|altsyncram_sng1:auto_generated|ram_block1a0~porta_datain_reg4  ;
; 46.933 ; 50.000       ; 3.067          ; Low Pulse Width  ; clk   ; Rise       ; ml_inference_scanpipe:ml_path|altsyncram:hidden_rtl_0|altsyncram_sng1:auto_generated|ram_block1a0~porta_datain_reg4  ;
; 46.933 ; 50.000       ; 3.067          ; High Pulse Width ; clk   ; Rise       ; ml_inference_scanpipe:ml_path|altsyncram:hidden_rtl_0|altsyncram_sng1:auto_generated|ram_block1a0~porta_datain_reg5  ;
; 46.933 ; 50.000       ; 3.067          ; Low Pulse Width  ; clk   ; Rise       ; ml_inference_scanpipe:ml_path|altsyncram:hidden_rtl_0|altsyncram_sng1:auto_generated|ram_block1a0~porta_datain_reg5  ;
; 46.933 ; 50.000       ; 3.067          ; High Pulse Width ; clk   ; Rise       ; ml_inference_scanpipe:ml_path|altsyncram:hidden_rtl_0|altsyncram_sng1:auto_generated|ram_block1a0~porta_datain_reg6  ;
; 46.933 ; 50.000       ; 3.067          ; Low Pulse Width  ; clk   ; Rise       ; ml_inference_scanpipe:ml_path|altsyncram:hidden_rtl_0|altsyncram_sng1:auto_generated|ram_block1a0~porta_datain_reg6  ;
; 46.933 ; 50.000       ; 3.067          ; High Pulse Width ; clk   ; Rise       ; ml_inference_scanpipe:ml_path|altsyncram:hidden_rtl_0|altsyncram_sng1:auto_generated|ram_block1a0~porta_datain_reg7  ;
; 46.933 ; 50.000       ; 3.067          ; Low Pulse Width  ; clk   ; Rise       ; ml_inference_scanpipe:ml_path|altsyncram:hidden_rtl_0|altsyncram_sng1:auto_generated|ram_block1a0~porta_datain_reg7  ;
; 46.933 ; 50.000       ; 3.067          ; High Pulse Width ; clk   ; Rise       ; ml_inference_scanpipe:ml_path|altsyncram:hidden_rtl_0|altsyncram_sng1:auto_generated|ram_block1a0~porta_datain_reg8  ;
; 46.933 ; 50.000       ; 3.067          ; Low Pulse Width  ; clk   ; Rise       ; ml_inference_scanpipe:ml_path|altsyncram:hidden_rtl_0|altsyncram_sng1:auto_generated|ram_block1a0~porta_datain_reg8  ;
; 46.933 ; 50.000       ; 3.067          ; High Pulse Width ; clk   ; Rise       ; ml_inference_scanpipe:ml_path|altsyncram:hidden_rtl_0|altsyncram_sng1:auto_generated|ram_block1a0~porta_datain_reg9  ;
; 46.933 ; 50.000       ; 3.067          ; Low Pulse Width  ; clk   ; Rise       ; ml_inference_scanpipe:ml_path|altsyncram:hidden_rtl_0|altsyncram_sng1:auto_generated|ram_block1a0~porta_datain_reg9  ;
; 46.933 ; 50.000       ; 3.067          ; High Pulse Width ; clk   ; Rise       ; ml_inference_scanpipe:ml_path|altsyncram:hidden_rtl_0|altsyncram_sng1:auto_generated|ram_block1a0~porta_memory_reg0  ;
; 46.933 ; 50.000       ; 3.067          ; Low Pulse Width  ; clk   ; Rise       ; ml_inference_scanpipe:ml_path|altsyncram:hidden_rtl_0|altsyncram_sng1:auto_generated|ram_block1a0~porta_memory_reg0  ;
; 46.933 ; 50.000       ; 3.067          ; High Pulse Width ; clk   ; Rise       ; ml_inference_scanpipe:ml_path|altsyncram:hidden_rtl_0|altsyncram_sng1:auto_generated|ram_block1a0~porta_we_reg       ;
; 46.933 ; 50.000       ; 3.067          ; Low Pulse Width  ; clk   ; Rise       ; ml_inference_scanpipe:ml_path|altsyncram:hidden_rtl_0|altsyncram_sng1:auto_generated|ram_block1a0~porta_we_reg       ;
; 46.933 ; 50.000       ; 3.067          ; High Pulse Width ; clk   ; Rise       ; ml_inference_scanpipe:ml_path|altsyncram:hidden_rtl_0|altsyncram_sng1:auto_generated|ram_block1a0~portb_address_reg0 ;
; 46.933 ; 50.000       ; 3.067          ; Low Pulse Width  ; clk   ; Rise       ; ml_inference_scanpipe:ml_path|altsyncram:hidden_rtl_0|altsyncram_sng1:auto_generated|ram_block1a0~portb_address_reg0 ;
; 46.933 ; 50.000       ; 3.067          ; High Pulse Width ; clk   ; Rise       ; ml_inference_scanpipe:ml_path|altsyncram:hidden_rtl_0|altsyncram_sng1:auto_generated|ram_block1a0~portb_address_reg1 ;
; 46.933 ; 50.000       ; 3.067          ; Low Pulse Width  ; clk   ; Rise       ; ml_inference_scanpipe:ml_path|altsyncram:hidden_rtl_0|altsyncram_sng1:auto_generated|ram_block1a0~portb_address_reg1 ;
; 46.933 ; 50.000       ; 3.067          ; High Pulse Width ; clk   ; Rise       ; ml_inference_scanpipe:ml_path|altsyncram:hidden_rtl_0|altsyncram_sng1:auto_generated|ram_block1a0~portb_address_reg2 ;
; 46.933 ; 50.000       ; 3.067          ; Low Pulse Width  ; clk   ; Rise       ; ml_inference_scanpipe:ml_path|altsyncram:hidden_rtl_0|altsyncram_sng1:auto_generated|ram_block1a0~portb_address_reg2 ;
; 46.933 ; 50.000       ; 3.067          ; High Pulse Width ; clk   ; Rise       ; ml_inference_scanpipe:ml_path|altsyncram:hidden_rtl_0|altsyncram_sng1:auto_generated|ram_block1a0~portb_address_reg3 ;
; 46.933 ; 50.000       ; 3.067          ; Low Pulse Width  ; clk   ; Rise       ; ml_inference_scanpipe:ml_path|altsyncram:hidden_rtl_0|altsyncram_sng1:auto_generated|ram_block1a0~portb_address_reg3 ;
; 46.933 ; 50.000       ; 3.067          ; High Pulse Width ; clk   ; Rise       ; ml_inference_scanpipe:ml_path|altsyncram:hidden_rtl_0|altsyncram_sng1:auto_generated|ram_block1a0~portb_address_reg4 ;
; 46.933 ; 50.000       ; 3.067          ; Low Pulse Width  ; clk   ; Rise       ; ml_inference_scanpipe:ml_path|altsyncram:hidden_rtl_0|altsyncram_sng1:auto_generated|ram_block1a0~portb_address_reg4 ;
; 46.933 ; 50.000       ; 3.067          ; High Pulse Width ; clk   ; Rise       ; ml_inference_scanpipe:ml_path|altsyncram:hidden_rtl_0|altsyncram_sng1:auto_generated|ram_block1a10~porta_memory_reg0 ;
; 46.933 ; 50.000       ; 3.067          ; Low Pulse Width  ; clk   ; Rise       ; ml_inference_scanpipe:ml_path|altsyncram:hidden_rtl_0|altsyncram_sng1:auto_generated|ram_block1a10~porta_memory_reg0 ;
; 46.933 ; 50.000       ; 3.067          ; High Pulse Width ; clk   ; Rise       ; ml_inference_scanpipe:ml_path|altsyncram:hidden_rtl_0|altsyncram_sng1:auto_generated|ram_block1a11~porta_memory_reg0 ;
; 46.933 ; 50.000       ; 3.067          ; Low Pulse Width  ; clk   ; Rise       ; ml_inference_scanpipe:ml_path|altsyncram:hidden_rtl_0|altsyncram_sng1:auto_generated|ram_block1a11~porta_memory_reg0 ;
; 46.933 ; 50.000       ; 3.067          ; High Pulse Width ; clk   ; Rise       ; ml_inference_scanpipe:ml_path|altsyncram:hidden_rtl_0|altsyncram_sng1:auto_generated|ram_block1a12~porta_memory_reg0 ;
; 46.933 ; 50.000       ; 3.067          ; Low Pulse Width  ; clk   ; Rise       ; ml_inference_scanpipe:ml_path|altsyncram:hidden_rtl_0|altsyncram_sng1:auto_generated|ram_block1a12~porta_memory_reg0 ;
; 46.933 ; 50.000       ; 3.067          ; High Pulse Width ; clk   ; Rise       ; ml_inference_scanpipe:ml_path|altsyncram:hidden_rtl_0|altsyncram_sng1:auto_generated|ram_block1a13~porta_memory_reg0 ;
; 46.933 ; 50.000       ; 3.067          ; Low Pulse Width  ; clk   ; Rise       ; ml_inference_scanpipe:ml_path|altsyncram:hidden_rtl_0|altsyncram_sng1:auto_generated|ram_block1a13~porta_memory_reg0 ;
; 46.933 ; 50.000       ; 3.067          ; High Pulse Width ; clk   ; Rise       ; ml_inference_scanpipe:ml_path|altsyncram:hidden_rtl_0|altsyncram_sng1:auto_generated|ram_block1a14~porta_memory_reg0 ;
; 46.933 ; 50.000       ; 3.067          ; Low Pulse Width  ; clk   ; Rise       ; ml_inference_scanpipe:ml_path|altsyncram:hidden_rtl_0|altsyncram_sng1:auto_generated|ram_block1a14~porta_memory_reg0 ;
; 46.933 ; 50.000       ; 3.067          ; High Pulse Width ; clk   ; Rise       ; ml_inference_scanpipe:ml_path|altsyncram:hidden_rtl_0|altsyncram_sng1:auto_generated|ram_block1a15~porta_memory_reg0 ;
; 46.933 ; 50.000       ; 3.067          ; Low Pulse Width  ; clk   ; Rise       ; ml_inference_scanpipe:ml_path|altsyncram:hidden_rtl_0|altsyncram_sng1:auto_generated|ram_block1a15~porta_memory_reg0 ;
+--------+--------------+----------------+------------------+-------+------------+----------------------------------------------------------------------------------------------------------------------+


+--------------------------------------------------------------------------+
; Setup Times                                                              ;
+--------------+------------+-------+-------+------------+-----------------+
; Data Port    ; Clock Port ; Rise  ; Fall  ; Clock Edge ; Clock Reference ;
+--------------+------------+-------+-------+------------+-----------------+
; clear_frame  ; clk        ; 9.062 ; 9.062 ; Rise       ; clk             ;
; reset_n      ; clk        ; 5.779 ; 5.779 ; Rise       ; clk             ;
; start_stream ; clk        ; 3.496 ; 3.496 ; Rise       ; clk             ;
; touch_irq_n  ; clk        ; 5.592 ; 5.592 ; Rise       ; clk             ;
; touch_miso   ; clk        ; 1.389 ; 1.389 ; Rise       ; clk             ;
+--------------+------------+-------+-------+------------+-----------------+


+----------------------------------------------------------------------------+
; Hold Times                                                                 ;
+--------------+------------+--------+--------+------------+-----------------+
; Data Port    ; Clock Port ; Rise   ; Fall   ; Clock Edge ; Clock Reference ;
+--------------+------------+--------+--------+------------+-----------------+
; clear_frame  ; clk        ; -0.753 ; -0.753 ; Rise       ; clk             ;
; reset_n      ; clk        ; -0.092 ; -0.092 ; Rise       ; clk             ;
; start_stream ; clk        ; -1.964 ; -1.964 ; Rise       ; clk             ;
; touch_irq_n  ; clk        ; -0.080 ; -0.080 ; Rise       ; clk             ;
; touch_miso   ; clk        ; -1.123 ; -1.123 ; Rise       ; clk             ;
+--------------+------------+--------+--------+------------+-----------------+


+-----------------------------------------------------------------------------------+
; Clock to Output Times                                                             ;
+-----------------------+------------+-------+-------+------------+-----------------+
; Data Port             ; Clock Port ; Rise  ; Fall  ; Clock Edge ; Clock Reference ;
+-----------------------+------------+-------+-------+------------+-----------------+
; ml_busy               ; clk        ; 8.075 ; 8.075 ; Rise       ; clk             ;
; result_accepted       ; clk        ; 7.973 ; 7.973 ; Rise       ; clk             ;
; result_confidence[*]  ; clk        ; 7.983 ; 7.983 ; Rise       ; clk             ;
;  result_confidence[0] ; clk        ; 7.600 ; 7.600 ; Rise       ; clk             ;
;  result_confidence[1] ; clk        ; 7.595 ; 7.595 ; Rise       ; clk             ;
;  result_confidence[2] ; clk        ; 7.547 ; 7.547 ; Rise       ; clk             ;
;  result_confidence[3] ; clk        ; 7.535 ; 7.535 ; Rise       ; clk             ;
;  result_confidence[4] ; clk        ; 7.737 ; 7.737 ; Rise       ; clk             ;
;  result_confidence[5] ; clk        ; 7.825 ; 7.825 ; Rise       ; clk             ;
;  result_confidence[6] ; clk        ; 7.557 ; 7.557 ; Rise       ; clk             ;
;  result_confidence[7] ; clk        ; 7.983 ; 7.983 ; Rise       ; clk             ;
; result_cycles[*]      ; clk        ; 8.545 ; 8.545 ; Rise       ; clk             ;
;  result_cycles[0]     ; clk        ; 7.221 ; 7.221 ; Rise       ; clk             ;
;  result_cycles[1]     ; clk        ; 7.842 ; 7.842 ; Rise       ; clk             ;
;  result_cycles[2]     ; clk        ; 7.255 ; 7.255 ; Rise       ; clk             ;
;  result_cycles[3]     ; clk        ; 8.484 ; 8.484 ; Rise       ; clk             ;
;  result_cycles[4]     ; clk        ; 6.772 ; 6.772 ; Rise       ; clk             ;
;  result_cycles[5]     ; clk        ; 7.259 ; 7.259 ; Rise       ; clk             ;
;  result_cycles[6]     ; clk        ; 7.235 ; 7.235 ; Rise       ; clk             ;
;  result_cycles[7]     ; clk        ; 7.314 ; 7.314 ; Rise       ; clk             ;
;  result_cycles[8]     ; clk        ; 7.687 ; 7.687 ; Rise       ; clk             ;
;  result_cycles[9]     ; clk        ; 8.063 ; 8.063 ; Rise       ; clk             ;
;  result_cycles[10]    ; clk        ; 8.093 ; 8.093 ; Rise       ; clk             ;
;  result_cycles[11]    ; clk        ; 7.303 ; 7.303 ; Rise       ; clk             ;
;  result_cycles[12]    ; clk        ; 8.047 ; 8.047 ; Rise       ; clk             ;
;  result_cycles[13]    ; clk        ; 8.545 ; 8.545 ; Rise       ; clk             ;
;  result_cycles[14]    ; clk        ; 6.829 ; 6.829 ; Rise       ; clk             ;
;  result_cycles[15]    ; clk        ; 7.678 ; 7.678 ; Rise       ; clk             ;
;  result_cycles[16]    ; clk        ; 7.641 ; 7.641 ; Rise       ; clk             ;
;  result_cycles[17]    ; clk        ; 7.627 ; 7.627 ; Rise       ; clk             ;
;  result_cycles[18]    ; clk        ; 8.428 ; 8.428 ; Rise       ; clk             ;
;  result_cycles[19]    ; clk        ; 7.298 ; 7.298 ; Rise       ; clk             ;
;  result_cycles[20]    ; clk        ; 7.689 ; 7.689 ; Rise       ; clk             ;
;  result_cycles[21]    ; clk        ; 7.251 ; 7.251 ; Rise       ; clk             ;
;  result_cycles[22]    ; clk        ; 7.301 ; 7.301 ; Rise       ; clk             ;
;  result_cycles[23]    ; clk        ; 7.210 ; 7.210 ; Rise       ; clk             ;
;  result_cycles[24]    ; clk        ; 6.771 ; 6.771 ; Rise       ; clk             ;
;  result_cycles[25]    ; clk        ; 7.254 ; 7.254 ; Rise       ; clk             ;
;  result_cycles[26]    ; clk        ; 7.248 ; 7.248 ; Rise       ; clk             ;
;  result_cycles[27]    ; clk        ; 7.266 ; 7.266 ; Rise       ; clk             ;
;  result_cycles[28]    ; clk        ; 8.058 ; 8.058 ; Rise       ; clk             ;
;  result_cycles[29]    ; clk        ; 7.178 ; 7.178 ; Rise       ; clk             ;
;  result_cycles[30]    ; clk        ; 7.630 ; 7.630 ; Rise       ; clk             ;
;  result_cycles[31]    ; clk        ; 7.815 ; 7.815 ; Rise       ; clk             ;
; result_digit[*]       ; clk        ; 8.065 ; 8.065 ; Rise       ; clk             ;
;  result_digit[0]      ; clk        ; 7.658 ; 7.658 ; Rise       ; clk             ;
;  result_digit[1]      ; clk        ; 7.507 ; 7.507 ; Rise       ; clk             ;
;  result_digit[2]      ; clk        ; 8.065 ; 8.065 ; Rise       ; clk             ;
;  result_digit[3]      ; clk        ; 7.291 ; 7.291 ; Rise       ; clk             ;
; result_margin[*]      ; clk        ; 8.116 ; 8.116 ; Rise       ; clk             ;
;  result_margin[0]     ; clk        ; 7.640 ; 7.640 ; Rise       ; clk             ;
;  result_margin[1]     ; clk        ; 7.898 ; 7.898 ; Rise       ; clk             ;
;  result_margin[2]     ; clk        ; 8.061 ; 8.061 ; Rise       ; clk             ;
;  result_margin[3]     ; clk        ; 7.680 ; 7.680 ; Rise       ; clk             ;
;  result_margin[4]     ; clk        ; 7.293 ; 7.293 ; Rise       ; clk             ;
;  result_margin[5]     ; clk        ; 7.764 ; 7.764 ; Rise       ; clk             ;
;  result_margin[6]     ; clk        ; 8.116 ; 8.116 ; Rise       ; clk             ;
;  result_margin[7]     ; clk        ; 7.646 ; 7.646 ; Rise       ; clk             ;
;  result_margin[8]     ; clk        ; 7.712 ; 7.712 ; Rise       ; clk             ;
;  result_margin[9]     ; clk        ; 7.625 ; 7.625 ; Rise       ; clk             ;
;  result_margin[10]    ; clk        ; 7.305 ; 7.305 ; Rise       ; clk             ;
;  result_margin[11]    ; clk        ; 8.040 ; 8.040 ; Rise       ; clk             ;
;  result_margin[12]    ; clk        ; 7.289 ; 7.289 ; Rise       ; clk             ;
;  result_margin[13]    ; clk        ; 7.706 ; 7.706 ; Rise       ; clk             ;
;  result_margin[14]    ; clk        ; 7.705 ; 7.705 ; Rise       ; clk             ;
;  result_margin[15]    ; clk        ; 7.639 ; 7.639 ; Rise       ; clk             ;
; result_valid          ; clk        ; 7.662 ; 7.662 ; Rise       ; clk             ;
; touch_cs_n            ; clk        ; 7.508 ; 7.508 ; Rise       ; clk             ;
; touch_mosi            ; clk        ; 7.907 ; 7.907 ; Rise       ; clk             ;
; touch_sclk            ; clk        ; 7.915 ; 7.915 ; Rise       ; clk             ;
+-----------------------+------------+-------+-------+------------+-----------------+


+-----------------------------------------------------------------------------------+
; Minimum Clock to Output Times                                                     ;
+-----------------------+------------+-------+-------+------------+-----------------+
; Data Port             ; Clock Port ; Rise  ; Fall  ; Clock Edge ; Clock Reference ;
+-----------------------+------------+-------+-------+------------+-----------------+
; ml_busy               ; clk        ; 8.075 ; 8.075 ; Rise       ; clk             ;
; result_accepted       ; clk        ; 7.973 ; 7.973 ; Rise       ; clk             ;
; result_confidence[*]  ; clk        ; 7.535 ; 7.535 ; Rise       ; clk             ;
;  result_confidence[0] ; clk        ; 7.600 ; 7.600 ; Rise       ; clk             ;
;  result_confidence[1] ; clk        ; 7.595 ; 7.595 ; Rise       ; clk             ;
;  result_confidence[2] ; clk        ; 7.547 ; 7.547 ; Rise       ; clk             ;
;  result_confidence[3] ; clk        ; 7.535 ; 7.535 ; Rise       ; clk             ;
;  result_confidence[4] ; clk        ; 7.737 ; 7.737 ; Rise       ; clk             ;
;  result_confidence[5] ; clk        ; 7.825 ; 7.825 ; Rise       ; clk             ;
;  result_confidence[6] ; clk        ; 7.557 ; 7.557 ; Rise       ; clk             ;
;  result_confidence[7] ; clk        ; 7.983 ; 7.983 ; Rise       ; clk             ;
; result_cycles[*]      ; clk        ; 6.771 ; 6.771 ; Rise       ; clk             ;
;  result_cycles[0]     ; clk        ; 7.221 ; 7.221 ; Rise       ; clk             ;
;  result_cycles[1]     ; clk        ; 7.842 ; 7.842 ; Rise       ; clk             ;
;  result_cycles[2]     ; clk        ; 7.255 ; 7.255 ; Rise       ; clk             ;
;  result_cycles[3]     ; clk        ; 8.484 ; 8.484 ; Rise       ; clk             ;
;  result_cycles[4]     ; clk        ; 6.772 ; 6.772 ; Rise       ; clk             ;
;  result_cycles[5]     ; clk        ; 7.259 ; 7.259 ; Rise       ; clk             ;
;  result_cycles[6]     ; clk        ; 7.235 ; 7.235 ; Rise       ; clk             ;
;  result_cycles[7]     ; clk        ; 7.314 ; 7.314 ; Rise       ; clk             ;
;  result_cycles[8]     ; clk        ; 7.687 ; 7.687 ; Rise       ; clk             ;
;  result_cycles[9]     ; clk        ; 8.063 ; 8.063 ; Rise       ; clk             ;
;  result_cycles[10]    ; clk        ; 8.093 ; 8.093 ; Rise       ; clk             ;
;  result_cycles[11]    ; clk        ; 7.303 ; 7.303 ; Rise       ; clk             ;
;  result_cycles[12]    ; clk        ; 8.047 ; 8.047 ; Rise       ; clk             ;
;  result_cycles[13]    ; clk        ; 8.545 ; 8.545 ; Rise       ; clk             ;
;  result_cycles[14]    ; clk        ; 6.829 ; 6.829 ; Rise       ; clk             ;
;  result_cycles[15]    ; clk        ; 7.678 ; 7.678 ; Rise       ; clk             ;
;  result_cycles[16]    ; clk        ; 7.641 ; 7.641 ; Rise       ; clk             ;
;  result_cycles[17]    ; clk        ; 7.627 ; 7.627 ; Rise       ; clk             ;
;  result_cycles[18]    ; clk        ; 8.428 ; 8.428 ; Rise       ; clk             ;
;  result_cycles[19]    ; clk        ; 7.298 ; 7.298 ; Rise       ; clk             ;
;  result_cycles[20]    ; clk        ; 7.689 ; 7.689 ; Rise       ; clk             ;
;  result_cycles[21]    ; clk        ; 7.251 ; 7.251 ; Rise       ; clk             ;
;  result_cycles[22]    ; clk        ; 7.301 ; 7.301 ; Rise       ; clk             ;
;  result_cycles[23]    ; clk        ; 7.210 ; 7.210 ; Rise       ; clk             ;
;  result_cycles[24]    ; clk        ; 6.771 ; 6.771 ; Rise       ; clk             ;
;  result_cycles[25]    ; clk        ; 7.254 ; 7.254 ; Rise       ; clk             ;
;  result_cycles[26]    ; clk        ; 7.248 ; 7.248 ; Rise       ; clk             ;
;  result_cycles[27]    ; clk        ; 7.266 ; 7.266 ; Rise       ; clk             ;
;  result_cycles[28]    ; clk        ; 8.058 ; 8.058 ; Rise       ; clk             ;
;  result_cycles[29]    ; clk        ; 7.178 ; 7.178 ; Rise       ; clk             ;
;  result_cycles[30]    ; clk        ; 7.630 ; 7.630 ; Rise       ; clk             ;
;  result_cycles[31]    ; clk        ; 7.815 ; 7.815 ; Rise       ; clk             ;
; result_digit[*]       ; clk        ; 7.291 ; 7.291 ; Rise       ; clk             ;
;  result_digit[0]      ; clk        ; 7.658 ; 7.658 ; Rise       ; clk             ;
;  result_digit[1]      ; clk        ; 7.507 ; 7.507 ; Rise       ; clk             ;
;  result_digit[2]      ; clk        ; 8.065 ; 8.065 ; Rise       ; clk             ;
;  result_digit[3]      ; clk        ; 7.291 ; 7.291 ; Rise       ; clk             ;
; result_margin[*]      ; clk        ; 7.289 ; 7.289 ; Rise       ; clk             ;
;  result_margin[0]     ; clk        ; 7.640 ; 7.640 ; Rise       ; clk             ;
;  result_margin[1]     ; clk        ; 7.898 ; 7.898 ; Rise       ; clk             ;
;  result_margin[2]     ; clk        ; 8.061 ; 8.061 ; Rise       ; clk             ;
;  result_margin[3]     ; clk        ; 7.680 ; 7.680 ; Rise       ; clk             ;
;  result_margin[4]     ; clk        ; 7.293 ; 7.293 ; Rise       ; clk             ;
;  result_margin[5]     ; clk        ; 7.764 ; 7.764 ; Rise       ; clk             ;
;  result_margin[6]     ; clk        ; 8.116 ; 8.116 ; Rise       ; clk             ;
;  result_margin[7]     ; clk        ; 7.646 ; 7.646 ; Rise       ; clk             ;
;  result_margin[8]     ; clk        ; 7.712 ; 7.712 ; Rise       ; clk             ;
;  result_margin[9]     ; clk        ; 7.625 ; 7.625 ; Rise       ; clk             ;
;  result_margin[10]    ; clk        ; 7.305 ; 7.305 ; Rise       ; clk             ;
;  result_margin[11]    ; clk        ; 8.040 ; 8.040 ; Rise       ; clk             ;
;  result_margin[12]    ; clk        ; 7.289 ; 7.289 ; Rise       ; clk             ;
;  result_margin[13]    ; clk        ; 7.706 ; 7.706 ; Rise       ; clk             ;
;  result_margin[14]    ; clk        ; 7.705 ; 7.705 ; Rise       ; clk             ;
;  result_margin[15]    ; clk        ; 7.639 ; 7.639 ; Rise       ; clk             ;
; result_valid          ; clk        ; 7.662 ; 7.662 ; Rise       ; clk             ;
; touch_cs_n            ; clk        ; 7.508 ; 7.508 ; Rise       ; clk             ;
; touch_mosi            ; clk        ; 7.907 ; 7.907 ; Rise       ; clk             ;
; touch_sclk            ; clk        ; 7.915 ; 7.915 ; Rise       ; clk             ;
+-----------------------+------------+-------+-------+------------+-----------------+


+--------------------------------+
; Fast Model Setup Summary       ;
+-------+--------+---------------+
; Clock ; Slack  ; End Point TNS ;
+-------+--------+---------------+
; clk   ; 90.951 ; 0.000         ;
+-------+--------+---------------+


+-------------------------------+
; Fast Model Hold Summary       ;
+-------+-------+---------------+
; Clock ; Slack ; End Point TNS ;
+-------+-------+---------------+
; clk   ; 0.215 ; 0.000         ;
+-------+-------+---------------+


-------------------------------
; Fast Model Recovery Summary ;
-------------------------------
No paths to report.


------------------------------
; Fast Model Removal Summary ;
------------------------------
No paths to report.


+----------------------------------------+
; Fast Model Minimum Pulse Width Summary ;
+-------+--------+-----------------------+
; Clock ; Slack  ; End Point TNS         ;
+-------+--------+-----------------------+
; clk   ; 47.873 ; 0.000                 ;
+-------+--------+-----------------------+


+----------------------------------------------------------------------------------------------------------------------------------------------------------------------------+
; Fast Model Setup: 'clk'                                                                                                                                                    ;
+--------+---------------------------------------------+-----------------------------------------------+--------------+-------------+--------------+------------+------------+
; Slack  ; From Node                                   ; To Node                                       ; Launch Clock ; Latch Clock ; Relationship ; Clock Skew ; Data Delay ;
+--------+---------------------------------------------+-----------------------------------------------+--------------+-------------+--------------+------------+------------+
; 90.951 ; ml_inference_scanpipe:ml_path|scan_index[1] ; ml_inference_scanpipe:ml_path|scan_best[26]   ; clk          ; clk         ; 100.000      ; 0.024      ; 9.105      ;
; 90.951 ; ml_inference_scanpipe:ml_path|scan_index[1] ; ml_inference_scanpipe:ml_path|scan_best[25]   ; clk          ; clk         ; 100.000      ; 0.024      ; 9.105      ;
; 91.012 ; ml_inference_scanpipe:ml_path|scan_index[1] ; ml_inference_scanpipe:ml_path|scan_second[14] ; clk          ; clk         ; 100.000      ; 0.007      ; 9.027      ;
; 91.028 ; ml_inference_scanpipe:ml_path|scan_index[1] ; ml_inference_scanpipe:ml_path|scan_second[27] ; clk          ; clk         ; 100.000      ; 0.019      ; 9.023      ;
; 91.028 ; ml_inference_scanpipe:ml_path|scan_index[1] ; ml_inference_scanpipe:ml_path|scan_second[29] ; clk          ; clk         ; 100.000      ; 0.019      ; 9.023      ;
; 91.028 ; ml_inference_scanpipe:ml_path|scan_index[1] ; ml_inference_scanpipe:ml_path|scan_second[31] ; clk          ; clk         ; 100.000      ; 0.019      ; 9.023      ;
; 91.034 ; ml_inference_scanpipe:ml_path|scan_index[1] ; ml_inference_scanpipe:ml_path|scan_second[28] ; clk          ; clk         ; 100.000      ; 0.020      ; 9.018      ;
; 91.060 ; ml_inference_scanpipe:ml_path|scan_index[1] ; ml_inference_scanpipe:ml_path|scan_best[2]    ; clk          ; clk         ; 100.000      ; 0.003      ; 8.975      ;
; 91.060 ; ml_inference_scanpipe:ml_path|scan_index[1] ; ml_inference_scanpipe:ml_path|scan_best[1]    ; clk          ; clk         ; 100.000      ; 0.003      ; 8.975      ;
; 91.060 ; ml_inference_scanpipe:ml_path|scan_index[1] ; ml_inference_scanpipe:ml_path|scan_best[0]    ; clk          ; clk         ; 100.000      ; 0.003      ; 8.975      ;
; 91.086 ; ml_inference_scanpipe:ml_path|scan_index[1] ; ml_inference_scanpipe:ml_path|scan_second[5]  ; clk          ; clk         ; 100.000      ; -0.006     ; 8.940      ;
; 91.086 ; ml_inference_scanpipe:ml_path|scan_index[1] ; ml_inference_scanpipe:ml_path|scan_second[7]  ; clk          ; clk         ; 100.000      ; -0.006     ; 8.940      ;
; 91.086 ; ml_inference_scanpipe:ml_path|scan_index[1] ; ml_inference_scanpipe:ml_path|scan_second[6]  ; clk          ; clk         ; 100.000      ; -0.006     ; 8.940      ;
; 91.101 ; ml_inference_scanpipe:ml_path|scan_index[1] ; ml_inference_scanpipe:ml_path|scan_second[22] ; clk          ; clk         ; 100.000      ; 0.007      ; 8.938      ;
; 91.101 ; ml_inference_scanpipe:ml_path|scan_index[1] ; ml_inference_scanpipe:ml_path|scan_second[8]  ; clk          ; clk         ; 100.000      ; 0.007      ; 8.938      ;
; 91.101 ; ml_inference_scanpipe:ml_path|scan_index[1] ; ml_inference_scanpipe:ml_path|scan_second[9]  ; clk          ; clk         ; 100.000      ; 0.007      ; 8.938      ;
; 91.106 ; ml_inference_scanpipe:ml_path|scan_index[1] ; ml_inference_scanpipe:ml_path|scan_second[4]  ; clk          ; clk         ; 100.000      ; 0.003      ; 8.929      ;
; 91.106 ; ml_inference_scanpipe:ml_path|scan_index[1] ; ml_inference_scanpipe:ml_path|scan_second[10] ; clk          ; clk         ; 100.000      ; 0.003      ; 8.929      ;
; 91.112 ; ml_inference_scanpipe:ml_path|scan_index[1] ; ml_inference_scanpipe:ml_path|scan_second[24] ; clk          ; clk         ; 100.000      ; 0.013      ; 8.933      ;
; 91.112 ; ml_inference_scanpipe:ml_path|scan_index[1] ; ml_inference_scanpipe:ml_path|scan_second[23] ; clk          ; clk         ; 100.000      ; 0.013      ; 8.933      ;
; 91.113 ; ml_inference_scanpipe:ml_path|scan_index[1] ; ml_inference_scanpipe:ml_path|scan_second[26] ; clk          ; clk         ; 100.000      ; 0.024      ; 8.943      ;
; 91.113 ; ml_inference_scanpipe:ml_path|scan_index[1] ; ml_inference_scanpipe:ml_path|scan_second[25] ; clk          ; clk         ; 100.000      ; 0.024      ; 8.943      ;
; 91.124 ; ml_inference_scanpipe:ml_path|scan_index[1] ; ml_inference_scanpipe:ml_path|scan_second[13] ; clk          ; clk         ; 100.000      ; 0.024      ; 8.932      ;
; 91.124 ; ml_inference_scanpipe:ml_path|scan_index[1] ; ml_inference_scanpipe:ml_path|scan_second[11] ; clk          ; clk         ; 100.000      ; 0.024      ; 8.932      ;
; 91.124 ; ml_inference_scanpipe:ml_path|scan_index[1] ; ml_inference_scanpipe:ml_path|scan_second[12] ; clk          ; clk         ; 100.000      ; 0.024      ; 8.932      ;
; 91.147 ; ml_inference_scanpipe:ml_path|scan_index[1] ; ml_inference_scanpipe:ml_path|scan_second[1]  ; clk          ; clk         ; 100.000      ; 0.003      ; 8.888      ;
; 91.147 ; ml_inference_scanpipe:ml_path|scan_index[1] ; ml_inference_scanpipe:ml_path|scan_second[2]  ; clk          ; clk         ; 100.000      ; 0.003      ; 8.888      ;
; 91.147 ; ml_inference_scanpipe:ml_path|scan_index[1] ; ml_inference_scanpipe:ml_path|scan_second[3]  ; clk          ; clk         ; 100.000      ; 0.003      ; 8.888      ;
; 91.147 ; ml_inference_scanpipe:ml_path|scan_index[1] ; ml_inference_scanpipe:ml_path|scan_second[0]  ; clk          ; clk         ; 100.000      ; 0.003      ; 8.888      ;
; 91.156 ; ml_inference_scanpipe:ml_path|scan_index[1] ; ml_inference_scanpipe:ml_path|scan_second[21] ; clk          ; clk         ; 100.000      ; 0.019      ; 8.895      ;
; 91.156 ; ml_inference_scanpipe:ml_path|scan_index[1] ; ml_inference_scanpipe:ml_path|scan_second[19] ; clk          ; clk         ; 100.000      ; 0.019      ; 8.895      ;
; 91.156 ; ml_inference_scanpipe:ml_path|scan_index[1] ; ml_inference_scanpipe:ml_path|scan_second[20] ; clk          ; clk         ; 100.000      ; 0.019      ; 8.895      ;
; 91.163 ; ml_inference_scanpipe:ml_path|scan_index[1] ; ml_inference_scanpipe:ml_path|scan_best[4]    ; clk          ; clk         ; 100.000      ; -0.005     ; 8.864      ;
; 91.163 ; ml_inference_scanpipe:ml_path|scan_index[1] ; ml_inference_scanpipe:ml_path|scan_best[8]    ; clk          ; clk         ; 100.000      ; -0.005     ; 8.864      ;
; 91.163 ; ml_inference_scanpipe:ml_path|scan_index[1] ; ml_inference_scanpipe:ml_path|scan_best[12]   ; clk          ; clk         ; 100.000      ; -0.005     ; 8.864      ;
; 91.163 ; ml_inference_scanpipe:ml_path|scan_index[1] ; ml_inference_scanpipe:ml_path|scan_best[10]   ; clk          ; clk         ; 100.000      ; -0.005     ; 8.864      ;
; 91.184 ; ml_inference_scanpipe:ml_path|scan_index[1] ; ml_inference_scanpipe:ml_path|scan_best[9]    ; clk          ; clk         ; 100.000      ; 0.007      ; 8.855      ;
; 91.187 ; ml_inference_scanpipe:ml_path|scan_index[1] ; ml_inference_scanpipe:ml_path|scan_best[5]    ; clk          ; clk         ; 100.000      ; -0.004     ; 8.841      ;
; 91.187 ; ml_inference_scanpipe:ml_path|scan_index[1] ; ml_inference_scanpipe:ml_path|scan_best[6]    ; clk          ; clk         ; 100.000      ; -0.004     ; 8.841      ;
; 91.187 ; ml_inference_scanpipe:ml_path|scan_index[1] ; ml_inference_scanpipe:ml_path|scan_best[7]    ; clk          ; clk         ; 100.000      ; -0.004     ; 8.841      ;
; 91.212 ; ml_inference_scanpipe:ml_path|scan_index[1] ; ml_inference_scanpipe:ml_path|scan_best[27]   ; clk          ; clk         ; 100.000      ; 0.019      ; 8.839      ;
; 91.212 ; ml_inference_scanpipe:ml_path|scan_index[1] ; ml_inference_scanpipe:ml_path|scan_best[32]   ; clk          ; clk         ; 100.000      ; 0.019      ; 8.839      ;
; 91.212 ; ml_inference_scanpipe:ml_path|scan_index[1] ; ml_inference_scanpipe:ml_path|scan_best[29]   ; clk          ; clk         ; 100.000      ; 0.019      ; 8.839      ;
; 91.218 ; ml_inference_scanpipe:ml_path|scan_index[1] ; ml_inference_scanpipe:ml_path|scan_best[22]   ; clk          ; clk         ; 100.000      ; 0.013      ; 8.827      ;
; 91.218 ; ml_inference_scanpipe:ml_path|scan_index[1] ; ml_inference_scanpipe:ml_path|scan_best[24]   ; clk          ; clk         ; 100.000      ; 0.013      ; 8.827      ;
; 91.218 ; ml_inference_scanpipe:ml_path|scan_index[1] ; ml_inference_scanpipe:ml_path|scan_best[23]   ; clk          ; clk         ; 100.000      ; 0.013      ; 8.827      ;
; 91.218 ; ml_inference_scanpipe:ml_path|scan_index[1] ; ml_inference_scanpipe:ml_path|scan_second[17] ; clk          ; clk         ; 100.000      ; 0.007      ; 8.821      ;
; 91.226 ; ml_inference_scanpipe:ml_path|scan_index[1] ; ml_inference_scanpipe:ml_path|scan_best[18]   ; clk          ; clk         ; 100.000      ; 0.022      ; 8.828      ;
; 91.226 ; ml_inference_scanpipe:ml_path|scan_index[1] ; ml_inference_scanpipe:ml_path|scan_best[11]   ; clk          ; clk         ; 100.000      ; 0.022      ; 8.828      ;
; 91.259 ; ml_inference_scanpipe:ml_path|scan_index[0] ; ml_inference_scanpipe:ml_path|scan_best[26]   ; clk          ; clk         ; 100.000      ; 0.024      ; 8.797      ;
; 91.259 ; ml_inference_scanpipe:ml_path|scan_index[0] ; ml_inference_scanpipe:ml_path|scan_best[25]   ; clk          ; clk         ; 100.000      ; 0.024      ; 8.797      ;
; 91.261 ; ml_inference_scanpipe:ml_path|scan_index[1] ; ml_inference_scanpipe:ml_path|scan_second[16] ; clk          ; clk         ; 100.000      ; 0.007      ; 8.778      ;
; 91.261 ; ml_inference_scanpipe:ml_path|scan_index[1] ; ml_inference_scanpipe:ml_path|scan_second[15] ; clk          ; clk         ; 100.000      ; 0.007      ; 8.778      ;
; 91.268 ; ml_inference_scanpipe:ml_path|scan_index[1] ; ml_inference_scanpipe:ml_path|scan_second[18] ; clk          ; clk         ; 100.000      ; 0.009      ; 8.773      ;
; 91.318 ; ml_inference_scanpipe:ml_path|scan_index[1] ; ml_inference_scanpipe:ml_path|scan_best[3]    ; clk          ; clk         ; 100.000      ; 0.001      ; 8.715      ;
; 91.320 ; ml_inference_scanpipe:ml_path|scan_index[0] ; ml_inference_scanpipe:ml_path|scan_second[14] ; clk          ; clk         ; 100.000      ; 0.007      ; 8.719      ;
; 91.321 ; ml_inference_scanpipe:ml_path|scan_index[1] ; ml_inference_scanpipe:ml_path|scan_best[17]   ; clk          ; clk         ; 100.000      ; 0.007      ; 8.718      ;
; 91.321 ; ml_inference_scanpipe:ml_path|scan_index[1] ; ml_inference_scanpipe:ml_path|scan_best[15]   ; clk          ; clk         ; 100.000      ; 0.007      ; 8.718      ;
; 91.336 ; ml_inference_scanpipe:ml_path|scan_index[0] ; ml_inference_scanpipe:ml_path|scan_second[27] ; clk          ; clk         ; 100.000      ; 0.019      ; 8.715      ;
; 91.336 ; ml_inference_scanpipe:ml_path|scan_index[0] ; ml_inference_scanpipe:ml_path|scan_second[29] ; clk          ; clk         ; 100.000      ; 0.019      ; 8.715      ;
; 91.336 ; ml_inference_scanpipe:ml_path|scan_index[0] ; ml_inference_scanpipe:ml_path|scan_second[31] ; clk          ; clk         ; 100.000      ; 0.019      ; 8.715      ;
; 91.342 ; ml_inference_scanpipe:ml_path|scan_index[0] ; ml_inference_scanpipe:ml_path|scan_second[28] ; clk          ; clk         ; 100.000      ; 0.020      ; 8.710      ;
; 91.368 ; ml_inference_scanpipe:ml_path|scan_index[0] ; ml_inference_scanpipe:ml_path|scan_best[2]    ; clk          ; clk         ; 100.000      ; 0.003      ; 8.667      ;
; 91.368 ; ml_inference_scanpipe:ml_path|scan_index[0] ; ml_inference_scanpipe:ml_path|scan_best[1]    ; clk          ; clk         ; 100.000      ; 0.003      ; 8.667      ;
; 91.368 ; ml_inference_scanpipe:ml_path|scan_index[0] ; ml_inference_scanpipe:ml_path|scan_best[0]    ; clk          ; clk         ; 100.000      ; 0.003      ; 8.667      ;
; 91.394 ; ml_inference_scanpipe:ml_path|scan_index[0] ; ml_inference_scanpipe:ml_path|scan_second[5]  ; clk          ; clk         ; 100.000      ; -0.006     ; 8.632      ;
; 91.394 ; ml_inference_scanpipe:ml_path|scan_index[0] ; ml_inference_scanpipe:ml_path|scan_second[7]  ; clk          ; clk         ; 100.000      ; -0.006     ; 8.632      ;
; 91.394 ; ml_inference_scanpipe:ml_path|scan_index[0] ; ml_inference_scanpipe:ml_path|scan_second[6]  ; clk          ; clk         ; 100.000      ; -0.006     ; 8.632      ;
; 91.409 ; ml_inference_scanpipe:ml_path|scan_index[0] ; ml_inference_scanpipe:ml_path|scan_second[22] ; clk          ; clk         ; 100.000      ; 0.007      ; 8.630      ;
; 91.409 ; ml_inference_scanpipe:ml_path|scan_index[0] ; ml_inference_scanpipe:ml_path|scan_second[8]  ; clk          ; clk         ; 100.000      ; 0.007      ; 8.630      ;
; 91.409 ; ml_inference_scanpipe:ml_path|scan_index[0] ; ml_inference_scanpipe:ml_path|scan_second[9]  ; clk          ; clk         ; 100.000      ; 0.007      ; 8.630      ;
; 91.414 ; ml_inference_scanpipe:ml_path|scan_index[0] ; ml_inference_scanpipe:ml_path|scan_second[4]  ; clk          ; clk         ; 100.000      ; 0.003      ; 8.621      ;
; 91.414 ; ml_inference_scanpipe:ml_path|scan_index[0] ; ml_inference_scanpipe:ml_path|scan_second[10] ; clk          ; clk         ; 100.000      ; 0.003      ; 8.621      ;
; 91.420 ; ml_inference_scanpipe:ml_path|scan_index[0] ; ml_inference_scanpipe:ml_path|scan_second[24] ; clk          ; clk         ; 100.000      ; 0.013      ; 8.625      ;
; 91.420 ; ml_inference_scanpipe:ml_path|scan_index[0] ; ml_inference_scanpipe:ml_path|scan_second[23] ; clk          ; clk         ; 100.000      ; 0.013      ; 8.625      ;
; 91.421 ; ml_inference_scanpipe:ml_path|scan_index[0] ; ml_inference_scanpipe:ml_path|scan_second[26] ; clk          ; clk         ; 100.000      ; 0.024      ; 8.635      ;
; 91.421 ; ml_inference_scanpipe:ml_path|scan_index[0] ; ml_inference_scanpipe:ml_path|scan_second[25] ; clk          ; clk         ; 100.000      ; 0.024      ; 8.635      ;
; 91.432 ; ml_inference_scanpipe:ml_path|scan_index[0] ; ml_inference_scanpipe:ml_path|scan_second[13] ; clk          ; clk         ; 100.000      ; 0.024      ; 8.624      ;
; 91.432 ; ml_inference_scanpipe:ml_path|scan_index[0] ; ml_inference_scanpipe:ml_path|scan_second[11] ; clk          ; clk         ; 100.000      ; 0.024      ; 8.624      ;
; 91.432 ; ml_inference_scanpipe:ml_path|scan_index[0] ; ml_inference_scanpipe:ml_path|scan_second[12] ; clk          ; clk         ; 100.000      ; 0.024      ; 8.624      ;
; 91.455 ; ml_inference_scanpipe:ml_path|scan_index[0] ; ml_inference_scanpipe:ml_path|scan_second[1]  ; clk          ; clk         ; 100.000      ; 0.003      ; 8.580      ;
; 91.455 ; ml_inference_scanpipe:ml_path|scan_index[0] ; ml_inference_scanpipe:ml_path|scan_second[2]  ; clk          ; clk         ; 100.000      ; 0.003      ; 8.580      ;
; 91.455 ; ml_inference_scanpipe:ml_path|scan_index[0] ; ml_inference_scanpipe:ml_path|scan_second[3]  ; clk          ; clk         ; 100.000      ; 0.003      ; 8.580      ;
; 91.455 ; ml_inference_scanpipe:ml_path|scan_index[0] ; ml_inference_scanpipe:ml_path|scan_second[0]  ; clk          ; clk         ; 100.000      ; 0.003      ; 8.580      ;
; 91.464 ; ml_inference_scanpipe:ml_path|scan_index[0] ; ml_inference_scanpipe:ml_path|scan_second[21] ; clk          ; clk         ; 100.000      ; 0.019      ; 8.587      ;
; 91.464 ; ml_inference_scanpipe:ml_path|scan_index[0] ; ml_inference_scanpipe:ml_path|scan_second[19] ; clk          ; clk         ; 100.000      ; 0.019      ; 8.587      ;
; 91.464 ; ml_inference_scanpipe:ml_path|scan_index[0] ; ml_inference_scanpipe:ml_path|scan_second[20] ; clk          ; clk         ; 100.000      ; 0.019      ; 8.587      ;
; 91.471 ; ml_inference_scanpipe:ml_path|scan_index[0] ; ml_inference_scanpipe:ml_path|scan_best[4]    ; clk          ; clk         ; 100.000      ; -0.005     ; 8.556      ;
; 91.471 ; ml_inference_scanpipe:ml_path|scan_index[0] ; ml_inference_scanpipe:ml_path|scan_best[8]    ; clk          ; clk         ; 100.000      ; -0.005     ; 8.556      ;
; 91.471 ; ml_inference_scanpipe:ml_path|scan_index[0] ; ml_inference_scanpipe:ml_path|scan_best[12]   ; clk          ; clk         ; 100.000      ; -0.005     ; 8.556      ;
; 91.471 ; ml_inference_scanpipe:ml_path|scan_index[0] ; ml_inference_scanpipe:ml_path|scan_best[10]   ; clk          ; clk         ; 100.000      ; -0.005     ; 8.556      ;
; 91.481 ; ml_inference_scanpipe:ml_path|scan_index[1] ; ml_inference_scanpipe:ml_path|scan_second[32] ; clk          ; clk         ; 100.000      ; 0.018      ; 8.569      ;
; 91.481 ; ml_inference_scanpipe:ml_path|scan_index[1] ; ml_inference_scanpipe:ml_path|scan_second[30] ; clk          ; clk         ; 100.000      ; 0.018      ; 8.569      ;
; 91.492 ; ml_inference_scanpipe:ml_path|scan_index[0] ; ml_inference_scanpipe:ml_path|scan_best[9]    ; clk          ; clk         ; 100.000      ; 0.007      ; 8.547      ;
; 91.495 ; ml_inference_scanpipe:ml_path|scan_index[0] ; ml_inference_scanpipe:ml_path|scan_best[5]    ; clk          ; clk         ; 100.000      ; -0.004     ; 8.533      ;
; 91.495 ; ml_inference_scanpipe:ml_path|scan_index[0] ; ml_inference_scanpipe:ml_path|scan_best[6]    ; clk          ; clk         ; 100.000      ; -0.004     ; 8.533      ;
; 91.495 ; ml_inference_scanpipe:ml_path|scan_index[0] ; ml_inference_scanpipe:ml_path|scan_best[7]    ; clk          ; clk         ; 100.000      ; -0.004     ; 8.533      ;
; 91.520 ; ml_inference_scanpipe:ml_path|scan_index[0] ; ml_inference_scanpipe:ml_path|scan_best[27]   ; clk          ; clk         ; 100.000      ; 0.019      ; 8.531      ;
; 91.520 ; ml_inference_scanpipe:ml_path|scan_index[0] ; ml_inference_scanpipe:ml_path|scan_best[32]   ; clk          ; clk         ; 100.000      ; 0.019      ; 8.531      ;
; 91.520 ; ml_inference_scanpipe:ml_path|scan_index[0] ; ml_inference_scanpipe:ml_path|scan_best[29]   ; clk          ; clk         ; 100.000      ; 0.019      ; 8.531      ;
+--------+---------------------------------------------+-----------------------------------------------+--------------+-------------+--------------+------------+------------+


+-------------------------------------------------------------------------------------------------------------------------------------------------------------------------------------------------------------------------+
; Fast Model Hold: 'clk'                                                                                                                                                                                                  ;
+-------+---------------------------------------------------------------------+---------------------------------------------------------------------+--------------+-------------+--------------+------------+------------+
; Slack ; From Node                                                           ; To Node                                                             ; Launch Clock ; Latch Clock ; Relationship ; Clock Skew ; Data Delay ;
+-------+---------------------------------------------------------------------+---------------------------------------------------------------------+--------------+-------------+--------------+------------+------------+
; 0.215 ; touch_capture_top:touch_path|touch_frame_adapter:frame|stream_busy  ; touch_capture_top:touch_path|touch_frame_adapter:frame|stream_busy  ; clk          ; clk         ; 0.000        ; 0.000      ; 0.367      ;
; 0.215 ; ml_inference_scanpipe:ml_path|state.IDLE                            ; ml_inference_scanpipe:ml_path|state.IDLE                            ; clk          ; clk         ; 0.000        ; 0.000      ; 0.367      ;
; 0.215 ; ml_inference_scanpipe:ml_path|state.LOAD                            ; ml_inference_scanpipe:ml_path|state.LOAD                            ; clk          ; clk         ; 0.000        ; 0.000      ; 0.367      ;
; 0.215 ; ml_inference_scanpipe:ml_path|pixel_idx[1]                          ; ml_inference_scanpipe:ml_path|pixel_idx[1]                          ; clk          ; clk         ; 0.000        ; 0.000      ; 0.367      ;
; 0.215 ; ml_inference_scanpipe:ml_path|pixel_idx[2]                          ; ml_inference_scanpipe:ml_path|pixel_idx[2]                          ; clk          ; clk         ; 0.000        ; 0.000      ; 0.367      ;
; 0.215 ; ml_inference_scanpipe:ml_path|pixel_idx[3]                          ; ml_inference_scanpipe:ml_path|pixel_idx[3]                          ; clk          ; clk         ; 0.000        ; 0.000      ; 0.367      ;
; 0.215 ; ml_inference_scanpipe:ml_path|pixel_idx[5]                          ; ml_inference_scanpipe:ml_path|pixel_idx[5]                          ; clk          ; clk         ; 0.000        ; 0.000      ; 0.367      ;
; 0.215 ; ml_inference_scanpipe:ml_path|pixel_idx[6]                          ; ml_inference_scanpipe:ml_path|pixel_idx[6]                          ; clk          ; clk         ; 0.000        ; 0.000      ; 0.367      ;
; 0.215 ; ml_inference_scanpipe:ml_path|pixel_idx[7]                          ; ml_inference_scanpipe:ml_path|pixel_idx[7]                          ; clk          ; clk         ; 0.000        ; 0.000      ; 0.367      ;
; 0.215 ; ml_inference_scanpipe:ml_path|pixel_idx[0]                          ; ml_inference_scanpipe:ml_path|pixel_idx[0]                          ; clk          ; clk         ; 0.000        ; 0.000      ; 0.367      ;
; 0.215 ; ml_inference_scanpipe:ml_path|neuron[3]                             ; ml_inference_scanpipe:ml_path|neuron[3]                             ; clk          ; clk         ; 0.000        ; 0.000      ; 0.367      ;
; 0.215 ; ml_inference_scanpipe:ml_path|neuron[1]                             ; ml_inference_scanpipe:ml_path|neuron[1]                             ; clk          ; clk         ; 0.000        ; 0.000      ; 0.367      ;
; 0.215 ; ml_inference_scanpipe:ml_path|neuron[2]                             ; ml_inference_scanpipe:ml_path|neuron[2]                             ; clk          ; clk         ; 0.000        ; 0.000      ; 0.367      ;
; 0.215 ; ml_inference_scanpipe:ml_path|neuron[4]                             ; ml_inference_scanpipe:ml_path|neuron[4]                             ; clk          ; clk         ; 0.000        ; 0.000      ; 0.367      ;
; 0.215 ; ml_inference_scanpipe:ml_path|neuron[0]                             ; ml_inference_scanpipe:ml_path|neuron[0]                             ; clk          ; clk         ; 0.000        ; 0.000      ; 0.367      ;
; 0.215 ; ml_inference_scanpipe:ml_path|neuron[5]                             ; ml_inference_scanpipe:ml_path|neuron[5]                             ; clk          ; clk         ; 0.000        ; 0.000      ; 0.367      ;
; 0.215 ; ml_inference_scanpipe:ml_path|neuron[6]                             ; ml_inference_scanpipe:ml_path|neuron[6]                             ; clk          ; clk         ; 0.000        ; 0.000      ; 0.367      ;
; 0.215 ; ml_inference_scanpipe:ml_path|neuron[7]                             ; ml_inference_scanpipe:ml_path|neuron[7]                             ; clk          ; clk         ; 0.000        ; 0.000      ; 0.367      ;
; 0.215 ; ml_inference_scanpipe:ml_path|neuron[8]                             ; ml_inference_scanpipe:ml_path|neuron[8]                             ; clk          ; clk         ; 0.000        ; 0.000      ; 0.367      ;
; 0.215 ; ml_inference_scanpipe:ml_path|neuron[9]                             ; ml_inference_scanpipe:ml_path|neuron[9]                             ; clk          ; clk         ; 0.000        ; 0.000      ; 0.367      ;
; 0.215 ; ml_inference_scanpipe:ml_path|neuron[10]                            ; ml_inference_scanpipe:ml_path|neuron[10]                            ; clk          ; clk         ; 0.000        ; 0.000      ; 0.367      ;
; 0.215 ; ml_inference_scanpipe:ml_path|neuron[11]                            ; ml_inference_scanpipe:ml_path|neuron[11]                            ; clk          ; clk         ; 0.000        ; 0.000      ; 0.367      ;
; 0.215 ; ml_inference_scanpipe:ml_path|neuron[12]                            ; ml_inference_scanpipe:ml_path|neuron[12]                            ; clk          ; clk         ; 0.000        ; 0.000      ; 0.367      ;
; 0.215 ; ml_inference_scanpipe:ml_path|neuron[13]                            ; ml_inference_scanpipe:ml_path|neuron[13]                            ; clk          ; clk         ; 0.000        ; 0.000      ; 0.367      ;
; 0.215 ; ml_inference_scanpipe:ml_path|neuron[14]                            ; ml_inference_scanpipe:ml_path|neuron[14]                            ; clk          ; clk         ; 0.000        ; 0.000      ; 0.367      ;
; 0.215 ; ml_inference_scanpipe:ml_path|neuron[15]                            ; ml_inference_scanpipe:ml_path|neuron[15]                            ; clk          ; clk         ; 0.000        ; 0.000      ; 0.367      ;
; 0.215 ; ml_inference_scanpipe:ml_path|neuron[16]                            ; ml_inference_scanpipe:ml_path|neuron[16]                            ; clk          ; clk         ; 0.000        ; 0.000      ; 0.367      ;
; 0.215 ; ml_inference_scanpipe:ml_path|neuron[17]                            ; ml_inference_scanpipe:ml_path|neuron[17]                            ; clk          ; clk         ; 0.000        ; 0.000      ; 0.367      ;
; 0.215 ; ml_inference_scanpipe:ml_path|neuron[18]                            ; ml_inference_scanpipe:ml_path|neuron[18]                            ; clk          ; clk         ; 0.000        ; 0.000      ; 0.367      ;
; 0.215 ; ml_inference_scanpipe:ml_path|neuron[19]                            ; ml_inference_scanpipe:ml_path|neuron[19]                            ; clk          ; clk         ; 0.000        ; 0.000      ; 0.367      ;
; 0.215 ; ml_inference_scanpipe:ml_path|neuron[20]                            ; ml_inference_scanpipe:ml_path|neuron[20]                            ; clk          ; clk         ; 0.000        ; 0.000      ; 0.367      ;
; 0.215 ; ml_inference_scanpipe:ml_path|neuron[21]                            ; ml_inference_scanpipe:ml_path|neuron[21]                            ; clk          ; clk         ; 0.000        ; 0.000      ; 0.367      ;
; 0.215 ; ml_inference_scanpipe:ml_path|neuron[22]                            ; ml_inference_scanpipe:ml_path|neuron[22]                            ; clk          ; clk         ; 0.000        ; 0.000      ; 0.367      ;
; 0.215 ; ml_inference_scanpipe:ml_path|neuron[23]                            ; ml_inference_scanpipe:ml_path|neuron[23]                            ; clk          ; clk         ; 0.000        ; 0.000      ; 0.367      ;
; 0.215 ; ml_inference_scanpipe:ml_path|neuron[24]                            ; ml_inference_scanpipe:ml_path|neuron[24]                            ; clk          ; clk         ; 0.000        ; 0.000      ; 0.367      ;
; 0.215 ; ml_inference_scanpipe:ml_path|neuron[25]                            ; ml_inference_scanpipe:ml_path|neuron[25]                            ; clk          ; clk         ; 0.000        ; 0.000      ; 0.367      ;
; 0.215 ; ml_inference_scanpipe:ml_path|neuron[26]                            ; ml_inference_scanpipe:ml_path|neuron[26]                            ; clk          ; clk         ; 0.000        ; 0.000      ; 0.367      ;
; 0.215 ; ml_inference_scanpipe:ml_path|neuron[27]                            ; ml_inference_scanpipe:ml_path|neuron[27]                            ; clk          ; clk         ; 0.000        ; 0.000      ; 0.367      ;
; 0.215 ; ml_inference_scanpipe:ml_path|neuron[28]                            ; ml_inference_scanpipe:ml_path|neuron[28]                            ; clk          ; clk         ; 0.000        ; 0.000      ; 0.367      ;
; 0.215 ; ml_inference_scanpipe:ml_path|neuron[29]                            ; ml_inference_scanpipe:ml_path|neuron[29]                            ; clk          ; clk         ; 0.000        ; 0.000      ; 0.367      ;
; 0.215 ; ml_inference_scanpipe:ml_path|neuron[30]                            ; ml_inference_scanpipe:ml_path|neuron[30]                            ; clk          ; clk         ; 0.000        ; 0.000      ; 0.367      ;
; 0.215 ; ml_inference_scanpipe:ml_path|neuron[31]                            ; ml_inference_scanpipe:ml_path|neuron[31]                            ; clk          ; clk         ; 0.000        ; 0.000      ; 0.367      ;
; 0.215 ; ml_inference_scanpipe:ml_path|scan_index[2]                         ; ml_inference_scanpipe:ml_path|scan_index[2]                         ; clk          ; clk         ; 0.000        ; 0.000      ; 0.367      ;
; 0.215 ; ml_inference_scanpipe:ml_path|scan_index[3]                         ; ml_inference_scanpipe:ml_path|scan_index[3]                         ; clk          ; clk         ; 0.000        ; 0.000      ; 0.367      ;
; 0.215 ; ml_inference_scanpipe:ml_path|scan_index[4]                         ; ml_inference_scanpipe:ml_path|scan_index[4]                         ; clk          ; clk         ; 0.000        ; 0.000      ; 0.367      ;
; 0.215 ; ml_inference_scanpipe:ml_path|scan_index[5]                         ; ml_inference_scanpipe:ml_path|scan_index[5]                         ; clk          ; clk         ; 0.000        ; 0.000      ; 0.367      ;
; 0.215 ; ml_inference_scanpipe:ml_path|scan_index[6]                         ; ml_inference_scanpipe:ml_path|scan_index[6]                         ; clk          ; clk         ; 0.000        ; 0.000      ; 0.367      ;
; 0.215 ; ml_inference_scanpipe:ml_path|scan_index[7]                         ; ml_inference_scanpipe:ml_path|scan_index[7]                         ; clk          ; clk         ; 0.000        ; 0.000      ; 0.367      ;
; 0.215 ; ml_inference_scanpipe:ml_path|scan_index[8]                         ; ml_inference_scanpipe:ml_path|scan_index[8]                         ; clk          ; clk         ; 0.000        ; 0.000      ; 0.367      ;
; 0.215 ; ml_inference_scanpipe:ml_path|scan_index[9]                         ; ml_inference_scanpipe:ml_path|scan_index[9]                         ; clk          ; clk         ; 0.000        ; 0.000      ; 0.367      ;
; 0.215 ; ml_inference_scanpipe:ml_path|scan_index[10]                        ; ml_inference_scanpipe:ml_path|scan_index[10]                        ; clk          ; clk         ; 0.000        ; 0.000      ; 0.367      ;
; 0.215 ; ml_inference_scanpipe:ml_path|scan_index[11]                        ; ml_inference_scanpipe:ml_path|scan_index[11]                        ; clk          ; clk         ; 0.000        ; 0.000      ; 0.367      ;
; 0.215 ; ml_inference_scanpipe:ml_path|scan_index[12]                        ; ml_inference_scanpipe:ml_path|scan_index[12]                        ; clk          ; clk         ; 0.000        ; 0.000      ; 0.367      ;
; 0.215 ; ml_inference_scanpipe:ml_path|scan_index[13]                        ; ml_inference_scanpipe:ml_path|scan_index[13]                        ; clk          ; clk         ; 0.000        ; 0.000      ; 0.367      ;
; 0.215 ; ml_inference_scanpipe:ml_path|scan_index[14]                        ; ml_inference_scanpipe:ml_path|scan_index[14]                        ; clk          ; clk         ; 0.000        ; 0.000      ; 0.367      ;
; 0.215 ; ml_inference_scanpipe:ml_path|scan_index[15]                        ; ml_inference_scanpipe:ml_path|scan_index[15]                        ; clk          ; clk         ; 0.000        ; 0.000      ; 0.367      ;
; 0.215 ; ml_inference_scanpipe:ml_path|scan_index[16]                        ; ml_inference_scanpipe:ml_path|scan_index[16]                        ; clk          ; clk         ; 0.000        ; 0.000      ; 0.367      ;
; 0.215 ; ml_inference_scanpipe:ml_path|scan_index[17]                        ; ml_inference_scanpipe:ml_path|scan_index[17]                        ; clk          ; clk         ; 0.000        ; 0.000      ; 0.367      ;
; 0.215 ; ml_inference_scanpipe:ml_path|scan_index[18]                        ; ml_inference_scanpipe:ml_path|scan_index[18]                        ; clk          ; clk         ; 0.000        ; 0.000      ; 0.367      ;
; 0.215 ; ml_inference_scanpipe:ml_path|scan_index[19]                        ; ml_inference_scanpipe:ml_path|scan_index[19]                        ; clk          ; clk         ; 0.000        ; 0.000      ; 0.367      ;
; 0.215 ; ml_inference_scanpipe:ml_path|scan_index[20]                        ; ml_inference_scanpipe:ml_path|scan_index[20]                        ; clk          ; clk         ; 0.000        ; 0.000      ; 0.367      ;
; 0.215 ; ml_inference_scanpipe:ml_path|scan_index[21]                        ; ml_inference_scanpipe:ml_path|scan_index[21]                        ; clk          ; clk         ; 0.000        ; 0.000      ; 0.367      ;
; 0.215 ; ml_inference_scanpipe:ml_path|scan_index[22]                        ; ml_inference_scanpipe:ml_path|scan_index[22]                        ; clk          ; clk         ; 0.000        ; 0.000      ; 0.367      ;
; 0.215 ; ml_inference_scanpipe:ml_path|scan_index[23]                        ; ml_inference_scanpipe:ml_path|scan_index[23]                        ; clk          ; clk         ; 0.000        ; 0.000      ; 0.367      ;
; 0.215 ; ml_inference_scanpipe:ml_path|scan_index[24]                        ; ml_inference_scanpipe:ml_path|scan_index[24]                        ; clk          ; clk         ; 0.000        ; 0.000      ; 0.367      ;
; 0.215 ; ml_inference_scanpipe:ml_path|scan_index[25]                        ; ml_inference_scanpipe:ml_path|scan_index[25]                        ; clk          ; clk         ; 0.000        ; 0.000      ; 0.367      ;
; 0.215 ; ml_inference_scanpipe:ml_path|scan_index[26]                        ; ml_inference_scanpipe:ml_path|scan_index[26]                        ; clk          ; clk         ; 0.000        ; 0.000      ; 0.367      ;
; 0.215 ; ml_inference_scanpipe:ml_path|scan_index[27]                        ; ml_inference_scanpipe:ml_path|scan_index[27]                        ; clk          ; clk         ; 0.000        ; 0.000      ; 0.367      ;
; 0.215 ; ml_inference_scanpipe:ml_path|scan_index[28]                        ; ml_inference_scanpipe:ml_path|scan_index[28]                        ; clk          ; clk         ; 0.000        ; 0.000      ; 0.367      ;
; 0.215 ; ml_inference_scanpipe:ml_path|scan_index[29]                        ; ml_inference_scanpipe:ml_path|scan_index[29]                        ; clk          ; clk         ; 0.000        ; 0.000      ; 0.367      ;
; 0.215 ; ml_inference_scanpipe:ml_path|scan_index[30]                        ; ml_inference_scanpipe:ml_path|scan_index[30]                        ; clk          ; clk         ; 0.000        ; 0.000      ; 0.367      ;
; 0.215 ; ml_inference_scanpipe:ml_path|scan_index[31]                        ; ml_inference_scanpipe:ml_path|scan_index[31]                        ; clk          ; clk         ; 0.000        ; 0.000      ; 0.367      ;
; 0.215 ; ml_inference_scanpipe:ml_path|state.SCAN_STEP                       ; ml_inference_scanpipe:ml_path|state.SCAN_STEP                       ; clk          ; clk         ; 0.000        ; 0.000      ; 0.367      ;
; 0.215 ; touch_capture_top:touch_path|xpt2046_reader:reader|state.S_SPI      ; touch_capture_top:touch_path|xpt2046_reader:reader|state.S_SPI      ; clk          ; clk         ; 0.000        ; 0.000      ; 0.367      ;
; 0.215 ; touch_capture_top:touch_path|xpt2046_reader:reader|divider[0]       ; touch_capture_top:touch_path|xpt2046_reader:reader|divider[0]       ; clk          ; clk         ; 0.000        ; 0.000      ; 0.367      ;
; 0.215 ; touch_capture_top:touch_path|xpt2046_reader:reader|divider[1]       ; touch_capture_top:touch_path|xpt2046_reader:reader|divider[1]       ; clk          ; clk         ; 0.000        ; 0.000      ; 0.367      ;
; 0.215 ; touch_capture_top:touch_path|xpt2046_reader:reader|divider[2]       ; touch_capture_top:touch_path|xpt2046_reader:reader|divider[2]       ; clk          ; clk         ; 0.000        ; 0.000      ; 0.367      ;
; 0.215 ; touch_capture_top:touch_path|xpt2046_reader:reader|divider[3]       ; touch_capture_top:touch_path|xpt2046_reader:reader|divider[3]       ; clk          ; clk         ; 0.000        ; 0.000      ; 0.367      ;
; 0.215 ; touch_capture_top:touch_path|xpt2046_reader:reader|divider[4]       ; touch_capture_top:touch_path|xpt2046_reader:reader|divider[4]       ; clk          ; clk         ; 0.000        ; 0.000      ; 0.367      ;
; 0.215 ; touch_capture_top:touch_path|xpt2046_reader:reader|divider[5]       ; touch_capture_top:touch_path|xpt2046_reader:reader|divider[5]       ; clk          ; clk         ; 0.000        ; 0.000      ; 0.367      ;
; 0.215 ; touch_capture_top:touch_path|xpt2046_reader:reader|divider[6]       ; touch_capture_top:touch_path|xpt2046_reader:reader|divider[6]       ; clk          ; clk         ; 0.000        ; 0.000      ; 0.367      ;
; 0.215 ; touch_capture_top:touch_path|xpt2046_reader:reader|divider[7]       ; touch_capture_top:touch_path|xpt2046_reader:reader|divider[7]       ; clk          ; clk         ; 0.000        ; 0.000      ; 0.367      ;
; 0.215 ; touch_capture_top:touch_path|xpt2046_reader:reader|divider[8]       ; touch_capture_top:touch_path|xpt2046_reader:reader|divider[8]       ; clk          ; clk         ; 0.000        ; 0.000      ; 0.367      ;
; 0.215 ; touch_capture_top:touch_path|xpt2046_reader:reader|divider[9]       ; touch_capture_top:touch_path|xpt2046_reader:reader|divider[9]       ; clk          ; clk         ; 0.000        ; 0.000      ; 0.367      ;
; 0.215 ; touch_capture_top:touch_path|xpt2046_reader:reader|divider[10]      ; touch_capture_top:touch_path|xpt2046_reader:reader|divider[10]      ; clk          ; clk         ; 0.000        ; 0.000      ; 0.367      ;
; 0.215 ; touch_capture_top:touch_path|xpt2046_reader:reader|divider[11]      ; touch_capture_top:touch_path|xpt2046_reader:reader|divider[11]      ; clk          ; clk         ; 0.000        ; 0.000      ; 0.367      ;
; 0.215 ; touch_capture_top:touch_path|xpt2046_reader:reader|divider[12]      ; touch_capture_top:touch_path|xpt2046_reader:reader|divider[12]      ; clk          ; clk         ; 0.000        ; 0.000      ; 0.367      ;
; 0.215 ; touch_capture_top:touch_path|xpt2046_reader:reader|divider[13]      ; touch_capture_top:touch_path|xpt2046_reader:reader|divider[13]      ; clk          ; clk         ; 0.000        ; 0.000      ; 0.367      ;
; 0.215 ; touch_capture_top:touch_path|xpt2046_reader:reader|divider[14]      ; touch_capture_top:touch_path|xpt2046_reader:reader|divider[14]      ; clk          ; clk         ; 0.000        ; 0.000      ; 0.367      ;
; 0.215 ; touch_capture_top:touch_path|xpt2046_reader:reader|divider[15]      ; touch_capture_top:touch_path|xpt2046_reader:reader|divider[15]      ; clk          ; clk         ; 0.000        ; 0.000      ; 0.367      ;
; 0.215 ; touch_capture_top:touch_path|xpt2046_reader:reader|touch_sclk       ; touch_capture_top:touch_path|xpt2046_reader:reader|touch_sclk       ; clk          ; clk         ; 0.000        ; 0.000      ; 0.367      ;
; 0.215 ; touch_capture_top:touch_path|xpt2046_reader:reader|bit_index[0]     ; touch_capture_top:touch_path|xpt2046_reader:reader|bit_index[0]     ; clk          ; clk         ; 0.000        ; 0.000      ; 0.367      ;
; 0.215 ; touch_capture_top:touch_path|xpt2046_reader:reader|bit_index[1]     ; touch_capture_top:touch_path|xpt2046_reader:reader|bit_index[1]     ; clk          ; clk         ; 0.000        ; 0.000      ; 0.367      ;
; 0.215 ; touch_capture_top:touch_path|xpt2046_reader:reader|bit_index[2]     ; touch_capture_top:touch_path|xpt2046_reader:reader|bit_index[2]     ; clk          ; clk         ; 0.000        ; 0.000      ; 0.367      ;
; 0.215 ; touch_capture_top:touch_path|xpt2046_reader:reader|bit_index[3]     ; touch_capture_top:touch_path|xpt2046_reader:reader|bit_index[3]     ; clk          ; clk         ; 0.000        ; 0.000      ; 0.367      ;
; 0.215 ; touch_capture_top:touch_path|xpt2046_reader:reader|bit_index[4]     ; touch_capture_top:touch_path|xpt2046_reader:reader|bit_index[4]     ; clk          ; clk         ; 0.000        ; 0.000      ; 0.367      ;
; 0.215 ; touch_capture_top:touch_path|xpt2046_reader:reader|state.S_GAP      ; touch_capture_top:touch_path|xpt2046_reader:reader|state.S_GAP      ; clk          ; clk         ; 0.000        ; 0.000      ; 0.367      ;
; 0.215 ; touch_capture_top:touch_path|xpt2046_reader:reader|state.S_IDLE     ; touch_capture_top:touch_path|xpt2046_reader:reader|state.S_IDLE     ; clk          ; clk         ; 0.000        ; 0.000      ; 0.367      ;
; 0.215 ; touch_capture_top:touch_path|xpt2046_reader:reader|axis_y           ; touch_capture_top:touch_path|xpt2046_reader:reader|axis_y           ; clk          ; clk         ; 0.000        ; 0.000      ; 0.367      ;
; 0.215 ; touch_capture_top:touch_path|touch_frame_adapter:frame|frame[17][0] ; touch_capture_top:touch_path|touch_frame_adapter:frame|frame[17][0] ; clk          ; clk         ; 0.000        ; 0.000      ; 0.367      ;
+-------+---------------------------------------------------------------------+---------------------------------------------------------------------+--------------+-------------+--------------+------------+------------+


+-------------------------------------------------------------------------------------------------------------------------------------------------------------------------------------------------------+
; Fast Model Minimum Pulse Width: 'clk'                                                                                                                                                                 ;
+--------+--------------+----------------+------------------+-------+------------+----------------------------------------------------------------------------------------------------------------------+
; Slack  ; Actual Width ; Required Width ; Type             ; Clock ; Clock Edge ; Target                                                                                                               ;
+--------+--------------+----------------+------------------+-------+------------+----------------------------------------------------------------------------------------------------------------------+
; 47.873 ; 50.000       ; 2.127          ; High Pulse Width ; clk   ; Rise       ; ml_inference_scanpipe:ml_path|altsyncram:hidden_rtl_0|altsyncram_sng1:auto_generated|ram_block1a0~porta_address_reg0 ;
; 47.873 ; 50.000       ; 2.127          ; Low Pulse Width  ; clk   ; Rise       ; ml_inference_scanpipe:ml_path|altsyncram:hidden_rtl_0|altsyncram_sng1:auto_generated|ram_block1a0~porta_address_reg0 ;
; 47.873 ; 50.000       ; 2.127          ; High Pulse Width ; clk   ; Rise       ; ml_inference_scanpipe:ml_path|altsyncram:hidden_rtl_0|altsyncram_sng1:auto_generated|ram_block1a0~porta_address_reg1 ;
; 47.873 ; 50.000       ; 2.127          ; Low Pulse Width  ; clk   ; Rise       ; ml_inference_scanpipe:ml_path|altsyncram:hidden_rtl_0|altsyncram_sng1:auto_generated|ram_block1a0~porta_address_reg1 ;
; 47.873 ; 50.000       ; 2.127          ; High Pulse Width ; clk   ; Rise       ; ml_inference_scanpipe:ml_path|altsyncram:hidden_rtl_0|altsyncram_sng1:auto_generated|ram_block1a0~porta_address_reg2 ;
; 47.873 ; 50.000       ; 2.127          ; Low Pulse Width  ; clk   ; Rise       ; ml_inference_scanpipe:ml_path|altsyncram:hidden_rtl_0|altsyncram_sng1:auto_generated|ram_block1a0~porta_address_reg2 ;
; 47.873 ; 50.000       ; 2.127          ; High Pulse Width ; clk   ; Rise       ; ml_inference_scanpipe:ml_path|altsyncram:hidden_rtl_0|altsyncram_sng1:auto_generated|ram_block1a0~porta_address_reg3 ;
; 47.873 ; 50.000       ; 2.127          ; Low Pulse Width  ; clk   ; Rise       ; ml_inference_scanpipe:ml_path|altsyncram:hidden_rtl_0|altsyncram_sng1:auto_generated|ram_block1a0~porta_address_reg3 ;
; 47.873 ; 50.000       ; 2.127          ; High Pulse Width ; clk   ; Rise       ; ml_inference_scanpipe:ml_path|altsyncram:hidden_rtl_0|altsyncram_sng1:auto_generated|ram_block1a0~porta_address_reg4 ;
; 47.873 ; 50.000       ; 2.127          ; Low Pulse Width  ; clk   ; Rise       ; ml_inference_scanpipe:ml_path|altsyncram:hidden_rtl_0|altsyncram_sng1:auto_generated|ram_block1a0~porta_address_reg4 ;
; 47.873 ; 50.000       ; 2.127          ; High Pulse Width ; clk   ; Rise       ; ml_inference_scanpipe:ml_path|altsyncram:hidden_rtl_0|altsyncram_sng1:auto_generated|ram_block1a0~porta_datain_reg0  ;
; 47.873 ; 50.000       ; 2.127          ; Low Pulse Width  ; clk   ; Rise       ; ml_inference_scanpipe:ml_path|altsyncram:hidden_rtl_0|altsyncram_sng1:auto_generated|ram_block1a0~porta_datain_reg0  ;
; 47.873 ; 50.000       ; 2.127          ; High Pulse Width ; clk   ; Rise       ; ml_inference_scanpipe:ml_path|altsyncram:hidden_rtl_0|altsyncram_sng1:auto_generated|ram_block1a0~porta_datain_reg1  ;
; 47.873 ; 50.000       ; 2.127          ; Low Pulse Width  ; clk   ; Rise       ; ml_inference_scanpipe:ml_path|altsyncram:hidden_rtl_0|altsyncram_sng1:auto_generated|ram_block1a0~porta_datain_reg1  ;
; 47.873 ; 50.000       ; 2.127          ; High Pulse Width ; clk   ; Rise       ; ml_inference_scanpipe:ml_path|altsyncram:hidden_rtl_0|altsyncram_sng1:auto_generated|ram_block1a0~porta_datain_reg10 ;
; 47.873 ; 50.000       ; 2.127          ; Low Pulse Width  ; clk   ; Rise       ; ml_inference_scanpipe:ml_path|altsyncram:hidden_rtl_0|altsyncram_sng1:auto_generated|ram_block1a0~porta_datain_reg10 ;
; 47.873 ; 50.000       ; 2.127          ; High Pulse Width ; clk   ; Rise       ; ml_inference_scanpipe:ml_path|altsyncram:hidden_rtl_0|altsyncram_sng1:auto_generated|ram_block1a0~porta_datain_reg11 ;
; 47.873 ; 50.000       ; 2.127          ; Low Pulse Width  ; clk   ; Rise       ; ml_inference_scanpipe:ml_path|altsyncram:hidden_rtl_0|altsyncram_sng1:auto_generated|ram_block1a0~porta_datain_reg11 ;
; 47.873 ; 50.000       ; 2.127          ; High Pulse Width ; clk   ; Rise       ; ml_inference_scanpipe:ml_path|altsyncram:hidden_rtl_0|altsyncram_sng1:auto_generated|ram_block1a0~porta_datain_reg12 ;
; 47.873 ; 50.000       ; 2.127          ; Low Pulse Width  ; clk   ; Rise       ; ml_inference_scanpipe:ml_path|altsyncram:hidden_rtl_0|altsyncram_sng1:auto_generated|ram_block1a0~porta_datain_reg12 ;
; 47.873 ; 50.000       ; 2.127          ; High Pulse Width ; clk   ; Rise       ; ml_inference_scanpipe:ml_path|altsyncram:hidden_rtl_0|altsyncram_sng1:auto_generated|ram_block1a0~porta_datain_reg13 ;
; 47.873 ; 50.000       ; 2.127          ; Low Pulse Width  ; clk   ; Rise       ; ml_inference_scanpipe:ml_path|altsyncram:hidden_rtl_0|altsyncram_sng1:auto_generated|ram_block1a0~porta_datain_reg13 ;
; 47.873 ; 50.000       ; 2.127          ; High Pulse Width ; clk   ; Rise       ; ml_inference_scanpipe:ml_path|altsyncram:hidden_rtl_0|altsyncram_sng1:auto_generated|ram_block1a0~porta_datain_reg14 ;
; 47.873 ; 50.000       ; 2.127          ; Low Pulse Width  ; clk   ; Rise       ; ml_inference_scanpipe:ml_path|altsyncram:hidden_rtl_0|altsyncram_sng1:auto_generated|ram_block1a0~porta_datain_reg14 ;
; 47.873 ; 50.000       ; 2.127          ; High Pulse Width ; clk   ; Rise       ; ml_inference_scanpipe:ml_path|altsyncram:hidden_rtl_0|altsyncram_sng1:auto_generated|ram_block1a0~porta_datain_reg15 ;
; 47.873 ; 50.000       ; 2.127          ; Low Pulse Width  ; clk   ; Rise       ; ml_inference_scanpipe:ml_path|altsyncram:hidden_rtl_0|altsyncram_sng1:auto_generated|ram_block1a0~porta_datain_reg15 ;
; 47.873 ; 50.000       ; 2.127          ; High Pulse Width ; clk   ; Rise       ; ml_inference_scanpipe:ml_path|altsyncram:hidden_rtl_0|altsyncram_sng1:auto_generated|ram_block1a0~porta_datain_reg16 ;
; 47.873 ; 50.000       ; 2.127          ; Low Pulse Width  ; clk   ; Rise       ; ml_inference_scanpipe:ml_path|altsyncram:hidden_rtl_0|altsyncram_sng1:auto_generated|ram_block1a0~porta_datain_reg16 ;
; 47.873 ; 50.000       ; 2.127          ; High Pulse Width ; clk   ; Rise       ; ml_inference_scanpipe:ml_path|altsyncram:hidden_rtl_0|altsyncram_sng1:auto_generated|ram_block1a0~porta_datain_reg17 ;
; 47.873 ; 50.000       ; 2.127          ; Low Pulse Width  ; clk   ; Rise       ; ml_inference_scanpipe:ml_path|altsyncram:hidden_rtl_0|altsyncram_sng1:auto_generated|ram_block1a0~porta_datain_reg17 ;
; 47.873 ; 50.000       ; 2.127          ; High Pulse Width ; clk   ; Rise       ; ml_inference_scanpipe:ml_path|altsyncram:hidden_rtl_0|altsyncram_sng1:auto_generated|ram_block1a0~porta_datain_reg18 ;
; 47.873 ; 50.000       ; 2.127          ; Low Pulse Width  ; clk   ; Rise       ; ml_inference_scanpipe:ml_path|altsyncram:hidden_rtl_0|altsyncram_sng1:auto_generated|ram_block1a0~porta_datain_reg18 ;
; 47.873 ; 50.000       ; 2.127          ; High Pulse Width ; clk   ; Rise       ; ml_inference_scanpipe:ml_path|altsyncram:hidden_rtl_0|altsyncram_sng1:auto_generated|ram_block1a0~porta_datain_reg19 ;
; 47.873 ; 50.000       ; 2.127          ; Low Pulse Width  ; clk   ; Rise       ; ml_inference_scanpipe:ml_path|altsyncram:hidden_rtl_0|altsyncram_sng1:auto_generated|ram_block1a0~porta_datain_reg19 ;
; 47.873 ; 50.000       ; 2.127          ; High Pulse Width ; clk   ; Rise       ; ml_inference_scanpipe:ml_path|altsyncram:hidden_rtl_0|altsyncram_sng1:auto_generated|ram_block1a0~porta_datain_reg2  ;
; 47.873 ; 50.000       ; 2.127          ; Low Pulse Width  ; clk   ; Rise       ; ml_inference_scanpipe:ml_path|altsyncram:hidden_rtl_0|altsyncram_sng1:auto_generated|ram_block1a0~porta_datain_reg2  ;
; 47.873 ; 50.000       ; 2.127          ; High Pulse Width ; clk   ; Rise       ; ml_inference_scanpipe:ml_path|altsyncram:hidden_rtl_0|altsyncram_sng1:auto_generated|ram_block1a0~porta_datain_reg20 ;
; 47.873 ; 50.000       ; 2.127          ; Low Pulse Width  ; clk   ; Rise       ; ml_inference_scanpipe:ml_path|altsyncram:hidden_rtl_0|altsyncram_sng1:auto_generated|ram_block1a0~porta_datain_reg20 ;
; 47.873 ; 50.000       ; 2.127          ; High Pulse Width ; clk   ; Rise       ; ml_inference_scanpipe:ml_path|altsyncram:hidden_rtl_0|altsyncram_sng1:auto_generated|ram_block1a0~porta_datain_reg21 ;
; 47.873 ; 50.000       ; 2.127          ; Low Pulse Width  ; clk   ; Rise       ; ml_inference_scanpipe:ml_path|altsyncram:hidden_rtl_0|altsyncram_sng1:auto_generated|ram_block1a0~porta_datain_reg21 ;
; 47.873 ; 50.000       ; 2.127          ; High Pulse Width ; clk   ; Rise       ; ml_inference_scanpipe:ml_path|altsyncram:hidden_rtl_0|altsyncram_sng1:auto_generated|ram_block1a0~porta_datain_reg22 ;
; 47.873 ; 50.000       ; 2.127          ; Low Pulse Width  ; clk   ; Rise       ; ml_inference_scanpipe:ml_path|altsyncram:hidden_rtl_0|altsyncram_sng1:auto_generated|ram_block1a0~porta_datain_reg22 ;
; 47.873 ; 50.000       ; 2.127          ; High Pulse Width ; clk   ; Rise       ; ml_inference_scanpipe:ml_path|altsyncram:hidden_rtl_0|altsyncram_sng1:auto_generated|ram_block1a0~porta_datain_reg23 ;
; 47.873 ; 50.000       ; 2.127          ; Low Pulse Width  ; clk   ; Rise       ; ml_inference_scanpipe:ml_path|altsyncram:hidden_rtl_0|altsyncram_sng1:auto_generated|ram_block1a0~porta_datain_reg23 ;
; 47.873 ; 50.000       ; 2.127          ; High Pulse Width ; clk   ; Rise       ; ml_inference_scanpipe:ml_path|altsyncram:hidden_rtl_0|altsyncram_sng1:auto_generated|ram_block1a0~porta_datain_reg24 ;
; 47.873 ; 50.000       ; 2.127          ; Low Pulse Width  ; clk   ; Rise       ; ml_inference_scanpipe:ml_path|altsyncram:hidden_rtl_0|altsyncram_sng1:auto_generated|ram_block1a0~porta_datain_reg24 ;
; 47.873 ; 50.000       ; 2.127          ; High Pulse Width ; clk   ; Rise       ; ml_inference_scanpipe:ml_path|altsyncram:hidden_rtl_0|altsyncram_sng1:auto_generated|ram_block1a0~porta_datain_reg25 ;
; 47.873 ; 50.000       ; 2.127          ; Low Pulse Width  ; clk   ; Rise       ; ml_inference_scanpipe:ml_path|altsyncram:hidden_rtl_0|altsyncram_sng1:auto_generated|ram_block1a0~porta_datain_reg25 ;
; 47.873 ; 50.000       ; 2.127          ; High Pulse Width ; clk   ; Rise       ; ml_inference_scanpipe:ml_path|altsyncram:hidden_rtl_0|altsyncram_sng1:auto_generated|ram_block1a0~porta_datain_reg26 ;
; 47.873 ; 50.000       ; 2.127          ; Low Pulse Width  ; clk   ; Rise       ; ml_inference_scanpipe:ml_path|altsyncram:hidden_rtl_0|altsyncram_sng1:auto_generated|ram_block1a0~porta_datain_reg26 ;
; 47.873 ; 50.000       ; 2.127          ; High Pulse Width ; clk   ; Rise       ; ml_inference_scanpipe:ml_path|altsyncram:hidden_rtl_0|altsyncram_sng1:auto_generated|ram_block1a0~porta_datain_reg27 ;
; 47.873 ; 50.000       ; 2.127          ; Low Pulse Width  ; clk   ; Rise       ; ml_inference_scanpipe:ml_path|altsyncram:hidden_rtl_0|altsyncram_sng1:auto_generated|ram_block1a0~porta_datain_reg27 ;
; 47.873 ; 50.000       ; 2.127          ; High Pulse Width ; clk   ; Rise       ; ml_inference_scanpipe:ml_path|altsyncram:hidden_rtl_0|altsyncram_sng1:auto_generated|ram_block1a0~porta_datain_reg28 ;
; 47.873 ; 50.000       ; 2.127          ; Low Pulse Width  ; clk   ; Rise       ; ml_inference_scanpipe:ml_path|altsyncram:hidden_rtl_0|altsyncram_sng1:auto_generated|ram_block1a0~porta_datain_reg28 ;
; 47.873 ; 50.000       ; 2.127          ; High Pulse Width ; clk   ; Rise       ; ml_inference_scanpipe:ml_path|altsyncram:hidden_rtl_0|altsyncram_sng1:auto_generated|ram_block1a0~porta_datain_reg29 ;
; 47.873 ; 50.000       ; 2.127          ; Low Pulse Width  ; clk   ; Rise       ; ml_inference_scanpipe:ml_path|altsyncram:hidden_rtl_0|altsyncram_sng1:auto_generated|ram_block1a0~porta_datain_reg29 ;
; 47.873 ; 50.000       ; 2.127          ; High Pulse Width ; clk   ; Rise       ; ml_inference_scanpipe:ml_path|altsyncram:hidden_rtl_0|altsyncram_sng1:auto_generated|ram_block1a0~porta_datain_reg3  ;
; 47.873 ; 50.000       ; 2.127          ; Low Pulse Width  ; clk   ; Rise       ; ml_inference_scanpipe:ml_path|altsyncram:hidden_rtl_0|altsyncram_sng1:auto_generated|ram_block1a0~porta_datain_reg3  ;
; 47.873 ; 50.000       ; 2.127          ; High Pulse Width ; clk   ; Rise       ; ml_inference_scanpipe:ml_path|altsyncram:hidden_rtl_0|altsyncram_sng1:auto_generated|ram_block1a0~porta_datain_reg30 ;
; 47.873 ; 50.000       ; 2.127          ; Low Pulse Width  ; clk   ; Rise       ; ml_inference_scanpipe:ml_path|altsyncram:hidden_rtl_0|altsyncram_sng1:auto_generated|ram_block1a0~porta_datain_reg30 ;
; 47.873 ; 50.000       ; 2.127          ; High Pulse Width ; clk   ; Rise       ; ml_inference_scanpipe:ml_path|altsyncram:hidden_rtl_0|altsyncram_sng1:auto_generated|ram_block1a0~porta_datain_reg31 ;
; 47.873 ; 50.000       ; 2.127          ; Low Pulse Width  ; clk   ; Rise       ; ml_inference_scanpipe:ml_path|altsyncram:hidden_rtl_0|altsyncram_sng1:auto_generated|ram_block1a0~porta_datain_reg31 ;
; 47.873 ; 50.000       ; 2.127          ; High Pulse Width ; clk   ; Rise       ; ml_inference_scanpipe:ml_path|altsyncram:hidden_rtl_0|altsyncram_sng1:auto_generated|ram_block1a0~porta_datain_reg4  ;
; 47.873 ; 50.000       ; 2.127          ; Low Pulse Width  ; clk   ; Rise       ; ml_inference_scanpipe:ml_path|altsyncram:hidden_rtl_0|altsyncram_sng1:auto_generated|ram_block1a0~porta_datain_reg4  ;
; 47.873 ; 50.000       ; 2.127          ; High Pulse Width ; clk   ; Rise       ; ml_inference_scanpipe:ml_path|altsyncram:hidden_rtl_0|altsyncram_sng1:auto_generated|ram_block1a0~porta_datain_reg5  ;
; 47.873 ; 50.000       ; 2.127          ; Low Pulse Width  ; clk   ; Rise       ; ml_inference_scanpipe:ml_path|altsyncram:hidden_rtl_0|altsyncram_sng1:auto_generated|ram_block1a0~porta_datain_reg5  ;
; 47.873 ; 50.000       ; 2.127          ; High Pulse Width ; clk   ; Rise       ; ml_inference_scanpipe:ml_path|altsyncram:hidden_rtl_0|altsyncram_sng1:auto_generated|ram_block1a0~porta_datain_reg6  ;
; 47.873 ; 50.000       ; 2.127          ; Low Pulse Width  ; clk   ; Rise       ; ml_inference_scanpipe:ml_path|altsyncram:hidden_rtl_0|altsyncram_sng1:auto_generated|ram_block1a0~porta_datain_reg6  ;
; 47.873 ; 50.000       ; 2.127          ; High Pulse Width ; clk   ; Rise       ; ml_inference_scanpipe:ml_path|altsyncram:hidden_rtl_0|altsyncram_sng1:auto_generated|ram_block1a0~porta_datain_reg7  ;
; 47.873 ; 50.000       ; 2.127          ; Low Pulse Width  ; clk   ; Rise       ; ml_inference_scanpipe:ml_path|altsyncram:hidden_rtl_0|altsyncram_sng1:auto_generated|ram_block1a0~porta_datain_reg7  ;
; 47.873 ; 50.000       ; 2.127          ; High Pulse Width ; clk   ; Rise       ; ml_inference_scanpipe:ml_path|altsyncram:hidden_rtl_0|altsyncram_sng1:auto_generated|ram_block1a0~porta_datain_reg8  ;
; 47.873 ; 50.000       ; 2.127          ; Low Pulse Width  ; clk   ; Rise       ; ml_inference_scanpipe:ml_path|altsyncram:hidden_rtl_0|altsyncram_sng1:auto_generated|ram_block1a0~porta_datain_reg8  ;
; 47.873 ; 50.000       ; 2.127          ; High Pulse Width ; clk   ; Rise       ; ml_inference_scanpipe:ml_path|altsyncram:hidden_rtl_0|altsyncram_sng1:auto_generated|ram_block1a0~porta_datain_reg9  ;
; 47.873 ; 50.000       ; 2.127          ; Low Pulse Width  ; clk   ; Rise       ; ml_inference_scanpipe:ml_path|altsyncram:hidden_rtl_0|altsyncram_sng1:auto_generated|ram_block1a0~porta_datain_reg9  ;
; 47.873 ; 50.000       ; 2.127          ; High Pulse Width ; clk   ; Rise       ; ml_inference_scanpipe:ml_path|altsyncram:hidden_rtl_0|altsyncram_sng1:auto_generated|ram_block1a0~porta_memory_reg0  ;
; 47.873 ; 50.000       ; 2.127          ; Low Pulse Width  ; clk   ; Rise       ; ml_inference_scanpipe:ml_path|altsyncram:hidden_rtl_0|altsyncram_sng1:auto_generated|ram_block1a0~porta_memory_reg0  ;
; 47.873 ; 50.000       ; 2.127          ; High Pulse Width ; clk   ; Rise       ; ml_inference_scanpipe:ml_path|altsyncram:hidden_rtl_0|altsyncram_sng1:auto_generated|ram_block1a0~porta_we_reg       ;
; 47.873 ; 50.000       ; 2.127          ; Low Pulse Width  ; clk   ; Rise       ; ml_inference_scanpipe:ml_path|altsyncram:hidden_rtl_0|altsyncram_sng1:auto_generated|ram_block1a0~porta_we_reg       ;
; 47.873 ; 50.000       ; 2.127          ; High Pulse Width ; clk   ; Rise       ; ml_inference_scanpipe:ml_path|altsyncram:hidden_rtl_0|altsyncram_sng1:auto_generated|ram_block1a0~portb_address_reg0 ;
; 47.873 ; 50.000       ; 2.127          ; Low Pulse Width  ; clk   ; Rise       ; ml_inference_scanpipe:ml_path|altsyncram:hidden_rtl_0|altsyncram_sng1:auto_generated|ram_block1a0~portb_address_reg0 ;
; 47.873 ; 50.000       ; 2.127          ; High Pulse Width ; clk   ; Rise       ; ml_inference_scanpipe:ml_path|altsyncram:hidden_rtl_0|altsyncram_sng1:auto_generated|ram_block1a0~portb_address_reg1 ;
; 47.873 ; 50.000       ; 2.127          ; Low Pulse Width  ; clk   ; Rise       ; ml_inference_scanpipe:ml_path|altsyncram:hidden_rtl_0|altsyncram_sng1:auto_generated|ram_block1a0~portb_address_reg1 ;
; 47.873 ; 50.000       ; 2.127          ; High Pulse Width ; clk   ; Rise       ; ml_inference_scanpipe:ml_path|altsyncram:hidden_rtl_0|altsyncram_sng1:auto_generated|ram_block1a0~portb_address_reg2 ;
; 47.873 ; 50.000       ; 2.127          ; Low Pulse Width  ; clk   ; Rise       ; ml_inference_scanpipe:ml_path|altsyncram:hidden_rtl_0|altsyncram_sng1:auto_generated|ram_block1a0~portb_address_reg2 ;
; 47.873 ; 50.000       ; 2.127          ; High Pulse Width ; clk   ; Rise       ; ml_inference_scanpipe:ml_path|altsyncram:hidden_rtl_0|altsyncram_sng1:auto_generated|ram_block1a0~portb_address_reg3 ;
; 47.873 ; 50.000       ; 2.127          ; Low Pulse Width  ; clk   ; Rise       ; ml_inference_scanpipe:ml_path|altsyncram:hidden_rtl_0|altsyncram_sng1:auto_generated|ram_block1a0~portb_address_reg3 ;
; 47.873 ; 50.000       ; 2.127          ; High Pulse Width ; clk   ; Rise       ; ml_inference_scanpipe:ml_path|altsyncram:hidden_rtl_0|altsyncram_sng1:auto_generated|ram_block1a0~portb_address_reg4 ;
; 47.873 ; 50.000       ; 2.127          ; Low Pulse Width  ; clk   ; Rise       ; ml_inference_scanpipe:ml_path|altsyncram:hidden_rtl_0|altsyncram_sng1:auto_generated|ram_block1a0~portb_address_reg4 ;
; 47.873 ; 50.000       ; 2.127          ; High Pulse Width ; clk   ; Rise       ; ml_inference_scanpipe:ml_path|altsyncram:hidden_rtl_0|altsyncram_sng1:auto_generated|ram_block1a10~porta_memory_reg0 ;
; 47.873 ; 50.000       ; 2.127          ; Low Pulse Width  ; clk   ; Rise       ; ml_inference_scanpipe:ml_path|altsyncram:hidden_rtl_0|altsyncram_sng1:auto_generated|ram_block1a10~porta_memory_reg0 ;
; 47.873 ; 50.000       ; 2.127          ; High Pulse Width ; clk   ; Rise       ; ml_inference_scanpipe:ml_path|altsyncram:hidden_rtl_0|altsyncram_sng1:auto_generated|ram_block1a11~porta_memory_reg0 ;
; 47.873 ; 50.000       ; 2.127          ; Low Pulse Width  ; clk   ; Rise       ; ml_inference_scanpipe:ml_path|altsyncram:hidden_rtl_0|altsyncram_sng1:auto_generated|ram_block1a11~porta_memory_reg0 ;
; 47.873 ; 50.000       ; 2.127          ; High Pulse Width ; clk   ; Rise       ; ml_inference_scanpipe:ml_path|altsyncram:hidden_rtl_0|altsyncram_sng1:auto_generated|ram_block1a12~porta_memory_reg0 ;
; 47.873 ; 50.000       ; 2.127          ; Low Pulse Width  ; clk   ; Rise       ; ml_inference_scanpipe:ml_path|altsyncram:hidden_rtl_0|altsyncram_sng1:auto_generated|ram_block1a12~porta_memory_reg0 ;
; 47.873 ; 50.000       ; 2.127          ; High Pulse Width ; clk   ; Rise       ; ml_inference_scanpipe:ml_path|altsyncram:hidden_rtl_0|altsyncram_sng1:auto_generated|ram_block1a13~porta_memory_reg0 ;
; 47.873 ; 50.000       ; 2.127          ; Low Pulse Width  ; clk   ; Rise       ; ml_inference_scanpipe:ml_path|altsyncram:hidden_rtl_0|altsyncram_sng1:auto_generated|ram_block1a13~porta_memory_reg0 ;
; 47.873 ; 50.000       ; 2.127          ; High Pulse Width ; clk   ; Rise       ; ml_inference_scanpipe:ml_path|altsyncram:hidden_rtl_0|altsyncram_sng1:auto_generated|ram_block1a14~porta_memory_reg0 ;
; 47.873 ; 50.000       ; 2.127          ; Low Pulse Width  ; clk   ; Rise       ; ml_inference_scanpipe:ml_path|altsyncram:hidden_rtl_0|altsyncram_sng1:auto_generated|ram_block1a14~porta_memory_reg0 ;
; 47.873 ; 50.000       ; 2.127          ; High Pulse Width ; clk   ; Rise       ; ml_inference_scanpipe:ml_path|altsyncram:hidden_rtl_0|altsyncram_sng1:auto_generated|ram_block1a15~porta_memory_reg0 ;
; 47.873 ; 50.000       ; 2.127          ; Low Pulse Width  ; clk   ; Rise       ; ml_inference_scanpipe:ml_path|altsyncram:hidden_rtl_0|altsyncram_sng1:auto_generated|ram_block1a15~porta_memory_reg0 ;
+--------+--------------+----------------+------------------+-------+------------+----------------------------------------------------------------------------------------------------------------------+


+--------------------------------------------------------------------------+
; Setup Times                                                              ;
+--------------+------------+-------+-------+------------+-----------------+
; Data Port    ; Clock Port ; Rise  ; Fall  ; Clock Edge ; Clock Reference ;
+--------------+------------+-------+-------+------------+-----------------+
; clear_frame  ; clk        ; 2.567 ; 2.567 ; Rise       ; clk             ;
; reset_n      ; clk        ; 1.533 ; 1.533 ; Rise       ; clk             ;
; start_stream ; clk        ; 0.885 ; 0.885 ; Rise       ; clk             ;
; touch_irq_n  ; clk        ; 1.469 ; 1.469 ; Rise       ; clk             ;
; touch_miso   ; clk        ; 0.091 ; 0.091 ; Rise       ; clk             ;
+--------------+------------+-------+-------+------------+-----------------+


+----------------------------------------------------------------------------+
; Hold Times                                                                 ;
+--------------+------------+--------+--------+------------+-----------------+
; Data Port    ; Clock Port ; Rise   ; Fall   ; Clock Edge ; Clock Reference ;
+--------------+------------+--------+--------+------------+-----------------+
; clear_frame  ; clk        ; 0.129  ; 0.129  ; Rise       ; clk             ;
; reset_n      ; clk        ; 0.277  ; 0.277  ; Rise       ; clk             ;
; start_stream ; clk        ; -0.325 ; -0.325 ; Rise       ; clk             ;
; touch_irq_n  ; clk        ; 0.309  ; 0.309  ; Rise       ; clk             ;
; touch_miso   ; clk        ; 0.029  ; 0.029  ; Rise       ; clk             ;
+--------------+------------+--------+--------+------------+-----------------+


+-----------------------------------------------------------------------------------+
; Clock to Output Times                                                             ;
+-----------------------+------------+-------+-------+------------+-----------------+
; Data Port             ; Clock Port ; Rise  ; Fall  ; Clock Edge ; Clock Reference ;
+-----------------------+------------+-------+-------+------------+-----------------+
; ml_busy               ; clk        ; 3.709 ; 3.709 ; Rise       ; clk             ;
; result_accepted       ; clk        ; 3.666 ; 3.666 ; Rise       ; clk             ;
; result_confidence[*]  ; clk        ; 3.748 ; 3.748 ; Rise       ; clk             ;
;  result_confidence[0] ; clk        ; 3.631 ; 3.631 ; Rise       ; clk             ;
;  result_confidence[1] ; clk        ; 3.628 ; 3.628 ; Rise       ; clk             ;
;  result_confidence[2] ; clk        ; 3.464 ; 3.464 ; Rise       ; clk             ;
;  result_confidence[3] ; clk        ; 3.453 ; 3.453 ; Rise       ; clk             ;
;  result_confidence[4] ; clk        ; 3.597 ; 3.597 ; Rise       ; clk             ;
;  result_confidence[5] ; clk        ; 3.527 ; 3.527 ; Rise       ; clk             ;
;  result_confidence[6] ; clk        ; 3.469 ; 3.469 ; Rise       ; clk             ;
;  result_confidence[7] ; clk        ; 3.748 ; 3.748 ; Rise       ; clk             ;
; result_cycles[*]      ; clk        ; 3.888 ; 3.888 ; Rise       ; clk             ;
;  result_cycles[0]     ; clk        ; 3.389 ; 3.389 ; Rise       ; clk             ;
;  result_cycles[1]     ; clk        ; 3.666 ; 3.666 ; Rise       ; clk             ;
;  result_cycles[2]     ; clk        ; 3.413 ; 3.413 ; Rise       ; clk             ;
;  result_cycles[3]     ; clk        ; 3.859 ; 3.859 ; Rise       ; clk             ;
;  result_cycles[4]     ; clk        ; 3.225 ; 3.225 ; Rise       ; clk             ;
;  result_cycles[5]     ; clk        ; 3.410 ; 3.410 ; Rise       ; clk             ;
;  result_cycles[6]     ; clk        ; 3.382 ; 3.382 ; Rise       ; clk             ;
;  result_cycles[7]     ; clk        ; 3.496 ; 3.496 ; Rise       ; clk             ;
;  result_cycles[8]     ; clk        ; 3.559 ; 3.559 ; Rise       ; clk             ;
;  result_cycles[9]     ; clk        ; 3.721 ; 3.721 ; Rise       ; clk             ;
;  result_cycles[10]    ; clk        ; 3.732 ; 3.732 ; Rise       ; clk             ;
;  result_cycles[11]    ; clk        ; 3.486 ; 3.486 ; Rise       ; clk             ;
;  result_cycles[12]    ; clk        ; 3.711 ; 3.711 ; Rise       ; clk             ;
;  result_cycles[13]    ; clk        ; 3.888 ; 3.888 ; Rise       ; clk             ;
;  result_cycles[14]    ; clk        ; 3.256 ; 3.256 ; Rise       ; clk             ;
;  result_cycles[15]    ; clk        ; 3.598 ; 3.598 ; Rise       ; clk             ;
;  result_cycles[16]    ; clk        ; 3.534 ; 3.534 ; Rise       ; clk             ;
;  result_cycles[17]    ; clk        ; 3.563 ; 3.563 ; Rise       ; clk             ;
;  result_cycles[18]    ; clk        ; 3.825 ; 3.825 ; Rise       ; clk             ;
;  result_cycles[19]    ; clk        ; 3.478 ; 3.478 ; Rise       ; clk             ;
;  result_cycles[20]    ; clk        ; 3.604 ; 3.604 ; Rise       ; clk             ;
;  result_cycles[21]    ; clk        ; 3.408 ; 3.408 ; Rise       ; clk             ;
;  result_cycles[22]    ; clk        ; 3.484 ; 3.484 ; Rise       ; clk             ;
;  result_cycles[23]    ; clk        ; 3.381 ; 3.381 ; Rise       ; clk             ;
;  result_cycles[24]    ; clk        ; 3.226 ; 3.226 ; Rise       ; clk             ;
;  result_cycles[25]    ; clk        ; 3.400 ; 3.400 ; Rise       ; clk             ;
;  result_cycles[26]    ; clk        ; 3.397 ; 3.397 ; Rise       ; clk             ;
;  result_cycles[27]    ; clk        ; 3.422 ; 3.422 ; Rise       ; clk             ;
;  result_cycles[28]    ; clk        ; 3.717 ; 3.717 ; Rise       ; clk             ;
;  result_cycles[29]    ; clk        ; 3.351 ; 3.351 ; Rise       ; clk             ;
;  result_cycles[30]    ; clk        ; 3.523 ; 3.523 ; Rise       ; clk             ;
;  result_cycles[31]    ; clk        ; 3.654 ; 3.654 ; Rise       ; clk             ;
; result_digit[*]       ; clk        ; 3.718 ; 3.718 ; Rise       ; clk             ;
;  result_digit[0]      ; clk        ; 3.589 ; 3.589 ; Rise       ; clk             ;
;  result_digit[1]      ; clk        ; 3.454 ; 3.454 ; Rise       ; clk             ;
;  result_digit[2]      ; clk        ; 3.718 ; 3.718 ; Rise       ; clk             ;
;  result_digit[3]      ; clk        ; 3.471 ; 3.471 ; Rise       ; clk             ;
; result_margin[*]      ; clk        ; 3.714 ; 3.714 ; Rise       ; clk             ;
;  result_margin[0]     ; clk        ; 3.578 ; 3.578 ; Rise       ; clk             ;
;  result_margin[1]     ; clk        ; 3.580 ; 3.580 ; Rise       ; clk             ;
;  result_margin[2]     ; clk        ; 3.689 ; 3.689 ; Rise       ; clk             ;
;  result_margin[3]     ; clk        ; 3.602 ; 3.602 ; Rise       ; clk             ;
;  result_margin[4]     ; clk        ; 3.477 ; 3.477 ; Rise       ; clk             ;
;  result_margin[5]     ; clk        ; 3.606 ; 3.606 ; Rise       ; clk             ;
;  result_margin[6]     ; clk        ; 3.714 ; 3.714 ; Rise       ; clk             ;
;  result_margin[7]     ; clk        ; 3.565 ; 3.565 ; Rise       ; clk             ;
;  result_margin[8]     ; clk        ; 3.610 ; 3.610 ; Rise       ; clk             ;
;  result_margin[9]     ; clk        ; 3.545 ; 3.545 ; Rise       ; clk             ;
;  result_margin[10]    ; clk        ; 3.479 ; 3.479 ; Rise       ; clk             ;
;  result_margin[11]    ; clk        ; 3.691 ; 3.691 ; Rise       ; clk             ;
;  result_margin[12]    ; clk        ; 3.469 ; 3.469 ; Rise       ; clk             ;
;  result_margin[13]    ; clk        ; 3.607 ; 3.607 ; Rise       ; clk             ;
;  result_margin[14]    ; clk        ; 3.607 ; 3.607 ; Rise       ; clk             ;
;  result_margin[15]    ; clk        ; 3.578 ; 3.578 ; Rise       ; clk             ;
; result_valid          ; clk        ; 3.592 ; 3.592 ; Rise       ; clk             ;
; touch_cs_n            ; clk        ; 3.450 ; 3.450 ; Rise       ; clk             ;
; touch_mosi            ; clk        ; 3.582 ; 3.582 ; Rise       ; clk             ;
; touch_sclk            ; clk        ; 3.583 ; 3.583 ; Rise       ; clk             ;
+-----------------------+------------+-------+-------+------------+-----------------+


+-----------------------------------------------------------------------------------+
; Minimum Clock to Output Times                                                     ;
+-----------------------+------------+-------+-------+------------+-----------------+
; Data Port             ; Clock Port ; Rise  ; Fall  ; Clock Edge ; Clock Reference ;
+-----------------------+------------+-------+-------+------------+-----------------+
; ml_busy               ; clk        ; 3.709 ; 3.709 ; Rise       ; clk             ;
; result_accepted       ; clk        ; 3.666 ; 3.666 ; Rise       ; clk             ;
; result_confidence[*]  ; clk        ; 3.453 ; 3.453 ; Rise       ; clk             ;
;  result_confidence[0] ; clk        ; 3.631 ; 3.631 ; Rise       ; clk             ;
;  result_confidence[1] ; clk        ; 3.628 ; 3.628 ; Rise       ; clk             ;
;  result_confidence[2] ; clk        ; 3.464 ; 3.464 ; Rise       ; clk             ;
;  result_confidence[3] ; clk        ; 3.453 ; 3.453 ; Rise       ; clk             ;
;  result_confidence[4] ; clk        ; 3.597 ; 3.597 ; Rise       ; clk             ;
;  result_confidence[5] ; clk        ; 3.527 ; 3.527 ; Rise       ; clk             ;
;  result_confidence[6] ; clk        ; 3.469 ; 3.469 ; Rise       ; clk             ;
;  result_confidence[7] ; clk        ; 3.748 ; 3.748 ; Rise       ; clk             ;
; result_cycles[*]      ; clk        ; 3.225 ; 3.225 ; Rise       ; clk             ;
;  result_cycles[0]     ; clk        ; 3.389 ; 3.389 ; Rise       ; clk             ;
;  result_cycles[1]     ; clk        ; 3.666 ; 3.666 ; Rise       ; clk             ;
;  result_cycles[2]     ; clk        ; 3.413 ; 3.413 ; Rise       ; clk             ;
;  result_cycles[3]     ; clk        ; 3.859 ; 3.859 ; Rise       ; clk             ;
;  result_cycles[4]     ; clk        ; 3.225 ; 3.225 ; Rise       ; clk             ;
;  result_cycles[5]     ; clk        ; 3.410 ; 3.410 ; Rise       ; clk             ;
;  result_cycles[6]     ; clk        ; 3.382 ; 3.382 ; Rise       ; clk             ;
;  result_cycles[7]     ; clk        ; 3.496 ; 3.496 ; Rise       ; clk             ;
;  result_cycles[8]     ; clk        ; 3.559 ; 3.559 ; Rise       ; clk             ;
;  result_cycles[9]     ; clk        ; 3.721 ; 3.721 ; Rise       ; clk             ;
;  result_cycles[10]    ; clk        ; 3.732 ; 3.732 ; Rise       ; clk             ;
;  result_cycles[11]    ; clk        ; 3.486 ; 3.486 ; Rise       ; clk             ;
;  result_cycles[12]    ; clk        ; 3.711 ; 3.711 ; Rise       ; clk             ;
;  result_cycles[13]    ; clk        ; 3.888 ; 3.888 ; Rise       ; clk             ;
;  result_cycles[14]    ; clk        ; 3.256 ; 3.256 ; Rise       ; clk             ;
;  result_cycles[15]    ; clk        ; 3.598 ; 3.598 ; Rise       ; clk             ;
;  result_cycles[16]    ; clk        ; 3.534 ; 3.534 ; Rise       ; clk             ;
;  result_cycles[17]    ; clk        ; 3.563 ; 3.563 ; Rise       ; clk             ;
;  result_cycles[18]    ; clk        ; 3.825 ; 3.825 ; Rise       ; clk             ;
;  result_cycles[19]    ; clk        ; 3.478 ; 3.478 ; Rise       ; clk             ;
;  result_cycles[20]    ; clk        ; 3.604 ; 3.604 ; Rise       ; clk             ;
;  result_cycles[21]    ; clk        ; 3.408 ; 3.408 ; Rise       ; clk             ;
;  result_cycles[22]    ; clk        ; 3.484 ; 3.484 ; Rise       ; clk             ;
;  result_cycles[23]    ; clk        ; 3.381 ; 3.381 ; Rise       ; clk             ;
;  result_cycles[24]    ; clk        ; 3.226 ; 3.226 ; Rise       ; clk             ;
;  result_cycles[25]    ; clk        ; 3.400 ; 3.400 ; Rise       ; clk             ;
;  result_cycles[26]    ; clk        ; 3.397 ; 3.397 ; Rise       ; clk             ;
;  result_cycles[27]    ; clk        ; 3.422 ; 3.422 ; Rise       ; clk             ;
;  result_cycles[28]    ; clk        ; 3.717 ; 3.717 ; Rise       ; clk             ;
;  result_cycles[29]    ; clk        ; 3.351 ; 3.351 ; Rise       ; clk             ;
;  result_cycles[30]    ; clk        ; 3.523 ; 3.523 ; Rise       ; clk             ;
;  result_cycles[31]    ; clk        ; 3.654 ; 3.654 ; Rise       ; clk             ;
; result_digit[*]       ; clk        ; 3.454 ; 3.454 ; Rise       ; clk             ;
;  result_digit[0]      ; clk        ; 3.589 ; 3.589 ; Rise       ; clk             ;
;  result_digit[1]      ; clk        ; 3.454 ; 3.454 ; Rise       ; clk             ;
;  result_digit[2]      ; clk        ; 3.718 ; 3.718 ; Rise       ; clk             ;
;  result_digit[3]      ; clk        ; 3.471 ; 3.471 ; Rise       ; clk             ;
; result_margin[*]      ; clk        ; 3.469 ; 3.469 ; Rise       ; clk             ;
;  result_margin[0]     ; clk        ; 3.578 ; 3.578 ; Rise       ; clk             ;
;  result_margin[1]     ; clk        ; 3.580 ; 3.580 ; Rise       ; clk             ;
;  result_margin[2]     ; clk        ; 3.689 ; 3.689 ; Rise       ; clk             ;
;  result_margin[3]     ; clk        ; 3.602 ; 3.602 ; Rise       ; clk             ;
;  result_margin[4]     ; clk        ; 3.477 ; 3.477 ; Rise       ; clk             ;
;  result_margin[5]     ; clk        ; 3.606 ; 3.606 ; Rise       ; clk             ;
;  result_margin[6]     ; clk        ; 3.714 ; 3.714 ; Rise       ; clk             ;
;  result_margin[7]     ; clk        ; 3.565 ; 3.565 ; Rise       ; clk             ;
;  result_margin[8]     ; clk        ; 3.610 ; 3.610 ; Rise       ; clk             ;
;  result_margin[9]     ; clk        ; 3.545 ; 3.545 ; Rise       ; clk             ;
;  result_margin[10]    ; clk        ; 3.479 ; 3.479 ; Rise       ; clk             ;
;  result_margin[11]    ; clk        ; 3.691 ; 3.691 ; Rise       ; clk             ;
;  result_margin[12]    ; clk        ; 3.469 ; 3.469 ; Rise       ; clk             ;
;  result_margin[13]    ; clk        ; 3.607 ; 3.607 ; Rise       ; clk             ;
;  result_margin[14]    ; clk        ; 3.607 ; 3.607 ; Rise       ; clk             ;
;  result_margin[15]    ; clk        ; 3.578 ; 3.578 ; Rise       ; clk             ;
; result_valid          ; clk        ; 3.592 ; 3.592 ; Rise       ; clk             ;
; touch_cs_n            ; clk        ; 3.450 ; 3.450 ; Rise       ; clk             ;
; touch_mosi            ; clk        ; 3.582 ; 3.582 ; Rise       ; clk             ;
; touch_sclk            ; clk        ; 3.583 ; 3.583 ; Rise       ; clk             ;
+-----------------------+------------+-------+-------+------------+-----------------+


+------------------------------------------------------------------------------+
; Multicorner Timing Analysis Summary                                          ;
+------------------+--------+-------+----------+---------+---------------------+
; Clock            ; Setup  ; Hold  ; Recovery ; Removal ; Minimum Pulse Width ;
+------------------+--------+-------+----------+---------+---------------------+
; Worst-case Slack ; 70.647 ; 0.215 ; N/A      ; N/A     ; 46.933              ;
;  clk             ; 70.647 ; 0.215 ; N/A      ; N/A     ; 46.933              ;
; Design-wide TNS  ; 0.0    ; 0.0   ; 0.0      ; 0.0     ; 0.0                 ;
;  clk             ; 0.000  ; 0.000 ; N/A      ; N/A     ; 0.000               ;
+------------------+--------+-------+----------+---------+---------------------+


+--------------------------------------------------------------------------+
; Setup Times                                                              ;
+--------------+------------+-------+-------+------------+-----------------+
; Data Port    ; Clock Port ; Rise  ; Fall  ; Clock Edge ; Clock Reference ;
+--------------+------------+-------+-------+------------+-----------------+
; clear_frame  ; clk        ; 9.062 ; 9.062 ; Rise       ; clk             ;
; reset_n      ; clk        ; 5.779 ; 5.779 ; Rise       ; clk             ;
; start_stream ; clk        ; 3.496 ; 3.496 ; Rise       ; clk             ;
; touch_irq_n  ; clk        ; 5.592 ; 5.592 ; Rise       ; clk             ;
; touch_miso   ; clk        ; 1.389 ; 1.389 ; Rise       ; clk             ;
+--------------+------------+-------+-------+------------+-----------------+


+----------------------------------------------------------------------------+
; Hold Times                                                                 ;
+--------------+------------+--------+--------+------------+-----------------+
; Data Port    ; Clock Port ; Rise   ; Fall   ; Clock Edge ; Clock Reference ;
+--------------+------------+--------+--------+------------+-----------------+
; clear_frame  ; clk        ; 0.129  ; 0.129  ; Rise       ; clk             ;
; reset_n      ; clk        ; 0.277  ; 0.277  ; Rise       ; clk             ;
; start_stream ; clk        ; -0.325 ; -0.325 ; Rise       ; clk             ;
; touch_irq_n  ; clk        ; 0.309  ; 0.309  ; Rise       ; clk             ;
; touch_miso   ; clk        ; 0.029  ; 0.029  ; Rise       ; clk             ;
+--------------+------------+--------+--------+------------+-----------------+


+-----------------------------------------------------------------------------------+
; Clock to Output Times                                                             ;
+-----------------------+------------+-------+-------+------------+-----------------+
; Data Port             ; Clock Port ; Rise  ; Fall  ; Clock Edge ; Clock Reference ;
+-----------------------+------------+-------+-------+------------+-----------------+
; ml_busy               ; clk        ; 8.075 ; 8.075 ; Rise       ; clk             ;
; result_accepted       ; clk        ; 7.973 ; 7.973 ; Rise       ; clk             ;
; result_confidence[*]  ; clk        ; 7.983 ; 7.983 ; Rise       ; clk             ;
;  result_confidence[0] ; clk        ; 7.600 ; 7.600 ; Rise       ; clk             ;
;  result_confidence[1] ; clk        ; 7.595 ; 7.595 ; Rise       ; clk             ;
;  result_confidence[2] ; clk        ; 7.547 ; 7.547 ; Rise       ; clk             ;
;  result_confidence[3] ; clk        ; 7.535 ; 7.535 ; Rise       ; clk             ;
;  result_confidence[4] ; clk        ; 7.737 ; 7.737 ; Rise       ; clk             ;
;  result_confidence[5] ; clk        ; 7.825 ; 7.825 ; Rise       ; clk             ;
;  result_confidence[6] ; clk        ; 7.557 ; 7.557 ; Rise       ; clk             ;
;  result_confidence[7] ; clk        ; 7.983 ; 7.983 ; Rise       ; clk             ;
; result_cycles[*]      ; clk        ; 8.545 ; 8.545 ; Rise       ; clk             ;
;  result_cycles[0]     ; clk        ; 7.221 ; 7.221 ; Rise       ; clk             ;
;  result_cycles[1]     ; clk        ; 7.842 ; 7.842 ; Rise       ; clk             ;
;  result_cycles[2]     ; clk        ; 7.255 ; 7.255 ; Rise       ; clk             ;
;  result_cycles[3]     ; clk        ; 8.484 ; 8.484 ; Rise       ; clk             ;
;  result_cycles[4]     ; clk        ; 6.772 ; 6.772 ; Rise       ; clk             ;
;  result_cycles[5]     ; clk        ; 7.259 ; 7.259 ; Rise       ; clk             ;
;  result_cycles[6]     ; clk        ; 7.235 ; 7.235 ; Rise       ; clk             ;
;  result_cycles[7]     ; clk        ; 7.314 ; 7.314 ; Rise       ; clk             ;
;  result_cycles[8]     ; clk        ; 7.687 ; 7.687 ; Rise       ; clk             ;
;  result_cycles[9]     ; clk        ; 8.063 ; 8.063 ; Rise       ; clk             ;
;  result_cycles[10]    ; clk        ; 8.093 ; 8.093 ; Rise       ; clk             ;
;  result_cycles[11]    ; clk        ; 7.303 ; 7.303 ; Rise       ; clk             ;
;  result_cycles[12]    ; clk        ; 8.047 ; 8.047 ; Rise       ; clk             ;
;  result_cycles[13]    ; clk        ; 8.545 ; 8.545 ; Rise       ; clk             ;
;  result_cycles[14]    ; clk        ; 6.829 ; 6.829 ; Rise       ; clk             ;
;  result_cycles[15]    ; clk        ; 7.678 ; 7.678 ; Rise       ; clk             ;
;  result_cycles[16]    ; clk        ; 7.641 ; 7.641 ; Rise       ; clk             ;
;  result_cycles[17]    ; clk        ; 7.627 ; 7.627 ; Rise       ; clk             ;
;  result_cycles[18]    ; clk        ; 8.428 ; 8.428 ; Rise       ; clk             ;
;  result_cycles[19]    ; clk        ; 7.298 ; 7.298 ; Rise       ; clk             ;
;  result_cycles[20]    ; clk        ; 7.689 ; 7.689 ; Rise       ; clk             ;
;  result_cycles[21]    ; clk        ; 7.251 ; 7.251 ; Rise       ; clk             ;
;  result_cycles[22]    ; clk        ; 7.301 ; 7.301 ; Rise       ; clk             ;
;  result_cycles[23]    ; clk        ; 7.210 ; 7.210 ; Rise       ; clk             ;
;  result_cycles[24]    ; clk        ; 6.771 ; 6.771 ; Rise       ; clk             ;
;  result_cycles[25]    ; clk        ; 7.254 ; 7.254 ; Rise       ; clk             ;
;  result_cycles[26]    ; clk        ; 7.248 ; 7.248 ; Rise       ; clk             ;
;  result_cycles[27]    ; clk        ; 7.266 ; 7.266 ; Rise       ; clk             ;
;  result_cycles[28]    ; clk        ; 8.058 ; 8.058 ; Rise       ; clk             ;
;  result_cycles[29]    ; clk        ; 7.178 ; 7.178 ; Rise       ; clk             ;
;  result_cycles[30]    ; clk        ; 7.630 ; 7.630 ; Rise       ; clk             ;
;  result_cycles[31]    ; clk        ; 7.815 ; 7.815 ; Rise       ; clk             ;
; result_digit[*]       ; clk        ; 8.065 ; 8.065 ; Rise       ; clk             ;
;  result_digit[0]      ; clk        ; 7.658 ; 7.658 ; Rise       ; clk             ;
;  result_digit[1]      ; clk        ; 7.507 ; 7.507 ; Rise       ; clk             ;
;  result_digit[2]      ; clk        ; 8.065 ; 8.065 ; Rise       ; clk             ;
;  result_digit[3]      ; clk        ; 7.291 ; 7.291 ; Rise       ; clk             ;
; result_margin[*]      ; clk        ; 8.116 ; 8.116 ; Rise       ; clk             ;
;  result_margin[0]     ; clk        ; 7.640 ; 7.640 ; Rise       ; clk             ;
;  result_margin[1]     ; clk        ; 7.898 ; 7.898 ; Rise       ; clk             ;
;  result_margin[2]     ; clk        ; 8.061 ; 8.061 ; Rise       ; clk             ;
;  result_margin[3]     ; clk        ; 7.680 ; 7.680 ; Rise       ; clk             ;
;  result_margin[4]     ; clk        ; 7.293 ; 7.293 ; Rise       ; clk             ;
;  result_margin[5]     ; clk        ; 7.764 ; 7.764 ; Rise       ; clk             ;
;  result_margin[6]     ; clk        ; 8.116 ; 8.116 ; Rise       ; clk             ;
;  result_margin[7]     ; clk        ; 7.646 ; 7.646 ; Rise       ; clk             ;
;  result_margin[8]     ; clk        ; 7.712 ; 7.712 ; Rise       ; clk             ;
;  result_margin[9]     ; clk        ; 7.625 ; 7.625 ; Rise       ; clk             ;
;  result_margin[10]    ; clk        ; 7.305 ; 7.305 ; Rise       ; clk             ;
;  result_margin[11]    ; clk        ; 8.040 ; 8.040 ; Rise       ; clk             ;
;  result_margin[12]    ; clk        ; 7.289 ; 7.289 ; Rise       ; clk             ;
;  result_margin[13]    ; clk        ; 7.706 ; 7.706 ; Rise       ; clk             ;
;  result_margin[14]    ; clk        ; 7.705 ; 7.705 ; Rise       ; clk             ;
;  result_margin[15]    ; clk        ; 7.639 ; 7.639 ; Rise       ; clk             ;
; result_valid          ; clk        ; 7.662 ; 7.662 ; Rise       ; clk             ;
; touch_cs_n            ; clk        ; 7.508 ; 7.508 ; Rise       ; clk             ;
; touch_mosi            ; clk        ; 7.907 ; 7.907 ; Rise       ; clk             ;
; touch_sclk            ; clk        ; 7.915 ; 7.915 ; Rise       ; clk             ;
+-----------------------+------------+-------+-------+------------+-----------------+


+-----------------------------------------------------------------------------------+
; Minimum Clock to Output Times                                                     ;
+-----------------------+------------+-------+-------+------------+-----------------+
; Data Port             ; Clock Port ; Rise  ; Fall  ; Clock Edge ; Clock Reference ;
+-----------------------+------------+-------+-------+------------+-----------------+
; ml_busy               ; clk        ; 3.709 ; 3.709 ; Rise       ; clk             ;
; result_accepted       ; clk        ; 3.666 ; 3.666 ; Rise       ; clk             ;
; result_confidence[*]  ; clk        ; 3.453 ; 3.453 ; Rise       ; clk             ;
;  result_confidence[0] ; clk        ; 3.631 ; 3.631 ; Rise       ; clk             ;
;  result_confidence[1] ; clk        ; 3.628 ; 3.628 ; Rise       ; clk             ;
;  result_confidence[2] ; clk        ; 3.464 ; 3.464 ; Rise       ; clk             ;
;  result_confidence[3] ; clk        ; 3.453 ; 3.453 ; Rise       ; clk             ;
;  result_confidence[4] ; clk        ; 3.597 ; 3.597 ; Rise       ; clk             ;
;  result_confidence[5] ; clk        ; 3.527 ; 3.527 ; Rise       ; clk             ;
;  result_confidence[6] ; clk        ; 3.469 ; 3.469 ; Rise       ; clk             ;
;  result_confidence[7] ; clk        ; 3.748 ; 3.748 ; Rise       ; clk             ;
; result_cycles[*]      ; clk        ; 3.225 ; 3.225 ; Rise       ; clk             ;
;  result_cycles[0]     ; clk        ; 3.389 ; 3.389 ; Rise       ; clk             ;
;  result_cycles[1]     ; clk        ; 3.666 ; 3.666 ; Rise       ; clk             ;
;  result_cycles[2]     ; clk        ; 3.413 ; 3.413 ; Rise       ; clk             ;
;  result_cycles[3]     ; clk        ; 3.859 ; 3.859 ; Rise       ; clk             ;
;  result_cycles[4]     ; clk        ; 3.225 ; 3.225 ; Rise       ; clk             ;
;  result_cycles[5]     ; clk        ; 3.410 ; 3.410 ; Rise       ; clk             ;
;  result_cycles[6]     ; clk        ; 3.382 ; 3.382 ; Rise       ; clk             ;
;  result_cycles[7]     ; clk        ; 3.496 ; 3.496 ; Rise       ; clk             ;
;  result_cycles[8]     ; clk        ; 3.559 ; 3.559 ; Rise       ; clk             ;
;  result_cycles[9]     ; clk        ; 3.721 ; 3.721 ; Rise       ; clk             ;
;  result_cycles[10]    ; clk        ; 3.732 ; 3.732 ; Rise       ; clk             ;
;  result_cycles[11]    ; clk        ; 3.486 ; 3.486 ; Rise       ; clk             ;
;  result_cycles[12]    ; clk        ; 3.711 ; 3.711 ; Rise       ; clk             ;
;  result_cycles[13]    ; clk        ; 3.888 ; 3.888 ; Rise       ; clk             ;
;  result_cycles[14]    ; clk        ; 3.256 ; 3.256 ; Rise       ; clk             ;
;  result_cycles[15]    ; clk        ; 3.598 ; 3.598 ; Rise       ; clk             ;
;  result_cycles[16]    ; clk        ; 3.534 ; 3.534 ; Rise       ; clk             ;
;  result_cycles[17]    ; clk        ; 3.563 ; 3.563 ; Rise       ; clk             ;
;  result_cycles[18]    ; clk        ; 3.825 ; 3.825 ; Rise       ; clk             ;
;  result_cycles[19]    ; clk        ; 3.478 ; 3.478 ; Rise       ; clk             ;
;  result_cycles[20]    ; clk        ; 3.604 ; 3.604 ; Rise       ; clk             ;
;  result_cycles[21]    ; clk        ; 3.408 ; 3.408 ; Rise       ; clk             ;
;  result_cycles[22]    ; clk        ; 3.484 ; 3.484 ; Rise       ; clk             ;
;  result_cycles[23]    ; clk        ; 3.381 ; 3.381 ; Rise       ; clk             ;
;  result_cycles[24]    ; clk        ; 3.226 ; 3.226 ; Rise       ; clk             ;
;  result_cycles[25]    ; clk        ; 3.400 ; 3.400 ; Rise       ; clk             ;
;  result_cycles[26]    ; clk        ; 3.397 ; 3.397 ; Rise       ; clk             ;
;  result_cycles[27]    ; clk        ; 3.422 ; 3.422 ; Rise       ; clk             ;
;  result_cycles[28]    ; clk        ; 3.717 ; 3.717 ; Rise       ; clk             ;
;  result_cycles[29]    ; clk        ; 3.351 ; 3.351 ; Rise       ; clk             ;
;  result_cycles[30]    ; clk        ; 3.523 ; 3.523 ; Rise       ; clk             ;
;  result_cycles[31]    ; clk        ; 3.654 ; 3.654 ; Rise       ; clk             ;
; result_digit[*]       ; clk        ; 3.454 ; 3.454 ; Rise       ; clk             ;
;  result_digit[0]      ; clk        ; 3.589 ; 3.589 ; Rise       ; clk             ;
;  result_digit[1]      ; clk        ; 3.454 ; 3.454 ; Rise       ; clk             ;
;  result_digit[2]      ; clk        ; 3.718 ; 3.718 ; Rise       ; clk             ;
;  result_digit[3]      ; clk        ; 3.471 ; 3.471 ; Rise       ; clk             ;
; result_margin[*]      ; clk        ; 3.469 ; 3.469 ; Rise       ; clk             ;
;  result_margin[0]     ; clk        ; 3.578 ; 3.578 ; Rise       ; clk             ;
;  result_margin[1]     ; clk        ; 3.580 ; 3.580 ; Rise       ; clk             ;
;  result_margin[2]     ; clk        ; 3.689 ; 3.689 ; Rise       ; clk             ;
;  result_margin[3]     ; clk        ; 3.602 ; 3.602 ; Rise       ; clk             ;
;  result_margin[4]     ; clk        ; 3.477 ; 3.477 ; Rise       ; clk             ;
;  result_margin[5]     ; clk        ; 3.606 ; 3.606 ; Rise       ; clk             ;
;  result_margin[6]     ; clk        ; 3.714 ; 3.714 ; Rise       ; clk             ;
;  result_margin[7]     ; clk        ; 3.565 ; 3.565 ; Rise       ; clk             ;
;  result_margin[8]     ; clk        ; 3.610 ; 3.610 ; Rise       ; clk             ;
;  result_margin[9]     ; clk        ; 3.545 ; 3.545 ; Rise       ; clk             ;
;  result_margin[10]    ; clk        ; 3.479 ; 3.479 ; Rise       ; clk             ;
;  result_margin[11]    ; clk        ; 3.691 ; 3.691 ; Rise       ; clk             ;
;  result_margin[12]    ; clk        ; 3.469 ; 3.469 ; Rise       ; clk             ;
;  result_margin[13]    ; clk        ; 3.607 ; 3.607 ; Rise       ; clk             ;
;  result_margin[14]    ; clk        ; 3.607 ; 3.607 ; Rise       ; clk             ;
;  result_margin[15]    ; clk        ; 3.578 ; 3.578 ; Rise       ; clk             ;
; result_valid          ; clk        ; 3.592 ; 3.592 ; Rise       ; clk             ;
; touch_cs_n            ; clk        ; 3.450 ; 3.450 ; Rise       ; clk             ;
; touch_mosi            ; clk        ; 3.582 ; 3.582 ; Rise       ; clk             ;
; touch_sclk            ; clk        ; 3.583 ; 3.583 ; Rise       ; clk             ;
+-----------------------+------------+-------+-------+------------+-----------------+


+-------------------------------------------------------------------+
; Setup Transfers                                                   ;
+------------+----------+----------+----------+----------+----------+
; From Clock ; To Clock ; RR Paths ; FR Paths ; RF Paths ; FF Paths ;
+------------+----------+----------+----------+----------+----------+
; clk        ; clk      ; 42612652 ; 0        ; 0        ; 0        ;
+------------+----------+----------+----------+----------+----------+
Entries labeled "false path" only account for clock-to-clock false paths and not path-based false paths. As a result, actual path counts may be lower than reported.


+-------------------------------------------------------------------+
; Hold Transfers                                                    ;
+------------+----------+----------+----------+----------+----------+
; From Clock ; To Clock ; RR Paths ; FR Paths ; RF Paths ; FF Paths ;
+------------+----------+----------+----------+----------+----------+
; clk        ; clk      ; 42612652 ; 0        ; 0        ; 0        ;
+------------+----------+----------+----------+----------+----------+
Entries labeled "false path" only account for clock-to-clock false paths and not path-based false paths. As a result, actual path counts may be lower than reported.


---------------
; Report TCCS ;
---------------
No dedicated SERDES Transmitter circuitry present in device or used in design


---------------
; Report RSKM ;
---------------
No dedicated SERDES Receiver circuitry present in device or used in design


+------------------------------------------------+
; Unconstrained Paths                            ;
+---------------------------------+-------+------+
; Property                        ; Setup ; Hold ;
+---------------------------------+-------+------+
; Illegal Clocks                  ; 0     ; 0    ;
; Unconstrained Clocks            ; 0     ; 0    ;
; Unconstrained Input Ports       ; 5     ; 5    ;
; Unconstrained Input Port Paths  ; 1239  ; 1239 ;
; Unconstrained Output Ports      ; 66    ; 66   ;
; Unconstrained Output Port Paths ; 66    ; 66   ;
+---------------------------------+-------+------+


+------------------------------------+
; TimeQuest Timing Analyzer Messages ;
+------------------------------------+
Info: *******************************************************************
Info: Running Quartus II 64-Bit TimeQuest Timing Analyzer
    Info: Version 13.0.1 Build 232 06/12/2013 Service Pack 1 SJ Web Edition
    Info: Processing started: Sat Oct 03 21:35:33 2026
Info: Command: quartus_sta touch_ml_scanpipe_top -c touch_ml_scanpipe_top
Info: qsta_default_script.tcl version: #1
Info (20030): Parallel compilation is enabled and will use 6 of the 6 processors detected
Info (332104): Reading SDC File: 'touch_ml_scanpipe_top.sdc'
Info: Found TIMEQUEST_REPORT_SCRIPT_INCLUDE_DEFAULT_ANALYSIS = ON
Info: Analyzing Slow Model
Info (332146): Worst-case setup slack is 70.647
    Info (332119):     Slack End Point TNS Clock 
    Info (332119): ========= ============= =====================
    Info (332119):    70.647         0.000 clk 
Info (332146): Worst-case hold slack is 0.499
    Info (332119):     Slack End Point TNS Clock 
    Info (332119): ========= ============= =====================
    Info (332119):     0.499         0.000 clk 
Info (332140): No Recovery paths to report
Info (332140): No Removal paths to report
Info (332146): Worst-case minimum pulse width slack is 46.933
    Info (332119):     Slack End Point TNS Clock 
    Info (332119): ========= ============= =====================
    Info (332119):    46.933         0.000 clk 
Info (332001): The selected device family is not supported by the report_metastability command.
Info: Analyzing Fast Model
Info (332146): Worst-case setup slack is 90.951
    Info (332119):     Slack End Point TNS Clock 
    Info (332119): ========= ============= =====================
    Info (332119):    90.951         0.000 clk 
Info (332146): Worst-case hold slack is 0.215
    Info (332119):     Slack End Point TNS Clock 
    Info (332119): ========= ============= =====================
    Info (332119):     0.215         0.000 clk 
Info (332140): No Recovery paths to report
Info (332140): No Removal paths to report
Info (332146): Worst-case minimum pulse width slack is 47.873
    Info (332119):     Slack End Point TNS Clock 
    Info (332119): ========= ============= =====================
    Info (332119):    47.873         0.000 clk 
Info (332001): The selected device family is not supported by the report_metastability command.
Info (332102): Design is not fully constrained for setup requirements
Info (332102): Design is not fully constrained for hold requirements
Info: Quartus II 64-Bit TimeQuest Timing Analyzer was successful. 0 errors, 0 warnings
    Info: Peak virtual memory: 4608 megabytes
    Info: Processing ended: Sat Oct 03 21:35:35 2026
    Info: Elapsed time: 00:00:02
    Info: Total CPU time (on all processors): 00:00:02


