TimeQuest Timing Analyzer report for touch_ml_top
Sat Oct 03 21:19:26 2026
Quartus II 64-Bit Version 13.0.1 Build 232 06/12/2013 Service Pack 1 SJ Web Edition


---------------------
; Table of Contents ;
---------------------
  1. Legal Notice
  2. TimeQuest Timing Analyzer Summary
  3. Parallel Compilation
  4. SDC File List
  5. Clocks
  6. Slow Model Fmax Summary
  7. Slow Model Setup Summary
  8. Slow Model Hold Summary
  9. Slow Model Recovery Summary
 10. Slow Model Removal Summary
 11. Slow Model Minimum Pulse Width Summary
 12. Slow Model Setup: 'clk'
 13. Slow Model Hold: 'clk'
 14. Slow Model Minimum Pulse Width: 'clk'
 15. Setup Times
 16. Hold Times
 17. Clock to Output Times
 18. Minimum Clock to Output Times
 19. Fast Model Setup Summary
 20. Fast Model Hold Summary
 21. Fast Model Recovery Summary
 22. Fast Model Removal Summary
 23. Fast Model Minimum Pulse Width Summary
 24. Fast Model Setup: 'clk'
 25. Fast Model Hold: 'clk'
 26. Fast Model Minimum Pulse Width: 'clk'
 27. Setup Times
 28. Hold Times
 29. Clock to Output Times
 30. Minimum Clock to Output Times
 31. Multicorner Timing Analysis Summary
 32. Setup Times
 33. Hold Times
 34. Clock to Output Times
 35. Minimum Clock to Output Times
 36. Setup Transfers
 37. Hold Transfers
 38. Report TCCS
 39. Report RSKM
 40. Unconstrained Paths
 41. TimeQuest Timing Analyzer Messages



----------------
; Legal Notice ;
----------------
Copyright (C) 1991-2013 Altera Corporation
Your use of Altera Corporation's design tools, logic functions 
and other software and tools, and its AMPP partner logic 
functions, and any output files from any of the foregoing 
(including device programming or simulation files), and any 
associated documentation or information are expressly subject 
to the terms and conditions of the Altera Program License 
Subscription Agreement, Altera MegaCore Function License 
Agreement, or other applicable license agreement, including, 
without limitation, that your use is for the sole purpose of 
programming logic devices manufactured by Altera and sold by 
Altera or its authorized distributors.  Please refer to the 
applicable agreement for further details.



+----------------------------------------------------------------------------------------+
; TimeQuest Timing Analyzer Summary                                                      ;
+--------------------+-------------------------------------------------------------------+
; Quartus II Version ; Version 13.0.1 Build 232 06/12/2013 Service Pack 1 SJ Web Edition ;
; Revision Name      ; touch_ml_top                                                      ;
; Device Family      ; Cyclone II                                                        ;
; Device Name        ; EP2C5T144C8                                                       ;
; Timing Models      ; Final                                                             ;
; Delay Model        ; Combined                                                          ;
; Rise/Fall Delays   ; Unavailable                                                       ;
+--------------------+-------------------------------------------------------------------+


+------------------------------------------+
; Parallel Compilation                     ;
+----------------------------+-------------+
; Processors                 ; Number      ;
+----------------------------+-------------+
; Number detected on machine ; 6           ;
; Maximum allowed            ; 6           ;
;                            ;             ;
; Average used               ; 1.00        ;
; Maximum used               ; 2           ;
;                            ;             ;
; Usage by Processor         ; % Time Used ;
;     Processor 1            ; 100.0%      ;
;     Processor 2            ; < 0.1%      ;
;     Processors 3-6         ;   0.0%      ;
+----------------------------+-------------+


+------------------------------------------------------+
; SDC File List                                        ;
+------------------+--------+--------------------------+
; SDC File Path    ; Status ; Read at                  ;
+------------------+--------+--------------------------+
; touch_ml_top.sdc ; OK     ; Sat Oct 03 21:19:25 2026 ;
+------------------+--------+--------------------------+


+----------------------------------------------------------------------------------------------------------------------------------------------------------------------------------+
; Clocks                                                                                                                                                                           ;
+------------+------+---------+-----------+-------+--------+------------+-----------+-------------+-------+--------+-----------+------------+----------+--------+--------+---------+
; Clock Name ; Type ; Period  ; Frequency ; Rise  ; Fall   ; Duty Cycle ; Divide by ; Multiply by ; Phase ; Offset ; Edge List ; Edge Shift ; Inverted ; Master ; Source ; Targets ;
+------------+------+---------+-----------+-------+--------+------------+-----------+-------------+-------+--------+-----------+------------+----------+--------+--------+---------+
; clk        ; Base ; 100.000 ; 10.0 MHz  ; 0.000 ; 50.000 ;            ;           ;             ;       ;        ;           ;            ;          ;        ;        ; { clk } ;
+------------+------+---------+-----------+-------+--------+------------+-----------+-------------+-------+--------+-----------+------------+----------+--------+--------+---------+


+-------------------------------------------------+
; Slow Model Fmax Summary                         ;
+-----------+-----------------+------------+------+
; Fmax      ; Restricted Fmax ; Clock Name ; Note ;
+-----------+-----------------+------------+------+
; 10.56 MHz ; 10.56 MHz       ; clk        ;      ;
+-----------+-----------------+------------+------+
This panel reports FMAX for every clock in the design, regardless of the user-specified clock periods.  FMAX is only computed for paths where the source and destination registers or ports are driven by the same clock.  Paths of different clocks, including generated clocks, are ignored.  For paths between a clock and its inversion, FMAX is computed as if the rising and falling edges are scaled along with FMAX, such that the duty cycle (in terms of a percentage) is maintained. Altera recommends that you always use clock constraints and other slack reports for sign-off analysis.


+-------------------------------+
; Slow Model Setup Summary      ;
+-------+-------+---------------+
; Clock ; Slack ; End Point TNS ;
+-------+-------+---------------+
; clk   ; 5.292 ; 0.000         ;
+-------+-------+---------------+


+-------------------------------+
; Slow Model Hold Summary       ;
+-------+-------+---------------+
; Clock ; Slack ; End Point TNS ;
+-------+-------+---------------+
; clk   ; 0.499 ; 0.000         ;
+-------+-------+---------------+


-------------------------------
; Slow Model Recovery Summary ;
-------------------------------
No paths to report.


------------------------------
; Slow Model Removal Summary ;
------------------------------
No paths to report.


+----------------------------------------+
; Slow Model Minimum Pulse Width Summary ;
+-------+--------+-----------------------+
; Clock ; Slack  ; End Point TNS         ;
+-------+--------+-----------------------+
; clk   ; 46.933 ; 0.000                 ;
+-------+--------+-----------------------+


+-----------------------------------------------------------------------------------------------------------------------------------------------------------+
; Slow Model Setup: 'clk'                                                                                                                                   ;
+-------+------------------------------------+----------------------------------------+--------------+-------------+--------------+------------+------------+
; Slack ; From Node                          ; To Node                                ; Launch Clock ; Latch Clock ; Relationship ; Clock Skew ; Data Delay ;
+-------+------------------------------------+----------------------------------------+--------------+-------------+--------------+------------+------------+
; 5.292 ; ml_inference:ml_path|scores[0][0]  ; ml_inference:ml_path|result_margin[15] ; clk          ; clk         ; 100.000      ; 0.000      ; 94.748     ;
; 5.305 ; ml_inference:ml_path|scores[0][0]  ; ml_inference:ml_path|result_margin[6]  ; clk          ; clk         ; 100.000      ; -0.005     ; 94.730     ;
; 5.314 ; ml_inference:ml_path|scores[1][0]  ; ml_inference:ml_path|result_margin[15] ; clk          ; clk         ; 100.000      ; 0.000      ; 94.726     ;
; 5.327 ; ml_inference:ml_path|scores[1][0]  ; ml_inference:ml_path|result_margin[6]  ; clk          ; clk         ; 100.000      ; -0.005     ; 94.708     ;
; 5.440 ; ml_inference:ml_path|scores[1][1]  ; ml_inference:ml_path|result_margin[15] ; clk          ; clk         ; 100.000      ; 0.001      ; 94.601     ;
; 5.453 ; ml_inference:ml_path|scores[1][1]  ; ml_inference:ml_path|result_margin[6]  ; clk          ; clk         ; 100.000      ; -0.004     ; 94.583     ;
; 5.454 ; ml_inference:ml_path|scores[0][0]  ; ml_inference:ml_path|result_margin[10] ; clk          ; clk         ; 100.000      ; -0.009     ; 94.577     ;
; 5.459 ; ml_inference:ml_path|scores[0][0]  ; ml_inference:ml_path|result_margin[7]  ; clk          ; clk         ; 100.000      ; -0.009     ; 94.572     ;
; 5.460 ; ml_inference:ml_path|scores[0][0]  ; ml_inference:ml_path|result_margin[12] ; clk          ; clk         ; 100.000      ; -0.009     ; 94.571     ;
; 5.461 ; ml_inference:ml_path|scores[0][0]  ; ml_inference:ml_path|result_margin[8]  ; clk          ; clk         ; 100.000      ; -0.009     ; 94.570     ;
; 5.462 ; ml_inference:ml_path|scores[0][0]  ; ml_inference:ml_path|result_margin[11] ; clk          ; clk         ; 100.000      ; -0.009     ; 94.569     ;
; 5.462 ; ml_inference:ml_path|scores[0][0]  ; ml_inference:ml_path|result_margin[13] ; clk          ; clk         ; 100.000      ; -0.009     ; 94.569     ;
; 5.463 ; ml_inference:ml_path|scores[0][0]  ; ml_inference:ml_path|result_margin[14] ; clk          ; clk         ; 100.000      ; -0.009     ; 94.568     ;
; 5.470 ; ml_inference:ml_path|scores[0][0]  ; ml_inference:ml_path|result_margin[9]  ; clk          ; clk         ; 100.000      ; -0.009     ; 94.561     ;
; 5.476 ; ml_inference:ml_path|scores[1][0]  ; ml_inference:ml_path|result_margin[10] ; clk          ; clk         ; 100.000      ; -0.009     ; 94.555     ;
; 5.481 ; ml_inference:ml_path|scores[1][0]  ; ml_inference:ml_path|result_margin[7]  ; clk          ; clk         ; 100.000      ; -0.009     ; 94.550     ;
; 5.482 ; ml_inference:ml_path|scores[1][0]  ; ml_inference:ml_path|result_margin[12] ; clk          ; clk         ; 100.000      ; -0.009     ; 94.549     ;
; 5.483 ; ml_inference:ml_path|scores[1][0]  ; ml_inference:ml_path|result_margin[8]  ; clk          ; clk         ; 100.000      ; -0.009     ; 94.548     ;
; 5.484 ; ml_inference:ml_path|scores[1][0]  ; ml_inference:ml_path|result_margin[11] ; clk          ; clk         ; 100.000      ; -0.009     ; 94.547     ;
; 5.484 ; ml_inference:ml_path|scores[1][0]  ; ml_inference:ml_path|result_margin[13] ; clk          ; clk         ; 100.000      ; -0.009     ; 94.547     ;
; 5.485 ; ml_inference:ml_path|scores[1][0]  ; ml_inference:ml_path|result_margin[14] ; clk          ; clk         ; 100.000      ; -0.009     ; 94.546     ;
; 5.492 ; ml_inference:ml_path|scores[1][0]  ; ml_inference:ml_path|result_margin[9]  ; clk          ; clk         ; 100.000      ; -0.009     ; 94.539     ;
; 5.553 ; ml_inference:ml_path|scores[0][0]  ; ml_inference:ml_path|result_margin[0]  ; clk          ; clk         ; 100.000      ; -0.009     ; 94.478     ;
; 5.555 ; ml_inference:ml_path|scores[0][0]  ; ml_inference:ml_path|result_margin[4]  ; clk          ; clk         ; 100.000      ; -0.009     ; 94.476     ;
; 5.555 ; ml_inference:ml_path|scores[0][0]  ; ml_inference:ml_path|result_margin[5]  ; clk          ; clk         ; 100.000      ; -0.009     ; 94.476     ;
; 5.559 ; ml_inference:ml_path|scores[0][0]  ; ml_inference:ml_path|result_margin[1]  ; clk          ; clk         ; 100.000      ; -0.009     ; 94.472     ;
; 5.575 ; ml_inference:ml_path|scores[1][0]  ; ml_inference:ml_path|result_margin[0]  ; clk          ; clk         ; 100.000      ; -0.009     ; 94.456     ;
; 5.577 ; ml_inference:ml_path|scores[1][0]  ; ml_inference:ml_path|result_margin[4]  ; clk          ; clk         ; 100.000      ; -0.009     ; 94.454     ;
; 5.577 ; ml_inference:ml_path|scores[1][0]  ; ml_inference:ml_path|result_margin[5]  ; clk          ; clk         ; 100.000      ; -0.009     ; 94.454     ;
; 5.581 ; ml_inference:ml_path|scores[1][0]  ; ml_inference:ml_path|result_margin[1]  ; clk          ; clk         ; 100.000      ; -0.009     ; 94.450     ;
; 5.602 ; ml_inference:ml_path|scores[1][1]  ; ml_inference:ml_path|result_margin[10] ; clk          ; clk         ; 100.000      ; -0.008     ; 94.430     ;
; 5.607 ; ml_inference:ml_path|scores[1][1]  ; ml_inference:ml_path|result_margin[7]  ; clk          ; clk         ; 100.000      ; -0.008     ; 94.425     ;
; 5.608 ; ml_inference:ml_path|scores[1][1]  ; ml_inference:ml_path|result_margin[12] ; clk          ; clk         ; 100.000      ; -0.008     ; 94.424     ;
; 5.609 ; ml_inference:ml_path|scores[1][1]  ; ml_inference:ml_path|result_margin[8]  ; clk          ; clk         ; 100.000      ; -0.008     ; 94.423     ;
; 5.610 ; ml_inference:ml_path|scores[1][1]  ; ml_inference:ml_path|result_margin[11] ; clk          ; clk         ; 100.000      ; -0.008     ; 94.422     ;
; 5.610 ; ml_inference:ml_path|scores[1][1]  ; ml_inference:ml_path|result_margin[13] ; clk          ; clk         ; 100.000      ; -0.008     ; 94.422     ;
; 5.611 ; ml_inference:ml_path|scores[1][1]  ; ml_inference:ml_path|result_margin[14] ; clk          ; clk         ; 100.000      ; -0.008     ; 94.421     ;
; 5.618 ; ml_inference:ml_path|scores[1][1]  ; ml_inference:ml_path|result_margin[9]  ; clk          ; clk         ; 100.000      ; -0.008     ; 94.414     ;
; 5.701 ; ml_inference:ml_path|scores[1][1]  ; ml_inference:ml_path|result_margin[0]  ; clk          ; clk         ; 100.000      ; -0.008     ; 94.331     ;
; 5.703 ; ml_inference:ml_path|scores[1][1]  ; ml_inference:ml_path|result_margin[4]  ; clk          ; clk         ; 100.000      ; -0.008     ; 94.329     ;
; 5.703 ; ml_inference:ml_path|scores[1][1]  ; ml_inference:ml_path|result_margin[5]  ; clk          ; clk         ; 100.000      ; -0.008     ; 94.329     ;
; 5.707 ; ml_inference:ml_path|scores[1][1]  ; ml_inference:ml_path|result_margin[1]  ; clk          ; clk         ; 100.000      ; -0.008     ; 94.325     ;
; 5.812 ; ml_inference:ml_path|scores[1][2]  ; ml_inference:ml_path|result_margin[15] ; clk          ; clk         ; 100.000      ; 0.001      ; 94.229     ;
; 5.825 ; ml_inference:ml_path|scores[1][2]  ; ml_inference:ml_path|result_margin[6]  ; clk          ; clk         ; 100.000      ; -0.004     ; 94.211     ;
; 5.873 ; ml_inference:ml_path|scores[0][0]  ; ml_inference:ml_path|result_margin[2]  ; clk          ; clk         ; 100.000      ; -0.009     ; 94.158     ;
; 5.874 ; ml_inference:ml_path|scores[0][0]  ; ml_inference:ml_path|result_margin[3]  ; clk          ; clk         ; 100.000      ; -0.009     ; 94.157     ;
; 5.895 ; ml_inference:ml_path|scores[1][0]  ; ml_inference:ml_path|result_margin[2]  ; clk          ; clk         ; 100.000      ; -0.009     ; 94.136     ;
; 5.896 ; ml_inference:ml_path|scores[1][0]  ; ml_inference:ml_path|result_margin[3]  ; clk          ; clk         ; 100.000      ; -0.009     ; 94.135     ;
; 5.974 ; ml_inference:ml_path|scores[1][2]  ; ml_inference:ml_path|result_margin[10] ; clk          ; clk         ; 100.000      ; -0.008     ; 94.058     ;
; 5.979 ; ml_inference:ml_path|scores[1][2]  ; ml_inference:ml_path|result_margin[7]  ; clk          ; clk         ; 100.000      ; -0.008     ; 94.053     ;
; 5.980 ; ml_inference:ml_path|scores[1][2]  ; ml_inference:ml_path|result_margin[12] ; clk          ; clk         ; 100.000      ; -0.008     ; 94.052     ;
; 5.981 ; ml_inference:ml_path|scores[1][2]  ; ml_inference:ml_path|result_margin[8]  ; clk          ; clk         ; 100.000      ; -0.008     ; 94.051     ;
; 5.982 ; ml_inference:ml_path|scores[1][2]  ; ml_inference:ml_path|result_margin[11] ; clk          ; clk         ; 100.000      ; -0.008     ; 94.050     ;
; 5.982 ; ml_inference:ml_path|scores[1][2]  ; ml_inference:ml_path|result_margin[13] ; clk          ; clk         ; 100.000      ; -0.008     ; 94.050     ;
; 5.983 ; ml_inference:ml_path|scores[1][2]  ; ml_inference:ml_path|result_margin[14] ; clk          ; clk         ; 100.000      ; -0.008     ; 94.049     ;
; 5.990 ; ml_inference:ml_path|scores[1][2]  ; ml_inference:ml_path|result_margin[9]  ; clk          ; clk         ; 100.000      ; -0.008     ; 94.042     ;
; 6.007 ; ml_inference:ml_path|scores[0][1]  ; ml_inference:ml_path|result_margin[15] ; clk          ; clk         ; 100.000      ; 0.000      ; 94.033     ;
; 6.020 ; ml_inference:ml_path|scores[0][1]  ; ml_inference:ml_path|result_margin[6]  ; clk          ; clk         ; 100.000      ; -0.005     ; 94.015     ;
; 6.021 ; ml_inference:ml_path|scores[1][1]  ; ml_inference:ml_path|result_margin[2]  ; clk          ; clk         ; 100.000      ; -0.008     ; 94.011     ;
; 6.022 ; ml_inference:ml_path|scores[1][1]  ; ml_inference:ml_path|result_margin[3]  ; clk          ; clk         ; 100.000      ; -0.008     ; 94.010     ;
; 6.073 ; ml_inference:ml_path|scores[1][2]  ; ml_inference:ml_path|result_margin[0]  ; clk          ; clk         ; 100.000      ; -0.008     ; 93.959     ;
; 6.075 ; ml_inference:ml_path|scores[1][2]  ; ml_inference:ml_path|result_margin[4]  ; clk          ; clk         ; 100.000      ; -0.008     ; 93.957     ;
; 6.075 ; ml_inference:ml_path|scores[1][2]  ; ml_inference:ml_path|result_margin[5]  ; clk          ; clk         ; 100.000      ; -0.008     ; 93.957     ;
; 6.079 ; ml_inference:ml_path|scores[1][2]  ; ml_inference:ml_path|result_margin[1]  ; clk          ; clk         ; 100.000      ; -0.008     ; 93.953     ;
; 6.169 ; ml_inference:ml_path|scores[0][1]  ; ml_inference:ml_path|result_margin[10] ; clk          ; clk         ; 100.000      ; -0.009     ; 93.862     ;
; 6.174 ; ml_inference:ml_path|scores[0][1]  ; ml_inference:ml_path|result_margin[7]  ; clk          ; clk         ; 100.000      ; -0.009     ; 93.857     ;
; 6.175 ; ml_inference:ml_path|scores[0][1]  ; ml_inference:ml_path|result_margin[12] ; clk          ; clk         ; 100.000      ; -0.009     ; 93.856     ;
; 6.176 ; ml_inference:ml_path|scores[0][1]  ; ml_inference:ml_path|result_margin[8]  ; clk          ; clk         ; 100.000      ; -0.009     ; 93.855     ;
; 6.177 ; ml_inference:ml_path|scores[0][1]  ; ml_inference:ml_path|result_margin[11] ; clk          ; clk         ; 100.000      ; -0.009     ; 93.854     ;
; 6.177 ; ml_inference:ml_path|scores[0][1]  ; ml_inference:ml_path|result_margin[13] ; clk          ; clk         ; 100.000      ; -0.009     ; 93.854     ;
; 6.178 ; ml_inference:ml_path|scores[0][1]  ; ml_inference:ml_path|result_margin[14] ; clk          ; clk         ; 100.000      ; -0.009     ; 93.853     ;
; 6.185 ; ml_inference:ml_path|scores[0][1]  ; ml_inference:ml_path|result_margin[9]  ; clk          ; clk         ; 100.000      ; -0.009     ; 93.846     ;
; 6.268 ; ml_inference:ml_path|scores[0][1]  ; ml_inference:ml_path|result_margin[0]  ; clk          ; clk         ; 100.000      ; -0.009     ; 93.763     ;
; 6.270 ; ml_inference:ml_path|scores[0][1]  ; ml_inference:ml_path|result_margin[4]  ; clk          ; clk         ; 100.000      ; -0.009     ; 93.761     ;
; 6.270 ; ml_inference:ml_path|scores[0][1]  ; ml_inference:ml_path|result_margin[5]  ; clk          ; clk         ; 100.000      ; -0.009     ; 93.761     ;
; 6.274 ; ml_inference:ml_path|scores[0][1]  ; ml_inference:ml_path|result_margin[1]  ; clk          ; clk         ; 100.000      ; -0.009     ; 93.757     ;
; 6.365 ; ml_inference:ml_path|scores[1][11] ; ml_inference:ml_path|result_margin[15] ; clk          ; clk         ; 100.000      ; -0.010     ; 93.665     ;
; 6.378 ; ml_inference:ml_path|scores[1][11] ; ml_inference:ml_path|result_margin[6]  ; clk          ; clk         ; 100.000      ; -0.015     ; 93.647     ;
; 6.389 ; ml_inference:ml_path|scores[1][3]  ; ml_inference:ml_path|result_margin[15] ; clk          ; clk         ; 100.000      ; 0.001      ; 93.652     ;
; 6.393 ; ml_inference:ml_path|scores[1][2]  ; ml_inference:ml_path|result_margin[2]  ; clk          ; clk         ; 100.000      ; -0.008     ; 93.639     ;
; 6.394 ; ml_inference:ml_path|scores[1][2]  ; ml_inference:ml_path|result_margin[3]  ; clk          ; clk         ; 100.000      ; -0.008     ; 93.638     ;
; 6.402 ; ml_inference:ml_path|scores[1][3]  ; ml_inference:ml_path|result_margin[6]  ; clk          ; clk         ; 100.000      ; -0.004     ; 93.634     ;
; 6.527 ; ml_inference:ml_path|scores[1][11] ; ml_inference:ml_path|result_margin[10] ; clk          ; clk         ; 100.000      ; -0.019     ; 93.494     ;
; 6.532 ; ml_inference:ml_path|scores[1][11] ; ml_inference:ml_path|result_margin[7]  ; clk          ; clk         ; 100.000      ; -0.019     ; 93.489     ;
; 6.533 ; ml_inference:ml_path|scores[1][11] ; ml_inference:ml_path|result_margin[12] ; clk          ; clk         ; 100.000      ; -0.019     ; 93.488     ;
; 6.534 ; ml_inference:ml_path|scores[1][11] ; ml_inference:ml_path|result_margin[8]  ; clk          ; clk         ; 100.000      ; -0.019     ; 93.487     ;
; 6.535 ; ml_inference:ml_path|scores[1][11] ; ml_inference:ml_path|result_margin[11] ; clk          ; clk         ; 100.000      ; -0.019     ; 93.486     ;
; 6.535 ; ml_inference:ml_path|scores[1][11] ; ml_inference:ml_path|result_margin[13] ; clk          ; clk         ; 100.000      ; -0.019     ; 93.486     ;
; 6.536 ; ml_inference:ml_path|scores[1][11] ; ml_inference:ml_path|result_margin[14] ; clk          ; clk         ; 100.000      ; -0.019     ; 93.485     ;
; 6.543 ; ml_inference:ml_path|scores[1][11] ; ml_inference:ml_path|result_margin[9]  ; clk          ; clk         ; 100.000      ; -0.019     ; 93.478     ;
; 6.551 ; ml_inference:ml_path|scores[1][3]  ; ml_inference:ml_path|result_margin[10] ; clk          ; clk         ; 100.000      ; -0.008     ; 93.481     ;
; 6.556 ; ml_inference:ml_path|scores[1][3]  ; ml_inference:ml_path|result_margin[7]  ; clk          ; clk         ; 100.000      ; -0.008     ; 93.476     ;
; 6.557 ; ml_inference:ml_path|scores[1][3]  ; ml_inference:ml_path|result_margin[12] ; clk          ; clk         ; 100.000      ; -0.008     ; 93.475     ;
; 6.558 ; ml_inference:ml_path|scores[1][3]  ; ml_inference:ml_path|result_margin[8]  ; clk          ; clk         ; 100.000      ; -0.008     ; 93.474     ;
; 6.559 ; ml_inference:ml_path|scores[1][3]  ; ml_inference:ml_path|result_margin[11] ; clk          ; clk         ; 100.000      ; -0.008     ; 93.473     ;
; 6.559 ; ml_inference:ml_path|scores[1][3]  ; ml_inference:ml_path|result_margin[13] ; clk          ; clk         ; 100.000      ; -0.008     ; 93.473     ;
; 6.560 ; ml_inference:ml_path|scores[1][3]  ; ml_inference:ml_path|result_margin[14] ; clk          ; clk         ; 100.000      ; -0.008     ; 93.472     ;
; 6.567 ; ml_inference:ml_path|scores[1][3]  ; ml_inference:ml_path|result_margin[9]  ; clk          ; clk         ; 100.000      ; -0.008     ; 93.465     ;
; 6.588 ; ml_inference:ml_path|scores[0][1]  ; ml_inference:ml_path|result_margin[2]  ; clk          ; clk         ; 100.000      ; -0.009     ; 93.443     ;
; 6.589 ; ml_inference:ml_path|scores[0][1]  ; ml_inference:ml_path|result_margin[3]  ; clk          ; clk         ; 100.000      ; -0.009     ; 93.442     ;
+-------+------------------------------------+----------------------------------------+--------------+-------------+--------------+------------+------------+


+---------------------------------------------------------------------------------------------------------------------------------------------------------------------------------------------------------------------------+
; Slow Model Hold: 'clk'                                                                                                                                                                                                    ;
+-------+----------------------------------------------------------------------+----------------------------------------------------------------------+--------------+-------------+--------------+------------+------------+
; Slack ; From Node                                                            ; To Node                                                              ; Launch Clock ; Latch Clock ; Relationship ; Clock Skew ; Data Delay ;
+-------+----------------------------------------------------------------------+----------------------------------------------------------------------+--------------+-------------+--------------+------------+------------+
; 0.499 ; touch_capture_top:touch_path|touch_frame_adapter:frame|stream_busy   ; touch_capture_top:touch_path|touch_frame_adapter:frame|stream_busy   ; clk          ; clk         ; 0.000        ; 0.000      ; 0.805      ;
; 0.499 ; ml_inference:ml_path|state.LOAD                                      ; ml_inference:ml_path|state.LOAD                                      ; clk          ; clk         ; 0.000        ; 0.000      ; 0.805      ;
; 0.499 ; ml_inference:ml_path|pixel_idx[1]                                    ; ml_inference:ml_path|pixel_idx[1]                                    ; clk          ; clk         ; 0.000        ; 0.000      ; 0.805      ;
; 0.499 ; ml_inference:ml_path|pixel_idx[4]                                    ; ml_inference:ml_path|pixel_idx[4]                                    ; clk          ; clk         ; 0.000        ; 0.000      ; 0.805      ;
; 0.499 ; ml_inference:ml_path|neuron[2]                                       ; ml_inference:ml_path|neuron[2]                                       ; clk          ; clk         ; 0.000        ; 0.000      ; 0.805      ;
; 0.499 ; ml_inference:ml_path|neuron[3]                                       ; ml_inference:ml_path|neuron[3]                                       ; clk          ; clk         ; 0.000        ; 0.000      ; 0.805      ;
; 0.499 ; ml_inference:ml_path|neuron[5]                                       ; ml_inference:ml_path|neuron[5]                                       ; clk          ; clk         ; 0.000        ; 0.000      ; 0.805      ;
; 0.499 ; ml_inference:ml_path|neuron[6]                                       ; ml_inference:ml_path|neuron[6]                                       ; clk          ; clk         ; 0.000        ; 0.000      ; 0.805      ;
; 0.499 ; ml_inference:ml_path|neuron[7]                                       ; ml_inference:ml_path|neuron[7]                                       ; clk          ; clk         ; 0.000        ; 0.000      ; 0.805      ;
; 0.499 ; ml_inference:ml_path|neuron[8]                                       ; ml_inference:ml_path|neuron[8]                                       ; clk          ; clk         ; 0.000        ; 0.000      ; 0.805      ;
; 0.499 ; ml_inference:ml_path|neuron[9]                                       ; ml_inference:ml_path|neuron[9]                                       ; clk          ; clk         ; 0.000        ; 0.000      ; 0.805      ;
; 0.499 ; ml_inference:ml_path|neuron[10]                                      ; ml_inference:ml_path|neuron[10]                                      ; clk          ; clk         ; 0.000        ; 0.000      ; 0.805      ;
; 0.499 ; ml_inference:ml_path|neuron[11]                                      ; ml_inference:ml_path|neuron[11]                                      ; clk          ; clk         ; 0.000        ; 0.000      ; 0.805      ;
; 0.499 ; ml_inference:ml_path|neuron[12]                                      ; ml_inference:ml_path|neuron[12]                                      ; clk          ; clk         ; 0.000        ; 0.000      ; 0.805      ;
; 0.499 ; ml_inference:ml_path|neuron[13]                                      ; ml_inference:ml_path|neuron[13]                                      ; clk          ; clk         ; 0.000        ; 0.000      ; 0.805      ;
; 0.499 ; ml_inference:ml_path|neuron[14]                                      ; ml_inference:ml_path|neuron[14]                                      ; clk          ; clk         ; 0.000        ; 0.000      ; 0.805      ;
; 0.499 ; ml_inference:ml_path|neuron[15]                                      ; ml_inference:ml_path|neuron[15]                                      ; clk          ; clk         ; 0.000        ; 0.000      ; 0.805      ;
; 0.499 ; ml_inference:ml_path|neuron[16]                                      ; ml_inference:ml_path|neuron[16]                                      ; clk          ; clk         ; 0.000        ; 0.000      ; 0.805      ;
; 0.499 ; ml_inference:ml_path|neuron[17]                                      ; ml_inference:ml_path|neuron[17]                                      ; clk          ; clk         ; 0.000        ; 0.000      ; 0.805      ;
; 0.499 ; ml_inference:ml_path|neuron[18]                                      ; ml_inference:ml_path|neuron[18]                                      ; clk          ; clk         ; 0.000        ; 0.000      ; 0.805      ;
; 0.499 ; ml_inference:ml_path|neuron[19]                                      ; ml_inference:ml_path|neuron[19]                                      ; clk          ; clk         ; 0.000        ; 0.000      ; 0.805      ;
; 0.499 ; ml_inference:ml_path|neuron[20]                                      ; ml_inference:ml_path|neuron[20]                                      ; clk          ; clk         ; 0.000        ; 0.000      ; 0.805      ;
; 0.499 ; ml_inference:ml_path|neuron[21]                                      ; ml_inference:ml_path|neuron[21]                                      ; clk          ; clk         ; 0.000        ; 0.000      ; 0.805      ;
; 0.499 ; ml_inference:ml_path|neuron[22]                                      ; ml_inference:ml_path|neuron[22]                                      ; clk          ; clk         ; 0.000        ; 0.000      ; 0.805      ;
; 0.499 ; ml_inference:ml_path|neuron[23]                                      ; ml_inference:ml_path|neuron[23]                                      ; clk          ; clk         ; 0.000        ; 0.000      ; 0.805      ;
; 0.499 ; ml_inference:ml_path|neuron[24]                                      ; ml_inference:ml_path|neuron[24]                                      ; clk          ; clk         ; 0.000        ; 0.000      ; 0.805      ;
; 0.499 ; ml_inference:ml_path|neuron[25]                                      ; ml_inference:ml_path|neuron[25]                                      ; clk          ; clk         ; 0.000        ; 0.000      ; 0.805      ;
; 0.499 ; ml_inference:ml_path|neuron[26]                                      ; ml_inference:ml_path|neuron[26]                                      ; clk          ; clk         ; 0.000        ; 0.000      ; 0.805      ;
; 0.499 ; ml_inference:ml_path|neuron[27]                                      ; ml_inference:ml_path|neuron[27]                                      ; clk          ; clk         ; 0.000        ; 0.000      ; 0.805      ;
; 0.499 ; ml_inference:ml_path|neuron[28]                                      ; ml_inference:ml_path|neuron[28]                                      ; clk          ; clk         ; 0.000        ; 0.000      ; 0.805      ;
; 0.499 ; ml_inference:ml_path|neuron[29]                                      ; ml_inference:ml_path|neuron[29]                                      ; clk          ; clk         ; 0.000        ; 0.000      ; 0.805      ;
; 0.499 ; ml_inference:ml_path|neuron[30]                                      ; ml_inference:ml_path|neuron[30]                                      ; clk          ; clk         ; 0.000        ; 0.000      ; 0.805      ;
; 0.499 ; ml_inference:ml_path|neuron[31]                                      ; ml_inference:ml_path|neuron[31]                                      ; clk          ; clk         ; 0.000        ; 0.000      ; 0.805      ;
; 0.499 ; ml_inference:ml_path|state.IDLE                                      ; ml_inference:ml_path|state.IDLE                                      ; clk          ; clk         ; 0.000        ; 0.000      ; 0.805      ;
; 0.499 ; touch_capture_top:touch_path|xpt2046_reader:reader|axis_y            ; touch_capture_top:touch_path|xpt2046_reader:reader|axis_y            ; clk          ; clk         ; 0.000        ; 0.000      ; 0.805      ;
; 0.499 ; touch_capture_top:touch_path|xpt2046_reader:reader|state.S_GAP       ; touch_capture_top:touch_path|xpt2046_reader:reader|state.S_GAP       ; clk          ; clk         ; 0.000        ; 0.000      ; 0.805      ;
; 0.499 ; touch_capture_top:touch_path|xpt2046_reader:reader|state.S_IDLE      ; touch_capture_top:touch_path|xpt2046_reader:reader|state.S_IDLE      ; clk          ; clk         ; 0.000        ; 0.000      ; 0.805      ;
; 0.499 ; touch_capture_top:touch_path|xpt2046_reader:reader|state.S_SPI       ; touch_capture_top:touch_path|xpt2046_reader:reader|state.S_SPI       ; clk          ; clk         ; 0.000        ; 0.000      ; 0.805      ;
; 0.499 ; touch_capture_top:touch_path|xpt2046_reader:reader|divider[0]        ; touch_capture_top:touch_path|xpt2046_reader:reader|divider[0]        ; clk          ; clk         ; 0.000        ; 0.000      ; 0.805      ;
; 0.499 ; touch_capture_top:touch_path|xpt2046_reader:reader|divider[1]        ; touch_capture_top:touch_path|xpt2046_reader:reader|divider[1]        ; clk          ; clk         ; 0.000        ; 0.000      ; 0.805      ;
; 0.499 ; touch_capture_top:touch_path|xpt2046_reader:reader|divider[2]        ; touch_capture_top:touch_path|xpt2046_reader:reader|divider[2]        ; clk          ; clk         ; 0.000        ; 0.000      ; 0.805      ;
; 0.499 ; touch_capture_top:touch_path|xpt2046_reader:reader|divider[3]        ; touch_capture_top:touch_path|xpt2046_reader:reader|divider[3]        ; clk          ; clk         ; 0.000        ; 0.000      ; 0.805      ;
; 0.499 ; touch_capture_top:touch_path|xpt2046_reader:reader|divider[4]        ; touch_capture_top:touch_path|xpt2046_reader:reader|divider[4]        ; clk          ; clk         ; 0.000        ; 0.000      ; 0.805      ;
; 0.499 ; touch_capture_top:touch_path|xpt2046_reader:reader|divider[5]        ; touch_capture_top:touch_path|xpt2046_reader:reader|divider[5]        ; clk          ; clk         ; 0.000        ; 0.000      ; 0.805      ;
; 0.499 ; touch_capture_top:touch_path|xpt2046_reader:reader|divider[6]        ; touch_capture_top:touch_path|xpt2046_reader:reader|divider[6]        ; clk          ; clk         ; 0.000        ; 0.000      ; 0.805      ;
; 0.499 ; touch_capture_top:touch_path|xpt2046_reader:reader|divider[7]        ; touch_capture_top:touch_path|xpt2046_reader:reader|divider[7]        ; clk          ; clk         ; 0.000        ; 0.000      ; 0.805      ;
; 0.499 ; touch_capture_top:touch_path|xpt2046_reader:reader|divider[8]        ; touch_capture_top:touch_path|xpt2046_reader:reader|divider[8]        ; clk          ; clk         ; 0.000        ; 0.000      ; 0.805      ;
; 0.499 ; touch_capture_top:touch_path|xpt2046_reader:reader|divider[9]        ; touch_capture_top:touch_path|xpt2046_reader:reader|divider[9]        ; clk          ; clk         ; 0.000        ; 0.000      ; 0.805      ;
; 0.499 ; touch_capture_top:touch_path|xpt2046_reader:reader|divider[10]       ; touch_capture_top:touch_path|xpt2046_reader:reader|divider[10]       ; clk          ; clk         ; 0.000        ; 0.000      ; 0.805      ;
; 0.499 ; touch_capture_top:touch_path|xpt2046_reader:reader|divider[11]       ; touch_capture_top:touch_path|xpt2046_reader:reader|divider[11]       ; clk          ; clk         ; 0.000        ; 0.000      ; 0.805      ;
; 0.499 ; touch_capture_top:touch_path|xpt2046_reader:reader|divider[12]       ; touch_capture_top:touch_path|xpt2046_reader:reader|divider[12]       ; clk          ; clk         ; 0.000        ; 0.000      ; 0.805      ;
; 0.499 ; touch_capture_top:touch_path|xpt2046_reader:reader|divider[13]       ; touch_capture_top:touch_path|xpt2046_reader:reader|divider[13]       ; clk          ; clk         ; 0.000        ; 0.000      ; 0.805      ;
; 0.499 ; touch_capture_top:touch_path|xpt2046_reader:reader|divider[14]       ; touch_capture_top:touch_path|xpt2046_reader:reader|divider[14]       ; clk          ; clk         ; 0.000        ; 0.000      ; 0.805      ;
; 0.499 ; touch_capture_top:touch_path|xpt2046_reader:reader|divider[15]       ; touch_capture_top:touch_path|xpt2046_reader:reader|divider[15]       ; clk          ; clk         ; 0.000        ; 0.000      ; 0.805      ;
; 0.499 ; touch_capture_top:touch_path|xpt2046_reader:reader|touch_sclk        ; touch_capture_top:touch_path|xpt2046_reader:reader|touch_sclk        ; clk          ; clk         ; 0.000        ; 0.000      ; 0.805      ;
; 0.499 ; touch_capture_top:touch_path|xpt2046_reader:reader|bit_index[0]      ; touch_capture_top:touch_path|xpt2046_reader:reader|bit_index[0]      ; clk          ; clk         ; 0.000        ; 0.000      ; 0.805      ;
; 0.499 ; touch_capture_top:touch_path|xpt2046_reader:reader|bit_index[1]      ; touch_capture_top:touch_path|xpt2046_reader:reader|bit_index[1]      ; clk          ; clk         ; 0.000        ; 0.000      ; 0.805      ;
; 0.499 ; touch_capture_top:touch_path|xpt2046_reader:reader|bit_index[2]      ; touch_capture_top:touch_path|xpt2046_reader:reader|bit_index[2]      ; clk          ; clk         ; 0.000        ; 0.000      ; 0.805      ;
; 0.499 ; touch_capture_top:touch_path|xpt2046_reader:reader|bit_index[3]      ; touch_capture_top:touch_path|xpt2046_reader:reader|bit_index[3]      ; clk          ; clk         ; 0.000        ; 0.000      ; 0.805      ;
; 0.499 ; touch_capture_top:touch_path|xpt2046_reader:reader|bit_index[4]      ; touch_capture_top:touch_path|xpt2046_reader:reader|bit_index[4]      ; clk          ; clk         ; 0.000        ; 0.000      ; 0.805      ;
; 0.499 ; touch_capture_top:touch_path|touch_frame_adapter:frame|frame[171][0] ; touch_capture_top:touch_path|touch_frame_adapter:frame|frame[171][0] ; clk          ; clk         ; 0.000        ; 0.000      ; 0.805      ;
; 0.499 ; touch_capture_top:touch_path|touch_frame_adapter:frame|frame[170][0] ; touch_capture_top:touch_path|touch_frame_adapter:frame|frame[170][0] ; clk          ; clk         ; 0.000        ; 0.000      ; 0.805      ;
; 0.499 ; touch_capture_top:touch_path|touch_frame_adapter:frame|frame[168][0] ; touch_capture_top:touch_path|touch_frame_adapter:frame|frame[168][0] ; clk          ; clk         ; 0.000        ; 0.000      ; 0.805      ;
; 0.499 ; touch_capture_top:touch_path|touch_frame_adapter:frame|frame[169][0] ; touch_capture_top:touch_path|touch_frame_adapter:frame|frame[169][0] ; clk          ; clk         ; 0.000        ; 0.000      ; 0.805      ;
; 0.499 ; touch_capture_top:touch_path|touch_frame_adapter:frame|frame[139][0] ; touch_capture_top:touch_path|touch_frame_adapter:frame|frame[139][0] ; clk          ; clk         ; 0.000        ; 0.000      ; 0.805      ;
; 0.499 ; touch_capture_top:touch_path|touch_frame_adapter:frame|frame[136][0] ; touch_capture_top:touch_path|touch_frame_adapter:frame|frame[136][0] ; clk          ; clk         ; 0.000        ; 0.000      ; 0.805      ;
; 0.499 ; touch_capture_top:touch_path|touch_frame_adapter:frame|frame[137][0] ; touch_capture_top:touch_path|touch_frame_adapter:frame|frame[137][0] ; clk          ; clk         ; 0.000        ; 0.000      ; 0.805      ;
; 0.499 ; touch_capture_top:touch_path|touch_frame_adapter:frame|frame[138][0] ; touch_capture_top:touch_path|touch_frame_adapter:frame|frame[138][0] ; clk          ; clk         ; 0.000        ; 0.000      ; 0.805      ;
; 0.499 ; touch_capture_top:touch_path|touch_frame_adapter:frame|frame[185][0] ; touch_capture_top:touch_path|touch_frame_adapter:frame|frame[185][0] ; clk          ; clk         ; 0.000        ; 0.000      ; 0.805      ;
; 0.499 ; touch_capture_top:touch_path|touch_frame_adapter:frame|frame[184][0] ; touch_capture_top:touch_path|touch_frame_adapter:frame|frame[184][0] ; clk          ; clk         ; 0.000        ; 0.000      ; 0.805      ;
; 0.499 ; touch_capture_top:touch_path|touch_frame_adapter:frame|frame[186][0] ; touch_capture_top:touch_path|touch_frame_adapter:frame|frame[186][0] ; clk          ; clk         ; 0.000        ; 0.000      ; 0.805      ;
; 0.499 ; touch_capture_top:touch_path|touch_frame_adapter:frame|frame[187][0] ; touch_capture_top:touch_path|touch_frame_adapter:frame|frame[187][0] ; clk          ; clk         ; 0.000        ; 0.000      ; 0.805      ;
; 0.499 ; touch_capture_top:touch_path|touch_frame_adapter:frame|frame[155][0] ; touch_capture_top:touch_path|touch_frame_adapter:frame|frame[155][0] ; clk          ; clk         ; 0.000        ; 0.000      ; 0.805      ;
; 0.499 ; touch_capture_top:touch_path|touch_frame_adapter:frame|frame[153][0] ; touch_capture_top:touch_path|touch_frame_adapter:frame|frame[153][0] ; clk          ; clk         ; 0.000        ; 0.000      ; 0.805      ;
; 0.499 ; touch_capture_top:touch_path|touch_frame_adapter:frame|frame[152][0] ; touch_capture_top:touch_path|touch_frame_adapter:frame|frame[152][0] ; clk          ; clk         ; 0.000        ; 0.000      ; 0.805      ;
; 0.499 ; touch_capture_top:touch_path|touch_frame_adapter:frame|frame[154][0] ; touch_capture_top:touch_path|touch_frame_adapter:frame|frame[154][0] ; clk          ; clk         ; 0.000        ; 0.000      ; 0.805      ;
; 0.499 ; touch_capture_top:touch_path|touch_frame_adapter:frame|frame[132][0] ; touch_capture_top:touch_path|touch_frame_adapter:frame|frame[132][0] ; clk          ; clk         ; 0.000        ; 0.000      ; 0.805      ;
; 0.499 ; touch_capture_top:touch_path|touch_frame_adapter:frame|frame[133][0] ; touch_capture_top:touch_path|touch_frame_adapter:frame|frame[133][0] ; clk          ; clk         ; 0.000        ; 0.000      ; 0.805      ;
; 0.499 ; touch_capture_top:touch_path|touch_frame_adapter:frame|frame[135][0] ; touch_capture_top:touch_path|touch_frame_adapter:frame|frame[135][0] ; clk          ; clk         ; 0.000        ; 0.000      ; 0.805      ;
; 0.499 ; touch_capture_top:touch_path|touch_frame_adapter:frame|frame[134][0] ; touch_capture_top:touch_path|touch_frame_adapter:frame|frame[134][0] ; clk          ; clk         ; 0.000        ; 0.000      ; 0.805      ;
; 0.499 ; touch_capture_top:touch_path|touch_frame_adapter:frame|frame[151][0] ; touch_capture_top:touch_path|touch_frame_adapter:frame|frame[151][0] ; clk          ; clk         ; 0.000        ; 0.000      ; 0.805      ;
; 0.499 ; touch_capture_top:touch_path|touch_frame_adapter:frame|frame[150][0] ; touch_capture_top:touch_path|touch_frame_adapter:frame|frame[150][0] ; clk          ; clk         ; 0.000        ; 0.000      ; 0.805      ;
; 0.499 ; touch_capture_top:touch_path|touch_frame_adapter:frame|frame[148][0] ; touch_capture_top:touch_path|touch_frame_adapter:frame|frame[148][0] ; clk          ; clk         ; 0.000        ; 0.000      ; 0.805      ;
; 0.499 ; touch_capture_top:touch_path|touch_frame_adapter:frame|frame[149][0] ; touch_capture_top:touch_path|touch_frame_adapter:frame|frame[149][0] ; clk          ; clk         ; 0.000        ; 0.000      ; 0.805      ;
; 0.499 ; touch_capture_top:touch_path|touch_frame_adapter:frame|frame[180][0] ; touch_capture_top:touch_path|touch_frame_adapter:frame|frame[180][0] ; clk          ; clk         ; 0.000        ; 0.000      ; 0.805      ;
; 0.499 ; touch_capture_top:touch_path|touch_frame_adapter:frame|frame[182][0] ; touch_capture_top:touch_path|touch_frame_adapter:frame|frame[182][0] ; clk          ; clk         ; 0.000        ; 0.000      ; 0.805      ;
; 0.499 ; touch_capture_top:touch_path|touch_frame_adapter:frame|frame[183][0] ; touch_capture_top:touch_path|touch_frame_adapter:frame|frame[183][0] ; clk          ; clk         ; 0.000        ; 0.000      ; 0.805      ;
; 0.499 ; touch_capture_top:touch_path|touch_frame_adapter:frame|frame[181][0] ; touch_capture_top:touch_path|touch_frame_adapter:frame|frame[181][0] ; clk          ; clk         ; 0.000        ; 0.000      ; 0.805      ;
; 0.499 ; touch_capture_top:touch_path|touch_frame_adapter:frame|frame[166][0] ; touch_capture_top:touch_path|touch_frame_adapter:frame|frame[166][0] ; clk          ; clk         ; 0.000        ; 0.000      ; 0.805      ;
; 0.499 ; touch_capture_top:touch_path|touch_frame_adapter:frame|frame[167][0] ; touch_capture_top:touch_path|touch_frame_adapter:frame|frame[167][0] ; clk          ; clk         ; 0.000        ; 0.000      ; 0.805      ;
; 0.499 ; touch_capture_top:touch_path|touch_frame_adapter:frame|frame[165][0] ; touch_capture_top:touch_path|touch_frame_adapter:frame|frame[165][0] ; clk          ; clk         ; 0.000        ; 0.000      ; 0.805      ;
; 0.499 ; touch_capture_top:touch_path|touch_frame_adapter:frame|frame[164][0] ; touch_capture_top:touch_path|touch_frame_adapter:frame|frame[164][0] ; clk          ; clk         ; 0.000        ; 0.000      ; 0.805      ;
; 0.499 ; touch_capture_top:touch_path|touch_frame_adapter:frame|frame[145][0] ; touch_capture_top:touch_path|touch_frame_adapter:frame|frame[145][0] ; clk          ; clk         ; 0.000        ; 0.000      ; 0.805      ;
; 0.499 ; touch_capture_top:touch_path|touch_frame_adapter:frame|frame[146][0] ; touch_capture_top:touch_path|touch_frame_adapter:frame|frame[146][0] ; clk          ; clk         ; 0.000        ; 0.000      ; 0.805      ;
; 0.499 ; touch_capture_top:touch_path|touch_frame_adapter:frame|frame[144][0] ; touch_capture_top:touch_path|touch_frame_adapter:frame|frame[144][0] ; clk          ; clk         ; 0.000        ; 0.000      ; 0.805      ;
; 0.499 ; touch_capture_top:touch_path|touch_frame_adapter:frame|frame[147][0] ; touch_capture_top:touch_path|touch_frame_adapter:frame|frame[147][0] ; clk          ; clk         ; 0.000        ; 0.000      ; 0.805      ;
; 0.499 ; touch_capture_top:touch_path|touch_frame_adapter:frame|frame[129][0] ; touch_capture_top:touch_path|touch_frame_adapter:frame|frame[129][0] ; clk          ; clk         ; 0.000        ; 0.000      ; 0.805      ;
; 0.499 ; touch_capture_top:touch_path|touch_frame_adapter:frame|frame[128][0] ; touch_capture_top:touch_path|touch_frame_adapter:frame|frame[128][0] ; clk          ; clk         ; 0.000        ; 0.000      ; 0.805      ;
; 0.499 ; touch_capture_top:touch_path|touch_frame_adapter:frame|frame[130][0] ; touch_capture_top:touch_path|touch_frame_adapter:frame|frame[130][0] ; clk          ; clk         ; 0.000        ; 0.000      ; 0.805      ;
; 0.499 ; touch_capture_top:touch_path|touch_frame_adapter:frame|frame[131][0] ; touch_capture_top:touch_path|touch_frame_adapter:frame|frame[131][0] ; clk          ; clk         ; 0.000        ; 0.000      ; 0.805      ;
+-------+----------------------------------------------------------------------+----------------------------------------------------------------------+--------------+-------------+--------------+------------+------------+


+----------------------------------------------------------------------------------------------------------------------------------------------------------------------------------------------+
; Slow Model Minimum Pulse Width: 'clk'                                                                                                                                                        ;
+--------+--------------+----------------+------------------+-------+------------+-------------------------------------------------------------------------------------------------------------+
; Slack  ; Actual Width ; Required Width ; Type             ; Clock ; Clock Edge ; Target                                                                                                      ;
+--------+--------------+----------------+------------------+-------+------------+-------------------------------------------------------------------------------------------------------------+
; 46.933 ; 50.000       ; 3.067          ; High Pulse Width ; clk   ; Rise       ; ml_inference:ml_path|altsyncram:hidden_rtl_0|altsyncram_sng1:auto_generated|ram_block1a0~porta_address_reg0 ;
; 46.933 ; 50.000       ; 3.067          ; Low Pulse Width  ; clk   ; Rise       ; ml_inference:ml_path|altsyncram:hidden_rtl_0|altsyncram_sng1:auto_generated|ram_block1a0~porta_address_reg0 ;
; 46.933 ; 50.000       ; 3.067          ; High Pulse Width ; clk   ; Rise       ; ml_inference:ml_path|altsyncram:hidden_rtl_0|altsyncram_sng1:auto_generated|ram_block1a0~porta_address_reg1 ;
; 46.933 ; 50.000       ; 3.067          ; Low Pulse Width  ; clk   ; Rise       ; ml_inference:ml_path|altsyncram:hidden_rtl_0|altsyncram_sng1:auto_generated|ram_block1a0~porta_address_reg1 ;
; 46.933 ; 50.000       ; 3.067          ; High Pulse Width ; clk   ; Rise       ; ml_inference:ml_path|altsyncram:hidden_rtl_0|altsyncram_sng1:auto_generated|ram_block1a0~porta_address_reg2 ;
; 46.933 ; 50.000       ; 3.067          ; Low Pulse Width  ; clk   ; Rise       ; ml_inference:ml_path|altsyncram:hidden_rtl_0|altsyncram_sng1:auto_generated|ram_block1a0~porta_address_reg2 ;
; 46.933 ; 50.000       ; 3.067          ; High Pulse Width ; clk   ; Rise       ; ml_inference:ml_path|altsyncram:hidden_rtl_0|altsyncram_sng1:auto_generated|ram_block1a0~porta_address_reg3 ;
; 46.933 ; 50.000       ; 3.067          ; Low Pulse Width  ; clk   ; Rise       ; ml_inference:ml_path|altsyncram:hidden_rtl_0|altsyncram_sng1:auto_generated|ram_block1a0~porta_address_reg3 ;
; 46.933 ; 50.000       ; 3.067          ; High Pulse Width ; clk   ; Rise       ; ml_inference:ml_path|altsyncram:hidden_rtl_0|altsyncram_sng1:auto_generated|ram_block1a0~porta_address_reg4 ;
; 46.933 ; 50.000       ; 3.067          ; Low Pulse Width  ; clk   ; Rise       ; ml_inference:ml_path|altsyncram:hidden_rtl_0|altsyncram_sng1:auto_generated|ram_block1a0~porta_address_reg4 ;
; 46.933 ; 50.000       ; 3.067          ; High Pulse Width ; clk   ; Rise       ; ml_inference:ml_path|altsyncram:hidden_rtl_0|altsyncram_sng1:auto_generated|ram_block1a0~porta_datain_reg0  ;
; 46.933 ; 50.000       ; 3.067          ; Low Pulse Width  ; clk   ; Rise       ; ml_inference:ml_path|altsyncram:hidden_rtl_0|altsyncram_sng1:auto_generated|ram_block1a0~porta_datain_reg0  ;
; 46.933 ; 50.000       ; 3.067          ; High Pulse Width ; clk   ; Rise       ; ml_inference:ml_path|altsyncram:hidden_rtl_0|altsyncram_sng1:auto_generated|ram_block1a0~porta_datain_reg1  ;
; 46.933 ; 50.000       ; 3.067          ; Low Pulse Width  ; clk   ; Rise       ; ml_inference:ml_path|altsyncram:hidden_rtl_0|altsyncram_sng1:auto_generated|ram_block1a0~porta_datain_reg1  ;
; 46.933 ; 50.000       ; 3.067          ; High Pulse Width ; clk   ; Rise       ; ml_inference:ml_path|altsyncram:hidden_rtl_0|altsyncram_sng1:auto_generated|ram_block1a0~porta_datain_reg10 ;
; 46.933 ; 50.000       ; 3.067          ; Low Pulse Width  ; clk   ; Rise       ; ml_inference:ml_path|altsyncram:hidden_rtl_0|altsyncram_sng1:auto_generated|ram_block1a0~porta_datain_reg10 ;
; 46.933 ; 50.000       ; 3.067          ; High Pulse Width ; clk   ; Rise       ; ml_inference:ml_path|altsyncram:hidden_rtl_0|altsyncram_sng1:auto_generated|ram_block1a0~porta_datain_reg11 ;
; 46.933 ; 50.000       ; 3.067          ; Low Pulse Width  ; clk   ; Rise       ; ml_inference:ml_path|altsyncram:hidden_rtl_0|altsyncram_sng1:auto_generated|ram_block1a0~porta_datain_reg11 ;
; 46.933 ; 50.000       ; 3.067          ; High Pulse Width ; clk   ; Rise       ; ml_inference:ml_path|altsyncram:hidden_rtl_0|altsyncram_sng1:auto_generated|ram_block1a0~porta_datain_reg12 ;
; 46.933 ; 50.000       ; 3.067          ; Low Pulse Width  ; clk   ; Rise       ; ml_inference:ml_path|altsyncram:hidden_rtl_0|altsyncram_sng1:auto_generated|ram_block1a0~porta_datain_reg12 ;
; 46.933 ; 50.000       ; 3.067          ; High Pulse Width ; clk   ; Rise       ; ml_inference:ml_path|altsyncram:hidden_rtl_0|altsyncram_sng1:auto_generated|ram_block1a0~porta_datain_reg13 ;
; 46.933 ; 50.000       ; 3.067          ; Low Pulse Width  ; clk   ; Rise       ; ml_inference:ml_path|altsyncram:hidden_rtl_0|altsyncram_sng1:auto_generated|ram_block1a0~porta_datain_reg13 ;
; 46.933 ; 50.000       ; 3.067          ; High Pulse Width ; clk   ; Rise       ; ml_inference:ml_path|altsyncram:hidden_rtl_0|altsyncram_sng1:auto_generated|ram_block1a0~porta_datain_reg14 ;
; 46.933 ; 50.000       ; 3.067          ; Low Pulse Width  ; clk   ; Rise       ; ml_inference:ml_path|altsyncram:hidden_rtl_0|altsyncram_sng1:auto_generated|ram_block1a0~porta_datain_reg14 ;
; 46.933 ; 50.000       ; 3.067          ; High Pulse Width ; clk   ; Rise       ; ml_inference:ml_path|altsyncram:hidden_rtl_0|altsyncram_sng1:auto_generated|ram_block1a0~porta_datain_reg15 ;
; 46.933 ; 50.000       ; 3.067          ; Low Pulse Width  ; clk   ; Rise       ; ml_inference:ml_path|altsyncram:hidden_rtl_0|altsyncram_sng1:auto_generated|ram_block1a0~porta_datain_reg15 ;
; 46.933 ; 50.000       ; 3.067          ; High Pulse Width ; clk   ; Rise       ; ml_inference:ml_path|altsyncram:hidden_rtl_0|altsyncram_sng1:auto_generated|ram_block1a0~porta_datain_reg16 ;
; 46.933 ; 50.000       ; 3.067          ; Low Pulse Width  ; clk   ; Rise       ; ml_inference:ml_path|altsyncram:hidden_rtl_0|altsyncram_sng1:auto_generated|ram_block1a0~porta_datain_reg16 ;
; 46.933 ; 50.000       ; 3.067          ; High Pulse Width ; clk   ; Rise       ; ml_inference:ml_path|altsyncram:hidden_rtl_0|altsyncram_sng1:auto_generated|ram_block1a0~porta_datain_reg17 ;
; 46.933 ; 50.000       ; 3.067          ; Low Pulse Width  ; clk   ; Rise       ; ml_inference:ml_path|altsyncram:hidden_rtl_0|altsyncram_sng1:auto_generated|ram_block1a0~porta_datain_reg17 ;
; 46.933 ; 50.000       ; 3.067          ; High Pulse Width ; clk   ; Rise       ; ml_inference:ml_path|altsyncram:hidden_rtl_0|altsyncram_sng1:auto_generated|ram_block1a0~porta_datain_reg18 ;
; 46.933 ; 50.000       ; 3.067          ; Low Pulse Width  ; clk   ; Rise       ; ml_inference:ml_path|altsyncram:hidden_rtl_0|altsyncram_sng1:auto_generated|ram_block1a0~porta_datain_reg18 ;
; 46.933 ; 50.000       ; 3.067          ; High Pulse Width ; clk   ; Rise       ; ml_inference:ml_path|altsyncram:hidden_rtl_0|altsyncram_sng1:auto_generated|ram_block1a0~porta_datain_reg19 ;
; 46.933 ; 50.000       ; 3.067          ; Low Pulse Width  ; clk   ; Rise       ; ml_inference:ml_path|altsyncram:hidden_rtl_0|altsyncram_sng1:auto_generated|ram_block1a0~porta_datain_reg19 ;
; 46.933 ; 50.000       ; 3.067          ; High Pulse Width ; clk   ; Rise       ; ml_inference:ml_path|altsyncram:hidden_rtl_0|altsyncram_sng1:auto_generated|ram_block1a0~porta_datain_reg2  ;
; 46.933 ; 50.000       ; 3.067          ; Low Pulse Width  ; clk   ; Rise       ; ml_inference:ml_path|altsyncram:hidden_rtl_0|altsyncram_sng1:auto_generated|ram_block1a0~porta_datain_reg2  ;
; 46.933 ; 50.000       ; 3.067          ; High Pulse Width ; clk   ; Rise       ; ml_inference:ml_path|altsyncram:hidden_rtl_0|altsyncram_sng1:auto_generated|ram_block1a0~porta_datain_reg20 ;
; 46.933 ; 50.000       ; 3.067          ; Low Pulse Width  ; clk   ; Rise       ; ml_inference:ml_path|altsyncram:hidden_rtl_0|altsyncram_sng1:auto_generated|ram_block1a0~porta_datain_reg20 ;
; 46.933 ; 50.000       ; 3.067          ; High Pulse Width ; clk   ; Rise       ; ml_inference:ml_path|altsyncram:hidden_rtl_0|altsyncram_sng1:auto_generated|ram_block1a0~porta_datain_reg21 ;
; 46.933 ; 50.000       ; 3.067          ; Low Pulse Width  ; clk   ; Rise       ; ml_inference:ml_path|altsyncram:hidden_rtl_0|altsyncram_sng1:auto_generated|ram_block1a0~porta_datain_reg21 ;
; 46.933 ; 50.000       ; 3.067          ; High Pulse Width ; clk   ; Rise       ; ml_inference:ml_path|altsyncram:hidden_rtl_0|altsyncram_sng1:auto_generated|ram_block1a0~porta_datain_reg22 ;
; 46.933 ; 50.000       ; 3.067          ; Low Pulse Width  ; clk   ; Rise       ; ml_inference:ml_path|altsyncram:hidden_rtl_0|altsyncram_sng1:auto_generated|ram_block1a0~porta_datain_reg22 ;
; 46.933 ; 50.000       ; 3.067          ; High Pulse Width ; clk   ; Rise       ; ml_inference:ml_path|altsyncram:hidden_rtl_0|altsyncram_sng1:auto_generated|ram_block1a0~porta_datain_reg23 ;
; 46.933 ; 50.000       ; 3.067          ; Low Pulse Width  ; clk   ; Rise       ; ml_inference:ml_path|altsyncram:hidden_rtl_0|altsyncram_sng1:auto_generated|ram_block1a0~porta_datain_reg23 ;
; 46.933 ; 50.000       ; 3.067          ; High Pulse Width ; clk   ; Rise       ; ml_inference:ml_path|altsyncram:hidden_rtl_0|altsyncram_sng1:auto_generated|ram_block1a0~porta_datain_reg24 ;
; 46.933 ; 50.000       ; 3.067          ; Low Pulse Width  ; clk   ; Rise       ; ml_inference:ml_path|altsyncram:hidden_rtl_0|altsyncram_sng1:auto_generated|ram_block1a0~porta_datain_reg24 ;
; 46.933 ; 50.000       ; 3.067          ; High Pulse Width ; clk   ; Rise       ; ml_inference:ml_path|altsyncram:hidden_rtl_0|altsyncram_sng1:auto_generated|ram_block1a0~porta_datain_reg25 ;
; 46.933 ; 50.000       ; 3.067          ; Low Pulse Width  ; clk   ; Rise       ; ml_inference:ml_path|altsyncram:hidden_rtl_0|altsyncram_sng1:auto_generated|ram_block1a0~porta_datain_reg25 ;
; 46.933 ; 50.000       ; 3.067          ; High Pulse Width ; clk   ; Rise       ; ml_inference:ml_path|altsyncram:hidden_rtl_0|altsyncram_sng1:auto_generated|ram_block1a0~porta_datain_reg26 ;
; 46.933 ; 50.000       ; 3.067          ; Low Pulse Width  ; clk   ; Rise       ; ml_inference:ml_path|altsyncram:hidden_rtl_0|altsyncram_sng1:auto_generated|ram_block1a0~porta_datain_reg26 ;
; 46.933 ; 50.000       ; 3.067          ; High Pulse Width ; clk   ; Rise       ; ml_inference:ml_path|altsyncram:hidden_rtl_0|altsyncram_sng1:auto_generated|ram_block1a0~porta_datain_reg27 ;
; 46.933 ; 50.000       ; 3.067          ; Low Pulse Width  ; clk   ; Rise       ; ml_inference:ml_path|altsyncram:hidden_rtl_0|altsyncram_sng1:auto_generated|ram_block1a0~porta_datain_reg27 ;
; 46.933 ; 50.000       ; 3.067          ; High Pulse Width ; clk   ; Rise       ; ml_inference:ml_path|altsyncram:hidden_rtl_0|altsyncram_sng1:auto_generated|ram_block1a0~porta_datain_reg28 ;
; 46.933 ; 50.000       ; 3.067          ; Low Pulse Width  ; clk   ; Rise       ; ml_inference:ml_path|altsyncram:hidden_rtl_0|altsyncram_sng1:auto_generated|ram_block1a0~porta_datain_reg28 ;
; 46.933 ; 50.000       ; 3.067          ; High Pulse Width ; clk   ; Rise       ; ml_inference:ml_path|altsyncram:hidden_rtl_0|altsyncram_sng1:auto_generated|ram_block1a0~porta_datain_reg29 ;
; 46.933 ; 50.000       ; 3.067          ; Low Pulse Width  ; clk   ; Rise       ; ml_inference:ml_path|altsyncram:hidden_rtl_0|altsyncram_sng1:auto_generated|ram_block1a0~porta_datain_reg29 ;
; 46.933 ; 50.000       ; 3.067          ; High Pulse Width ; clk   ; Rise       ; ml_inference:ml_path|altsyncram:hidden_rtl_0|altsyncram_sng1:auto_generated|ram_block1a0~porta_datain_reg3  ;
; 46.933 ; 50.000       ; 3.067          ; Low Pulse Width  ; clk   ; Rise       ; ml_inference:ml_path|altsyncram:hidden_rtl_0|altsyncram_sng1:auto_generated|ram_block1a0~porta_datain_reg3  ;
; 46.933 ; 50.000       ; 3.067          ; High Pulse Width ; clk   ; Rise       ; ml_inference:ml_path|altsyncram:hidden_rtl_0|altsyncram_sng1:auto_generated|ram_block1a0~porta_datain_reg30 ;
; 46.933 ; 50.000       ; 3.067          ; Low Pulse Width  ; clk   ; Rise       ; ml_inference:ml_path|altsyncram:hidden_rtl_0|altsyncram_sng1:auto_generated|ram_block1a0~porta_datain_reg30 ;
; 46.933 ; 50.000       ; 3.067          ; High Pulse Width ; clk   ; Rise       ; ml_inference:ml_path|altsyncram:hidden_rtl_0|altsyncram_sng1:auto_generated|ram_block1a0~porta_datain_reg31 ;
; 46.933 ; 50.000       ; 3.067          ; Low Pulse Width  ; clk   ; Rise       ; ml_inference:ml_path|altsyncram:hidden_rtl_0|altsyncram_sng1:auto_generated|ram_block1a0~porta_datain_reg31 ;
; 46.933 ; 50.000       ; 3.067          ; High Pulse Width ; clk   ; Rise       ; ml_inference:ml_path|altsyncram:hidden_rtl_0|altsyncram_sng1:auto_generated|ram_block1a0~porta_datain_reg4  ;
; 46.933 ; 50.000       ; 3.067          ; Low Pulse Width  ; clk   ; Rise       ; ml_inference:ml_path|altsyncram:hidden_rtl_0|altsyncram_sng1:auto_generated|ram_block1a0~porta_datain_reg4  ;
; 46.933 ; 50.000       ; 3.067          ; High Pulse Width ; clk   ; Rise       ; ml_inference:ml_path|altsyncram:hidden_rtl_0|altsyncram_sng1:auto_generated|ram_block1a0~porta_datain_reg5  ;
; 46.933 ; 50.000       ; 3.067          ; Low Pulse Width  ; clk   ; Rise       ; ml_inference:ml_path|altsyncram:hidden_rtl_0|altsyncram_sng1:auto_generated|ram_block1a0~porta_datain_reg5  ;
; 46.933 ; 50.000       ; 3.067          ; High Pulse Width ; clk   ; Rise       ; ml_inference:ml_path|altsyncram:hidden_rtl_0|altsyncram_sng1:auto_generated|ram_block1a0~porta_datain_reg6  ;
; 46.933 ; 50.000       ; 3.067          ; Low Pulse Width  ; clk   ; Rise       ; ml_inference:ml_path|altsyncram:hidden_rtl_0|altsyncram_sng1:auto_generated|ram_block1a0~porta_datain_reg6  ;
; 46.933 ; 50.000       ; 3.067          ; High Pulse Width ; clk   ; Rise       ; ml_inference:ml_path|altsyncram:hidden_rtl_0|altsyncram_sng1:auto_generated|ram_block1a0~porta_datain_reg7  ;
; 46.933 ; 50.000       ; 3.067          ; Low Pulse Width  ; clk   ; Rise       ; ml_inference:ml_path|altsyncram:hidden_rtl_0|altsyncram_sng1:auto_generated|ram_block1a0~porta_datain_reg7  ;
; 46.933 ; 50.000       ; 3.067          ; High Pulse Width ; clk   ; Rise       ; ml_inference:ml_path|altsyncram:hidden_rtl_0|altsyncram_sng1:auto_generated|ram_block1a0~porta_datain_reg8  ;
; 46.933 ; 50.000       ; 3.067          ; Low Pulse Width  ; clk   ; Rise       ; ml_inference:ml_path|altsyncram:hidden_rtl_0|altsyncram_sng1:auto_generated|ram_block1a0~porta_datain_reg8  ;
; 46.933 ; 50.000       ; 3.067          ; High Pulse Width ; clk   ; Rise       ; ml_inference:ml_path|altsyncram:hidden_rtl_0|altsyncram_sng1:auto_generated|ram_block1a0~porta_datain_reg9  ;
; 46.933 ; 50.000       ; 3.067          ; Low Pulse Width  ; clk   ; Rise       ; ml_inference:ml_path|altsyncram:hidden_rtl_0|altsyncram_sng1:auto_generated|ram_block1a0~porta_datain_reg9  ;
; 46.933 ; 50.000       ; 3.067          ; High Pulse Width ; clk   ; Rise       ; ml_inference:ml_path|altsyncram:hidden_rtl_0|altsyncram_sng1:auto_generated|ram_block1a0~porta_memory_reg0  ;
; 46.933 ; 50.000       ; 3.067          ; Low Pulse Width  ; clk   ; Rise       ; ml_inference:ml_path|altsyncram:hidden_rtl_0|altsyncram_sng1:auto_generated|ram_block1a0~porta_memory_reg0  ;
; 46.933 ; 50.000       ; 3.067          ; High Pulse Width ; clk   ; Rise       ; ml_inference:ml_path|altsyncram:hidden_rtl_0|altsyncram_sng1:auto_generated|ram_block1a0~porta_we_reg       ;
; 46.933 ; 50.000       ; 3.067          ; Low Pulse Width  ; clk   ; Rise       ; ml_inference:ml_path|altsyncram:hidden_rtl_0|altsyncram_sng1:auto_generated|ram_block1a0~porta_we_reg       ;
; 46.933 ; 50.000       ; 3.067          ; High Pulse Width ; clk   ; Rise       ; ml_inference:ml_path|altsyncram:hidden_rtl_0|altsyncram_sng1:auto_generated|ram_block1a0~portb_address_reg0 ;
; 46.933 ; 50.000       ; 3.067          ; Low Pulse Width  ; clk   ; Rise       ; ml_inference:ml_path|altsyncram:hidden_rtl_0|altsyncram_sng1:auto_generated|ram_block1a0~portb_address_reg0 ;
; 46.933 ; 50.000       ; 3.067          ; High Pulse Width ; clk   ; Rise       ; ml_inference:ml_path|altsyncram:hidden_rtl_0|altsyncram_sng1:auto_generated|ram_block1a0~portb_address_reg1 ;
; 46.933 ; 50.000       ; 3.067          ; Low Pulse Width  ; clk   ; Rise       ; ml_inference:ml_path|altsyncram:hidden_rtl_0|altsyncram_sng1:auto_generated|ram_block1a0~portb_address_reg1 ;
; 46.933 ; 50.000       ; 3.067          ; High Pulse Width ; clk   ; Rise       ; ml_inference:ml_path|altsyncram:hidden_rtl_0|altsyncram_sng1:auto_generated|ram_block1a0~portb_address_reg2 ;
; 46.933 ; 50.000       ; 3.067          ; Low Pulse Width  ; clk   ; Rise       ; ml_inference:ml_path|altsyncram:hidden_rtl_0|altsyncram_sng1:auto_generated|ram_block1a0~portb_address_reg2 ;
; 46.933 ; 50.000       ; 3.067          ; High Pulse Width ; clk   ; Rise       ; ml_inference:ml_path|altsyncram:hidden_rtl_0|altsyncram_sng1:auto_generated|ram_block1a0~portb_address_reg3 ;
; 46.933 ; 50.000       ; 3.067          ; Low Pulse Width  ; clk   ; Rise       ; ml_inference:ml_path|altsyncram:hidden_rtl_0|altsyncram_sng1:auto_generated|ram_block1a0~portb_address_reg3 ;
; 46.933 ; 50.000       ; 3.067          ; High Pulse Width ; clk   ; Rise       ; ml_inference:ml_path|altsyncram:hidden_rtl_0|altsyncram_sng1:auto_generated|ram_block1a0~portb_address_reg4 ;
; 46.933 ; 50.000       ; 3.067          ; Low Pulse Width  ; clk   ; Rise       ; ml_inference:ml_path|altsyncram:hidden_rtl_0|altsyncram_sng1:auto_generated|ram_block1a0~portb_address_reg4 ;
; 46.933 ; 50.000       ; 3.067          ; High Pulse Width ; clk   ; Rise       ; ml_inference:ml_path|altsyncram:hidden_rtl_0|altsyncram_sng1:auto_generated|ram_block1a10~porta_memory_reg0 ;
; 46.933 ; 50.000       ; 3.067          ; Low Pulse Width  ; clk   ; Rise       ; ml_inference:ml_path|altsyncram:hidden_rtl_0|altsyncram_sng1:auto_generated|ram_block1a10~porta_memory_reg0 ;
; 46.933 ; 50.000       ; 3.067          ; High Pulse Width ; clk   ; Rise       ; ml_inference:ml_path|altsyncram:hidden_rtl_0|altsyncram_sng1:auto_generated|ram_block1a11~porta_memory_reg0 ;
; 46.933 ; 50.000       ; 3.067          ; Low Pulse Width  ; clk   ; Rise       ; ml_inference:ml_path|altsyncram:hidden_rtl_0|altsyncram_sng1:auto_generated|ram_block1a11~porta_memory_reg0 ;
; 46.933 ; 50.000       ; 3.067          ; High Pulse Width ; clk   ; Rise       ; ml_inference:ml_path|altsyncram:hidden_rtl_0|altsyncram_sng1:auto_generated|ram_block1a12~porta_memory_reg0 ;
; 46.933 ; 50.000       ; 3.067          ; Low Pulse Width  ; clk   ; Rise       ; ml_inference:ml_path|altsyncram:hidden_rtl_0|altsyncram_sng1:auto_generated|ram_block1a12~porta_memory_reg0 ;
; 46.933 ; 50.000       ; 3.067          ; High Pulse Width ; clk   ; Rise       ; ml_inference:ml_path|altsyncram:hidden_rtl_0|altsyncram_sng1:auto_generated|ram_block1a13~porta_memory_reg0 ;
; 46.933 ; 50.000       ; 3.067          ; Low Pulse Width  ; clk   ; Rise       ; ml_inference:ml_path|altsyncram:hidden_rtl_0|altsyncram_sng1:auto_generated|ram_block1a13~porta_memory_reg0 ;
; 46.933 ; 50.000       ; 3.067          ; High Pulse Width ; clk   ; Rise       ; ml_inference:ml_path|altsyncram:hidden_rtl_0|altsyncram_sng1:auto_generated|ram_block1a14~porta_memory_reg0 ;
; 46.933 ; 50.000       ; 3.067          ; Low Pulse Width  ; clk   ; Rise       ; ml_inference:ml_path|altsyncram:hidden_rtl_0|altsyncram_sng1:auto_generated|ram_block1a14~porta_memory_reg0 ;
; 46.933 ; 50.000       ; 3.067          ; High Pulse Width ; clk   ; Rise       ; ml_inference:ml_path|altsyncram:hidden_rtl_0|altsyncram_sng1:auto_generated|ram_block1a15~porta_memory_reg0 ;
; 46.933 ; 50.000       ; 3.067          ; Low Pulse Width  ; clk   ; Rise       ; ml_inference:ml_path|altsyncram:hidden_rtl_0|altsyncram_sng1:auto_generated|ram_block1a15~porta_memory_reg0 ;
+--------+--------------+----------------+------------------+-------+------------+-------------------------------------------------------------------------------------------------------------+


+----------------------------------------------------------------------------+
; Setup Times                                                                ;
+--------------+------------+--------+--------+------------+-----------------+
; Data Port    ; Clock Port ; Rise   ; Fall   ; Clock Edge ; Clock Reference ;
+--------------+------------+--------+--------+------------+-----------------+
; clear_frame  ; clk        ; 5.997  ; 5.997  ; Rise       ; clk             ;
; reset_n      ; clk        ; 7.644  ; 7.644  ; Rise       ; clk             ;
; start_stream ; clk        ; 5.196  ; 5.196  ; Rise       ; clk             ;
; touch_irq_n  ; clk        ; 4.648  ; 4.648  ; Rise       ; clk             ;
; touch_miso   ; clk        ; -0.448 ; -0.448 ; Rise       ; clk             ;
+--------------+------------+--------+--------+------------+-----------------+


+----------------------------------------------------------------------------+
; Hold Times                                                                 ;
+--------------+------------+--------+--------+------------+-----------------+
; Data Port    ; Clock Port ; Rise   ; Fall   ; Clock Edge ; Clock Reference ;
+--------------+------------+--------+--------+------------+-----------------+
; clear_frame  ; clk        ; -1.638 ; -1.638 ; Rise       ; clk             ;
; reset_n      ; clk        ; -0.025 ; -0.025 ; Rise       ; clk             ;
; start_stream ; clk        ; -1.331 ; -1.331 ; Rise       ; clk             ;
; touch_irq_n  ; clk        ; -0.226 ; -0.226 ; Rise       ; clk             ;
; touch_miso   ; clk        ; 0.714  ; 0.714  ; Rise       ; clk             ;
+--------------+------------+--------+--------+------------+-----------------+


+-------------------------------------------------------------------------------------+
; Clock to Output Times                                                               ;
+-----------------------+------------+--------+--------+------------+-----------------+
; Data Port             ; Clock Port ; Rise   ; Fall   ; Clock Edge ; Clock Reference ;
+-----------------------+------------+--------+--------+------------+-----------------+
; ml_busy               ; clk        ; 11.026 ; 11.026 ; Rise       ; clk             ;
; result_accepted       ; clk        ; 7.202  ; 7.202  ; Rise       ; clk             ;
; result_confidence[*]  ; clk        ; 7.912  ; 7.912  ; Rise       ; clk             ;
;  result_confidence[0] ; clk        ; 7.205  ; 7.205  ; Rise       ; clk             ;
;  result_confidence[1] ; clk        ; 7.537  ; 7.537  ; Rise       ; clk             ;
;  result_confidence[2] ; clk        ; 7.222  ; 7.222  ; Rise       ; clk             ;
;  result_confidence[3] ; clk        ; 7.206  ; 7.206  ; Rise       ; clk             ;
;  result_confidence[4] ; clk        ; 7.872  ; 7.872  ; Rise       ; clk             ;
;  result_confidence[5] ; clk        ; 7.706  ; 7.706  ; Rise       ; clk             ;
;  result_confidence[6] ; clk        ; 7.912  ; 7.912  ; Rise       ; clk             ;
;  result_confidence[7] ; clk        ; 7.539  ; 7.539  ; Rise       ; clk             ;
; result_cycles[*]      ; clk        ; 8.892  ; 8.892  ; Rise       ; clk             ;
;  result_cycles[0]     ; clk        ; 7.063  ; 7.063  ; Rise       ; clk             ;
;  result_cycles[1]     ; clk        ; 7.216  ; 7.216  ; Rise       ; clk             ;
;  result_cycles[2]     ; clk        ; 7.254  ; 7.254  ; Rise       ; clk             ;
;  result_cycles[3]     ; clk        ; 7.696  ; 7.696  ; Rise       ; clk             ;
;  result_cycles[4]     ; clk        ; 8.099  ; 8.099  ; Rise       ; clk             ;
;  result_cycles[5]     ; clk        ; 7.618  ; 7.618  ; Rise       ; clk             ;
;  result_cycles[6]     ; clk        ; 7.230  ; 7.230  ; Rise       ; clk             ;
;  result_cycles[7]     ; clk        ; 7.687  ; 7.687  ; Rise       ; clk             ;
;  result_cycles[8]     ; clk        ; 7.819  ; 7.819  ; Rise       ; clk             ;
;  result_cycles[9]     ; clk        ; 7.228  ; 7.228  ; Rise       ; clk             ;
;  result_cycles[10]    ; clk        ; 7.217  ; 7.217  ; Rise       ; clk             ;
;  result_cycles[11]    ; clk        ; 7.659  ; 7.659  ; Rise       ; clk             ;
;  result_cycles[12]    ; clk        ; 7.258  ; 7.258  ; Rise       ; clk             ;
;  result_cycles[13]    ; clk        ; 7.818  ; 7.818  ; Rise       ; clk             ;
;  result_cycles[14]    ; clk        ; 7.626  ; 7.626  ; Rise       ; clk             ;
;  result_cycles[15]    ; clk        ; 7.613  ; 7.613  ; Rise       ; clk             ;
;  result_cycles[16]    ; clk        ; 7.598  ; 7.598  ; Rise       ; clk             ;
;  result_cycles[17]    ; clk        ; 7.261  ; 7.261  ; Rise       ; clk             ;
;  result_cycles[18]    ; clk        ; 8.228  ; 8.228  ; Rise       ; clk             ;
;  result_cycles[19]    ; clk        ; 7.275  ; 7.275  ; Rise       ; clk             ;
;  result_cycles[20]    ; clk        ; 7.265  ; 7.265  ; Rise       ; clk             ;
;  result_cycles[21]    ; clk        ; 7.657  ; 7.657  ; Rise       ; clk             ;
;  result_cycles[22]    ; clk        ; 7.279  ; 7.279  ; Rise       ; clk             ;
;  result_cycles[23]    ; clk        ; 7.288  ; 7.288  ; Rise       ; clk             ;
;  result_cycles[24]    ; clk        ; 8.892  ; 8.892  ; Rise       ; clk             ;
;  result_cycles[25]    ; clk        ; 7.183  ; 7.183  ; Rise       ; clk             ;
;  result_cycles[26]    ; clk        ; 8.164  ; 8.164  ; Rise       ; clk             ;
;  result_cycles[27]    ; clk        ; 7.995  ; 7.995  ; Rise       ; clk             ;
;  result_cycles[28]    ; clk        ; 7.208  ; 7.208  ; Rise       ; clk             ;
;  result_cycles[29]    ; clk        ; 8.342  ; 8.342  ; Rise       ; clk             ;
;  result_cycles[30]    ; clk        ; 7.667  ; 7.667  ; Rise       ; clk             ;
;  result_cycles[31]    ; clk        ; 8.154  ; 8.154  ; Rise       ; clk             ;
; result_digit[*]       ; clk        ; 8.032  ; 8.032  ; Rise       ; clk             ;
;  result_digit[0]      ; clk        ; 7.554  ; 7.554  ; Rise       ; clk             ;
;  result_digit[1]      ; clk        ; 8.032  ; 8.032  ; Rise       ; clk             ;
;  result_digit[2]      ; clk        ; 7.626  ; 7.626  ; Rise       ; clk             ;
;  result_digit[3]      ; clk        ; 7.157  ; 7.157  ; Rise       ; clk             ;
; result_margin[*]      ; clk        ; 8.261  ; 8.261  ; Rise       ; clk             ;
;  result_margin[0]     ; clk        ; 7.146  ; 7.146  ; Rise       ; clk             ;
;  result_margin[1]     ; clk        ; 7.532  ; 7.532  ; Rise       ; clk             ;
;  result_margin[2]     ; clk        ; 7.526  ; 7.526  ; Rise       ; clk             ;
;  result_margin[3]     ; clk        ; 7.893  ; 7.893  ; Rise       ; clk             ;
;  result_margin[4]     ; clk        ; 7.895  ; 7.895  ; Rise       ; clk             ;
;  result_margin[5]     ; clk        ; 7.728  ; 7.728  ; Rise       ; clk             ;
;  result_margin[6]     ; clk        ; 7.601  ; 7.601  ; Rise       ; clk             ;
;  result_margin[7]     ; clk        ; 7.111  ; 7.111  ; Rise       ; clk             ;
;  result_margin[8]     ; clk        ; 7.791  ; 7.791  ; Rise       ; clk             ;
;  result_margin[9]     ; clk        ; 7.904  ; 7.904  ; Rise       ; clk             ;
;  result_margin[10]    ; clk        ; 7.122  ; 7.122  ; Rise       ; clk             ;
;  result_margin[11]    ; clk        ; 7.296  ; 7.296  ; Rise       ; clk             ;
;  result_margin[12]    ; clk        ; 7.818  ; 7.818  ; Rise       ; clk             ;
;  result_margin[13]    ; clk        ; 7.795  ; 7.795  ; Rise       ; clk             ;
;  result_margin[14]    ; clk        ; 7.615  ; 7.615  ; Rise       ; clk             ;
;  result_margin[15]    ; clk        ; 8.261  ; 8.261  ; Rise       ; clk             ;
; result_valid          ; clk        ; 7.608  ; 7.608  ; Rise       ; clk             ;
; touch_cs_n            ; clk        ; 7.626  ; 7.626  ; Rise       ; clk             ;
; touch_mosi            ; clk        ; 7.625  ; 7.625  ; Rise       ; clk             ;
; touch_sclk            ; clk        ; 7.650  ; 7.650  ; Rise       ; clk             ;
+-----------------------+------------+--------+--------+------------+-----------------+


+-----------------------------------------------------------------------------------+
; Minimum Clock to Output Times                                                     ;
+-----------------------+------------+-------+-------+------------+-----------------+
; Data Port             ; Clock Port ; Rise  ; Fall  ; Clock Edge ; Clock Reference ;
+-----------------------+------------+-------+-------+------------+-----------------+
; ml_busy               ; clk        ; 8.246 ; 8.246 ; Rise       ; clk             ;
; result_accepted       ; clk        ; 7.202 ; 7.202 ; Rise       ; clk             ;
; result_confidence[*]  ; clk        ; 7.205 ; 7.205 ; Rise       ; clk             ;
;  result_confidence[0] ; clk        ; 7.205 ; 7.205 ; Rise       ; clk             ;
;  result_confidence[1] ; clk        ; 7.537 ; 7.537 ; Rise       ; clk             ;
;  result_confidence[2] ; clk        ; 7.222 ; 7.222 ; Rise       ; clk             ;
;  result_confidence[3] ; clk        ; 7.206 ; 7.206 ; Rise       ; clk             ;
;  result_confidence[4] ; clk        ; 7.872 ; 7.872 ; Rise       ; clk             ;
;  result_confidence[5] ; clk        ; 7.706 ; 7.706 ; Rise       ; clk             ;
;  result_confidence[6] ; clk        ; 7.912 ; 7.912 ; Rise       ; clk             ;
;  result_confidence[7] ; clk        ; 7.539 ; 7.539 ; Rise       ; clk             ;
; result_cycles[*]      ; clk        ; 7.063 ; 7.063 ; Rise       ; clk             ;
;  result_cycles[0]     ; clk        ; 7.063 ; 7.063 ; Rise       ; clk             ;
;  result_cycles[1]     ; clk        ; 7.216 ; 7.216 ; Rise       ; clk             ;
;  result_cycles[2]     ; clk        ; 7.254 ; 7.254 ; Rise       ; clk             ;
;  result_cycles[3]     ; clk        ; 7.696 ; 7.696 ; Rise       ; clk             ;
;  result_cycles[4]     ; clk        ; 8.099 ; 8.099 ; Rise       ; clk             ;
;  result_cycles[5]     ; clk        ; 7.618 ; 7.618 ; Rise       ; clk             ;
;  result_cycles[6]     ; clk        ; 7.230 ; 7.230 ; Rise       ; clk             ;
;  result_cycles[7]     ; clk        ; 7.687 ; 7.687 ; Rise       ; clk             ;
;  result_cycles[8]     ; clk        ; 7.819 ; 7.819 ; Rise       ; clk             ;
;  result_cycles[9]     ; clk        ; 7.228 ; 7.228 ; Rise       ; clk             ;
;  result_cycles[10]    ; clk        ; 7.217 ; 7.217 ; Rise       ; clk             ;
;  result_cycles[11]    ; clk        ; 7.659 ; 7.659 ; Rise       ; clk             ;
;  result_cycles[12]    ; clk        ; 7.258 ; 7.258 ; Rise       ; clk             ;
;  result_cycles[13]    ; clk        ; 7.818 ; 7.818 ; Rise       ; clk             ;
;  result_cycles[14]    ; clk        ; 7.626 ; 7.626 ; Rise       ; clk             ;
;  result_cycles[15]    ; clk        ; 7.613 ; 7.613 ; Rise       ; clk             ;
;  result_cycles[16]    ; clk        ; 7.598 ; 7.598 ; Rise       ; clk             ;
;  result_cycles[17]    ; clk        ; 7.261 ; 7.261 ; Rise       ; clk             ;
;  result_cycles[18]    ; clk        ; 8.228 ; 8.228 ; Rise       ; clk             ;
;  result_cycles[19]    ; clk        ; 7.275 ; 7.275 ; Rise       ; clk             ;
;  result_cycles[20]    ; clk        ; 7.265 ; 7.265 ; Rise       ; clk             ;
;  result_cycles[21]    ; clk        ; 7.657 ; 7.657 ; Rise       ; clk             ;
;  result_cycles[22]    ; clk        ; 7.279 ; 7.279 ; Rise       ; clk             ;
;  result_cycles[23]    ; clk        ; 7.288 ; 7.288 ; Rise       ; clk             ;
;  result_cycles[24]    ; clk        ; 8.892 ; 8.892 ; Rise       ; clk             ;
;  result_cycles[25]    ; clk        ; 7.183 ; 7.183 ; Rise       ; clk             ;
;  result_cycles[26]    ; clk        ; 8.164 ; 8.164 ; Rise       ; clk             ;
;  result_cycles[27]    ; clk        ; 7.995 ; 7.995 ; Rise       ; clk             ;
;  result_cycles[28]    ; clk        ; 7.208 ; 7.208 ; Rise       ; clk             ;
;  result_cycles[29]    ; clk        ; 8.342 ; 8.342 ; Rise       ; clk             ;
;  result_cycles[30]    ; clk        ; 7.667 ; 7.667 ; Rise       ; clk             ;
;  result_cycles[31]    ; clk        ; 8.154 ; 8.154 ; Rise       ; clk             ;
; result_digit[*]       ; clk        ; 7.157 ; 7.157 ; Rise       ; clk             ;
;  result_digit[0]      ; clk        ; 7.554 ; 7.554 ; Rise       ; clk             ;
;  result_digit[1]      ; clk        ; 8.032 ; 8.032 ; Rise       ; clk             ;
;  result_digit[2]      ; clk        ; 7.626 ; 7.626 ; Rise       ; clk             ;
;  result_digit[3]      ; clk        ; 7.157 ; 7.157 ; Rise       ; clk             ;
; result_margin[*]      ; clk        ; 7.111 ; 7.111 ; Rise       ; clk             ;
;  result_margin[0]     ; clk        ; 7.146 ; 7.146 ; Rise       ; clk             ;
;  result_margin[1]     ; clk        ; 7.532 ; 7.532 ; Rise       ; clk             ;
;  result_margin[2]     ; clk        ; 7.526 ; 7.526 ; Rise       ; clk             ;
;  result_margin[3]     ; clk        ; 7.893 ; 7.893 ; Rise       ; clk             ;
;  result_margin[4]     ; clk        ; 7.895 ; 7.895 ; Rise       ; clk             ;
;  result_margin[5]     ; clk        ; 7.728 ; 7.728 ; Rise       ; clk             ;
;  result_margin[6]     ; clk        ; 7.601 ; 7.601 ; Rise       ; clk             ;
;  result_margin[7]     ; clk        ; 7.111 ; 7.111 ; Rise       ; clk             ;
;  result_margin[8]     ; clk        ; 7.791 ; 7.791 ; Rise       ; clk             ;
;  result_margin[9]     ; clk        ; 7.904 ; 7.904 ; Rise       ; clk             ;
;  result_margin[10]    ; clk        ; 7.122 ; 7.122 ; Rise       ; clk             ;
;  result_margin[11]    ; clk        ; 7.296 ; 7.296 ; Rise       ; clk             ;
;  result_margin[12]    ; clk        ; 7.818 ; 7.818 ; Rise       ; clk             ;
;  result_margin[13]    ; clk        ; 7.795 ; 7.795 ; Rise       ; clk             ;
;  result_margin[14]    ; clk        ; 7.615 ; 7.615 ; Rise       ; clk             ;
;  result_margin[15]    ; clk        ; 8.261 ; 8.261 ; Rise       ; clk             ;
; result_valid          ; clk        ; 7.608 ; 7.608 ; Rise       ; clk             ;
; touch_cs_n            ; clk        ; 7.626 ; 7.626 ; Rise       ; clk             ;
; touch_mosi            ; clk        ; 7.625 ; 7.625 ; Rise       ; clk             ;
; touch_sclk            ; clk        ; 7.650 ; 7.650 ; Rise       ; clk             ;
+-----------------------+------------+-------+-------+------------+-----------------+


+--------------------------------+
; Fast Model Setup Summary       ;
+-------+--------+---------------+
; Clock ; Slack  ; End Point TNS ;
+-------+--------+---------------+
; clk   ; 70.802 ; 0.000         ;
+-------+--------+---------------+


+-------------------------------+
; Fast Model Hold Summary       ;
+-------+-------+---------------+
; Clock ; Slack ; End Point TNS ;
+-------+-------+---------------+
; clk   ; 0.215 ; 0.000         ;
+-------+-------+---------------+


-------------------------------
; Fast Model Recovery Summary ;
-------------------------------
No paths to report.


------------------------------
; Fast Model Removal Summary ;
------------------------------
No paths to report.


+----------------------------------------+
; Fast Model Minimum Pulse Width Summary ;
+-------+--------+-----------------------+
; Clock ; Slack  ; End Point TNS         ;
+-------+--------+-----------------------+
; clk   ; 47.873 ; 0.000                 ;
+-------+--------+-----------------------+


+------------------------------------------------------------------------------------------------------------------------------------------------------------+
; Fast Model Setup: 'clk'                                                                                                                                    ;
+--------+------------------------------------+----------------------------------------+--------------+-------------+--------------+------------+------------+
; Slack  ; From Node                          ; To Node                                ; Launch Clock ; Latch Clock ; Relationship ; Clock Skew ; Data Delay ;
+--------+------------------------------------+----------------------------------------+--------------+-------------+--------------+------------+------------+
; 70.802 ; ml_inference:ml_path|scores[0][0]  ; ml_inference:ml_path|result_margin[10] ; clk          ; clk         ; 100.000      ; -0.004     ; 29.226     ;
; 70.820 ; ml_inference:ml_path|scores[1][0]  ; ml_inference:ml_path|result_margin[10] ; clk          ; clk         ; 100.000      ; -0.004     ; 29.208     ;
; 70.862 ; ml_inference:ml_path|scores[0][0]  ; ml_inference:ml_path|result_margin[0]  ; clk          ; clk         ; 100.000      ; -0.004     ; 29.166     ;
; 70.862 ; ml_inference:ml_path|scores[1][1]  ; ml_inference:ml_path|result_margin[10] ; clk          ; clk         ; 100.000      ; -0.004     ; 29.166     ;
; 70.866 ; ml_inference:ml_path|scores[0][0]  ; ml_inference:ml_path|result_margin[15] ; clk          ; clk         ; 100.000      ; 0.003      ; 29.169     ;
; 70.880 ; ml_inference:ml_path|scores[1][0]  ; ml_inference:ml_path|result_margin[0]  ; clk          ; clk         ; 100.000      ; -0.004     ; 29.148     ;
; 70.884 ; ml_inference:ml_path|scores[0][0]  ; ml_inference:ml_path|result_margin[6]  ; clk          ; clk         ; 100.000      ; 0.000      ; 29.148     ;
; 70.884 ; ml_inference:ml_path|scores[1][0]  ; ml_inference:ml_path|result_margin[15] ; clk          ; clk         ; 100.000      ; 0.003      ; 29.151     ;
; 70.886 ; ml_inference:ml_path|scores[0][0]  ; ml_inference:ml_path|result_margin[12] ; clk          ; clk         ; 100.000      ; -0.004     ; 29.142     ;
; 70.892 ; ml_inference:ml_path|scores[0][0]  ; ml_inference:ml_path|result_margin[9]  ; clk          ; clk         ; 100.000      ; -0.004     ; 29.136     ;
; 70.893 ; ml_inference:ml_path|scores[0][0]  ; ml_inference:ml_path|result_margin[7]  ; clk          ; clk         ; 100.000      ; -0.004     ; 29.135     ;
; 70.893 ; ml_inference:ml_path|scores[0][0]  ; ml_inference:ml_path|result_margin[13] ; clk          ; clk         ; 100.000      ; -0.004     ; 29.135     ;
; 70.894 ; ml_inference:ml_path|scores[0][0]  ; ml_inference:ml_path|result_margin[8]  ; clk          ; clk         ; 100.000      ; -0.004     ; 29.134     ;
; 70.894 ; ml_inference:ml_path|scores[0][0]  ; ml_inference:ml_path|result_margin[14] ; clk          ; clk         ; 100.000      ; -0.004     ; 29.134     ;
; 70.895 ; ml_inference:ml_path|scores[0][0]  ; ml_inference:ml_path|result_margin[11] ; clk          ; clk         ; 100.000      ; -0.004     ; 29.133     ;
; 70.902 ; ml_inference:ml_path|scores[1][0]  ; ml_inference:ml_path|result_margin[6]  ; clk          ; clk         ; 100.000      ; 0.000      ; 29.130     ;
; 70.904 ; ml_inference:ml_path|scores[1][0]  ; ml_inference:ml_path|result_margin[12] ; clk          ; clk         ; 100.000      ; -0.004     ; 29.124     ;
; 70.910 ; ml_inference:ml_path|scores[1][0]  ; ml_inference:ml_path|result_margin[9]  ; clk          ; clk         ; 100.000      ; -0.004     ; 29.118     ;
; 70.911 ; ml_inference:ml_path|scores[1][0]  ; ml_inference:ml_path|result_margin[7]  ; clk          ; clk         ; 100.000      ; -0.004     ; 29.117     ;
; 70.911 ; ml_inference:ml_path|scores[1][0]  ; ml_inference:ml_path|result_margin[13] ; clk          ; clk         ; 100.000      ; -0.004     ; 29.117     ;
; 70.912 ; ml_inference:ml_path|scores[1][0]  ; ml_inference:ml_path|result_margin[8]  ; clk          ; clk         ; 100.000      ; -0.004     ; 29.116     ;
; 70.912 ; ml_inference:ml_path|scores[1][0]  ; ml_inference:ml_path|result_margin[14] ; clk          ; clk         ; 100.000      ; -0.004     ; 29.116     ;
; 70.913 ; ml_inference:ml_path|scores[1][0]  ; ml_inference:ml_path|result_margin[11] ; clk          ; clk         ; 100.000      ; -0.004     ; 29.115     ;
; 70.919 ; ml_inference:ml_path|scores[0][0]  ; ml_inference:ml_path|result_margin[5]  ; clk          ; clk         ; 100.000      ; -0.004     ; 29.109     ;
; 70.921 ; ml_inference:ml_path|scores[0][0]  ; ml_inference:ml_path|result_margin[1]  ; clk          ; clk         ; 100.000      ; -0.004     ; 29.107     ;
; 70.922 ; ml_inference:ml_path|scores[1][1]  ; ml_inference:ml_path|result_margin[0]  ; clk          ; clk         ; 100.000      ; -0.004     ; 29.106     ;
; 70.926 ; ml_inference:ml_path|scores[1][1]  ; ml_inference:ml_path|result_margin[15] ; clk          ; clk         ; 100.000      ; 0.003      ; 29.109     ;
; 70.930 ; ml_inference:ml_path|scores[0][0]  ; ml_inference:ml_path|result_margin[3]  ; clk          ; clk         ; 100.000      ; -0.004     ; 29.098     ;
; 70.931 ; ml_inference:ml_path|scores[0][0]  ; ml_inference:ml_path|result_margin[2]  ; clk          ; clk         ; 100.000      ; -0.004     ; 29.097     ;
; 70.937 ; ml_inference:ml_path|scores[1][0]  ; ml_inference:ml_path|result_margin[5]  ; clk          ; clk         ; 100.000      ; -0.004     ; 29.091     ;
; 70.939 ; ml_inference:ml_path|scores[1][0]  ; ml_inference:ml_path|result_margin[1]  ; clk          ; clk         ; 100.000      ; -0.004     ; 29.089     ;
; 70.944 ; ml_inference:ml_path|scores[1][1]  ; ml_inference:ml_path|result_margin[6]  ; clk          ; clk         ; 100.000      ; 0.000      ; 29.088     ;
; 70.946 ; ml_inference:ml_path|scores[1][1]  ; ml_inference:ml_path|result_margin[12] ; clk          ; clk         ; 100.000      ; -0.004     ; 29.082     ;
; 70.948 ; ml_inference:ml_path|scores[1][0]  ; ml_inference:ml_path|result_margin[3]  ; clk          ; clk         ; 100.000      ; -0.004     ; 29.080     ;
; 70.949 ; ml_inference:ml_path|scores[1][0]  ; ml_inference:ml_path|result_margin[2]  ; clk          ; clk         ; 100.000      ; -0.004     ; 29.079     ;
; 70.952 ; ml_inference:ml_path|scores[1][1]  ; ml_inference:ml_path|result_margin[9]  ; clk          ; clk         ; 100.000      ; -0.004     ; 29.076     ;
; 70.953 ; ml_inference:ml_path|scores[1][1]  ; ml_inference:ml_path|result_margin[7]  ; clk          ; clk         ; 100.000      ; -0.004     ; 29.075     ;
; 70.953 ; ml_inference:ml_path|scores[1][1]  ; ml_inference:ml_path|result_margin[13] ; clk          ; clk         ; 100.000      ; -0.004     ; 29.075     ;
; 70.954 ; ml_inference:ml_path|scores[1][1]  ; ml_inference:ml_path|result_margin[8]  ; clk          ; clk         ; 100.000      ; -0.004     ; 29.074     ;
; 70.954 ; ml_inference:ml_path|scores[1][1]  ; ml_inference:ml_path|result_margin[14] ; clk          ; clk         ; 100.000      ; -0.004     ; 29.074     ;
; 70.955 ; ml_inference:ml_path|scores[0][0]  ; ml_inference:ml_path|result_margin[4]  ; clk          ; clk         ; 100.000      ; -0.004     ; 29.073     ;
; 70.955 ; ml_inference:ml_path|scores[1][1]  ; ml_inference:ml_path|result_margin[11] ; clk          ; clk         ; 100.000      ; -0.004     ; 29.073     ;
; 70.973 ; ml_inference:ml_path|scores[1][0]  ; ml_inference:ml_path|result_margin[4]  ; clk          ; clk         ; 100.000      ; -0.004     ; 29.055     ;
; 70.979 ; ml_inference:ml_path|scores[0][1]  ; ml_inference:ml_path|result_margin[10] ; clk          ; clk         ; 100.000      ; -0.004     ; 29.049     ;
; 70.979 ; ml_inference:ml_path|scores[1][1]  ; ml_inference:ml_path|result_margin[5]  ; clk          ; clk         ; 100.000      ; -0.004     ; 29.049     ;
; 70.981 ; ml_inference:ml_path|scores[1][1]  ; ml_inference:ml_path|result_margin[1]  ; clk          ; clk         ; 100.000      ; -0.004     ; 29.047     ;
; 70.985 ; ml_inference:ml_path|scores[1][2]  ; ml_inference:ml_path|result_margin[10] ; clk          ; clk         ; 100.000      ; -0.004     ; 29.043     ;
; 70.990 ; ml_inference:ml_path|scores[1][1]  ; ml_inference:ml_path|result_margin[3]  ; clk          ; clk         ; 100.000      ; -0.004     ; 29.038     ;
; 70.991 ; ml_inference:ml_path|scores[1][1]  ; ml_inference:ml_path|result_margin[2]  ; clk          ; clk         ; 100.000      ; -0.004     ; 29.037     ;
; 71.015 ; ml_inference:ml_path|scores[1][1]  ; ml_inference:ml_path|result_margin[4]  ; clk          ; clk         ; 100.000      ; -0.004     ; 29.013     ;
; 71.039 ; ml_inference:ml_path|scores[0][1]  ; ml_inference:ml_path|result_margin[0]  ; clk          ; clk         ; 100.000      ; -0.004     ; 28.989     ;
; 71.043 ; ml_inference:ml_path|scores[0][1]  ; ml_inference:ml_path|result_margin[15] ; clk          ; clk         ; 100.000      ; 0.003      ; 28.992     ;
; 71.045 ; ml_inference:ml_path|scores[1][2]  ; ml_inference:ml_path|result_margin[0]  ; clk          ; clk         ; 100.000      ; -0.004     ; 28.983     ;
; 71.049 ; ml_inference:ml_path|scores[1][2]  ; ml_inference:ml_path|result_margin[15] ; clk          ; clk         ; 100.000      ; 0.003      ; 28.986     ;
; 71.061 ; ml_inference:ml_path|scores[0][1]  ; ml_inference:ml_path|result_margin[6]  ; clk          ; clk         ; 100.000      ; 0.000      ; 28.971     ;
; 71.063 ; ml_inference:ml_path|scores[0][1]  ; ml_inference:ml_path|result_margin[12] ; clk          ; clk         ; 100.000      ; -0.004     ; 28.965     ;
; 71.067 ; ml_inference:ml_path|scores[1][2]  ; ml_inference:ml_path|result_margin[6]  ; clk          ; clk         ; 100.000      ; 0.000      ; 28.965     ;
; 71.069 ; ml_inference:ml_path|scores[1][2]  ; ml_inference:ml_path|result_margin[12] ; clk          ; clk         ; 100.000      ; -0.004     ; 28.959     ;
; 71.069 ; ml_inference:ml_path|scores[0][1]  ; ml_inference:ml_path|result_margin[9]  ; clk          ; clk         ; 100.000      ; -0.004     ; 28.959     ;
; 71.070 ; ml_inference:ml_path|scores[0][1]  ; ml_inference:ml_path|result_margin[7]  ; clk          ; clk         ; 100.000      ; -0.004     ; 28.958     ;
; 71.070 ; ml_inference:ml_path|scores[0][1]  ; ml_inference:ml_path|result_margin[13] ; clk          ; clk         ; 100.000      ; -0.004     ; 28.958     ;
; 71.071 ; ml_inference:ml_path|scores[0][1]  ; ml_inference:ml_path|result_margin[8]  ; clk          ; clk         ; 100.000      ; -0.004     ; 28.957     ;
; 71.071 ; ml_inference:ml_path|scores[0][1]  ; ml_inference:ml_path|result_margin[14] ; clk          ; clk         ; 100.000      ; -0.004     ; 28.957     ;
; 71.072 ; ml_inference:ml_path|scores[0][1]  ; ml_inference:ml_path|result_margin[11] ; clk          ; clk         ; 100.000      ; -0.004     ; 28.956     ;
; 71.075 ; ml_inference:ml_path|scores[1][2]  ; ml_inference:ml_path|result_margin[9]  ; clk          ; clk         ; 100.000      ; -0.004     ; 28.953     ;
; 71.076 ; ml_inference:ml_path|scores[1][2]  ; ml_inference:ml_path|result_margin[7]  ; clk          ; clk         ; 100.000      ; -0.004     ; 28.952     ;
; 71.076 ; ml_inference:ml_path|scores[1][2]  ; ml_inference:ml_path|result_margin[13] ; clk          ; clk         ; 100.000      ; -0.004     ; 28.952     ;
; 71.077 ; ml_inference:ml_path|scores[1][2]  ; ml_inference:ml_path|result_margin[8]  ; clk          ; clk         ; 100.000      ; -0.004     ; 28.951     ;
; 71.077 ; ml_inference:ml_path|scores[1][2]  ; ml_inference:ml_path|result_margin[14] ; clk          ; clk         ; 100.000      ; -0.004     ; 28.951     ;
; 71.078 ; ml_inference:ml_path|scores[1][2]  ; ml_inference:ml_path|result_margin[11] ; clk          ; clk         ; 100.000      ; -0.004     ; 28.950     ;
; 71.096 ; ml_inference:ml_path|scores[0][1]  ; ml_inference:ml_path|result_margin[5]  ; clk          ; clk         ; 100.000      ; -0.004     ; 28.932     ;
; 71.098 ; ml_inference:ml_path|scores[0][1]  ; ml_inference:ml_path|result_margin[1]  ; clk          ; clk         ; 100.000      ; -0.004     ; 28.930     ;
; 71.102 ; ml_inference:ml_path|scores[1][2]  ; ml_inference:ml_path|result_margin[5]  ; clk          ; clk         ; 100.000      ; -0.004     ; 28.926     ;
; 71.104 ; ml_inference:ml_path|scores[1][2]  ; ml_inference:ml_path|result_margin[1]  ; clk          ; clk         ; 100.000      ; -0.004     ; 28.924     ;
; 71.107 ; ml_inference:ml_path|scores[0][1]  ; ml_inference:ml_path|result_margin[3]  ; clk          ; clk         ; 100.000      ; -0.004     ; 28.921     ;
; 71.108 ; ml_inference:ml_path|scores[0][1]  ; ml_inference:ml_path|result_margin[2]  ; clk          ; clk         ; 100.000      ; -0.004     ; 28.920     ;
; 71.113 ; ml_inference:ml_path|scores[1][2]  ; ml_inference:ml_path|result_margin[3]  ; clk          ; clk         ; 100.000      ; -0.004     ; 28.915     ;
; 71.114 ; ml_inference:ml_path|scores[1][2]  ; ml_inference:ml_path|result_margin[2]  ; clk          ; clk         ; 100.000      ; -0.004     ; 28.914     ;
; 71.124 ; ml_inference:ml_path|scores[1][11] ; ml_inference:ml_path|result_margin[10] ; clk          ; clk         ; 100.000      ; -0.012     ; 28.896     ;
; 71.132 ; ml_inference:ml_path|scores[0][1]  ; ml_inference:ml_path|result_margin[4]  ; clk          ; clk         ; 100.000      ; -0.004     ; 28.896     ;
; 71.138 ; ml_inference:ml_path|scores[1][2]  ; ml_inference:ml_path|result_margin[4]  ; clk          ; clk         ; 100.000      ; -0.004     ; 28.890     ;
; 71.155 ; ml_inference:ml_path|scores[1][3]  ; ml_inference:ml_path|result_margin[10] ; clk          ; clk         ; 100.000      ; -0.004     ; 28.873     ;
; 71.184 ; ml_inference:ml_path|scores[1][11] ; ml_inference:ml_path|result_margin[0]  ; clk          ; clk         ; 100.000      ; -0.012     ; 28.836     ;
; 71.188 ; ml_inference:ml_path|scores[1][11] ; ml_inference:ml_path|result_margin[15] ; clk          ; clk         ; 100.000      ; -0.005     ; 28.839     ;
; 71.206 ; ml_inference:ml_path|scores[1][11] ; ml_inference:ml_path|result_margin[6]  ; clk          ; clk         ; 100.000      ; -0.008     ; 28.818     ;
; 71.208 ; ml_inference:ml_path|scores[1][11] ; ml_inference:ml_path|result_margin[12] ; clk          ; clk         ; 100.000      ; -0.012     ; 28.812     ;
; 71.214 ; ml_inference:ml_path|scores[1][11] ; ml_inference:ml_path|result_margin[9]  ; clk          ; clk         ; 100.000      ; -0.012     ; 28.806     ;
; 71.215 ; ml_inference:ml_path|scores[1][3]  ; ml_inference:ml_path|result_margin[0]  ; clk          ; clk         ; 100.000      ; -0.004     ; 28.813     ;
; 71.215 ; ml_inference:ml_path|scores[1][11] ; ml_inference:ml_path|result_margin[7]  ; clk          ; clk         ; 100.000      ; -0.012     ; 28.805     ;
; 71.215 ; ml_inference:ml_path|scores[1][11] ; ml_inference:ml_path|result_margin[13] ; clk          ; clk         ; 100.000      ; -0.012     ; 28.805     ;
; 71.216 ; ml_inference:ml_path|scores[1][11] ; ml_inference:ml_path|result_margin[8]  ; clk          ; clk         ; 100.000      ; -0.012     ; 28.804     ;
; 71.216 ; ml_inference:ml_path|scores[1][11] ; ml_inference:ml_path|result_margin[14] ; clk          ; clk         ; 100.000      ; -0.012     ; 28.804     ;
; 71.217 ; ml_inference:ml_path|scores[1][11] ; ml_inference:ml_path|result_margin[11] ; clk          ; clk         ; 100.000      ; -0.012     ; 28.803     ;
; 71.219 ; ml_inference:ml_path|scores[0][2]  ; ml_inference:ml_path|result_margin[10] ; clk          ; clk         ; 100.000      ; -0.004     ; 28.809     ;
; 71.219 ; ml_inference:ml_path|scores[1][3]  ; ml_inference:ml_path|result_margin[15] ; clk          ; clk         ; 100.000      ; 0.003      ; 28.816     ;
; 71.237 ; ml_inference:ml_path|scores[1][3]  ; ml_inference:ml_path|result_margin[6]  ; clk          ; clk         ; 100.000      ; 0.000      ; 28.795     ;
; 71.239 ; ml_inference:ml_path|scores[1][3]  ; ml_inference:ml_path|result_margin[12] ; clk          ; clk         ; 100.000      ; -0.004     ; 28.789     ;
; 71.241 ; ml_inference:ml_path|scores[1][11] ; ml_inference:ml_path|result_margin[5]  ; clk          ; clk         ; 100.000      ; -0.012     ; 28.779     ;
; 71.243 ; ml_inference:ml_path|scores[1][11] ; ml_inference:ml_path|result_margin[1]  ; clk          ; clk         ; 100.000      ; -0.012     ; 28.777     ;
; 71.245 ; ml_inference:ml_path|scores[1][3]  ; ml_inference:ml_path|result_margin[9]  ; clk          ; clk         ; 100.000      ; -0.004     ; 28.783     ;
+--------+------------------------------------+----------------------------------------+--------------+-------------+--------------+------------+------------+


+---------------------------------------------------------------------------------------------------------------------------------------------------------------------------------------------------------------------------+
; Fast Model Hold: 'clk'                                                                                                                                                                                                    ;
+-------+----------------------------------------------------------------------+----------------------------------------------------------------------+--------------+-------------+--------------+------------+------------+
; Slack ; From Node                                                            ; To Node                                                              ; Launch Clock ; Latch Clock ; Relationship ; Clock Skew ; Data Delay ;
+-------+----------------------------------------------------------------------+----------------------------------------------------------------------+--------------+-------------+--------------+------------+------------+
; 0.215 ; touch_capture_top:touch_path|touch_frame_adapter:frame|stream_busy   ; touch_capture_top:touch_path|touch_frame_adapter:frame|stream_busy   ; clk          ; clk         ; 0.000        ; 0.000      ; 0.367      ;
; 0.215 ; ml_inference:ml_path|state.LOAD                                      ; ml_inference:ml_path|state.LOAD                                      ; clk          ; clk         ; 0.000        ; 0.000      ; 0.367      ;
; 0.215 ; ml_inference:ml_path|pixel_idx[1]                                    ; ml_inference:ml_path|pixel_idx[1]                                    ; clk          ; clk         ; 0.000        ; 0.000      ; 0.367      ;
; 0.215 ; ml_inference:ml_path|pixel_idx[4]                                    ; ml_inference:ml_path|pixel_idx[4]                                    ; clk          ; clk         ; 0.000        ; 0.000      ; 0.367      ;
; 0.215 ; ml_inference:ml_path|neuron[2]                                       ; ml_inference:ml_path|neuron[2]                                       ; clk          ; clk         ; 0.000        ; 0.000      ; 0.367      ;
; 0.215 ; ml_inference:ml_path|neuron[3]                                       ; ml_inference:ml_path|neuron[3]                                       ; clk          ; clk         ; 0.000        ; 0.000      ; 0.367      ;
; 0.215 ; ml_inference:ml_path|neuron[5]                                       ; ml_inference:ml_path|neuron[5]                                       ; clk          ; clk         ; 0.000        ; 0.000      ; 0.367      ;
; 0.215 ; ml_inference:ml_path|neuron[6]                                       ; ml_inference:ml_path|neuron[6]                                       ; clk          ; clk         ; 0.000        ; 0.000      ; 0.367      ;
; 0.215 ; ml_inference:ml_path|neuron[7]                                       ; ml_inference:ml_path|neuron[7]                                       ; clk          ; clk         ; 0.000        ; 0.000      ; 0.367      ;
; 0.215 ; ml_inference:ml_path|neuron[8]                                       ; ml_inference:ml_path|neuron[8]                                       ; clk          ; clk         ; 0.000        ; 0.000      ; 0.367      ;
; 0.215 ; ml_inference:ml_path|neuron[9]                                       ; ml_inference:ml_path|neuron[9]                                       ; clk          ; clk         ; 0.000        ; 0.000      ; 0.367      ;
; 0.215 ; ml_inference:ml_path|neuron[10]                                      ; ml_inference:ml_path|neuron[10]                                      ; clk          ; clk         ; 0.000        ; 0.000      ; 0.367      ;
; 0.215 ; ml_inference:ml_path|neuron[11]                                      ; ml_inference:ml_path|neuron[11]                                      ; clk          ; clk         ; 0.000        ; 0.000      ; 0.367      ;
; 0.215 ; ml_inference:ml_path|neuron[12]                                      ; ml_inference:ml_path|neuron[12]                                      ; clk          ; clk         ; 0.000        ; 0.000      ; 0.367      ;
; 0.215 ; ml_inference:ml_path|neuron[13]                                      ; ml_inference:ml_path|neuron[13]                                      ; clk          ; clk         ; 0.000        ; 0.000      ; 0.367      ;
; 0.215 ; ml_inference:ml_path|neuron[14]                                      ; ml_inference:ml_path|neuron[14]                                      ; clk          ; clk         ; 0.000        ; 0.000      ; 0.367      ;
; 0.215 ; ml_inference:ml_path|neuron[15]                                      ; ml_inference:ml_path|neuron[15]                                      ; clk          ; clk         ; 0.000        ; 0.000      ; 0.367      ;
; 0.215 ; ml_inference:ml_path|neuron[16]                                      ; ml_inference:ml_path|neuron[16]                                      ; clk          ; clk         ; 0.000        ; 0.000      ; 0.367      ;
; 0.215 ; ml_inference:ml_path|neuron[17]                                      ; ml_inference:ml_path|neuron[17]                                      ; clk          ; clk         ; 0.000        ; 0.000      ; 0.367      ;
; 0.215 ; ml_inference:ml_path|neuron[18]                                      ; ml_inference:ml_path|neuron[18]                                      ; clk          ; clk         ; 0.000        ; 0.000      ; 0.367      ;
; 0.215 ; ml_inference:ml_path|neuron[19]                                      ; ml_inference:ml_path|neuron[19]                                      ; clk          ; clk         ; 0.000        ; 0.000      ; 0.367      ;
; 0.215 ; ml_inference:ml_path|neuron[20]                                      ; ml_inference:ml_path|neuron[20]                                      ; clk          ; clk         ; 0.000        ; 0.000      ; 0.367      ;
; 0.215 ; ml_inference:ml_path|neuron[21]                                      ; ml_inference:ml_path|neuron[21]                                      ; clk          ; clk         ; 0.000        ; 0.000      ; 0.367      ;
; 0.215 ; ml_inference:ml_path|neuron[22]                                      ; ml_inference:ml_path|neuron[22]                                      ; clk          ; clk         ; 0.000        ; 0.000      ; 0.367      ;
; 0.215 ; ml_inference:ml_path|neuron[23]                                      ; ml_inference:ml_path|neuron[23]                                      ; clk          ; clk         ; 0.000        ; 0.000      ; 0.367      ;
; 0.215 ; ml_inference:ml_path|neuron[24]                                      ; ml_inference:ml_path|neuron[24]                                      ; clk          ; clk         ; 0.000        ; 0.000      ; 0.367      ;
; 0.215 ; ml_inference:ml_path|neuron[25]                                      ; ml_inference:ml_path|neuron[25]                                      ; clk          ; clk         ; 0.000        ; 0.000      ; 0.367      ;
; 0.215 ; ml_inference:ml_path|neuron[26]                                      ; ml_inference:ml_path|neuron[26]                                      ; clk          ; clk         ; 0.000        ; 0.000      ; 0.367      ;
; 0.215 ; ml_inference:ml_path|neuron[27]                                      ; ml_inference:ml_path|neuron[27]                                      ; clk          ; clk         ; 0.000        ; 0.000      ; 0.367      ;
; 0.215 ; ml_inference:ml_path|neuron[28]                                      ; ml_inference:ml_path|neuron[28]                                      ; clk          ; clk         ; 0.000        ; 0.000      ; 0.367      ;
; 0.215 ; ml_inference:ml_path|neuron[29]                                      ; ml_inference:ml_path|neuron[29]                                      ; clk          ; clk         ; 0.000        ; 0.000      ; 0.367      ;
; 0.215 ; ml_inference:ml_path|neuron[30]                                      ; ml_inference:ml_path|neuron[30]                                      ; clk          ; clk         ; 0.000        ; 0.000      ; 0.367      ;
; 0.215 ; ml_inference:ml_path|neuron[31]                                      ; ml_inference:ml_path|neuron[31]                                      ; clk          ; clk         ; 0.000        ; 0.000      ; 0.367      ;
; 0.215 ; ml_inference:ml_path|state.IDLE                                      ; ml_inference:ml_path|state.IDLE                                      ; clk          ; clk         ; 0.000        ; 0.000      ; 0.367      ;
; 0.215 ; touch_capture_top:touch_path|xpt2046_reader:reader|axis_y            ; touch_capture_top:touch_path|xpt2046_reader:reader|axis_y            ; clk          ; clk         ; 0.000        ; 0.000      ; 0.367      ;
; 0.215 ; touch_capture_top:touch_path|xpt2046_reader:reader|state.S_GAP       ; touch_capture_top:touch_path|xpt2046_reader:reader|state.S_GAP       ; clk          ; clk         ; 0.000        ; 0.000      ; 0.367      ;
; 0.215 ; touch_capture_top:touch_path|xpt2046_reader:reader|state.S_IDLE      ; touch_capture_top:touch_path|xpt2046_reader:reader|state.S_IDLE      ; clk          ; clk         ; 0.000        ; 0.000      ; 0.367      ;
; 0.215 ; touch_capture_top:touch_path|xpt2046_reader:reader|state.S_SPI       ; touch_capture_top:touch_path|xpt2046_reader:reader|state.S_SPI       ; clk          ; clk         ; 0.000        ; 0.000      ; 0.367      ;
; 0.215 ; touch_capture_top:touch_path|xpt2046_reader:reader|divider[0]        ; touch_capture_top:touch_path|xpt2046_reader:reader|divider[0]        ; clk          ; clk         ; 0.000        ; 0.000      ; 0.367      ;
; 0.215 ; touch_capture_top:touch_path|xpt2046_reader:reader|divider[1]        ; touch_capture_top:touch_path|xpt2046_reader:reader|divider[1]        ; clk          ; clk         ; 0.000        ; 0.000      ; 0.367      ;
; 0.215 ; touch_capture_top:touch_path|xpt2046_reader:reader|divider[2]        ; touch_capture_top:touch_path|xpt2046_reader:reader|divider[2]        ; clk          ; clk         ; 0.000        ; 0.000      ; 0.367      ;
; 0.215 ; touch_capture_top:touch_path|xpt2046_reader:reader|divider[3]        ; touch_capture_top:touch_path|xpt2046_reader:reader|divider[3]        ; clk          ; clk         ; 0.000        ; 0.000      ; 0.367      ;
; 0.215 ; touch_capture_top:touch_path|xpt2046_reader:reader|divider[4]        ; touch_capture_top:touch_path|xpt2046_reader:reader|divider[4]        ; clk          ; clk         ; 0.000        ; 0.000      ; 0.367      ;
; 0.215 ; touch_capture_top:touch_path|xpt2046_reader:reader|divider[5]        ; touch_capture_top:touch_path|xpt2046_reader:reader|divider[5]        ; clk          ; clk         ; 0.000        ; 0.000      ; 0.367      ;
; 0.215 ; touch_capture_top:touch_path|xpt2046_reader:reader|divider[6]        ; touch_capture_top:touch_path|xpt2046_reader:reader|divider[6]        ; clk          ; clk         ; 0.000        ; 0.000      ; 0.367      ;
; 0.215 ; touch_capture_top:touch_path|xpt2046_reader:reader|divider[7]        ; touch_capture_top:touch_path|xpt2046_reader:reader|divider[7]        ; clk          ; clk         ; 0.000        ; 0.000      ; 0.367      ;
; 0.215 ; touch_capture_top:touch_path|xpt2046_reader:reader|divider[8]        ; touch_capture_top:touch_path|xpt2046_reader:reader|divider[8]        ; clk          ; clk         ; 0.000        ; 0.000      ; 0.367      ;
; 0.215 ; touch_capture_top:touch_path|xpt2046_reader:reader|divider[9]        ; touch_capture_top:touch_path|xpt2046_reader:reader|divider[9]        ; clk          ; clk         ; 0.000        ; 0.000      ; 0.367      ;
; 0.215 ; touch_capture_top:touch_path|xpt2046_reader:reader|divider[10]       ; touch_capture_top:touch_path|xpt2046_reader:reader|divider[10]       ; clk          ; clk         ; 0.000        ; 0.000      ; 0.367      ;
; 0.215 ; touch_capture_top:touch_path|xpt2046_reader:reader|divider[11]       ; touch_capture_top:touch_path|xpt2046_reader:reader|divider[11]       ; clk          ; clk         ; 0.000        ; 0.000      ; 0.367      ;
; 0.215 ; touch_capture_top:touch_path|xpt2046_reader:reader|divider[12]       ; touch_capture_top:touch_path|xpt2046_reader:reader|divider[12]       ; clk          ; clk         ; 0.000        ; 0.000      ; 0.367      ;
; 0.215 ; touch_capture_top:touch_path|xpt2046_reader:reader|divider[13]       ; touch_capture_top:touch_path|xpt2046_reader:reader|divider[13]       ; clk          ; clk         ; 0.000        ; 0.000      ; 0.367      ;
; 0.215 ; touch_capture_top:touch_path|xpt2046_reader:reader|divider[14]       ; touch_capture_top:touch_path|xpt2046_reader:reader|divider[14]       ; clk          ; clk         ; 0.000        ; 0.000      ; 0.367      ;
; 0.215 ; touch_capture_top:touch_path|xpt2046_reader:reader|divider[15]       ; touch_capture_top:touch_path|xpt2046_reader:reader|divider[15]       ; clk          ; clk         ; 0.000        ; 0.000      ; 0.367      ;
; 0.215 ; touch_capture_top:touch_path|xpt2046_reader:reader|touch_sclk        ; touch_capture_top:touch_path|xpt2046_reader:reader|touch_sclk        ; clk          ; clk         ; 0.000        ; 0.000      ; 0.367      ;
; 0.215 ; touch_capture_top:touch_path|xpt2046_reader:reader|bit_index[0]      ; touch_capture_top:touch_path|xpt2046_reader:reader|bit_index[0]      ; clk          ; clk         ; 0.000        ; 0.000      ; 0.367      ;
; 0.215 ; touch_capture_top:touch_path|xpt2046_reader:reader|bit_index[1]      ; touch_capture_top:touch_path|xpt2046_reader:reader|bit_index[1]      ; clk          ; clk         ; 0.000        ; 0.000      ; 0.367      ;
; 0.215 ; touch_capture_top:touch_path|xpt2046_reader:reader|bit_index[2]      ; touch_capture_top:touch_path|xpt2046_reader:reader|bit_index[2]      ; clk          ; clk         ; 0.000        ; 0.000      ; 0.367      ;
; 0.215 ; touch_capture_top:touch_path|xpt2046_reader:reader|bit_index[3]      ; touch_capture_top:touch_path|xpt2046_reader:reader|bit_index[3]      ; clk          ; clk         ; 0.000        ; 0.000      ; 0.367      ;
; 0.215 ; touch_capture_top:touch_path|xpt2046_reader:reader|bit_index[4]      ; touch_capture_top:touch_path|xpt2046_reader:reader|bit_index[4]      ; clk          ; clk         ; 0.000        ; 0.000      ; 0.367      ;
; 0.215 ; touch_capture_top:touch_path|touch_frame_adapter:frame|frame[171][0] ; touch_capture_top:touch_path|touch_frame_adapter:frame|frame[171][0] ; clk          ; clk         ; 0.000        ; 0.000      ; 0.367      ;
; 0.215 ; touch_capture_top:touch_path|touch_frame_adapter:frame|frame[170][0] ; touch_capture_top:touch_path|touch_frame_adapter:frame|frame[170][0] ; clk          ; clk         ; 0.000        ; 0.000      ; 0.367      ;
; 0.215 ; touch_capture_top:touch_path|touch_frame_adapter:frame|frame[168][0] ; touch_capture_top:touch_path|touch_frame_adapter:frame|frame[168][0] ; clk          ; clk         ; 0.000        ; 0.000      ; 0.367      ;
; 0.215 ; touch_capture_top:touch_path|touch_frame_adapter:frame|frame[169][0] ; touch_capture_top:touch_path|touch_frame_adapter:frame|frame[169][0] ; clk          ; clk         ; 0.000        ; 0.000      ; 0.367      ;
; 0.215 ; touch_capture_top:touch_path|touch_frame_adapter:frame|frame[139][0] ; touch_capture_top:touch_path|touch_frame_adapter:frame|frame[139][0] ; clk          ; clk         ; 0.000        ; 0.000      ; 0.367      ;
; 0.215 ; touch_capture_top:touch_path|touch_frame_adapter:frame|frame[136][0] ; touch_capture_top:touch_path|touch_frame_adapter:frame|frame[136][0] ; clk          ; clk         ; 0.000        ; 0.000      ; 0.367      ;
; 0.215 ; touch_capture_top:touch_path|touch_frame_adapter:frame|frame[137][0] ; touch_capture_top:touch_path|touch_frame_adapter:frame|frame[137][0] ; clk          ; clk         ; 0.000        ; 0.000      ; 0.367      ;
; 0.215 ; touch_capture_top:touch_path|touch_frame_adapter:frame|frame[138][0] ; touch_capture_top:touch_path|touch_frame_adapter:frame|frame[138][0] ; clk          ; clk         ; 0.000        ; 0.000      ; 0.367      ;
; 0.215 ; touch_capture_top:touch_path|touch_frame_adapter:frame|frame[185][0] ; touch_capture_top:touch_path|touch_frame_adapter:frame|frame[185][0] ; clk          ; clk         ; 0.000        ; 0.000      ; 0.367      ;
; 0.215 ; touch_capture_top:touch_path|touch_frame_adapter:frame|frame[184][0] ; touch_capture_top:touch_path|touch_frame_adapter:frame|frame[184][0] ; clk          ; clk         ; 0.000        ; 0.000      ; 0.367      ;
; 0.215 ; touch_capture_top:touch_path|touch_frame_adapter:frame|frame[186][0] ; touch_capture_top:touch_path|touch_frame_adapter:frame|frame[186][0] ; clk          ; clk         ; 0.000        ; 0.000      ; 0.367      ;
; 0.215 ; touch_capture_top:touch_path|touch_frame_adapter:frame|frame[187][0] ; touch_capture_top:touch_path|touch_frame_adapter:frame|frame[187][0] ; clk          ; clk         ; 0.000        ; 0.000      ; 0.367      ;
; 0.215 ; touch_capture_top:touch_path|touch_frame_adapter:frame|frame[155][0] ; touch_capture_top:touch_path|touch_frame_adapter:frame|frame[155][0] ; clk          ; clk         ; 0.000        ; 0.000      ; 0.367      ;
; 0.215 ; touch_capture_top:touch_path|touch_frame_adapter:frame|frame[153][0] ; touch_capture_top:touch_path|touch_frame_adapter:frame|frame[153][0] ; clk          ; clk         ; 0.000        ; 0.000      ; 0.367      ;
; 0.215 ; touch_capture_top:touch_path|touch_frame_adapter:frame|frame[152][0] ; touch_capture_top:touch_path|touch_frame_adapter:frame|frame[152][0] ; clk          ; clk         ; 0.000        ; 0.000      ; 0.367      ;
; 0.215 ; touch_capture_top:touch_path|touch_frame_adapter:frame|frame[154][0] ; touch_capture_top:touch_path|touch_frame_adapter:frame|frame[154][0] ; clk          ; clk         ; 0.000        ; 0.000      ; 0.367      ;
; 0.215 ; touch_capture_top:touch_path|touch_frame_adapter:frame|frame[132][0] ; touch_capture_top:touch_path|touch_frame_adapter:frame|frame[132][0] ; clk          ; clk         ; 0.000        ; 0.000      ; 0.367      ;
; 0.215 ; touch_capture_top:touch_path|touch_frame_adapter:frame|frame[133][0] ; touch_capture_top:touch_path|touch_frame_adapter:frame|frame[133][0] ; clk          ; clk         ; 0.000        ; 0.000      ; 0.367      ;
; 0.215 ; touch_capture_top:touch_path|touch_frame_adapter:frame|frame[135][0] ; touch_capture_top:touch_path|touch_frame_adapter:frame|frame[135][0] ; clk          ; clk         ; 0.000        ; 0.000      ; 0.367      ;
; 0.215 ; touch_capture_top:touch_path|touch_frame_adapter:frame|frame[134][0] ; touch_capture_top:touch_path|touch_frame_adapter:frame|frame[134][0] ; clk          ; clk         ; 0.000        ; 0.000      ; 0.367      ;
; 0.215 ; touch_capture_top:touch_path|touch_frame_adapter:frame|frame[151][0] ; touch_capture_top:touch_path|touch_frame_adapter:frame|frame[151][0] ; clk          ; clk         ; 0.000        ; 0.000      ; 0.367      ;
; 0.215 ; touch_capture_top:touch_path|touch_frame_adapter:frame|frame[150][0] ; touch_capture_top:touch_path|touch_frame_adapter:frame|frame[150][0] ; clk          ; clk         ; 0.000        ; 0.000      ; 0.367      ;
; 0.215 ; touch_capture_top:touch_path|touch_frame_adapter:frame|frame[148][0] ; touch_capture_top:touch_path|touch_frame_adapter:frame|frame[148][0] ; clk          ; clk         ; 0.000        ; 0.000      ; 0.367      ;
; 0.215 ; touch_capture_top:touch_path|touch_frame_adapter:frame|frame[149][0] ; touch_capture_top:touch_path|touch_frame_adapter:frame|frame[149][0] ; clk          ; clk         ; 0.000        ; 0.000      ; 0.367      ;
; 0.215 ; touch_capture_top:touch_path|touch_frame_adapter:frame|frame[180][0] ; touch_capture_top:touch_path|touch_frame_adapter:frame|frame[180][0] ; clk          ; clk         ; 0.000        ; 0.000      ; 0.367      ;
; 0.215 ; touch_capture_top:touch_path|touch_frame_adapter:frame|frame[182][0] ; touch_capture_top:touch_path|touch_frame_adapter:frame|frame[182][0] ; clk          ; clk         ; 0.000        ; 0.000      ; 0.367      ;
; 0.215 ; touch_capture_top:touch_path|touch_frame_adapter:frame|frame[183][0] ; touch_capture_top:touch_path|touch_frame_adapter:frame|frame[183][0] ; clk          ; clk         ; 0.000        ; 0.000      ; 0.367      ;
; 0.215 ; touch_capture_top:touch_path|touch_frame_adapter:frame|frame[181][0] ; touch_capture_top:touch_path|touch_frame_adapter:frame|frame[181][0] ; clk          ; clk         ; 0.000        ; 0.000      ; 0.367      ;
; 0.215 ; touch_capture_top:touch_path|touch_frame_adapter:frame|frame[166][0] ; touch_capture_top:touch_path|touch_frame_adapter:frame|frame[166][0] ; clk          ; clk         ; 0.000        ; 0.000      ; 0.367      ;
; 0.215 ; touch_capture_top:touch_path|touch_frame_adapter:frame|frame[167][0] ; touch_capture_top:touch_path|touch_frame_adapter:frame|frame[167][0] ; clk          ; clk         ; 0.000        ; 0.000      ; 0.367      ;
; 0.215 ; touch_capture_top:touch_path|touch_frame_adapter:frame|frame[165][0] ; touch_capture_top:touch_path|touch_frame_adapter:frame|frame[165][0] ; clk          ; clk         ; 0.000        ; 0.000      ; 0.367      ;
; 0.215 ; touch_capture_top:touch_path|touch_frame_adapter:frame|frame[164][0] ; touch_capture_top:touch_path|touch_frame_adapter:frame|frame[164][0] ; clk          ; clk         ; 0.000        ; 0.000      ; 0.367      ;
; 0.215 ; touch_capture_top:touch_path|touch_frame_adapter:frame|frame[145][0] ; touch_capture_top:touch_path|touch_frame_adapter:frame|frame[145][0] ; clk          ; clk         ; 0.000        ; 0.000      ; 0.367      ;
; 0.215 ; touch_capture_top:touch_path|touch_frame_adapter:frame|frame[146][0] ; touch_capture_top:touch_path|touch_frame_adapter:frame|frame[146][0] ; clk          ; clk         ; 0.000        ; 0.000      ; 0.367      ;
; 0.215 ; touch_capture_top:touch_path|touch_frame_adapter:frame|frame[144][0] ; touch_capture_top:touch_path|touch_frame_adapter:frame|frame[144][0] ; clk          ; clk         ; 0.000        ; 0.000      ; 0.367      ;
; 0.215 ; touch_capture_top:touch_path|touch_frame_adapter:frame|frame[147][0] ; touch_capture_top:touch_path|touch_frame_adapter:frame|frame[147][0] ; clk          ; clk         ; 0.000        ; 0.000      ; 0.367      ;
; 0.215 ; touch_capture_top:touch_path|touch_frame_adapter:frame|frame[129][0] ; touch_capture_top:touch_path|touch_frame_adapter:frame|frame[129][0] ; clk          ; clk         ; 0.000        ; 0.000      ; 0.367      ;
; 0.215 ; touch_capture_top:touch_path|touch_frame_adapter:frame|frame[128][0] ; touch_capture_top:touch_path|touch_frame_adapter:frame|frame[128][0] ; clk          ; clk         ; 0.000        ; 0.000      ; 0.367      ;
; 0.215 ; touch_capture_top:touch_path|touch_frame_adapter:frame|frame[130][0] ; touch_capture_top:touch_path|touch_frame_adapter:frame|frame[130][0] ; clk          ; clk         ; 0.000        ; 0.000      ; 0.367      ;
; 0.215 ; touch_capture_top:touch_path|touch_frame_adapter:frame|frame[131][0] ; touch_capture_top:touch_path|touch_frame_adapter:frame|frame[131][0] ; clk          ; clk         ; 0.000        ; 0.000      ; 0.367      ;
+-------+----------------------------------------------------------------------+----------------------------------------------------------------------+--------------+-------------+--------------+------------+------------+


+----------------------------------------------------------------------------------------------------------------------------------------------------------------------------------------------+
; Fast Model Minimum Pulse Width: 'clk'                                                                                                                                                        ;
+--------+--------------+----------------+------------------+-------+------------+-------------------------------------------------------------------------------------------------------------+
; Slack  ; Actual Width ; Required Width ; Type             ; Clock ; Clock Edge ; Target                                                                                                      ;
+--------+--------------+----------------+------------------+-------+------------+-------------------------------------------------------------------------------------------------------------+
; 47.873 ; 50.000       ; 2.127          ; High Pulse Width ; clk   ; Rise       ; ml_inference:ml_path|altsyncram:hidden_rtl_0|altsyncram_sng1:auto_generated|ram_block1a0~porta_address_reg0 ;
; 47.873 ; 50.000       ; 2.127          ; Low Pulse Width  ; clk   ; Rise       ; ml_inference:ml_path|altsyncram:hidden_rtl_0|altsyncram_sng1:auto_generated|ram_block1a0~porta_address_reg0 ;
; 47.873 ; 50.000       ; 2.127          ; High Pulse Width ; clk   ; Rise       ; ml_inference:ml_path|altsyncram:hidden_rtl_0|altsyncram_sng1:auto_generated|ram_block1a0~porta_address_reg1 ;
; 47.873 ; 50.000       ; 2.127          ; Low Pulse Width  ; clk   ; Rise       ; ml_inference:ml_path|altsyncram:hidden_rtl_0|altsyncram_sng1:auto_generated|ram_block1a0~porta_address_reg1 ;
; 47.873 ; 50.000       ; 2.127          ; High Pulse Width ; clk   ; Rise       ; ml_inference:ml_path|altsyncram:hidden_rtl_0|altsyncram_sng1:auto_generated|ram_block1a0~porta_address_reg2 ;
; 47.873 ; 50.000       ; 2.127          ; Low Pulse Width  ; clk   ; Rise       ; ml_inference:ml_path|altsyncram:hidden_rtl_0|altsyncram_sng1:auto_generated|ram_block1a0~porta_address_reg2 ;
; 47.873 ; 50.000       ; 2.127          ; High Pulse Width ; clk   ; Rise       ; ml_inference:ml_path|altsyncram:hidden_rtl_0|altsyncram_sng1:auto_generated|ram_block1a0~porta_address_reg3 ;
; 47.873 ; 50.000       ; 2.127          ; Low Pulse Width  ; clk   ; Rise       ; ml_inference:ml_path|altsyncram:hidden_rtl_0|altsyncram_sng1:auto_generated|ram_block1a0~porta_address_reg3 ;
; 47.873 ; 50.000       ; 2.127          ; High Pulse Width ; clk   ; Rise       ; ml_inference:ml_path|altsyncram:hidden_rtl_0|altsyncram_sng1:auto_generated|ram_block1a0~porta_address_reg4 ;
; 47.873 ; 50.000       ; 2.127          ; Low Pulse Width  ; clk   ; Rise       ; ml_inference:ml_path|altsyncram:hidden_rtl_0|altsyncram_sng1:auto_generated|ram_block1a0~porta_address_reg4 ;
; 47.873 ; 50.000       ; 2.127          ; High Pulse Width ; clk   ; Rise       ; ml_inference:ml_path|altsyncram:hidden_rtl_0|altsyncram_sng1:auto_generated|ram_block1a0~porta_datain_reg0  ;
; 47.873 ; 50.000       ; 2.127          ; Low Pulse Width  ; clk   ; Rise       ; ml_inference:ml_path|altsyncram:hidden_rtl_0|altsyncram_sng1:auto_generated|ram_block1a0~porta_datain_reg0  ;
; 47.873 ; 50.000       ; 2.127          ; High Pulse Width ; clk   ; Rise       ; ml_inference:ml_path|altsyncram:hidden_rtl_0|altsyncram_sng1:auto_generated|ram_block1a0~porta_datain_reg1  ;
; 47.873 ; 50.000       ; 2.127          ; Low Pulse Width  ; clk   ; Rise       ; ml_inference:ml_path|altsyncram:hidden_rtl_0|altsyncram_sng1:auto_generated|ram_block1a0~porta_datain_reg1  ;
; 47.873 ; 50.000       ; 2.127          ; High Pulse Width ; clk   ; Rise       ; ml_inference:ml_path|altsyncram:hidden_rtl_0|altsyncram_sng1:auto_generated|ram_block1a0~porta_datain_reg10 ;
; 47.873 ; 50.000       ; 2.127          ; Low Pulse Width  ; clk   ; Rise       ; ml_inference:ml_path|altsyncram:hidden_rtl_0|altsyncram_sng1:auto_generated|ram_block1a0~porta_datain_reg10 ;
; 47.873 ; 50.000       ; 2.127          ; High Pulse Width ; clk   ; Rise       ; ml_inference:ml_path|altsyncram:hidden_rtl_0|altsyncram_sng1:auto_generated|ram_block1a0~porta_datain_reg11 ;
; 47.873 ; 50.000       ; 2.127          ; Low Pulse Width  ; clk   ; Rise       ; ml_inference:ml_path|altsyncram:hidden_rtl_0|altsyncram_sng1:auto_generated|ram_block1a0~porta_datain_reg11 ;
; 47.873 ; 50.000       ; 2.127          ; High Pulse Width ; clk   ; Rise       ; ml_inference:ml_path|altsyncram:hidden_rtl_0|altsyncram_sng1:auto_generated|ram_block1a0~porta_datain_reg12 ;
; 47.873 ; 50.000       ; 2.127          ; Low Pulse Width  ; clk   ; Rise       ; ml_inference:ml_path|altsyncram:hidden_rtl_0|altsyncram_sng1:auto_generated|ram_block1a0~porta_datain_reg12 ;
; 47.873 ; 50.000       ; 2.127          ; High Pulse Width ; clk   ; Rise       ; ml_inference:ml_path|altsyncram:hidden_rtl_0|altsyncram_sng1:auto_generated|ram_block1a0~porta_datain_reg13 ;
; 47.873 ; 50.000       ; 2.127          ; Low Pulse Width  ; clk   ; Rise       ; ml_inference:ml_path|altsyncram:hidden_rtl_0|altsyncram_sng1:auto_generated|ram_block1a0~porta_datain_reg13 ;
; 47.873 ; 50.000       ; 2.127          ; High Pulse Width ; clk   ; Rise       ; ml_inference:ml_path|altsyncram:hidden_rtl_0|altsyncram_sng1:auto_generated|ram_block1a0~porta_datain_reg14 ;
; 47.873 ; 50.000       ; 2.127          ; Low Pulse Width  ; clk   ; Rise       ; ml_inference:ml_path|altsyncram:hidden_rtl_0|altsyncram_sng1:auto_generated|ram_block1a0~porta_datain_reg14 ;
; 47.873 ; 50.000       ; 2.127          ; High Pulse Width ; clk   ; Rise       ; ml_inference:ml_path|altsyncram:hidden_rtl_0|altsyncram_sng1:auto_generated|ram_block1a0~porta_datain_reg15 ;
; 47.873 ; 50.000       ; 2.127          ; Low Pulse Width  ; clk   ; Rise       ; ml_inference:ml_path|altsyncram:hidden_rtl_0|altsyncram_sng1:auto_generated|ram_block1a0~porta_datain_reg15 ;
; 47.873 ; 50.000       ; 2.127          ; High Pulse Width ; clk   ; Rise       ; ml_inference:ml_path|altsyncram:hidden_rtl_0|altsyncram_sng1:auto_generated|ram_block1a0~porta_datain_reg16 ;
; 47.873 ; 50.000       ; 2.127          ; Low Pulse Width  ; clk   ; Rise       ; ml_inference:ml_path|altsyncram:hidden_rtl_0|altsyncram_sng1:auto_generated|ram_block1a0~porta_datain_reg16 ;
; 47.873 ; 50.000       ; 2.127          ; High Pulse Width ; clk   ; Rise       ; ml_inference:ml_path|altsyncram:hidden_rtl_0|altsyncram_sng1:auto_generated|ram_block1a0~porta_datain_reg17 ;
; 47.873 ; 50.000       ; 2.127          ; Low Pulse Width  ; clk   ; Rise       ; ml_inference:ml_path|altsyncram:hidden_rtl_0|altsyncram_sng1:auto_generated|ram_block1a0~porta_datain_reg17 ;
; 47.873 ; 50.000       ; 2.127          ; High Pulse Width ; clk   ; Rise       ; ml_inference:ml_path|altsyncram:hidden_rtl_0|altsyncram_sng1:auto_generated|ram_block1a0~porta_datain_reg18 ;
; 47.873 ; 50.000       ; 2.127          ; Low Pulse Width  ; clk   ; Rise       ; ml_inference:ml_path|altsyncram:hidden_rtl_0|altsyncram_sng1:auto_generated|ram_block1a0~porta_datain_reg18 ;
; 47.873 ; 50.000       ; 2.127          ; High Pulse Width ; clk   ; Rise       ; ml_inference:ml_path|altsyncram:hidden_rtl_0|altsyncram_sng1:auto_generated|ram_block1a0~porta_datain_reg19 ;
; 47.873 ; 50.000       ; 2.127          ; Low Pulse Width  ; clk   ; Rise       ; ml_inference:ml_path|altsyncram:hidden_rtl_0|altsyncram_sng1:auto_generated|ram_block1a0~porta_datain_reg19 ;
; 47.873 ; 50.000       ; 2.127          ; High Pulse Width ; clk   ; Rise       ; ml_inference:ml_path|altsyncram:hidden_rtl_0|altsyncram_sng1:auto_generated|ram_block1a0~porta_datain_reg2  ;
; 47.873 ; 50.000       ; 2.127          ; Low Pulse Width  ; clk   ; Rise       ; ml_inference:ml_path|altsyncram:hidden_rtl_0|altsyncram_sng1:auto_generated|ram_block1a0~porta_datain_reg2  ;
; 47.873 ; 50.000       ; 2.127          ; High Pulse Width ; clk   ; Rise       ; ml_inference:ml_path|altsyncram:hidden_rtl_0|altsyncram_sng1:auto_generated|ram_block1a0~porta_datain_reg20 ;
; 47.873 ; 50.000       ; 2.127          ; Low Pulse Width  ; clk   ; Rise       ; ml_inference:ml_path|altsyncram:hidden_rtl_0|altsyncram_sng1:auto_generated|ram_block1a0~porta_datain_reg20 ;
; 47.873 ; 50.000       ; 2.127          ; High Pulse Width ; clk   ; Rise       ; ml_inference:ml_path|altsyncram:hidden_rtl_0|altsyncram_sng1:auto_generated|ram_block1a0~porta_datain_reg21 ;
; 47.873 ; 50.000       ; 2.127          ; Low Pulse Width  ; clk   ; Rise       ; ml_inference:ml_path|altsyncram:hidden_rtl_0|altsyncram_sng1:auto_generated|ram_block1a0~porta_datain_reg21 ;
; 47.873 ; 50.000       ; 2.127          ; High Pulse Width ; clk   ; Rise       ; ml_inference:ml_path|altsyncram:hidden_rtl_0|altsyncram_sng1:auto_generated|ram_block1a0~porta_datain_reg22 ;
; 47.873 ; 50.000       ; 2.127          ; Low Pulse Width  ; clk   ; Rise       ; ml_inference:ml_path|altsyncram:hidden_rtl_0|altsyncram_sng1:auto_generated|ram_block1a0~porta_datain_reg22 ;
; 47.873 ; 50.000       ; 2.127          ; High Pulse Width ; clk   ; Rise       ; ml_inference:ml_path|altsyncram:hidden_rtl_0|altsyncram_sng1:auto_generated|ram_block1a0~porta_datain_reg23 ;
; 47.873 ; 50.000       ; 2.127          ; Low Pulse Width  ; clk   ; Rise       ; ml_inference:ml_path|altsyncram:hidden_rtl_0|altsyncram_sng1:auto_generated|ram_block1a0~porta_datain_reg23 ;
; 47.873 ; 50.000       ; 2.127          ; High Pulse Width ; clk   ; Rise       ; ml_inference:ml_path|altsyncram:hidden_rtl_0|altsyncram_sng1:auto_generated|ram_block1a0~porta_datain_reg24 ;
; 47.873 ; 50.000       ; 2.127          ; Low Pulse Width  ; clk   ; Rise       ; ml_inference:ml_path|altsyncram:hidden_rtl_0|altsyncram_sng1:auto_generated|ram_block1a0~porta_datain_reg24 ;
; 47.873 ; 50.000       ; 2.127          ; High Pulse Width ; clk   ; Rise       ; ml_inference:ml_path|altsyncram:hidden_rtl_0|altsyncram_sng1:auto_generated|ram_block1a0~porta_datain_reg25 ;
; 47.873 ; 50.000       ; 2.127          ; Low Pulse Width  ; clk   ; Rise       ; ml_inference:ml_path|altsyncram:hidden_rtl_0|altsyncram_sng1:auto_generated|ram_block1a0~porta_datain_reg25 ;
; 47.873 ; 50.000       ; 2.127          ; High Pulse Width ; clk   ; Rise       ; ml_inference:ml_path|altsyncram:hidden_rtl_0|altsyncram_sng1:auto_generated|ram_block1a0~porta_datain_reg26 ;
; 47.873 ; 50.000       ; 2.127          ; Low Pulse Width  ; clk   ; Rise       ; ml_inference:ml_path|altsyncram:hidden_rtl_0|altsyncram_sng1:auto_generated|ram_block1a0~porta_datain_reg26 ;
; 47.873 ; 50.000       ; 2.127          ; High Pulse Width ; clk   ; Rise       ; ml_inference:ml_path|altsyncram:hidden_rtl_0|altsyncram_sng1:auto_generated|ram_block1a0~porta_datain_reg27 ;
; 47.873 ; 50.000       ; 2.127          ; Low Pulse Width  ; clk   ; Rise       ; ml_inference:ml_path|altsyncram:hidden_rtl_0|altsyncram_sng1:auto_generated|ram_block1a0~porta_datain_reg27 ;
; 47.873 ; 50.000       ; 2.127          ; High Pulse Width ; clk   ; Rise       ; ml_inference:ml_path|altsyncram:hidden_rtl_0|altsyncram_sng1:auto_generated|ram_block1a0~porta_datain_reg28 ;
; 47.873 ; 50.000       ; 2.127          ; Low Pulse Width  ; clk   ; Rise       ; ml_inference:ml_path|altsyncram:hidden_rtl_0|altsyncram_sng1:auto_generated|ram_block1a0~porta_datain_reg28 ;
; 47.873 ; 50.000       ; 2.127          ; High Pulse Width ; clk   ; Rise       ; ml_inference:ml_path|altsyncram:hidden_rtl_0|altsyncram_sng1:auto_generated|ram_block1a0~porta_datain_reg29 ;
; 47.873 ; 50.000       ; 2.127          ; Low Pulse Width  ; clk   ; Rise       ; ml_inference:ml_path|altsyncram:hidden_rtl_0|altsyncram_sng1:auto_generated|ram_block1a0~porta_datain_reg29 ;
; 47.873 ; 50.000       ; 2.127          ; High Pulse Width ; clk   ; Rise       ; ml_inference:ml_path|altsyncram:hidden_rtl_0|altsyncram_sng1:auto_generated|ram_block1a0~porta_datain_reg3  ;
; 47.873 ; 50.000       ; 2.127          ; Low Pulse Width  ; clk   ; Rise       ; ml_inference:ml_path|altsyncram:hidden_rtl_0|altsyncram_sng1:auto_generated|ram_block1a0~porta_datain_reg3  ;
; 47.873 ; 50.000       ; 2.127          ; High Pulse Width ; clk   ; Rise       ; ml_inference:ml_path|altsyncram:hidden_rtl_0|altsyncram_sng1:auto_generated|ram_block1a0~porta_datain_reg30 ;
; 47.873 ; 50.000       ; 2.127          ; Low Pulse Width  ; clk   ; Rise       ; ml_inference:ml_path|altsyncram:hidden_rtl_0|altsyncram_sng1:auto_generated|ram_block1a0~porta_datain_reg30 ;
; 47.873 ; 50.000       ; 2.127          ; High Pulse Width ; clk   ; Rise       ; ml_inference:ml_path|altsyncram:hidden_rtl_0|altsyncram_sng1:auto_generated|ram_block1a0~porta_datain_reg31 ;
; 47.873 ; 50.000       ; 2.127          ; Low Pulse Width  ; clk   ; Rise       ; ml_inference:ml_path|altsyncram:hidden_rtl_0|altsyncram_sng1:auto_generated|ram_block1a0~porta_datain_reg31 ;
; 47.873 ; 50.000       ; 2.127          ; High Pulse Width ; clk   ; Rise       ; ml_inference:ml_path|altsyncram:hidden_rtl_0|altsyncram_sng1:auto_generated|ram_block1a0~porta_datain_reg4  ;
; 47.873 ; 50.000       ; 2.127          ; Low Pulse Width  ; clk   ; Rise       ; ml_inference:ml_path|altsyncram:hidden_rtl_0|altsyncram_sng1:auto_generated|ram_block1a0~porta_datain_reg4  ;
; 47.873 ; 50.000       ; 2.127          ; High Pulse Width ; clk   ; Rise       ; ml_inference:ml_path|altsyncram:hidden_rtl_0|altsyncram_sng1:auto_generated|ram_block1a0~porta_datain_reg5  ;
; 47.873 ; 50.000       ; 2.127          ; Low Pulse Width  ; clk   ; Rise       ; ml_inference:ml_path|altsyncram:hidden_rtl_0|altsyncram_sng1:auto_generated|ram_block1a0~porta_datain_reg5  ;
; 47.873 ; 50.000       ; 2.127          ; High Pulse Width ; clk   ; Rise       ; ml_inference:ml_path|altsyncram:hidden_rtl_0|altsyncram_sng1:auto_generated|ram_block1a0~porta_datain_reg6  ;
; 47.873 ; 50.000       ; 2.127          ; Low Pulse Width  ; clk   ; Rise       ; ml_inference:ml_path|altsyncram:hidden_rtl_0|altsyncram_sng1:auto_generated|ram_block1a0~porta_datain_reg6  ;
; 47.873 ; 50.000       ; 2.127          ; High Pulse Width ; clk   ; Rise       ; ml_inference:ml_path|altsyncram:hidden_rtl_0|altsyncram_sng1:auto_generated|ram_block1a0~porta_datain_reg7  ;
; 47.873 ; 50.000       ; 2.127          ; Low Pulse Width  ; clk   ; Rise       ; ml_inference:ml_path|altsyncram:hidden_rtl_0|altsyncram_sng1:auto_generated|ram_block1a0~porta_datain_reg7  ;
; 47.873 ; 50.000       ; 2.127          ; High Pulse Width ; clk   ; Rise       ; ml_inference:ml_path|altsyncram:hidden_rtl_0|altsyncram_sng1:auto_generated|ram_block1a0~porta_datain_reg8  ;
; 47.873 ; 50.000       ; 2.127          ; Low Pulse Width  ; clk   ; Rise       ; ml_inference:ml_path|altsyncram:hidden_rtl_0|altsyncram_sng1:auto_generated|ram_block1a0~porta_datain_reg8  ;
; 47.873 ; 50.000       ; 2.127          ; High Pulse Width ; clk   ; Rise       ; ml_inference:ml_path|altsyncram:hidden_rtl_0|altsyncram_sng1:auto_generated|ram_block1a0~porta_datain_reg9  ;
; 47.873 ; 50.000       ; 2.127          ; Low Pulse Width  ; clk   ; Rise       ; ml_inference:ml_path|altsyncram:hidden_rtl_0|altsyncram_sng1:auto_generated|ram_block1a0~porta_datain_reg9  ;
; 47.873 ; 50.000       ; 2.127          ; High Pulse Width ; clk   ; Rise       ; ml_inference:ml_path|altsyncram:hidden_rtl_0|altsyncram_sng1:auto_generated|ram_block1a0~porta_memory_reg0  ;
; 47.873 ; 50.000       ; 2.127          ; Low Pulse Width  ; clk   ; Rise       ; ml_inference:ml_path|altsyncram:hidden_rtl_0|altsyncram_sng1:auto_generated|ram_block1a0~porta_memory_reg0  ;
; 47.873 ; 50.000       ; 2.127          ; High Pulse Width ; clk   ; Rise       ; ml_inference:ml_path|altsyncram:hidden_rtl_0|altsyncram_sng1:auto_generated|ram_block1a0~porta_we_reg       ;
; 47.873 ; 50.000       ; 2.127          ; Low Pulse Width  ; clk   ; Rise       ; ml_inference:ml_path|altsyncram:hidden_rtl_0|altsyncram_sng1:auto_generated|ram_block1a0~porta_we_reg       ;
; 47.873 ; 50.000       ; 2.127          ; High Pulse Width ; clk   ; Rise       ; ml_inference:ml_path|altsyncram:hidden_rtl_0|altsyncram_sng1:auto_generated|ram_block1a0~portb_address_reg0 ;
; 47.873 ; 50.000       ; 2.127          ; Low Pulse Width  ; clk   ; Rise       ; ml_inference:ml_path|altsyncram:hidden_rtl_0|altsyncram_sng1:auto_generated|ram_block1a0~portb_address_reg0 ;
; 47.873 ; 50.000       ; 2.127          ; High Pulse Width ; clk   ; Rise       ; ml_inference:ml_path|altsyncram:hidden_rtl_0|altsyncram_sng1:auto_generated|ram_block1a0~portb_address_reg1 ;
; 47.873 ; 50.000       ; 2.127          ; Low Pulse Width  ; clk   ; Rise       ; ml_inference:ml_path|altsyncram:hidden_rtl_0|altsyncram_sng1:auto_generated|ram_block1a0~portb_address_reg1 ;
; 47.873 ; 50.000       ; 2.127          ; High Pulse Width ; clk   ; Rise       ; ml_inference:ml_path|altsyncram:hidden_rtl_0|altsyncram_sng1:auto_generated|ram_block1a0~portb_address_reg2 ;
; 47.873 ; 50.000       ; 2.127          ; Low Pulse Width  ; clk   ; Rise       ; ml_inference:ml_path|altsyncram:hidden_rtl_0|altsyncram_sng1:auto_generated|ram_block1a0~portb_address_reg2 ;
; 47.873 ; 50.000       ; 2.127          ; High Pulse Width ; clk   ; Rise       ; ml_inference:ml_path|altsyncram:hidden_rtl_0|altsyncram_sng1:auto_generated|ram_block1a0~portb_address_reg3 ;
; 47.873 ; 50.000       ; 2.127          ; Low Pulse Width  ; clk   ; Rise       ; ml_inference:ml_path|altsyncram:hidden_rtl_0|altsyncram_sng1:auto_generated|ram_block1a0~portb_address_reg3 ;
; 47.873 ; 50.000       ; 2.127          ; High Pulse Width ; clk   ; Rise       ; ml_inference:ml_path|altsyncram:hidden_rtl_0|altsyncram_sng1:auto_generated|ram_block1a0~portb_address_reg4 ;
; 47.873 ; 50.000       ; 2.127          ; Low Pulse Width  ; clk   ; Rise       ; ml_inference:ml_path|altsyncram:hidden_rtl_0|altsyncram_sng1:auto_generated|ram_block1a0~portb_address_reg4 ;
; 47.873 ; 50.000       ; 2.127          ; High Pulse Width ; clk   ; Rise       ; ml_inference:ml_path|altsyncram:hidden_rtl_0|altsyncram_sng1:auto_generated|ram_block1a10~porta_memory_reg0 ;
; 47.873 ; 50.000       ; 2.127          ; Low Pulse Width  ; clk   ; Rise       ; ml_inference:ml_path|altsyncram:hidden_rtl_0|altsyncram_sng1:auto_generated|ram_block1a10~porta_memory_reg0 ;
; 47.873 ; 50.000       ; 2.127          ; High Pulse Width ; clk   ; Rise       ; ml_inference:ml_path|altsyncram:hidden_rtl_0|altsyncram_sng1:auto_generated|ram_block1a11~porta_memory_reg0 ;
; 47.873 ; 50.000       ; 2.127          ; Low Pulse Width  ; clk   ; Rise       ; ml_inference:ml_path|altsyncram:hidden_rtl_0|altsyncram_sng1:auto_generated|ram_block1a11~porta_memory_reg0 ;
; 47.873 ; 50.000       ; 2.127          ; High Pulse Width ; clk   ; Rise       ; ml_inference:ml_path|altsyncram:hidden_rtl_0|altsyncram_sng1:auto_generated|ram_block1a12~porta_memory_reg0 ;
; 47.873 ; 50.000       ; 2.127          ; Low Pulse Width  ; clk   ; Rise       ; ml_inference:ml_path|altsyncram:hidden_rtl_0|altsyncram_sng1:auto_generated|ram_block1a12~porta_memory_reg0 ;
; 47.873 ; 50.000       ; 2.127          ; High Pulse Width ; clk   ; Rise       ; ml_inference:ml_path|altsyncram:hidden_rtl_0|altsyncram_sng1:auto_generated|ram_block1a13~porta_memory_reg0 ;
; 47.873 ; 50.000       ; 2.127          ; Low Pulse Width  ; clk   ; Rise       ; ml_inference:ml_path|altsyncram:hidden_rtl_0|altsyncram_sng1:auto_generated|ram_block1a13~porta_memory_reg0 ;
; 47.873 ; 50.000       ; 2.127          ; High Pulse Width ; clk   ; Rise       ; ml_inference:ml_path|altsyncram:hidden_rtl_0|altsyncram_sng1:auto_generated|ram_block1a14~porta_memory_reg0 ;
; 47.873 ; 50.000       ; 2.127          ; Low Pulse Width  ; clk   ; Rise       ; ml_inference:ml_path|altsyncram:hidden_rtl_0|altsyncram_sng1:auto_generated|ram_block1a14~porta_memory_reg0 ;
; 47.873 ; 50.000       ; 2.127          ; High Pulse Width ; clk   ; Rise       ; ml_inference:ml_path|altsyncram:hidden_rtl_0|altsyncram_sng1:auto_generated|ram_block1a15~porta_memory_reg0 ;
; 47.873 ; 50.000       ; 2.127          ; Low Pulse Width  ; clk   ; Rise       ; ml_inference:ml_path|altsyncram:hidden_rtl_0|altsyncram_sng1:auto_generated|ram_block1a15~porta_memory_reg0 ;
+--------+--------------+----------------+------------------+-------+------------+-------------------------------------------------------------------------------------------------------------+


+----------------------------------------------------------------------------+
; Setup Times                                                                ;
+--------------+------------+--------+--------+------------+-----------------+
; Data Port    ; Clock Port ; Rise   ; Fall   ; Clock Edge ; Clock Reference ;
+--------------+------------+--------+--------+------------+-----------------+
; clear_frame  ; clk        ; 1.726  ; 1.726  ; Rise       ; clk             ;
; reset_n      ; clk        ; 2.224  ; 2.224  ; Rise       ; clk             ;
; start_stream ; clk        ; 1.350  ; 1.350  ; Rise       ; clk             ;
; touch_irq_n  ; clk        ; 1.170  ; 1.170  ; Rise       ; clk             ;
; touch_miso   ; clk        ; -0.523 ; -0.523 ; Rise       ; clk             ;
+--------------+------------+--------+--------+------------+-----------------+


+----------------------------------------------------------------------------+
; Hold Times                                                                 ;
+--------------+------------+--------+--------+------------+-----------------+
; Data Port    ; Clock Port ; Rise   ; Fall   ; Clock Edge ; Clock Reference ;
+--------------+------------+--------+--------+------------+-----------------+
; clear_frame  ; clk        ; -0.154 ; -0.154 ; Rise       ; clk             ;
; reset_n      ; clk        ; 0.330  ; 0.330  ; Rise       ; clk             ;
; start_stream ; clk        ; 0.003  ; 0.003  ; Rise       ; clk             ;
; touch_irq_n  ; clk        ; 0.325  ; 0.325  ; Rise       ; clk             ;
; touch_miso   ; clk        ; 0.643  ; 0.643  ; Rise       ; clk             ;
+--------------+------------+--------+--------+------------+-----------------+


+-----------------------------------------------------------------------------------+
; Clock to Output Times                                                             ;
+-----------------------+------------+-------+-------+------------+-----------------+
; Data Port             ; Clock Port ; Rise  ; Fall  ; Clock Edge ; Clock Reference ;
+-----------------------+------------+-------+-------+------------+-----------------+
; ml_busy               ; clk        ; 4.648 ; 4.648 ; Rise       ; clk             ;
; result_accepted       ; clk        ; 3.424 ; 3.424 ; Rise       ; clk             ;
; result_confidence[*]  ; clk        ; 3.629 ; 3.629 ; Rise       ; clk             ;
;  result_confidence[0] ; clk        ; 3.426 ; 3.426 ; Rise       ; clk             ;
;  result_confidence[1] ; clk        ; 3.512 ; 3.512 ; Rise       ; clk             ;
;  result_confidence[2] ; clk        ; 3.435 ; 3.435 ; Rise       ; clk             ;
;  result_confidence[3] ; clk        ; 3.425 ; 3.425 ; Rise       ; clk             ;
;  result_confidence[4] ; clk        ; 3.596 ; 3.596 ; Rise       ; clk             ;
;  result_confidence[5] ; clk        ; 3.584 ; 3.584 ; Rise       ; clk             ;
;  result_confidence[6] ; clk        ; 3.629 ; 3.629 ; Rise       ; clk             ;
;  result_confidence[7] ; clk        ; 3.512 ; 3.512 ; Rise       ; clk             ;
; result_cycles[*]      ; clk        ; 4.004 ; 4.004 ; Rise       ; clk             ;
;  result_cycles[0]     ; clk        ; 3.304 ; 3.304 ; Rise       ; clk             ;
;  result_cycles[1]     ; clk        ; 3.387 ; 3.387 ; Rise       ; clk             ;
;  result_cycles[2]     ; clk        ; 3.411 ; 3.411 ; Rise       ; clk             ;
;  result_cycles[3]     ; clk        ; 3.565 ; 3.565 ; Rise       ; clk             ;
;  result_cycles[4]     ; clk        ; 3.740 ; 3.740 ; Rise       ; clk             ;
;  result_cycles[5]     ; clk        ; 3.512 ; 3.512 ; Rise       ; clk             ;
;  result_cycles[6]     ; clk        ; 3.383 ; 3.383 ; Rise       ; clk             ;
;  result_cycles[7]     ; clk        ; 3.559 ; 3.559 ; Rise       ; clk             ;
;  result_cycles[8]     ; clk        ; 3.657 ; 3.657 ; Rise       ; clk             ;
;  result_cycles[9]     ; clk        ; 3.383 ; 3.383 ; Rise       ; clk             ;
;  result_cycles[10]    ; clk        ; 3.389 ; 3.389 ; Rise       ; clk             ;
;  result_cycles[11]    ; clk        ; 3.531 ; 3.531 ; Rise       ; clk             ;
;  result_cycles[12]    ; clk        ; 3.416 ; 3.416 ; Rise       ; clk             ;
;  result_cycles[13]    ; clk        ; 3.656 ; 3.656 ; Rise       ; clk             ;
;  result_cycles[14]    ; clk        ; 3.521 ; 3.521 ; Rise       ; clk             ;
;  result_cycles[15]    ; clk        ; 3.510 ; 3.510 ; Rise       ; clk             ;
;  result_cycles[16]    ; clk        ; 3.544 ; 3.544 ; Rise       ; clk             ;
;  result_cycles[17]    ; clk        ; 3.410 ; 3.410 ; Rise       ; clk             ;
;  result_cycles[18]    ; clk        ; 3.796 ; 3.796 ; Rise       ; clk             ;
;  result_cycles[19]    ; clk        ; 3.468 ; 3.468 ; Rise       ; clk             ;
;  result_cycles[20]    ; clk        ; 3.458 ; 3.458 ; Rise       ; clk             ;
;  result_cycles[21]    ; clk        ; 3.584 ; 3.584 ; Rise       ; clk             ;
;  result_cycles[22]    ; clk        ; 3.469 ; 3.469 ; Rise       ; clk             ;
;  result_cycles[23]    ; clk        ; 3.479 ; 3.479 ; Rise       ; clk             ;
;  result_cycles[24]    ; clk        ; 4.004 ; 4.004 ; Rise       ; clk             ;
;  result_cycles[25]    ; clk        ; 3.369 ; 3.369 ; Rise       ; clk             ;
;  result_cycles[26]    ; clk        ; 3.782 ; 3.782 ; Rise       ; clk             ;
;  result_cycles[27]    ; clk        ; 3.680 ; 3.680 ; Rise       ; clk             ;
;  result_cycles[28]    ; clk        ; 3.382 ; 3.382 ; Rise       ; clk             ;
;  result_cycles[29]    ; clk        ; 3.780 ; 3.780 ; Rise       ; clk             ;
;  result_cycles[30]    ; clk        ; 3.589 ; 3.589 ; Rise       ; clk             ;
;  result_cycles[31]    ; clk        ; 3.779 ; 3.779 ; Rise       ; clk             ;
; result_digit[*]       ; clk        ; 3.697 ; 3.697 ; Rise       ; clk             ;
;  result_digit[0]      ; clk        ; 3.525 ; 3.525 ; Rise       ; clk             ;
;  result_digit[1]      ; clk        ; 3.697 ; 3.697 ; Rise       ; clk             ;
;  result_digit[2]      ; clk        ; 3.564 ; 3.564 ; Rise       ; clk             ;
;  result_digit[3]      ; clk        ; 3.354 ; 3.354 ; Rise       ; clk             ;
; result_margin[*]      ; clk        ; 3.726 ; 3.726 ; Rise       ; clk             ;
;  result_margin[0]     ; clk        ; 3.347 ; 3.347 ; Rise       ; clk             ;
;  result_margin[1]     ; clk        ; 3.463 ; 3.463 ; Rise       ; clk             ;
;  result_margin[2]     ; clk        ; 3.455 ; 3.455 ; Rise       ; clk             ;
;  result_margin[3]     ; clk        ; 3.703 ; 3.703 ; Rise       ; clk             ;
;  result_margin[4]     ; clk        ; 3.702 ; 3.702 ; Rise       ; clk             ;
;  result_margin[5]     ; clk        ; 3.594 ; 3.594 ; Rise       ; clk             ;
;  result_margin[6]     ; clk        ; 3.545 ; 3.545 ; Rise       ; clk             ;
;  result_margin[7]     ; clk        ; 3.326 ; 3.326 ; Rise       ; clk             ;
;  result_margin[8]     ; clk        ; 3.601 ; 3.601 ; Rise       ; clk             ;
;  result_margin[9]     ; clk        ; 3.711 ; 3.711 ; Rise       ; clk             ;
;  result_margin[10]    ; clk        ; 3.337 ; 3.337 ; Rise       ; clk             ;
;  result_margin[11]    ; clk        ; 3.475 ; 3.475 ; Rise       ; clk             ;
;  result_margin[12]    ; clk        ; 3.617 ; 3.617 ; Rise       ; clk             ;
;  result_margin[13]    ; clk        ; 3.605 ; 3.605 ; Rise       ; clk             ;
;  result_margin[14]    ; clk        ; 3.558 ; 3.558 ; Rise       ; clk             ;
;  result_margin[15]    ; clk        ; 3.726 ; 3.726 ; Rise       ; clk             ;
; result_valid          ; clk        ; 3.551 ; 3.551 ; Rise       ; clk             ;
; touch_cs_n            ; clk        ; 3.564 ; 3.564 ; Rise       ; clk             ;
; touch_mosi            ; clk        ; 3.571 ; 3.571 ; Rise       ; clk             ;
; touch_sclk            ; clk        ; 3.576 ; 3.576 ; Rise       ; clk             ;
+-----------------------+------------+-------+-------+------------+-----------------+


+-----------------------------------------------------------------------------------+
; Minimum Clock to Output Times                                                     ;
+-----------------------+------------+-------+-------+------------+-----------------+
; Data Port             ; Clock Port ; Rise  ; Fall  ; Clock Edge ; Clock Reference ;
+-----------------------+------------+-------+-------+------------+-----------------+
; ml_busy               ; clk        ; 3.778 ; 3.778 ; Rise       ; clk             ;
; result_accepted       ; clk        ; 3.424 ; 3.424 ; Rise       ; clk             ;
; result_confidence[*]  ; clk        ; 3.425 ; 3.425 ; Rise       ; clk             ;
;  result_confidence[0] ; clk        ; 3.426 ; 3.426 ; Rise       ; clk             ;
;  result_confidence[1] ; clk        ; 3.512 ; 3.512 ; Rise       ; clk             ;
;  result_confidence[2] ; clk        ; 3.435 ; 3.435 ; Rise       ; clk             ;
;  result_confidence[3] ; clk        ; 3.425 ; 3.425 ; Rise       ; clk             ;
;  result_confidence[4] ; clk        ; 3.596 ; 3.596 ; Rise       ; clk             ;
;  result_confidence[5] ; clk        ; 3.584 ; 3.584 ; Rise       ; clk             ;
;  result_confidence[6] ; clk        ; 3.629 ; 3.629 ; Rise       ; clk             ;
;  result_confidence[7] ; clk        ; 3.512 ; 3.512 ; Rise       ; clk             ;
; result_cycles[*]      ; clk        ; 3.304 ; 3.304 ; Rise       ; clk             ;
;  result_cycles[0]     ; clk        ; 3.304 ; 3.304 ; Rise       ; clk             ;
;  result_cycles[1]     ; clk        ; 3.387 ; 3.387 ; Rise       ; clk             ;
;  result_cycles[2]     ; clk        ; 3.411 ; 3.411 ; Rise       ; clk             ;
;  result_cycles[3]     ; clk        ; 3.565 ; 3.565 ; Rise       ; clk             ;
;  result_cycles[4]     ; clk        ; 3.740 ; 3.740 ; Rise       ; clk             ;
;  result_cycles[5]     ; clk        ; 3.512 ; 3.512 ; Rise       ; clk             ;
;  result_cycles[6]     ; clk        ; 3.383 ; 3.383 ; Rise       ; clk             ;
;  result_cycles[7]     ; clk        ; 3.559 ; 3.559 ; Rise       ; clk             ;
;  result_cycles[8]     ; clk        ; 3.657 ; 3.657 ; Rise       ; clk             ;
;  result_cycles[9]     ; clk        ; 3.383 ; 3.383 ; Rise       ; clk             ;
;  result_cycles[10]    ; clk        ; 3.389 ; 3.389 ; Rise       ; clk             ;
;  result_cycles[11]    ; clk        ; 3.531 ; 3.531 ; Rise       ; clk             ;
;  result_cycles[12]    ; clk        ; 3.416 ; 3.416 ; Rise       ; clk             ;
;  result_cycles[13]    ; clk        ; 3.656 ; 3.656 ; Rise       ; clk             ;
;  result_cycles[14]    ; clk        ; 3.521 ; 3.521 ; Rise       ; clk             ;
;  result_cycles[15]    ; clk        ; 3.510 ; 3.510 ; Rise       ; clk             ;
;  result_cycles[16]    ; clk        ; 3.544 ; 3.544 ; Rise       ; clk             ;
;  result_cycles[17]    ; clk        ; 3.410 ; 3.410 ; Rise       ; clk             ;
;  result_cycles[18]    ; clk        ; 3.796 ; 3.796 ; Rise       ; clk             ;
;  result_cycles[19]    ; clk        ; 3.468 ; 3.468 ; Rise       ; clk             ;
;  result_cycles[20]    ; clk        ; 3.458 ; 3.458 ; Rise       ; clk             ;
;  result_cycles[21]    ; clk        ; 3.584 ; 3.584 ; Rise       ; clk             ;
;  result_cycles[22]    ; clk        ; 3.469 ; 3.469 ; Rise       ; clk             ;
;  result_cycles[23]    ; clk        ; 3.479 ; 3.479 ; Rise       ; clk             ;
;  result_cycles[24]    ; clk        ; 4.004 ; 4.004 ; Rise       ; clk             ;
;  result_cycles[25]    ; clk        ; 3.369 ; 3.369 ; Rise       ; clk             ;
;  result_cycles[26]    ; clk        ; 3.782 ; 3.782 ; Rise       ; clk             ;
;  result_cycles[27]    ; clk        ; 3.680 ; 3.680 ; Rise       ; clk             ;
;  result_cycles[28]    ; clk        ; 3.382 ; 3.382 ; Rise       ; clk             ;
;  result_cycles[29]    ; clk        ; 3.780 ; 3.780 ; Rise       ; clk             ;
;  result_cycles[30]    ; clk        ; 3.589 ; 3.589 ; Rise       ; clk             ;
;  result_cycles[31]    ; clk        ; 3.779 ; 3.779 ; Rise       ; clk             ;
; result_digit[*]       ; clk        ; 3.354 ; 3.354 ; Rise       ; clk             ;
;  result_digit[0]      ; clk        ; 3.525 ; 3.525 ; Rise       ; clk             ;
;  result_digit[1]      ; clk        ; 3.697 ; 3.697 ; Rise       ; clk             ;
;  result_digit[2]      ; clk        ; 3.564 ; 3.564 ; Rise       ; clk             ;
;  result_digit[3]      ; clk        ; 3.354 ; 3.354 ; Rise       ; clk             ;
; result_margin[*]      ; clk        ; 3.326 ; 3.326 ; Rise       ; clk             ;
;  result_margin[0]     ; clk        ; 3.347 ; 3.347 ; Rise       ; clk             ;
;  result_margin[1]     ; clk        ; 3.463 ; 3.463 ; Rise       ; clk             ;
;  result_margin[2]     ; clk        ; 3.455 ; 3.455 ; Rise       ; clk             ;
;  result_margin[3]     ; clk        ; 3.703 ; 3.703 ; Rise       ; clk             ;
;  result_margin[4]     ; clk        ; 3.702 ; 3.702 ; Rise       ; clk             ;
;  result_margin[5]     ; clk        ; 3.594 ; 3.594 ; Rise       ; clk             ;
;  result_margin[6]     ; clk        ; 3.545 ; 3.545 ; Rise       ; clk             ;
;  result_margin[7]     ; clk        ; 3.326 ; 3.326 ; Rise       ; clk             ;
;  result_margin[8]     ; clk        ; 3.601 ; 3.601 ; Rise       ; clk             ;
;  result_margin[9]     ; clk        ; 3.711 ; 3.711 ; Rise       ; clk             ;
;  result_margin[10]    ; clk        ; 3.337 ; 3.337 ; Rise       ; clk             ;
;  result_margin[11]    ; clk        ; 3.475 ; 3.475 ; Rise       ; clk             ;
;  result_margin[12]    ; clk        ; 3.617 ; 3.617 ; Rise       ; clk             ;
;  result_margin[13]    ; clk        ; 3.605 ; 3.605 ; Rise       ; clk             ;
;  result_margin[14]    ; clk        ; 3.558 ; 3.558 ; Rise       ; clk             ;
;  result_margin[15]    ; clk        ; 3.726 ; 3.726 ; Rise       ; clk             ;
; result_valid          ; clk        ; 3.551 ; 3.551 ; Rise       ; clk             ;
; touch_cs_n            ; clk        ; 3.564 ; 3.564 ; Rise       ; clk             ;
; touch_mosi            ; clk        ; 3.571 ; 3.571 ; Rise       ; clk             ;
; touch_sclk            ; clk        ; 3.576 ; 3.576 ; Rise       ; clk             ;
+-----------------------+------------+-------+-------+------------+-----------------+


+-----------------------------------------------------------------------------+
; Multicorner Timing Analysis Summary                                         ;
+------------------+-------+-------+----------+---------+---------------------+
; Clock            ; Setup ; Hold  ; Recovery ; Removal ; Minimum Pulse Width ;
+------------------+-------+-------+----------+---------+---------------------+
; Worst-case Slack ; 5.292 ; 0.215 ; N/A      ; N/A     ; 46.933              ;
;  clk             ; 5.292 ; 0.215 ; N/A      ; N/A     ; 46.933              ;
; Design-wide TNS  ; 0.0   ; 0.0   ; 0.0      ; 0.0     ; 0.0                 ;
;  clk             ; 0.000 ; 0.000 ; N/A      ; N/A     ; 0.000               ;
+------------------+-------+-------+----------+---------+---------------------+


+----------------------------------------------------------------------------+
; Setup Times                                                                ;
+--------------+------------+--------+--------+------------+-----------------+
; Data Port    ; Clock Port ; Rise   ; Fall   ; Clock Edge ; Clock Reference ;
+--------------+------------+--------+--------+------------+-----------------+
; clear_frame  ; clk        ; 5.997  ; 5.997  ; Rise       ; clk             ;
; reset_n      ; clk        ; 7.644  ; 7.644  ; Rise       ; clk             ;
; start_stream ; clk        ; 5.196  ; 5.196  ; Rise       ; clk             ;
; touch_irq_n  ; clk        ; 4.648  ; 4.648  ; Rise       ; clk             ;
; touch_miso   ; clk        ; -0.448 ; -0.448 ; Rise       ; clk             ;
+--------------+------------+--------+--------+------------+-----------------+


+----------------------------------------------------------------------------+
; Hold Times                                                                 ;
+--------------+------------+--------+--------+------------+-----------------+
; Data Port    ; Clock Port ; Rise   ; Fall   ; Clock Edge ; Clock Reference ;
+--------------+------------+--------+--------+------------+-----------------+
; clear_frame  ; clk        ; -0.154 ; -0.154 ; Rise       ; clk             ;
; reset_n      ; clk        ; 0.330  ; 0.330  ; Rise       ; clk             ;
; start_stream ; clk        ; 0.003  ; 0.003  ; Rise       ; clk             ;
; touch_irq_n  ; clk        ; 0.325  ; 0.325  ; Rise       ; clk             ;
; touch_miso   ; clk        ; 0.714  ; 0.714  ; Rise       ; clk             ;
+--------------+------------+--------+--------+------------+-----------------+


+-------------------------------------------------------------------------------------+
; Clock to Output Times                                                               ;
+-----------------------+------------+--------+--------+------------+-----------------+
; Data Port             ; Clock Port ; Rise   ; Fall   ; Clock Edge ; Clock Reference ;
+-----------------------+------------+--------+--------+------------+-----------------+
; ml_busy               ; clk        ; 11.026 ; 11.026 ; Rise       ; clk             ;
; result_accepted       ; clk        ; 7.202  ; 7.202  ; Rise       ; clk             ;
; result_confidence[*]  ; clk        ; 7.912  ; 7.912  ; Rise       ; clk             ;
;  result_confidence[0] ; clk        ; 7.205  ; 7.205  ; Rise       ; clk             ;
;  result_confidence[1] ; clk        ; 7.537  ; 7.537  ; Rise       ; clk             ;
;  result_confidence[2] ; clk        ; 7.222  ; 7.222  ; Rise       ; clk             ;
;  result_confidence[3] ; clk        ; 7.206  ; 7.206  ; Rise       ; clk             ;
;  result_confidence[4] ; clk        ; 7.872  ; 7.872  ; Rise       ; clk             ;
;  result_confidence[5] ; clk        ; 7.706  ; 7.706  ; Rise       ; clk             ;
;  result_confidence[6] ; clk        ; 7.912  ; 7.912  ; Rise       ; clk             ;
;  result_confidence[7] ; clk        ; 7.539  ; 7.539  ; Rise       ; clk             ;
; result_cycles[*]      ; clk        ; 8.892  ; 8.892  ; Rise       ; clk             ;
;  result_cycles[0]     ; clk        ; 7.063  ; 7.063  ; Rise       ; clk             ;
;  result_cycles[1]     ; clk        ; 7.216  ; 7.216  ; Rise       ; clk             ;
;  result_cycles[2]     ; clk        ; 7.254  ; 7.254  ; Rise       ; clk             ;
;  result_cycles[3]     ; clk        ; 7.696  ; 7.696  ; Rise       ; clk             ;
;  result_cycles[4]     ; clk        ; 8.099  ; 8.099  ; Rise       ; clk             ;
;  result_cycles[5]     ; clk        ; 7.618  ; 7.618  ; Rise       ; clk             ;
;  result_cycles[6]     ; clk        ; 7.230  ; 7.230  ; Rise       ; clk             ;
;  result_cycles[7]     ; clk        ; 7.687  ; 7.687  ; Rise       ; clk             ;
;  result_cycles[8]     ; clk        ; 7.819  ; 7.819  ; Rise       ; clk             ;
;  result_cycles[9]     ; clk        ; 7.228  ; 7.228  ; Rise       ; clk             ;
;  result_cycles[10]    ; clk        ; 7.217  ; 7.217  ; Rise       ; clk             ;
;  result_cycles[11]    ; clk        ; 7.659  ; 7.659  ; Rise       ; clk             ;
;  result_cycles[12]    ; clk        ; 7.258  ; 7.258  ; Rise       ; clk             ;
;  result_cycles[13]    ; clk        ; 7.818  ; 7.818  ; Rise       ; clk             ;
;  result_cycles[14]    ; clk        ; 7.626  ; 7.626  ; Rise       ; clk             ;
;  result_cycles[15]    ; clk        ; 7.613  ; 7.613  ; Rise       ; clk             ;
;  result_cycles[16]    ; clk        ; 7.598  ; 7.598  ; Rise       ; clk             ;
;  result_cycles[17]    ; clk        ; 7.261  ; 7.261  ; Rise       ; clk             ;
;  result_cycles[18]    ; clk        ; 8.228  ; 8.228  ; Rise       ; clk             ;
;  result_cycles[19]    ; clk        ; 7.275  ; 7.275  ; Rise       ; clk             ;
;  result_cycles[20]    ; clk        ; 7.265  ; 7.265  ; Rise       ; clk             ;
;  result_cycles[21]    ; clk        ; 7.657  ; 7.657  ; Rise       ; clk             ;
;  result_cycles[22]    ; clk        ; 7.279  ; 7.279  ; Rise       ; clk             ;
;  result_cycles[23]    ; clk        ; 7.288  ; 7.288  ; Rise       ; clk             ;
;  result_cycles[24]    ; clk        ; 8.892  ; 8.892  ; Rise       ; clk             ;
;  result_cycles[25]    ; clk        ; 7.183  ; 7.183  ; Rise       ; clk             ;
;  result_cycles[26]    ; clk        ; 8.164  ; 8.164  ; Rise       ; clk             ;
;  result_cycles[27]    ; clk        ; 7.995  ; 7.995  ; Rise       ; clk             ;
;  result_cycles[28]    ; clk        ; 7.208  ; 7.208  ; Rise       ; clk             ;
;  result_cycles[29]    ; clk        ; 8.342  ; 8.342  ; Rise       ; clk             ;
;  result_cycles[30]    ; clk        ; 7.667  ; 7.667  ; Rise       ; clk             ;
;  result_cycles[31]    ; clk        ; 8.154  ; 8.154  ; Rise       ; clk             ;
; result_digit[*]       ; clk        ; 8.032  ; 8.032  ; Rise       ; clk             ;
;  result_digit[0]      ; clk        ; 7.554  ; 7.554  ; Rise       ; clk             ;
;  result_digit[1]      ; clk        ; 8.032  ; 8.032  ; Rise       ; clk             ;
;  result_digit[2]      ; clk        ; 7.626  ; 7.626  ; Rise       ; clk             ;
;  result_digit[3]      ; clk        ; 7.157  ; 7.157  ; Rise       ; clk             ;
; result_margin[*]      ; clk        ; 8.261  ; 8.261  ; Rise       ; clk             ;
;  result_margin[0]     ; clk        ; 7.146  ; 7.146  ; Rise       ; clk             ;
;  result_margin[1]     ; clk        ; 7.532  ; 7.532  ; Rise       ; clk             ;
;  result_margin[2]     ; clk        ; 7.526  ; 7.526  ; Rise       ; clk             ;
;  result_margin[3]     ; clk        ; 7.893  ; 7.893  ; Rise       ; clk             ;
;  result_margin[4]     ; clk        ; 7.895  ; 7.895  ; Rise       ; clk             ;
;  result_margin[5]     ; clk        ; 7.728  ; 7.728  ; Rise       ; clk             ;
;  result_margin[6]     ; clk        ; 7.601  ; 7.601  ; Rise       ; clk             ;
;  result_margin[7]     ; clk        ; 7.111  ; 7.111  ; Rise       ; clk             ;
;  result_margin[8]     ; clk        ; 7.791  ; 7.791  ; Rise       ; clk             ;
;  result_margin[9]     ; clk        ; 7.904  ; 7.904  ; Rise       ; clk             ;
;  result_margin[10]    ; clk        ; 7.122  ; 7.122  ; Rise       ; clk             ;
;  result_margin[11]    ; clk        ; 7.296  ; 7.296  ; Rise       ; clk             ;
;  result_margin[12]    ; clk        ; 7.818  ; 7.818  ; Rise       ; clk             ;
;  result_margin[13]    ; clk        ; 7.795  ; 7.795  ; Rise       ; clk             ;
;  result_margin[14]    ; clk        ; 7.615  ; 7.615  ; Rise       ; clk             ;
;  result_margin[15]    ; clk        ; 8.261  ; 8.261  ; Rise       ; clk             ;
; result_valid          ; clk        ; 7.608  ; 7.608  ; Rise       ; clk             ;
; touch_cs_n            ; clk        ; 7.626  ; 7.626  ; Rise       ; clk             ;
; touch_mosi            ; clk        ; 7.625  ; 7.625  ; Rise       ; clk             ;
; touch_sclk            ; clk        ; 7.650  ; 7.650  ; Rise       ; clk             ;
+-----------------------+------------+--------+--------+------------+-----------------+


+-----------------------------------------------------------------------------------+
; Minimum Clock to Output Times                                                     ;
+-----------------------+------------+-------+-------+------------+-----------------+
; Data Port             ; Clock Port ; Rise  ; Fall  ; Clock Edge ; Clock Reference ;
+-----------------------+------------+-------+-------+------------+-----------------+
; ml_busy               ; clk        ; 3.778 ; 3.778 ; Rise       ; clk             ;
; result_accepted       ; clk        ; 3.424 ; 3.424 ; Rise       ; clk             ;
; result_confidence[*]  ; clk        ; 3.425 ; 3.425 ; Rise       ; clk             ;
;  result_confidence[0] ; clk        ; 3.426 ; 3.426 ; Rise       ; clk             ;
;  result_confidence[1] ; clk        ; 3.512 ; 3.512 ; Rise       ; clk             ;
;  result_confidence[2] ; clk        ; 3.435 ; 3.435 ; Rise       ; clk             ;
;  result_confidence[3] ; clk        ; 3.425 ; 3.425 ; Rise       ; clk             ;
;  result_confidence[4] ; clk        ; 3.596 ; 3.596 ; Rise       ; clk             ;
;  result_confidence[5] ; clk        ; 3.584 ; 3.584 ; Rise       ; clk             ;
;  result_confidence[6] ; clk        ; 3.629 ; 3.629 ; Rise       ; clk             ;
;  result_confidence[7] ; clk        ; 3.512 ; 3.512 ; Rise       ; clk             ;
; result_cycles[*]      ; clk        ; 3.304 ; 3.304 ; Rise       ; clk             ;
;  result_cycles[0]     ; clk        ; 3.304 ; 3.304 ; Rise       ; clk             ;
;  result_cycles[1]     ; clk        ; 3.387 ; 3.387 ; Rise       ; clk             ;
;  result_cycles[2]     ; clk        ; 3.411 ; 3.411 ; Rise       ; clk             ;
;  result_cycles[3]     ; clk        ; 3.565 ; 3.565 ; Rise       ; clk             ;
;  result_cycles[4]     ; clk        ; 3.740 ; 3.740 ; Rise       ; clk             ;
;  result_cycles[5]     ; clk        ; 3.512 ; 3.512 ; Rise       ; clk             ;
;  result_cycles[6]     ; clk        ; 3.383 ; 3.383 ; Rise       ; clk             ;
;  result_cycles[7]     ; clk        ; 3.559 ; 3.559 ; Rise       ; clk             ;
;  result_cycles[8]     ; clk        ; 3.657 ; 3.657 ; Rise       ; clk             ;
;  result_cycles[9]     ; clk        ; 3.383 ; 3.383 ; Rise       ; clk             ;
;  result_cycles[10]    ; clk        ; 3.389 ; 3.389 ; Rise       ; clk             ;
;  result_cycles[11]    ; clk        ; 3.531 ; 3.531 ; Rise       ; clk             ;
;  result_cycles[12]    ; clk        ; 3.416 ; 3.416 ; Rise       ; clk             ;
;  result_cycles[13]    ; clk        ; 3.656 ; 3.656 ; Rise       ; clk             ;
;  result_cycles[14]    ; clk        ; 3.521 ; 3.521 ; Rise       ; clk             ;
;  result_cycles[15]    ; clk        ; 3.510 ; 3.510 ; Rise       ; clk             ;
;  result_cycles[16]    ; clk        ; 3.544 ; 3.544 ; Rise       ; clk             ;
;  result_cycles[17]    ; clk        ; 3.410 ; 3.410 ; Rise       ; clk             ;
;  result_cycles[18]    ; clk        ; 3.796 ; 3.796 ; Rise       ; clk             ;
;  result_cycles[19]    ; clk        ; 3.468 ; 3.468 ; Rise       ; clk             ;
;  result_cycles[20]    ; clk        ; 3.458 ; 3.458 ; Rise       ; clk             ;
;  result_cycles[21]    ; clk        ; 3.584 ; 3.584 ; Rise       ; clk             ;
;  result_cycles[22]    ; clk        ; 3.469 ; 3.469 ; Rise       ; clk             ;
;  result_cycles[23]    ; clk        ; 3.479 ; 3.479 ; Rise       ; clk             ;
;  result_cycles[24]    ; clk        ; 4.004 ; 4.004 ; Rise       ; clk             ;
;  result_cycles[25]    ; clk        ; 3.369 ; 3.369 ; Rise       ; clk             ;
;  result_cycles[26]    ; clk        ; 3.782 ; 3.782 ; Rise       ; clk             ;
;  result_cycles[27]    ; clk        ; 3.680 ; 3.680 ; Rise       ; clk             ;
;  result_cycles[28]    ; clk        ; 3.382 ; 3.382 ; Rise       ; clk             ;
;  result_cycles[29]    ; clk        ; 3.780 ; 3.780 ; Rise       ; clk             ;
;  result_cycles[30]    ; clk        ; 3.589 ; 3.589 ; Rise       ; clk             ;
;  result_cycles[31]    ; clk        ; 3.779 ; 3.779 ; Rise       ; clk             ;
; result_digit[*]       ; clk        ; 3.354 ; 3.354 ; Rise       ; clk             ;
;  result_digit[0]      ; clk        ; 3.525 ; 3.525 ; Rise       ; clk             ;
;  result_digit[1]      ; clk        ; 3.697 ; 3.697 ; Rise       ; clk             ;
;  result_digit[2]      ; clk        ; 3.564 ; 3.564 ; Rise       ; clk             ;
;  result_digit[3]      ; clk        ; 3.354 ; 3.354 ; Rise       ; clk             ;
; result_margin[*]      ; clk        ; 3.326 ; 3.326 ; Rise       ; clk             ;
;  result_margin[0]     ; clk        ; 3.347 ; 3.347 ; Rise       ; clk             ;
;  result_margin[1]     ; clk        ; 3.463 ; 3.463 ; Rise       ; clk             ;
;  result_margin[2]     ; clk        ; 3.455 ; 3.455 ; Rise       ; clk             ;
;  result_margin[3]     ; clk        ; 3.703 ; 3.703 ; Rise       ; clk             ;
;  result_margin[4]     ; clk        ; 3.702 ; 3.702 ; Rise       ; clk             ;
;  result_margin[5]     ; clk        ; 3.594 ; 3.594 ; Rise       ; clk             ;
;  result_margin[6]     ; clk        ; 3.545 ; 3.545 ; Rise       ; clk             ;
;  result_margin[7]     ; clk        ; 3.326 ; 3.326 ; Rise       ; clk             ;
;  result_margin[8]     ; clk        ; 3.601 ; 3.601 ; Rise       ; clk             ;
;  result_margin[9]     ; clk        ; 3.711 ; 3.711 ; Rise       ; clk             ;
;  result_margin[10]    ; clk        ; 3.337 ; 3.337 ; Rise       ; clk             ;
;  result_margin[11]    ; clk        ; 3.475 ; 3.475 ; Rise       ; clk             ;
;  result_margin[12]    ; clk        ; 3.617 ; 3.617 ; Rise       ; clk             ;
;  result_margin[13]    ; clk        ; 3.605 ; 3.605 ; Rise       ; clk             ;
;  result_margin[14]    ; clk        ; 3.558 ; 3.558 ; Rise       ; clk             ;
;  result_margin[15]    ; clk        ; 3.726 ; 3.726 ; Rise       ; clk             ;
; result_valid          ; clk        ; 3.551 ; 3.551 ; Rise       ; clk             ;
; touch_cs_n            ; clk        ; 3.564 ; 3.564 ; Rise       ; clk             ;
; touch_mosi            ; clk        ; 3.571 ; 3.571 ; Rise       ; clk             ;
; touch_sclk            ; clk        ; 3.576 ; 3.576 ; Rise       ; clk             ;
+-----------------------+------------+-------+-------+------------+-----------------+


+-----------------------------------------------------------------------+
; Setup Transfers                                                       ;
+------------+----------+--------------+----------+----------+----------+
; From Clock ; To Clock ; RR Paths     ; FR Paths ; RF Paths ; FF Paths ;
+------------+----------+--------------+----------+----------+----------+
; clk        ; clk      ; > 2147483647 ; 0        ; 0        ; 0        ;
+------------+----------+--------------+----------+----------+----------+
Entries labeled "false path" only account for clock-to-clock false paths and not path-based false paths. As a result, actual path counts may be lower than reported.


+-----------------------------------------------------------------------+
; Hold Transfers                                                        ;
+------------+----------+--------------+----------+----------+----------+
; From Clock ; To Clock ; RR Paths     ; FR Paths ; RF Paths ; FF Paths ;
+------------+----------+--------------+----------+----------+----------+
; clk        ; clk      ; > 2147483647 ; 0        ; 0        ; 0        ;
+------------+----------+--------------+----------+----------+----------+
Entries labeled "false path" only account for clock-to-clock false paths and not path-based false paths. As a result, actual path counts may be lower than reported.


---------------
; Report TCCS ;
---------------
No dedicated SERDES Transmitter circuitry present in device or used in design


---------------
; Report RSKM ;
---------------
No dedicated SERDES Receiver circuitry present in device or used in design


+------------------------------------------------+
; Unconstrained Paths                            ;
+---------------------------------+-------+------+
; Property                        ; Setup ; Hold ;
+---------------------------------+-------+------+
; Illegal Clocks                  ; 0     ; 0    ;
; Unconstrained Clocks            ; 0     ; 0    ;
; Unconstrained Input Ports       ; 5     ; 5    ;
; Unconstrained Input Port Paths  ; 1135  ; 1135 ;
; Unconstrained Output Ports      ; 66    ; 66   ;
; Unconstrained Output Port Paths ; 67    ; 67   ;
+---------------------------------+-------+------+


+------------------------------------+
; TimeQuest Timing Analyzer Messages ;
+------------------------------------+
Info: *******************************************************************
Info: Running Quartus II 64-Bit TimeQuest Timing Analyzer
    Info: Version 13.0.1 Build 232 06/12/2013 Service Pack 1 SJ Web Edition
    Info: Processing started: Sat Oct 03 21:19:24 2026
Info: Command: quartus_sta touch_ml_top -c touch_ml_top
Info: qsta_default_script.tcl version: #1
Info (20030): Parallel compilation is enabled and will use 6 of the 6 processors detected
Info (332104): Reading SDC File: 'touch_ml_top.sdc'
Info: Found TIMEQUEST_REPORT_SCRIPT_INCLUDE_DEFAULT_ANALYSIS = ON
Info: Analyzing Slow Model
Info (332146): Worst-case setup slack is 5.292
    Info (332119):     Slack End Point TNS Clock 
    Info (332119): ========= ============= =====================
    Info (332119):     5.292         0.000 clk 
Info (332146): Worst-case hold slack is 0.499
    Info (332119):     Slack End Point TNS Clock 
    Info (332119): ========= ============= =====================
    Info (332119):     0.499         0.000 clk 
Info (332140): No Recovery paths to report
Info (332140): No Removal paths to report
Info (332146): Worst-case minimum pulse width slack is 46.933
    Info (332119):     Slack End Point TNS Clock 
    Info (332119): ========= ============= =====================
    Info (332119):    46.933         0.000 clk 
Info (332001): The selected device family is not supported by the report_metastability command.
Info: Analyzing Fast Model
Info (332146): Worst-case setup slack is 70.802
    Info (332119):     Slack End Point TNS Clock 
    Info (332119): ========= ============= =====================
    Info (332119):    70.802         0.000 clk 
Info (332146): Worst-case hold slack is 0.215
    Info (332119):     Slack End Point TNS Clock 
    Info (332119): ========= ============= =====================
    Info (332119):     0.215         0.000 clk 
Info (332140): No Recovery paths to report
Info (332140): No Removal paths to report
Info (332146): Worst-case minimum pulse width slack is 47.873
    Info (332119):     Slack End Point TNS Clock 
    Info (332119): ========= ============= =====================
    Info (332119):    47.873         0.000 clk 
Info (332001): The selected device family is not supported by the report_metastability command.
Info (332102): Design is not fully constrained for setup requirements
Info (332102): Design is not fully constrained for hold requirements
Info: Quartus II 64-Bit TimeQuest Timing Analyzer was successful. 0 errors, 0 warnings
    Info: Peak virtual memory: 4657 megabytes
    Info: Processing ended: Sat Oct 03 21:19:26 2026
    Info: Elapsed time: 00:00:02
    Info: Total CPU time (on all processors): 00:00:02


