TimeQuest Timing Analyzer report for touch_ml_boundary_top
Sat Oct 03 21:50:06 2026
Quartus II 64-Bit Version 13.0.1 Build 232 06/12/2013 Service Pack 1 SJ Web Edition


---------------------
; Table of Contents ;
---------------------
  1. Legal Notice
  2. TimeQuest Timing Analyzer Summary
  3. Parallel Compilation
  4. SDC File List
  5. Clocks
  6. Slow Model Fmax Summary
  7. Slow Model Setup Summary
  8. Slow Model Hold Summary
  9. Slow Model Recovery Summary
 10. Slow Model Removal Summary
 11. Slow Model Minimum Pulse Width Summary
 12. Slow Model Setup: 'clk'
 13. Slow Model Hold: 'clk'
 14. Slow Model Minimum Pulse Width: 'clk'
 15. Setup Times
 16. Hold Times
 17. Clock to Output Times
 18. Minimum Clock to Output Times
 19. Fast Model Setup Summary
 20. Fast Model Hold Summary
 21. Fast Model Recovery Summary
 22. Fast Model Removal Summary
 23. Fast Model Minimum Pulse Width Summary
 24. Fast Model Setup: 'clk'
 25. Fast Model Hold: 'clk'
 26. Fast Model Minimum Pulse Width: 'clk'
 27. Setup Times
 28. Hold Times
 29. Clock to Output Times
 30. Minimum Clock to Output Times
 31. Multicorner Timing Analysis Summary
 32. Setup Times
 33. Hold Times
 34. Clock to Output Times
 35. Minimum Clock to Output Times
 36. Setup Transfers
 37. Hold Transfers
 38. Report TCCS
 39. Report RSKM
 40. Unconstrained Paths
 41. TimeQuest Timing Analyzer Messages



----------------
; Legal Notice ;
----------------
Copyright (C) 1991-2013 Altera Corporation
Your use of Altera Corporation's design tools, logic functions 
and other software and tools, and its AMPP partner logic 
functions, and any output files from any of the foregoing 
(including device programming or simulation files), and any 
associated documentation or information are expressly subject 
to the terms and conditions of the Altera Program License 
Subscription Agreement, Altera MegaCore Function License 
Agreement, or other applicable license agreement, including, 
without limitation, that your use is for the sole purpose of 
programming logic devices manufactured by Altera and sold by 
Altera or its authorized distributors.  Please refer to the 
applicable agreement for further details.



+----------------------------------------------------------------------------------------+
; TimeQuest Timing Analyzer Summary                                                      ;
+--------------------+-------------------------------------------------------------------+
; Quartus II Version ; Version 13.0.1 Build 232 06/12/2013 Service Pack 1 SJ Web Edition ;
; Revision Name      ; touch_ml_boundary_top                                             ;
; Device Family      ; Cyclone II                                                        ;
; Device Name        ; EP2C5T144C8                                                       ;
; Timing Models      ; Final                                                             ;
; Delay Model        ; Combined                                                          ;
; Rise/Fall Delays   ; Unavailable                                                       ;
+--------------------+-------------------------------------------------------------------+


+------------------------------------------+
; Parallel Compilation                     ;
+----------------------------+-------------+
; Processors                 ; Number      ;
+----------------------------+-------------+
; Number detected on machine ; 6           ;
; Maximum allowed            ; 6           ;
;                            ;             ;
; Average used               ; 1.00        ;
; Maximum used               ; 2           ;
;                            ;             ;
; Usage by Processor         ; % Time Used ;
;     Processor 1            ; 100.0%      ;
;     Processor 2            ; < 0.1%      ;
;     Processors 3-6         ;   0.0%      ;
+----------------------------+-------------+


+---------------------------------------------------------------+
; SDC File List                                                 ;
+---------------------------+--------+--------------------------+
; SDC File Path             ; Status ; Read at                  ;
+---------------------------+--------+--------------------------+
; touch_ml_boundary_top.sdc ; OK     ; Sat Oct 03 21:50:05 2026 ;
+---------------------------+--------+--------------------------+


+-----------------------------------------------------------------------------------------------------------------------------------------------------------------------------------+
; Clocks                                                                                                                                                                            ;
+------------+------+---------+-----------+-------+---------+------------+-----------+-------------+-------+--------+-----------+------------+----------+--------+--------+---------+
; Clock Name ; Type ; Period  ; Frequency ; Rise  ; Fall    ; Duty Cycle ; Divide by ; Multiply by ; Phase ; Offset ; Edge List ; Edge Shift ; Inverted ; Master ; Source ; Targets ;
+------------+------+---------+-----------+-------+---------+------------+-----------+-------------+-------+--------+-----------+------------+----------+--------+--------+---------+
; clk        ; Base ; 200.000 ; 5.0 MHz   ; 0.000 ; 100.000 ;            ;           ;             ;       ;        ;           ;            ;          ;        ;        ; { clk } ;
+------------+------+---------+-----------+-------+---------+------------+-----------+-------------+-------+--------+-----------+------------+----------+--------+--------+---------+


+------------------------------------------------+
; Slow Model Fmax Summary                        ;
+----------+-----------------+------------+------+
; Fmax     ; Restricted Fmax ; Clock Name ; Note ;
+----------+-----------------+------------+------+
; 7.67 MHz ; 7.67 MHz        ; clk        ;      ;
+----------+-----------------+------------+------+
This panel reports FMAX for every clock in the design, regardless of the user-specified clock periods.  FMAX is only computed for paths where the source and destination registers or ports are driven by the same clock.  Paths of different clocks, including generated clocks, are ignored.  For paths between a clock and its inversion, FMAX is computed as if the rising and falling edges are scaled along with FMAX, such that the duty cycle (in terms of a percentage) is maintained. Altera recommends that you always use clock constraints and other slack reports for sign-off analysis.


+--------------------------------+
; Slow Model Setup Summary       ;
+-------+--------+---------------+
; Clock ; Slack  ; End Point TNS ;
+-------+--------+---------------+
; clk   ; 69.569 ; 0.000         ;
+-------+--------+---------------+


+-------------------------------+
; Slow Model Hold Summary       ;
+-------+-------+---------------+
; Clock ; Slack ; End Point TNS ;
+-------+-------+---------------+
; clk   ; 0.499 ; 0.000         ;
+-------+-------+---------------+


-------------------------------
; Slow Model Recovery Summary ;
-------------------------------
No paths to report.


------------------------------
; Slow Model Removal Summary ;
------------------------------
No paths to report.


+----------------------------------------+
; Slow Model Minimum Pulse Width Summary ;
+-------+--------+-----------------------+
; Clock ; Slack  ; End Point TNS         ;
+-------+--------+-----------------------+
; clk   ; 96.933 ; 0.000                 ;
+-------+--------+-----------------------+


+---------------------------------------------------------------------------------------------------------------------------------------------------------------------------------------+
; Slow Model Setup: 'clk'                                                                                                                                                               ;
+--------+------------------------------------------------------+-------------------------------------------------+--------------+-------------+--------------+------------+------------+
; Slack  ; From Node                                            ; To Node                                         ; Launch Clock ; Latch Clock ; Relationship ; Clock Skew ; Data Delay ;
+--------+------------------------------------------------------+-------------------------------------------------+--------------+-------------+--------------+------------+------------+
; 69.569 ; ml_inference_boundary:ml_path|boundary_scores[1][1]  ; ml_inference_boundary:ml_path|result_margin[2]  ; clk          ; clk         ; 200.000      ; -0.028     ; 130.443    ;
; 69.646 ; ml_inference_boundary:ml_path|boundary_scores[1][1]  ; ml_inference_boundary:ml_path|result_margin[8]  ; clk          ; clk         ; 200.000      ; -0.034     ; 130.360    ;
; 69.648 ; ml_inference_boundary:ml_path|boundary_scores[1][1]  ; ml_inference_boundary:ml_path|result_margin[11] ; clk          ; clk         ; 200.000      ; -0.034     ; 130.358    ;
; 69.650 ; ml_inference_boundary:ml_path|boundary_scores[1][1]  ; ml_inference_boundary:ml_path|result_margin[9]  ; clk          ; clk         ; 200.000      ; -0.034     ; 130.356    ;
; 69.651 ; ml_inference_boundary:ml_path|boundary_scores[1][1]  ; ml_inference_boundary:ml_path|result_margin[6]  ; clk          ; clk         ; 200.000      ; -0.034     ; 130.355    ;
; 69.652 ; ml_inference_boundary:ml_path|boundary_scores[1][1]  ; ml_inference_boundary:ml_path|result_margin[10] ; clk          ; clk         ; 200.000      ; -0.034     ; 130.354    ;
; 69.653 ; ml_inference_boundary:ml_path|boundary_scores[1][1]  ; ml_inference_boundary:ml_path|result_margin[3]  ; clk          ; clk         ; 200.000      ; -0.034     ; 130.353    ;
; 69.657 ; ml_inference_boundary:ml_path|boundary_scores[1][1]  ; ml_inference_boundary:ml_path|result_margin[7]  ; clk          ; clk         ; 200.000      ; -0.034     ; 130.349    ;
; 69.659 ; ml_inference_boundary:ml_path|boundary_scores[1][1]  ; ml_inference_boundary:ml_path|result_margin[1]  ; clk          ; clk         ; 200.000      ; -0.034     ; 130.347    ;
; 69.910 ; ml_inference_boundary:ml_path|boundary_scores[1][1]  ; ml_inference_boundary:ml_path|result_margin[4]  ; clk          ; clk         ; 200.000      ; -0.031     ; 130.099    ;
; 69.911 ; ml_inference_boundary:ml_path|boundary_scores[1][1]  ; ml_inference_boundary:ml_path|result_margin[13] ; clk          ; clk         ; 200.000      ; -0.031     ; 130.098    ;
; 69.912 ; ml_inference_boundary:ml_path|boundary_scores[1][1]  ; ml_inference_boundary:ml_path|result_margin[0]  ; clk          ; clk         ; 200.000      ; -0.031     ; 130.097    ;
; 69.913 ; ml_inference_boundary:ml_path|boundary_scores[1][1]  ; ml_inference_boundary:ml_path|result_margin[15] ; clk          ; clk         ; 200.000      ; -0.031     ; 130.096    ;
; 69.915 ; ml_inference_boundary:ml_path|boundary_scores[1][1]  ; ml_inference_boundary:ml_path|result_margin[5]  ; clk          ; clk         ; 200.000      ; -0.031     ; 130.094    ;
; 69.915 ; ml_inference_boundary:ml_path|boundary_scores[1][1]  ; ml_inference_boundary:ml_path|result_margin[14] ; clk          ; clk         ; 200.000      ; -0.031     ; 130.094    ;
; 69.920 ; ml_inference_boundary:ml_path|boundary_scores[1][1]  ; ml_inference_boundary:ml_path|result_margin[12] ; clk          ; clk         ; 200.000      ; -0.031     ; 130.089    ;
; 69.971 ; ml_inference_boundary:ml_path|boundary_scores[0][1]  ; ml_inference_boundary:ml_path|result_margin[2]  ; clk          ; clk         ; 200.000      ; -0.028     ; 130.041    ;
; 69.978 ; ml_inference_boundary:ml_path|boundary_scores[0][0]  ; ml_inference_boundary:ml_path|result_margin[2]  ; clk          ; clk         ; 200.000      ; -0.028     ; 130.034    ;
; 70.048 ; ml_inference_boundary:ml_path|boundary_scores[0][1]  ; ml_inference_boundary:ml_path|result_margin[8]  ; clk          ; clk         ; 200.000      ; -0.034     ; 129.958    ;
; 70.050 ; ml_inference_boundary:ml_path|boundary_scores[0][1]  ; ml_inference_boundary:ml_path|result_margin[11] ; clk          ; clk         ; 200.000      ; -0.034     ; 129.956    ;
; 70.052 ; ml_inference_boundary:ml_path|boundary_scores[0][1]  ; ml_inference_boundary:ml_path|result_margin[9]  ; clk          ; clk         ; 200.000      ; -0.034     ; 129.954    ;
; 70.053 ; ml_inference_boundary:ml_path|boundary_scores[0][1]  ; ml_inference_boundary:ml_path|result_margin[6]  ; clk          ; clk         ; 200.000      ; -0.034     ; 129.953    ;
; 70.054 ; ml_inference_boundary:ml_path|boundary_scores[0][1]  ; ml_inference_boundary:ml_path|result_margin[10] ; clk          ; clk         ; 200.000      ; -0.034     ; 129.952    ;
; 70.055 ; ml_inference_boundary:ml_path|boundary_scores[0][0]  ; ml_inference_boundary:ml_path|result_margin[8]  ; clk          ; clk         ; 200.000      ; -0.034     ; 129.951    ;
; 70.055 ; ml_inference_boundary:ml_path|boundary_scores[0][1]  ; ml_inference_boundary:ml_path|result_margin[3]  ; clk          ; clk         ; 200.000      ; -0.034     ; 129.951    ;
; 70.057 ; ml_inference_boundary:ml_path|boundary_scores[0][0]  ; ml_inference_boundary:ml_path|result_margin[11] ; clk          ; clk         ; 200.000      ; -0.034     ; 129.949    ;
; 70.059 ; ml_inference_boundary:ml_path|boundary_scores[0][0]  ; ml_inference_boundary:ml_path|result_margin[9]  ; clk          ; clk         ; 200.000      ; -0.034     ; 129.947    ;
; 70.059 ; ml_inference_boundary:ml_path|boundary_scores[0][1]  ; ml_inference_boundary:ml_path|result_margin[7]  ; clk          ; clk         ; 200.000      ; -0.034     ; 129.947    ;
; 70.060 ; ml_inference_boundary:ml_path|boundary_scores[0][0]  ; ml_inference_boundary:ml_path|result_margin[6]  ; clk          ; clk         ; 200.000      ; -0.034     ; 129.946    ;
; 70.061 ; ml_inference_boundary:ml_path|boundary_scores[0][0]  ; ml_inference_boundary:ml_path|result_margin[10] ; clk          ; clk         ; 200.000      ; -0.034     ; 129.945    ;
; 70.061 ; ml_inference_boundary:ml_path|boundary_scores[0][1]  ; ml_inference_boundary:ml_path|result_margin[1]  ; clk          ; clk         ; 200.000      ; -0.034     ; 129.945    ;
; 70.062 ; ml_inference_boundary:ml_path|boundary_scores[0][0]  ; ml_inference_boundary:ml_path|result_margin[3]  ; clk          ; clk         ; 200.000      ; -0.034     ; 129.944    ;
; 70.066 ; ml_inference_boundary:ml_path|boundary_scores[0][0]  ; ml_inference_boundary:ml_path|result_margin[7]  ; clk          ; clk         ; 200.000      ; -0.034     ; 129.940    ;
; 70.068 ; ml_inference_boundary:ml_path|boundary_scores[0][0]  ; ml_inference_boundary:ml_path|result_margin[1]  ; clk          ; clk         ; 200.000      ; -0.034     ; 129.938    ;
; 70.312 ; ml_inference_boundary:ml_path|boundary_scores[0][1]  ; ml_inference_boundary:ml_path|result_margin[4]  ; clk          ; clk         ; 200.000      ; -0.031     ; 129.697    ;
; 70.313 ; ml_inference_boundary:ml_path|boundary_scores[0][1]  ; ml_inference_boundary:ml_path|result_margin[13] ; clk          ; clk         ; 200.000      ; -0.031     ; 129.696    ;
; 70.314 ; ml_inference_boundary:ml_path|boundary_scores[0][1]  ; ml_inference_boundary:ml_path|result_margin[0]  ; clk          ; clk         ; 200.000      ; -0.031     ; 129.695    ;
; 70.315 ; ml_inference_boundary:ml_path|boundary_scores[0][1]  ; ml_inference_boundary:ml_path|result_margin[15] ; clk          ; clk         ; 200.000      ; -0.031     ; 129.694    ;
; 70.317 ; ml_inference_boundary:ml_path|boundary_scores[0][1]  ; ml_inference_boundary:ml_path|result_margin[5]  ; clk          ; clk         ; 200.000      ; -0.031     ; 129.692    ;
; 70.317 ; ml_inference_boundary:ml_path|boundary_scores[0][1]  ; ml_inference_boundary:ml_path|result_margin[14] ; clk          ; clk         ; 200.000      ; -0.031     ; 129.692    ;
; 70.319 ; ml_inference_boundary:ml_path|boundary_scores[0][0]  ; ml_inference_boundary:ml_path|result_margin[4]  ; clk          ; clk         ; 200.000      ; -0.031     ; 129.690    ;
; 70.320 ; ml_inference_boundary:ml_path|boundary_scores[0][0]  ; ml_inference_boundary:ml_path|result_margin[13] ; clk          ; clk         ; 200.000      ; -0.031     ; 129.689    ;
; 70.321 ; ml_inference_boundary:ml_path|boundary_scores[0][0]  ; ml_inference_boundary:ml_path|result_margin[0]  ; clk          ; clk         ; 200.000      ; -0.031     ; 129.688    ;
; 70.322 ; ml_inference_boundary:ml_path|boundary_scores[0][0]  ; ml_inference_boundary:ml_path|result_margin[15] ; clk          ; clk         ; 200.000      ; -0.031     ; 129.687    ;
; 70.322 ; ml_inference_boundary:ml_path|boundary_scores[0][1]  ; ml_inference_boundary:ml_path|result_margin[12] ; clk          ; clk         ; 200.000      ; -0.031     ; 129.687    ;
; 70.324 ; ml_inference_boundary:ml_path|boundary_scores[0][0]  ; ml_inference_boundary:ml_path|result_margin[5]  ; clk          ; clk         ; 200.000      ; -0.031     ; 129.685    ;
; 70.324 ; ml_inference_boundary:ml_path|boundary_scores[0][0]  ; ml_inference_boundary:ml_path|result_margin[14] ; clk          ; clk         ; 200.000      ; -0.031     ; 129.685    ;
; 70.329 ; ml_inference_boundary:ml_path|boundary_scores[0][0]  ; ml_inference_boundary:ml_path|result_margin[12] ; clk          ; clk         ; 200.000      ; -0.031     ; 129.680    ;
; 70.358 ; ml_inference_boundary:ml_path|boundary_scores[1][0]  ; ml_inference_boundary:ml_path|result_margin[2]  ; clk          ; clk         ; 200.000      ; -0.028     ; 129.654    ;
; 70.435 ; ml_inference_boundary:ml_path|boundary_scores[1][0]  ; ml_inference_boundary:ml_path|result_margin[8]  ; clk          ; clk         ; 200.000      ; -0.034     ; 129.571    ;
; 70.437 ; ml_inference_boundary:ml_path|boundary_scores[1][0]  ; ml_inference_boundary:ml_path|result_margin[11] ; clk          ; clk         ; 200.000      ; -0.034     ; 129.569    ;
; 70.439 ; ml_inference_boundary:ml_path|boundary_scores[1][0]  ; ml_inference_boundary:ml_path|result_margin[9]  ; clk          ; clk         ; 200.000      ; -0.034     ; 129.567    ;
; 70.440 ; ml_inference_boundary:ml_path|boundary_scores[1][0]  ; ml_inference_boundary:ml_path|result_margin[6]  ; clk          ; clk         ; 200.000      ; -0.034     ; 129.566    ;
; 70.441 ; ml_inference_boundary:ml_path|boundary_scores[1][0]  ; ml_inference_boundary:ml_path|result_margin[10] ; clk          ; clk         ; 200.000      ; -0.034     ; 129.565    ;
; 70.442 ; ml_inference_boundary:ml_path|boundary_scores[1][0]  ; ml_inference_boundary:ml_path|result_margin[3]  ; clk          ; clk         ; 200.000      ; -0.034     ; 129.564    ;
; 70.446 ; ml_inference_boundary:ml_path|boundary_scores[1][0]  ; ml_inference_boundary:ml_path|result_margin[7]  ; clk          ; clk         ; 200.000      ; -0.034     ; 129.560    ;
; 70.448 ; ml_inference_boundary:ml_path|boundary_scores[1][0]  ; ml_inference_boundary:ml_path|result_margin[1]  ; clk          ; clk         ; 200.000      ; -0.034     ; 129.558    ;
; 70.699 ; ml_inference_boundary:ml_path|boundary_scores[1][0]  ; ml_inference_boundary:ml_path|result_margin[4]  ; clk          ; clk         ; 200.000      ; -0.031     ; 129.310    ;
; 70.700 ; ml_inference_boundary:ml_path|boundary_scores[1][0]  ; ml_inference_boundary:ml_path|result_margin[13] ; clk          ; clk         ; 200.000      ; -0.031     ; 129.309    ;
; 70.701 ; ml_inference_boundary:ml_path|boundary_scores[1][0]  ; ml_inference_boundary:ml_path|result_margin[0]  ; clk          ; clk         ; 200.000      ; -0.031     ; 129.308    ;
; 70.702 ; ml_inference_boundary:ml_path|boundary_scores[1][0]  ; ml_inference_boundary:ml_path|result_margin[15] ; clk          ; clk         ; 200.000      ; -0.031     ; 129.307    ;
; 70.704 ; ml_inference_boundary:ml_path|boundary_scores[1][0]  ; ml_inference_boundary:ml_path|result_margin[5]  ; clk          ; clk         ; 200.000      ; -0.031     ; 129.305    ;
; 70.704 ; ml_inference_boundary:ml_path|boundary_scores[1][0]  ; ml_inference_boundary:ml_path|result_margin[14] ; clk          ; clk         ; 200.000      ; -0.031     ; 129.305    ;
; 70.709 ; ml_inference_boundary:ml_path|boundary_scores[1][0]  ; ml_inference_boundary:ml_path|result_margin[12] ; clk          ; clk         ; 200.000      ; -0.031     ; 129.300    ;
; 71.121 ; ml_inference_boundary:ml_path|boundary_scores[1][2]  ; ml_inference_boundary:ml_path|result_margin[2]  ; clk          ; clk         ; 200.000      ; -0.028     ; 128.891    ;
; 71.182 ; ml_inference_boundary:ml_path|boundary_scores[1][1]  ; ml_inference_boundary:ml_path|result_accepted   ; clk          ; clk         ; 200.000      ; -0.031     ; 128.827    ;
; 71.198 ; ml_inference_boundary:ml_path|boundary_scores[1][2]  ; ml_inference_boundary:ml_path|result_margin[8]  ; clk          ; clk         ; 200.000      ; -0.034     ; 128.808    ;
; 71.200 ; ml_inference_boundary:ml_path|boundary_scores[1][2]  ; ml_inference_boundary:ml_path|result_margin[11] ; clk          ; clk         ; 200.000      ; -0.034     ; 128.806    ;
; 71.202 ; ml_inference_boundary:ml_path|boundary_scores[1][2]  ; ml_inference_boundary:ml_path|result_margin[9]  ; clk          ; clk         ; 200.000      ; -0.034     ; 128.804    ;
; 71.203 ; ml_inference_boundary:ml_path|boundary_scores[1][2]  ; ml_inference_boundary:ml_path|result_margin[6]  ; clk          ; clk         ; 200.000      ; -0.034     ; 128.803    ;
; 71.204 ; ml_inference_boundary:ml_path|boundary_scores[1][2]  ; ml_inference_boundary:ml_path|result_margin[10] ; clk          ; clk         ; 200.000      ; -0.034     ; 128.802    ;
; 71.205 ; ml_inference_boundary:ml_path|boundary_scores[1][2]  ; ml_inference_boundary:ml_path|result_margin[3]  ; clk          ; clk         ; 200.000      ; -0.034     ; 128.801    ;
; 71.209 ; ml_inference_boundary:ml_path|boundary_scores[1][2]  ; ml_inference_boundary:ml_path|result_margin[7]  ; clk          ; clk         ; 200.000      ; -0.034     ; 128.797    ;
; 71.211 ; ml_inference_boundary:ml_path|boundary_scores[1][2]  ; ml_inference_boundary:ml_path|result_margin[1]  ; clk          ; clk         ; 200.000      ; -0.034     ; 128.795    ;
; 71.462 ; ml_inference_boundary:ml_path|boundary_scores[1][2]  ; ml_inference_boundary:ml_path|result_margin[4]  ; clk          ; clk         ; 200.000      ; -0.031     ; 128.547    ;
; 71.463 ; ml_inference_boundary:ml_path|boundary_scores[1][2]  ; ml_inference_boundary:ml_path|result_margin[13] ; clk          ; clk         ; 200.000      ; -0.031     ; 128.546    ;
; 71.464 ; ml_inference_boundary:ml_path|boundary_scores[1][2]  ; ml_inference_boundary:ml_path|result_margin[0]  ; clk          ; clk         ; 200.000      ; -0.031     ; 128.545    ;
; 71.465 ; ml_inference_boundary:ml_path|boundary_scores[1][2]  ; ml_inference_boundary:ml_path|result_margin[15] ; clk          ; clk         ; 200.000      ; -0.031     ; 128.544    ;
; 71.467 ; ml_inference_boundary:ml_path|boundary_scores[1][2]  ; ml_inference_boundary:ml_path|result_margin[5]  ; clk          ; clk         ; 200.000      ; -0.031     ; 128.542    ;
; 71.467 ; ml_inference_boundary:ml_path|boundary_scores[1][2]  ; ml_inference_boundary:ml_path|result_margin[14] ; clk          ; clk         ; 200.000      ; -0.031     ; 128.542    ;
; 71.472 ; ml_inference_boundary:ml_path|boundary_scores[1][2]  ; ml_inference_boundary:ml_path|result_margin[12] ; clk          ; clk         ; 200.000      ; -0.031     ; 128.537    ;
; 71.584 ; ml_inference_boundary:ml_path|boundary_scores[0][1]  ; ml_inference_boundary:ml_path|result_accepted   ; clk          ; clk         ; 200.000      ; -0.031     ; 128.425    ;
; 71.591 ; ml_inference_boundary:ml_path|boundary_scores[0][0]  ; ml_inference_boundary:ml_path|result_accepted   ; clk          ; clk         ; 200.000      ; -0.031     ; 128.418    ;
; 71.608 ; ml_inference_boundary:ml_path|boundary_scores[0][2]  ; ml_inference_boundary:ml_path|result_margin[2]  ; clk          ; clk         ; 200.000      ; -0.028     ; 128.404    ;
; 71.620 ; ml_inference_boundary:ml_path|boundary_scores[1][11] ; ml_inference_boundary:ml_path|result_margin[2]  ; clk          ; clk         ; 200.000      ; -0.027     ; 128.393    ;
; 71.625 ; ml_inference_boundary:ml_path|boundary_scores[0][11] ; ml_inference_boundary:ml_path|result_margin[2]  ; clk          ; clk         ; 200.000      ; -0.027     ; 128.388    ;
; 71.685 ; ml_inference_boundary:ml_path|boundary_scores[0][2]  ; ml_inference_boundary:ml_path|result_margin[8]  ; clk          ; clk         ; 200.000      ; -0.034     ; 128.321    ;
; 71.687 ; ml_inference_boundary:ml_path|boundary_scores[0][2]  ; ml_inference_boundary:ml_path|result_margin[11] ; clk          ; clk         ; 200.000      ; -0.034     ; 128.319    ;
; 71.689 ; ml_inference_boundary:ml_path|boundary_scores[0][2]  ; ml_inference_boundary:ml_path|result_margin[9]  ; clk          ; clk         ; 200.000      ; -0.034     ; 128.317    ;
; 71.690 ; ml_inference_boundary:ml_path|boundary_scores[0][2]  ; ml_inference_boundary:ml_path|result_margin[6]  ; clk          ; clk         ; 200.000      ; -0.034     ; 128.316    ;
; 71.691 ; ml_inference_boundary:ml_path|boundary_scores[0][2]  ; ml_inference_boundary:ml_path|result_margin[10] ; clk          ; clk         ; 200.000      ; -0.034     ; 128.315    ;
; 71.692 ; ml_inference_boundary:ml_path|boundary_scores[0][2]  ; ml_inference_boundary:ml_path|result_margin[3]  ; clk          ; clk         ; 200.000      ; -0.034     ; 128.314    ;
; 71.696 ; ml_inference_boundary:ml_path|boundary_scores[0][2]  ; ml_inference_boundary:ml_path|result_margin[7]  ; clk          ; clk         ; 200.000      ; -0.034     ; 128.310    ;
; 71.697 ; ml_inference_boundary:ml_path|boundary_scores[1][11] ; ml_inference_boundary:ml_path|result_margin[8]  ; clk          ; clk         ; 200.000      ; -0.033     ; 128.310    ;
; 71.698 ; ml_inference_boundary:ml_path|boundary_scores[0][2]  ; ml_inference_boundary:ml_path|result_margin[1]  ; clk          ; clk         ; 200.000      ; -0.034     ; 128.308    ;
; 71.699 ; ml_inference_boundary:ml_path|boundary_scores[1][11] ; ml_inference_boundary:ml_path|result_margin[11] ; clk          ; clk         ; 200.000      ; -0.033     ; 128.308    ;
; 71.701 ; ml_inference_boundary:ml_path|boundary_scores[1][11] ; ml_inference_boundary:ml_path|result_margin[9]  ; clk          ; clk         ; 200.000      ; -0.033     ; 128.306    ;
; 71.702 ; ml_inference_boundary:ml_path|boundary_scores[1][11] ; ml_inference_boundary:ml_path|result_margin[6]  ; clk          ; clk         ; 200.000      ; -0.033     ; 128.305    ;
; 71.702 ; ml_inference_boundary:ml_path|boundary_scores[0][11] ; ml_inference_boundary:ml_path|result_margin[8]  ; clk          ; clk         ; 200.000      ; -0.033     ; 128.305    ;
; 71.703 ; ml_inference_boundary:ml_path|boundary_scores[1][11] ; ml_inference_boundary:ml_path|result_margin[10] ; clk          ; clk         ; 200.000      ; -0.033     ; 128.304    ;
+--------+------------------------------------------------------+-------------------------------------------------+--------------+-------------+--------------+------------+------------+


+---------------------------------------------------------------------------------------------------------------------------------------------------------------------------------------------------------------------------+
; Slow Model Hold: 'clk'                                                                                                                                                                                                    ;
+-------+----------------------------------------------------------------------+----------------------------------------------------------------------+--------------+-------------+--------------+------------+------------+
; Slack ; From Node                                                            ; To Node                                                              ; Launch Clock ; Latch Clock ; Relationship ; Clock Skew ; Data Delay ;
+-------+----------------------------------------------------------------------+----------------------------------------------------------------------+--------------+-------------+--------------+------------+------------+
; 0.499 ; touch_capture_top:touch_path|touch_frame_adapter:frame|stream_busy   ; touch_capture_top:touch_path|touch_frame_adapter:frame|stream_busy   ; clk          ; clk         ; 0.000        ; 0.000      ; 0.805      ;
; 0.499 ; ml_inference_boundary:ml_path|state.IDLE                             ; ml_inference_boundary:ml_path|state.IDLE                             ; clk          ; clk         ; 0.000        ; 0.000      ; 0.805      ;
; 0.499 ; ml_inference_boundary:ml_path|state.LOAD                             ; ml_inference_boundary:ml_path|state.LOAD                             ; clk          ; clk         ; 0.000        ; 0.000      ; 0.805      ;
; 0.499 ; ml_inference_boundary:ml_path|pixel_idx[1]                           ; ml_inference_boundary:ml_path|pixel_idx[1]                           ; clk          ; clk         ; 0.000        ; 0.000      ; 0.805      ;
; 0.499 ; ml_inference_boundary:ml_path|pixel_idx[2]                           ; ml_inference_boundary:ml_path|pixel_idx[2]                           ; clk          ; clk         ; 0.000        ; 0.000      ; 0.805      ;
; 0.499 ; ml_inference_boundary:ml_path|pixel_idx[3]                           ; ml_inference_boundary:ml_path|pixel_idx[3]                           ; clk          ; clk         ; 0.000        ; 0.000      ; 0.805      ;
; 0.499 ; ml_inference_boundary:ml_path|pixel_idx[4]                           ; ml_inference_boundary:ml_path|pixel_idx[4]                           ; clk          ; clk         ; 0.000        ; 0.000      ; 0.805      ;
; 0.499 ; ml_inference_boundary:ml_path|neuron[0]                              ; ml_inference_boundary:ml_path|neuron[0]                              ; clk          ; clk         ; 0.000        ; 0.000      ; 0.805      ;
; 0.499 ; ml_inference_boundary:ml_path|neuron[1]                              ; ml_inference_boundary:ml_path|neuron[1]                              ; clk          ; clk         ; 0.000        ; 0.000      ; 0.805      ;
; 0.499 ; ml_inference_boundary:ml_path|neuron[2]                              ; ml_inference_boundary:ml_path|neuron[2]                              ; clk          ; clk         ; 0.000        ; 0.000      ; 0.805      ;
; 0.499 ; ml_inference_boundary:ml_path|neuron[3]                              ; ml_inference_boundary:ml_path|neuron[3]                              ; clk          ; clk         ; 0.000        ; 0.000      ; 0.805      ;
; 0.499 ; ml_inference_boundary:ml_path|neuron[5]                              ; ml_inference_boundary:ml_path|neuron[5]                              ; clk          ; clk         ; 0.000        ; 0.000      ; 0.805      ;
; 0.499 ; ml_inference_boundary:ml_path|neuron[6]                              ; ml_inference_boundary:ml_path|neuron[6]                              ; clk          ; clk         ; 0.000        ; 0.000      ; 0.805      ;
; 0.499 ; ml_inference_boundary:ml_path|neuron[7]                              ; ml_inference_boundary:ml_path|neuron[7]                              ; clk          ; clk         ; 0.000        ; 0.000      ; 0.805      ;
; 0.499 ; ml_inference_boundary:ml_path|neuron[8]                              ; ml_inference_boundary:ml_path|neuron[8]                              ; clk          ; clk         ; 0.000        ; 0.000      ; 0.805      ;
; 0.499 ; ml_inference_boundary:ml_path|neuron[9]                              ; ml_inference_boundary:ml_path|neuron[9]                              ; clk          ; clk         ; 0.000        ; 0.000      ; 0.805      ;
; 0.499 ; ml_inference_boundary:ml_path|neuron[10]                             ; ml_inference_boundary:ml_path|neuron[10]                             ; clk          ; clk         ; 0.000        ; 0.000      ; 0.805      ;
; 0.499 ; ml_inference_boundary:ml_path|neuron[11]                             ; ml_inference_boundary:ml_path|neuron[11]                             ; clk          ; clk         ; 0.000        ; 0.000      ; 0.805      ;
; 0.499 ; ml_inference_boundary:ml_path|neuron[12]                             ; ml_inference_boundary:ml_path|neuron[12]                             ; clk          ; clk         ; 0.000        ; 0.000      ; 0.805      ;
; 0.499 ; ml_inference_boundary:ml_path|neuron[13]                             ; ml_inference_boundary:ml_path|neuron[13]                             ; clk          ; clk         ; 0.000        ; 0.000      ; 0.805      ;
; 0.499 ; ml_inference_boundary:ml_path|neuron[14]                             ; ml_inference_boundary:ml_path|neuron[14]                             ; clk          ; clk         ; 0.000        ; 0.000      ; 0.805      ;
; 0.499 ; ml_inference_boundary:ml_path|neuron[15]                             ; ml_inference_boundary:ml_path|neuron[15]                             ; clk          ; clk         ; 0.000        ; 0.000      ; 0.805      ;
; 0.499 ; ml_inference_boundary:ml_path|neuron[16]                             ; ml_inference_boundary:ml_path|neuron[16]                             ; clk          ; clk         ; 0.000        ; 0.000      ; 0.805      ;
; 0.499 ; ml_inference_boundary:ml_path|neuron[17]                             ; ml_inference_boundary:ml_path|neuron[17]                             ; clk          ; clk         ; 0.000        ; 0.000      ; 0.805      ;
; 0.499 ; ml_inference_boundary:ml_path|neuron[18]                             ; ml_inference_boundary:ml_path|neuron[18]                             ; clk          ; clk         ; 0.000        ; 0.000      ; 0.805      ;
; 0.499 ; ml_inference_boundary:ml_path|neuron[19]                             ; ml_inference_boundary:ml_path|neuron[19]                             ; clk          ; clk         ; 0.000        ; 0.000      ; 0.805      ;
; 0.499 ; ml_inference_boundary:ml_path|neuron[20]                             ; ml_inference_boundary:ml_path|neuron[20]                             ; clk          ; clk         ; 0.000        ; 0.000      ; 0.805      ;
; 0.499 ; ml_inference_boundary:ml_path|neuron[21]                             ; ml_inference_boundary:ml_path|neuron[21]                             ; clk          ; clk         ; 0.000        ; 0.000      ; 0.805      ;
; 0.499 ; ml_inference_boundary:ml_path|neuron[22]                             ; ml_inference_boundary:ml_path|neuron[22]                             ; clk          ; clk         ; 0.000        ; 0.000      ; 0.805      ;
; 0.499 ; ml_inference_boundary:ml_path|neuron[23]                             ; ml_inference_boundary:ml_path|neuron[23]                             ; clk          ; clk         ; 0.000        ; 0.000      ; 0.805      ;
; 0.499 ; ml_inference_boundary:ml_path|neuron[24]                             ; ml_inference_boundary:ml_path|neuron[24]                             ; clk          ; clk         ; 0.000        ; 0.000      ; 0.805      ;
; 0.499 ; ml_inference_boundary:ml_path|neuron[25]                             ; ml_inference_boundary:ml_path|neuron[25]                             ; clk          ; clk         ; 0.000        ; 0.000      ; 0.805      ;
; 0.499 ; ml_inference_boundary:ml_path|neuron[26]                             ; ml_inference_boundary:ml_path|neuron[26]                             ; clk          ; clk         ; 0.000        ; 0.000      ; 0.805      ;
; 0.499 ; ml_inference_boundary:ml_path|neuron[27]                             ; ml_inference_boundary:ml_path|neuron[27]                             ; clk          ; clk         ; 0.000        ; 0.000      ; 0.805      ;
; 0.499 ; ml_inference_boundary:ml_path|neuron[28]                             ; ml_inference_boundary:ml_path|neuron[28]                             ; clk          ; clk         ; 0.000        ; 0.000      ; 0.805      ;
; 0.499 ; ml_inference_boundary:ml_path|neuron[29]                             ; ml_inference_boundary:ml_path|neuron[29]                             ; clk          ; clk         ; 0.000        ; 0.000      ; 0.805      ;
; 0.499 ; ml_inference_boundary:ml_path|neuron[30]                             ; ml_inference_boundary:ml_path|neuron[30]                             ; clk          ; clk         ; 0.000        ; 0.000      ; 0.805      ;
; 0.499 ; ml_inference_boundary:ml_path|neuron[31]                             ; ml_inference_boundary:ml_path|neuron[31]                             ; clk          ; clk         ; 0.000        ; 0.000      ; 0.805      ;
; 0.499 ; ml_inference_boundary:ml_path|neuron[4]                              ; ml_inference_boundary:ml_path|neuron[4]                              ; clk          ; clk         ; 0.000        ; 0.000      ; 0.805      ;
; 0.499 ; touch_capture_top:touch_path|xpt2046_reader:reader|state.S_IDLE      ; touch_capture_top:touch_path|xpt2046_reader:reader|state.S_IDLE      ; clk          ; clk         ; 0.000        ; 0.000      ; 0.805      ;
; 0.499 ; touch_capture_top:touch_path|xpt2046_reader:reader|axis_y            ; touch_capture_top:touch_path|xpt2046_reader:reader|axis_y            ; clk          ; clk         ; 0.000        ; 0.000      ; 0.805      ;
; 0.499 ; touch_capture_top:touch_path|xpt2046_reader:reader|state.S_GAP       ; touch_capture_top:touch_path|xpt2046_reader:reader|state.S_GAP       ; clk          ; clk         ; 0.000        ; 0.000      ; 0.805      ;
; 0.499 ; touch_capture_top:touch_path|xpt2046_reader:reader|state.S_SPI       ; touch_capture_top:touch_path|xpt2046_reader:reader|state.S_SPI       ; clk          ; clk         ; 0.000        ; 0.000      ; 0.805      ;
; 0.499 ; touch_capture_top:touch_path|xpt2046_reader:reader|divider[0]        ; touch_capture_top:touch_path|xpt2046_reader:reader|divider[0]        ; clk          ; clk         ; 0.000        ; 0.000      ; 0.805      ;
; 0.499 ; touch_capture_top:touch_path|xpt2046_reader:reader|divider[1]        ; touch_capture_top:touch_path|xpt2046_reader:reader|divider[1]        ; clk          ; clk         ; 0.000        ; 0.000      ; 0.805      ;
; 0.499 ; touch_capture_top:touch_path|xpt2046_reader:reader|divider[2]        ; touch_capture_top:touch_path|xpt2046_reader:reader|divider[2]        ; clk          ; clk         ; 0.000        ; 0.000      ; 0.805      ;
; 0.499 ; touch_capture_top:touch_path|xpt2046_reader:reader|divider[3]        ; touch_capture_top:touch_path|xpt2046_reader:reader|divider[3]        ; clk          ; clk         ; 0.000        ; 0.000      ; 0.805      ;
; 0.499 ; touch_capture_top:touch_path|xpt2046_reader:reader|divider[4]        ; touch_capture_top:touch_path|xpt2046_reader:reader|divider[4]        ; clk          ; clk         ; 0.000        ; 0.000      ; 0.805      ;
; 0.499 ; touch_capture_top:touch_path|xpt2046_reader:reader|divider[5]        ; touch_capture_top:touch_path|xpt2046_reader:reader|divider[5]        ; clk          ; clk         ; 0.000        ; 0.000      ; 0.805      ;
; 0.499 ; touch_capture_top:touch_path|xpt2046_reader:reader|divider[6]        ; touch_capture_top:touch_path|xpt2046_reader:reader|divider[6]        ; clk          ; clk         ; 0.000        ; 0.000      ; 0.805      ;
; 0.499 ; touch_capture_top:touch_path|xpt2046_reader:reader|divider[7]        ; touch_capture_top:touch_path|xpt2046_reader:reader|divider[7]        ; clk          ; clk         ; 0.000        ; 0.000      ; 0.805      ;
; 0.499 ; touch_capture_top:touch_path|xpt2046_reader:reader|divider[8]        ; touch_capture_top:touch_path|xpt2046_reader:reader|divider[8]        ; clk          ; clk         ; 0.000        ; 0.000      ; 0.805      ;
; 0.499 ; touch_capture_top:touch_path|xpt2046_reader:reader|divider[9]        ; touch_capture_top:touch_path|xpt2046_reader:reader|divider[9]        ; clk          ; clk         ; 0.000        ; 0.000      ; 0.805      ;
; 0.499 ; touch_capture_top:touch_path|xpt2046_reader:reader|divider[10]       ; touch_capture_top:touch_path|xpt2046_reader:reader|divider[10]       ; clk          ; clk         ; 0.000        ; 0.000      ; 0.805      ;
; 0.499 ; touch_capture_top:touch_path|xpt2046_reader:reader|divider[11]       ; touch_capture_top:touch_path|xpt2046_reader:reader|divider[11]       ; clk          ; clk         ; 0.000        ; 0.000      ; 0.805      ;
; 0.499 ; touch_capture_top:touch_path|xpt2046_reader:reader|divider[12]       ; touch_capture_top:touch_path|xpt2046_reader:reader|divider[12]       ; clk          ; clk         ; 0.000        ; 0.000      ; 0.805      ;
; 0.499 ; touch_capture_top:touch_path|xpt2046_reader:reader|divider[13]       ; touch_capture_top:touch_path|xpt2046_reader:reader|divider[13]       ; clk          ; clk         ; 0.000        ; 0.000      ; 0.805      ;
; 0.499 ; touch_capture_top:touch_path|xpt2046_reader:reader|divider[14]       ; touch_capture_top:touch_path|xpt2046_reader:reader|divider[14]       ; clk          ; clk         ; 0.000        ; 0.000      ; 0.805      ;
; 0.499 ; touch_capture_top:touch_path|xpt2046_reader:reader|divider[15]       ; touch_capture_top:touch_path|xpt2046_reader:reader|divider[15]       ; clk          ; clk         ; 0.000        ; 0.000      ; 0.805      ;
; 0.499 ; touch_capture_top:touch_path|xpt2046_reader:reader|touch_sclk        ; touch_capture_top:touch_path|xpt2046_reader:reader|touch_sclk        ; clk          ; clk         ; 0.000        ; 0.000      ; 0.805      ;
; 0.499 ; touch_capture_top:touch_path|xpt2046_reader:reader|bit_index[0]      ; touch_capture_top:touch_path|xpt2046_reader:reader|bit_index[0]      ; clk          ; clk         ; 0.000        ; 0.000      ; 0.805      ;
; 0.499 ; touch_capture_top:touch_path|xpt2046_reader:reader|bit_index[1]      ; touch_capture_top:touch_path|xpt2046_reader:reader|bit_index[1]      ; clk          ; clk         ; 0.000        ; 0.000      ; 0.805      ;
; 0.499 ; touch_capture_top:touch_path|xpt2046_reader:reader|bit_index[2]      ; touch_capture_top:touch_path|xpt2046_reader:reader|bit_index[2]      ; clk          ; clk         ; 0.000        ; 0.000      ; 0.805      ;
; 0.499 ; touch_capture_top:touch_path|xpt2046_reader:reader|bit_index[3]      ; touch_capture_top:touch_path|xpt2046_reader:reader|bit_index[3]      ; clk          ; clk         ; 0.000        ; 0.000      ; 0.805      ;
; 0.499 ; touch_capture_top:touch_path|xpt2046_reader:reader|bit_index[4]      ; touch_capture_top:touch_path|xpt2046_reader:reader|bit_index[4]      ; clk          ; clk         ; 0.000        ; 0.000      ; 0.805      ;
; 0.499 ; touch_capture_top:touch_path|touch_frame_adapter:frame|frame[194][3] ; touch_capture_top:touch_path|touch_frame_adapter:frame|frame[194][3] ; clk          ; clk         ; 0.000        ; 0.000      ; 0.805      ;
; 0.499 ; touch_capture_top:touch_path|touch_frame_adapter:frame|frame[195][3] ; touch_capture_top:touch_path|touch_frame_adapter:frame|frame[195][3] ; clk          ; clk         ; 0.000        ; 0.000      ; 0.805      ;
; 0.499 ; touch_capture_top:touch_path|touch_frame_adapter:frame|frame[192][3] ; touch_capture_top:touch_path|touch_frame_adapter:frame|frame[192][3] ; clk          ; clk         ; 0.000        ; 0.000      ; 0.805      ;
; 0.499 ; touch_capture_top:touch_path|touch_frame_adapter:frame|frame[193][3] ; touch_capture_top:touch_path|touch_frame_adapter:frame|frame[193][3] ; clk          ; clk         ; 0.000        ; 0.000      ; 0.805      ;
; 0.499 ; touch_capture_top:touch_path|touch_frame_adapter:frame|frame[153][0] ; touch_capture_top:touch_path|touch_frame_adapter:frame|frame[153][0] ; clk          ; clk         ; 0.000        ; 0.000      ; 0.805      ;
; 0.499 ; touch_capture_top:touch_path|touch_frame_adapter:frame|frame[154][0] ; touch_capture_top:touch_path|touch_frame_adapter:frame|frame[154][0] ; clk          ; clk         ; 0.000        ; 0.000      ; 0.805      ;
; 0.499 ; touch_capture_top:touch_path|touch_frame_adapter:frame|frame[152][0] ; touch_capture_top:touch_path|touch_frame_adapter:frame|frame[152][0] ; clk          ; clk         ; 0.000        ; 0.000      ; 0.805      ;
; 0.499 ; touch_capture_top:touch_path|touch_frame_adapter:frame|frame[155][0] ; touch_capture_top:touch_path|touch_frame_adapter:frame|frame[155][0] ; clk          ; clk         ; 0.000        ; 0.000      ; 0.805      ;
; 0.499 ; touch_capture_top:touch_path|touch_frame_adapter:frame|frame[186][0] ; touch_capture_top:touch_path|touch_frame_adapter:frame|frame[186][0] ; clk          ; clk         ; 0.000        ; 0.000      ; 0.805      ;
; 0.499 ; touch_capture_top:touch_path|touch_frame_adapter:frame|frame[184][0] ; touch_capture_top:touch_path|touch_frame_adapter:frame|frame[184][0] ; clk          ; clk         ; 0.000        ; 0.000      ; 0.805      ;
; 0.499 ; touch_capture_top:touch_path|touch_frame_adapter:frame|frame[187][0] ; touch_capture_top:touch_path|touch_frame_adapter:frame|frame[187][0] ; clk          ; clk         ; 0.000        ; 0.000      ; 0.805      ;
; 0.499 ; touch_capture_top:touch_path|touch_frame_adapter:frame|frame[185][0] ; touch_capture_top:touch_path|touch_frame_adapter:frame|frame[185][0] ; clk          ; clk         ; 0.000        ; 0.000      ; 0.805      ;
; 0.499 ; touch_capture_top:touch_path|touch_frame_adapter:frame|frame[138][0] ; touch_capture_top:touch_path|touch_frame_adapter:frame|frame[138][0] ; clk          ; clk         ; 0.000        ; 0.000      ; 0.805      ;
; 0.499 ; touch_capture_top:touch_path|touch_frame_adapter:frame|frame[139][0] ; touch_capture_top:touch_path|touch_frame_adapter:frame|frame[139][0] ; clk          ; clk         ; 0.000        ; 0.000      ; 0.805      ;
; 0.499 ; touch_capture_top:touch_path|touch_frame_adapter:frame|frame[136][0] ; touch_capture_top:touch_path|touch_frame_adapter:frame|frame[136][0] ; clk          ; clk         ; 0.000        ; 0.000      ; 0.805      ;
; 0.499 ; touch_capture_top:touch_path|touch_frame_adapter:frame|frame[137][0] ; touch_capture_top:touch_path|touch_frame_adapter:frame|frame[137][0] ; clk          ; clk         ; 0.000        ; 0.000      ; 0.805      ;
; 0.499 ; touch_capture_top:touch_path|touch_frame_adapter:frame|frame[168][0] ; touch_capture_top:touch_path|touch_frame_adapter:frame|frame[168][0] ; clk          ; clk         ; 0.000        ; 0.000      ; 0.805      ;
; 0.499 ; touch_capture_top:touch_path|touch_frame_adapter:frame|frame[169][0] ; touch_capture_top:touch_path|touch_frame_adapter:frame|frame[169][0] ; clk          ; clk         ; 0.000        ; 0.000      ; 0.805      ;
; 0.499 ; touch_capture_top:touch_path|touch_frame_adapter:frame|frame[170][0] ; touch_capture_top:touch_path|touch_frame_adapter:frame|frame[170][0] ; clk          ; clk         ; 0.000        ; 0.000      ; 0.805      ;
; 0.499 ; touch_capture_top:touch_path|touch_frame_adapter:frame|frame[171][0] ; touch_capture_top:touch_path|touch_frame_adapter:frame|frame[171][0] ; clk          ; clk         ; 0.000        ; 0.000      ; 0.805      ;
; 0.499 ; touch_capture_top:touch_path|touch_frame_adapter:frame|frame[158][0] ; touch_capture_top:touch_path|touch_frame_adapter:frame|frame[158][0] ; clk          ; clk         ; 0.000        ; 0.000      ; 0.805      ;
; 0.499 ; touch_capture_top:touch_path|touch_frame_adapter:frame|frame[142][0] ; touch_capture_top:touch_path|touch_frame_adapter:frame|frame[142][0] ; clk          ; clk         ; 0.000        ; 0.000      ; 0.805      ;
; 0.499 ; touch_capture_top:touch_path|touch_frame_adapter:frame|frame[174][0] ; touch_capture_top:touch_path|touch_frame_adapter:frame|frame[174][0] ; clk          ; clk         ; 0.000        ; 0.000      ; 0.805      ;
; 0.499 ; touch_capture_top:touch_path|touch_frame_adapter:frame|frame[190][0] ; touch_capture_top:touch_path|touch_frame_adapter:frame|frame[190][0] ; clk          ; clk         ; 0.000        ; 0.000      ; 0.805      ;
; 0.499 ; touch_capture_top:touch_path|touch_frame_adapter:frame|frame[157][0] ; touch_capture_top:touch_path|touch_frame_adapter:frame|frame[157][0] ; clk          ; clk         ; 0.000        ; 0.000      ; 0.805      ;
; 0.499 ; touch_capture_top:touch_path|touch_frame_adapter:frame|frame[189][0] ; touch_capture_top:touch_path|touch_frame_adapter:frame|frame[189][0] ; clk          ; clk         ; 0.000        ; 0.000      ; 0.805      ;
; 0.499 ; touch_capture_top:touch_path|touch_frame_adapter:frame|frame[173][0] ; touch_capture_top:touch_path|touch_frame_adapter:frame|frame[173][0] ; clk          ; clk         ; 0.000        ; 0.000      ; 0.805      ;
; 0.499 ; touch_capture_top:touch_path|touch_frame_adapter:frame|frame[141][0] ; touch_capture_top:touch_path|touch_frame_adapter:frame|frame[141][0] ; clk          ; clk         ; 0.000        ; 0.000      ; 0.805      ;
; 0.499 ; touch_capture_top:touch_path|touch_frame_adapter:frame|frame[172][0] ; touch_capture_top:touch_path|touch_frame_adapter:frame|frame[172][0] ; clk          ; clk         ; 0.000        ; 0.000      ; 0.805      ;
; 0.499 ; touch_capture_top:touch_path|touch_frame_adapter:frame|frame[156][0] ; touch_capture_top:touch_path|touch_frame_adapter:frame|frame[156][0] ; clk          ; clk         ; 0.000        ; 0.000      ; 0.805      ;
; 0.499 ; touch_capture_top:touch_path|touch_frame_adapter:frame|frame[140][0] ; touch_capture_top:touch_path|touch_frame_adapter:frame|frame[140][0] ; clk          ; clk         ; 0.000        ; 0.000      ; 0.805      ;
; 0.499 ; touch_capture_top:touch_path|touch_frame_adapter:frame|frame[188][0] ; touch_capture_top:touch_path|touch_frame_adapter:frame|frame[188][0] ; clk          ; clk         ; 0.000        ; 0.000      ; 0.805      ;
; 0.499 ; touch_capture_top:touch_path|touch_frame_adapter:frame|frame[191][3] ; touch_capture_top:touch_path|touch_frame_adapter:frame|frame[191][3] ; clk          ; clk         ; 0.000        ; 0.000      ; 0.805      ;
; 0.499 ; touch_capture_top:touch_path|touch_frame_adapter:frame|frame[159][0] ; touch_capture_top:touch_path|touch_frame_adapter:frame|frame[159][0] ; clk          ; clk         ; 0.000        ; 0.000      ; 0.805      ;
; 0.499 ; touch_capture_top:touch_path|touch_frame_adapter:frame|frame[143][0] ; touch_capture_top:touch_path|touch_frame_adapter:frame|frame[143][0] ; clk          ; clk         ; 0.000        ; 0.000      ; 0.805      ;
+-------+----------------------------------------------------------------------+----------------------------------------------------------------------+--------------+-------------+--------------+------------+------------+


+-------------------------------------------------------------------------------------------------------------------------------------------------------------------------------------------------------+
; Slow Model Minimum Pulse Width: 'clk'                                                                                                                                                                 ;
+--------+--------------+----------------+------------------+-------+------------+----------------------------------------------------------------------------------------------------------------------+
; Slack  ; Actual Width ; Required Width ; Type             ; Clock ; Clock Edge ; Target                                                                                                               ;
+--------+--------------+----------------+------------------+-------+------------+----------------------------------------------------------------------------------------------------------------------+
; 96.933 ; 100.000      ; 3.067          ; High Pulse Width ; clk   ; Rise       ; ml_inference_boundary:ml_path|altsyncram:hidden_rtl_0|altsyncram_sng1:auto_generated|ram_block1a0~porta_address_reg0 ;
; 96.933 ; 100.000      ; 3.067          ; Low Pulse Width  ; clk   ; Rise       ; ml_inference_boundary:ml_path|altsyncram:hidden_rtl_0|altsyncram_sng1:auto_generated|ram_block1a0~porta_address_reg0 ;
; 96.933 ; 100.000      ; 3.067          ; High Pulse Width ; clk   ; Rise       ; ml_inference_boundary:ml_path|altsyncram:hidden_rtl_0|altsyncram_sng1:auto_generated|ram_block1a0~porta_address_reg1 ;
; 96.933 ; 100.000      ; 3.067          ; Low Pulse Width  ; clk   ; Rise       ; ml_inference_boundary:ml_path|altsyncram:hidden_rtl_0|altsyncram_sng1:auto_generated|ram_block1a0~porta_address_reg1 ;
; 96.933 ; 100.000      ; 3.067          ; High Pulse Width ; clk   ; Rise       ; ml_inference_boundary:ml_path|altsyncram:hidden_rtl_0|altsyncram_sng1:auto_generated|ram_block1a0~porta_address_reg2 ;
; 96.933 ; 100.000      ; 3.067          ; Low Pulse Width  ; clk   ; Rise       ; ml_inference_boundary:ml_path|altsyncram:hidden_rtl_0|altsyncram_sng1:auto_generated|ram_block1a0~porta_address_reg2 ;
; 96.933 ; 100.000      ; 3.067          ; High Pulse Width ; clk   ; Rise       ; ml_inference_boundary:ml_path|altsyncram:hidden_rtl_0|altsyncram_sng1:auto_generated|ram_block1a0~porta_address_reg3 ;
; 96.933 ; 100.000      ; 3.067          ; Low Pulse Width  ; clk   ; Rise       ; ml_inference_boundary:ml_path|altsyncram:hidden_rtl_0|altsyncram_sng1:auto_generated|ram_block1a0~porta_address_reg3 ;
; 96.933 ; 100.000      ; 3.067          ; High Pulse Width ; clk   ; Rise       ; ml_inference_boundary:ml_path|altsyncram:hidden_rtl_0|altsyncram_sng1:auto_generated|ram_block1a0~porta_address_reg4 ;
; 96.933 ; 100.000      ; 3.067          ; Low Pulse Width  ; clk   ; Rise       ; ml_inference_boundary:ml_path|altsyncram:hidden_rtl_0|altsyncram_sng1:auto_generated|ram_block1a0~porta_address_reg4 ;
; 96.933 ; 100.000      ; 3.067          ; High Pulse Width ; clk   ; Rise       ; ml_inference_boundary:ml_path|altsyncram:hidden_rtl_0|altsyncram_sng1:auto_generated|ram_block1a0~porta_datain_reg0  ;
; 96.933 ; 100.000      ; 3.067          ; Low Pulse Width  ; clk   ; Rise       ; ml_inference_boundary:ml_path|altsyncram:hidden_rtl_0|altsyncram_sng1:auto_generated|ram_block1a0~porta_datain_reg0  ;
; 96.933 ; 100.000      ; 3.067          ; High Pulse Width ; clk   ; Rise       ; ml_inference_boundary:ml_path|altsyncram:hidden_rtl_0|altsyncram_sng1:auto_generated|ram_block1a0~porta_datain_reg1  ;
; 96.933 ; 100.000      ; 3.067          ; Low Pulse Width  ; clk   ; Rise       ; ml_inference_boundary:ml_path|altsyncram:hidden_rtl_0|altsyncram_sng1:auto_generated|ram_block1a0~porta_datain_reg1  ;
; 96.933 ; 100.000      ; 3.067          ; High Pulse Width ; clk   ; Rise       ; ml_inference_boundary:ml_path|altsyncram:hidden_rtl_0|altsyncram_sng1:auto_generated|ram_block1a0~porta_datain_reg10 ;
; 96.933 ; 100.000      ; 3.067          ; Low Pulse Width  ; clk   ; Rise       ; ml_inference_boundary:ml_path|altsyncram:hidden_rtl_0|altsyncram_sng1:auto_generated|ram_block1a0~porta_datain_reg10 ;
; 96.933 ; 100.000      ; 3.067          ; High Pulse Width ; clk   ; Rise       ; ml_inference_boundary:ml_path|altsyncram:hidden_rtl_0|altsyncram_sng1:auto_generated|ram_block1a0~porta_datain_reg11 ;
; 96.933 ; 100.000      ; 3.067          ; Low Pulse Width  ; clk   ; Rise       ; ml_inference_boundary:ml_path|altsyncram:hidden_rtl_0|altsyncram_sng1:auto_generated|ram_block1a0~porta_datain_reg11 ;
; 96.933 ; 100.000      ; 3.067          ; High Pulse Width ; clk   ; Rise       ; ml_inference_boundary:ml_path|altsyncram:hidden_rtl_0|altsyncram_sng1:auto_generated|ram_block1a0~porta_datain_reg12 ;
; 96.933 ; 100.000      ; 3.067          ; Low Pulse Width  ; clk   ; Rise       ; ml_inference_boundary:ml_path|altsyncram:hidden_rtl_0|altsyncram_sng1:auto_generated|ram_block1a0~porta_datain_reg12 ;
; 96.933 ; 100.000      ; 3.067          ; High Pulse Width ; clk   ; Rise       ; ml_inference_boundary:ml_path|altsyncram:hidden_rtl_0|altsyncram_sng1:auto_generated|ram_block1a0~porta_datain_reg13 ;
; 96.933 ; 100.000      ; 3.067          ; Low Pulse Width  ; clk   ; Rise       ; ml_inference_boundary:ml_path|altsyncram:hidden_rtl_0|altsyncram_sng1:auto_generated|ram_block1a0~porta_datain_reg13 ;
; 96.933 ; 100.000      ; 3.067          ; High Pulse Width ; clk   ; Rise       ; ml_inference_boundary:ml_path|altsyncram:hidden_rtl_0|altsyncram_sng1:auto_generated|ram_block1a0~porta_datain_reg14 ;
; 96.933 ; 100.000      ; 3.067          ; Low Pulse Width  ; clk   ; Rise       ; ml_inference_boundary:ml_path|altsyncram:hidden_rtl_0|altsyncram_sng1:auto_generated|ram_block1a0~porta_datain_reg14 ;
; 96.933 ; 100.000      ; 3.067          ; High Pulse Width ; clk   ; Rise       ; ml_inference_boundary:ml_path|altsyncram:hidden_rtl_0|altsyncram_sng1:auto_generated|ram_block1a0~porta_datain_reg15 ;
; 96.933 ; 100.000      ; 3.067          ; Low Pulse Width  ; clk   ; Rise       ; ml_inference_boundary:ml_path|altsyncram:hidden_rtl_0|altsyncram_sng1:auto_generated|ram_block1a0~porta_datain_reg15 ;
; 96.933 ; 100.000      ; 3.067          ; High Pulse Width ; clk   ; Rise       ; ml_inference_boundary:ml_path|altsyncram:hidden_rtl_0|altsyncram_sng1:auto_generated|ram_block1a0~porta_datain_reg16 ;
; 96.933 ; 100.000      ; 3.067          ; Low Pulse Width  ; clk   ; Rise       ; ml_inference_boundary:ml_path|altsyncram:hidden_rtl_0|altsyncram_sng1:auto_generated|ram_block1a0~porta_datain_reg16 ;
; 96.933 ; 100.000      ; 3.067          ; High Pulse Width ; clk   ; Rise       ; ml_inference_boundary:ml_path|altsyncram:hidden_rtl_0|altsyncram_sng1:auto_generated|ram_block1a0~porta_datain_reg17 ;
; 96.933 ; 100.000      ; 3.067          ; Low Pulse Width  ; clk   ; Rise       ; ml_inference_boundary:ml_path|altsyncram:hidden_rtl_0|altsyncram_sng1:auto_generated|ram_block1a0~porta_datain_reg17 ;
; 96.933 ; 100.000      ; 3.067          ; High Pulse Width ; clk   ; Rise       ; ml_inference_boundary:ml_path|altsyncram:hidden_rtl_0|altsyncram_sng1:auto_generated|ram_block1a0~porta_datain_reg18 ;
; 96.933 ; 100.000      ; 3.067          ; Low Pulse Width  ; clk   ; Rise       ; ml_inference_boundary:ml_path|altsyncram:hidden_rtl_0|altsyncram_sng1:auto_generated|ram_block1a0~porta_datain_reg18 ;
; 96.933 ; 100.000      ; 3.067          ; High Pulse Width ; clk   ; Rise       ; ml_inference_boundary:ml_path|altsyncram:hidden_rtl_0|altsyncram_sng1:auto_generated|ram_block1a0~porta_datain_reg19 ;
; 96.933 ; 100.000      ; 3.067          ; Low Pulse Width  ; clk   ; Rise       ; ml_inference_boundary:ml_path|altsyncram:hidden_rtl_0|altsyncram_sng1:auto_generated|ram_block1a0~porta_datain_reg19 ;
; 96.933 ; 100.000      ; 3.067          ; High Pulse Width ; clk   ; Rise       ; ml_inference_boundary:ml_path|altsyncram:hidden_rtl_0|altsyncram_sng1:auto_generated|ram_block1a0~porta_datain_reg2  ;
; 96.933 ; 100.000      ; 3.067          ; Low Pulse Width  ; clk   ; Rise       ; ml_inference_boundary:ml_path|altsyncram:hidden_rtl_0|altsyncram_sng1:auto_generated|ram_block1a0~porta_datain_reg2  ;
; 96.933 ; 100.000      ; 3.067          ; High Pulse Width ; clk   ; Rise       ; ml_inference_boundary:ml_path|altsyncram:hidden_rtl_0|altsyncram_sng1:auto_generated|ram_block1a0~porta_datain_reg20 ;
; 96.933 ; 100.000      ; 3.067          ; Low Pulse Width  ; clk   ; Rise       ; ml_inference_boundary:ml_path|altsyncram:hidden_rtl_0|altsyncram_sng1:auto_generated|ram_block1a0~porta_datain_reg20 ;
; 96.933 ; 100.000      ; 3.067          ; High Pulse Width ; clk   ; Rise       ; ml_inference_boundary:ml_path|altsyncram:hidden_rtl_0|altsyncram_sng1:auto_generated|ram_block1a0~porta_datain_reg21 ;
; 96.933 ; 100.000      ; 3.067          ; Low Pulse Width  ; clk   ; Rise       ; ml_inference_boundary:ml_path|altsyncram:hidden_rtl_0|altsyncram_sng1:auto_generated|ram_block1a0~porta_datain_reg21 ;
; 96.933 ; 100.000      ; 3.067          ; High Pulse Width ; clk   ; Rise       ; ml_inference_boundary:ml_path|altsyncram:hidden_rtl_0|altsyncram_sng1:auto_generated|ram_block1a0~porta_datain_reg22 ;
; 96.933 ; 100.000      ; 3.067          ; Low Pulse Width  ; clk   ; Rise       ; ml_inference_boundary:ml_path|altsyncram:hidden_rtl_0|altsyncram_sng1:auto_generated|ram_block1a0~porta_datain_reg22 ;
; 96.933 ; 100.000      ; 3.067          ; High Pulse Width ; clk   ; Rise       ; ml_inference_boundary:ml_path|altsyncram:hidden_rtl_0|altsyncram_sng1:auto_generated|ram_block1a0~porta_datain_reg23 ;
; 96.933 ; 100.000      ; 3.067          ; Low Pulse Width  ; clk   ; Rise       ; ml_inference_boundary:ml_path|altsyncram:hidden_rtl_0|altsyncram_sng1:auto_generated|ram_block1a0~porta_datain_reg23 ;
; 96.933 ; 100.000      ; 3.067          ; High Pulse Width ; clk   ; Rise       ; ml_inference_boundary:ml_path|altsyncram:hidden_rtl_0|altsyncram_sng1:auto_generated|ram_block1a0~porta_datain_reg24 ;
; 96.933 ; 100.000      ; 3.067          ; Low Pulse Width  ; clk   ; Rise       ; ml_inference_boundary:ml_path|altsyncram:hidden_rtl_0|altsyncram_sng1:auto_generated|ram_block1a0~porta_datain_reg24 ;
; 96.933 ; 100.000      ; 3.067          ; High Pulse Width ; clk   ; Rise       ; ml_inference_boundary:ml_path|altsyncram:hidden_rtl_0|altsyncram_sng1:auto_generated|ram_block1a0~porta_datain_reg25 ;
; 96.933 ; 100.000      ; 3.067          ; Low Pulse Width  ; clk   ; Rise       ; ml_inference_boundary:ml_path|altsyncram:hidden_rtl_0|altsyncram_sng1:auto_generated|ram_block1a0~porta_datain_reg25 ;
; 96.933 ; 100.000      ; 3.067          ; High Pulse Width ; clk   ; Rise       ; ml_inference_boundary:ml_path|altsyncram:hidden_rtl_0|altsyncram_sng1:auto_generated|ram_block1a0~porta_datain_reg26 ;
; 96.933 ; 100.000      ; 3.067          ; Low Pulse Width  ; clk   ; Rise       ; ml_inference_boundary:ml_path|altsyncram:hidden_rtl_0|altsyncram_sng1:auto_generated|ram_block1a0~porta_datain_reg26 ;
; 96.933 ; 100.000      ; 3.067          ; High Pulse Width ; clk   ; Rise       ; ml_inference_boundary:ml_path|altsyncram:hidden_rtl_0|altsyncram_sng1:auto_generated|ram_block1a0~porta_datain_reg27 ;
; 96.933 ; 100.000      ; 3.067          ; Low Pulse Width  ; clk   ; Rise       ; ml_inference_boundary:ml_path|altsyncram:hidden_rtl_0|altsyncram_sng1:auto_generated|ram_block1a0~porta_datain_reg27 ;
; 96.933 ; 100.000      ; 3.067          ; High Pulse Width ; clk   ; Rise       ; ml_inference_boundary:ml_path|altsyncram:hidden_rtl_0|altsyncram_sng1:auto_generated|ram_block1a0~porta_datain_reg28 ;
; 96.933 ; 100.000      ; 3.067          ; Low Pulse Width  ; clk   ; Rise       ; ml_inference_boundary:ml_path|altsyncram:hidden_rtl_0|altsyncram_sng1:auto_generated|ram_block1a0~porta_datain_reg28 ;
; 96.933 ; 100.000      ; 3.067          ; High Pulse Width ; clk   ; Rise       ; ml_inference_boundary:ml_path|altsyncram:hidden_rtl_0|altsyncram_sng1:auto_generated|ram_block1a0~porta_datain_reg29 ;
; 96.933 ; 100.000      ; 3.067          ; Low Pulse Width  ; clk   ; Rise       ; ml_inference_boundary:ml_path|altsyncram:hidden_rtl_0|altsyncram_sng1:auto_generated|ram_block1a0~porta_datain_reg29 ;
; 96.933 ; 100.000      ; 3.067          ; High Pulse Width ; clk   ; Rise       ; ml_inference_boundary:ml_path|altsyncram:hidden_rtl_0|altsyncram_sng1:auto_generated|ram_block1a0~porta_datain_reg3  ;
; 96.933 ; 100.000      ; 3.067          ; Low Pulse Width  ; clk   ; Rise       ; ml_inference_boundary:ml_path|altsyncram:hidden_rtl_0|altsyncram_sng1:auto_generated|ram_block1a0~porta_datain_reg3  ;
; 96.933 ; 100.000      ; 3.067          ; High Pulse Width ; clk   ; Rise       ; ml_inference_boundary:ml_path|altsyncram:hidden_rtl_0|altsyncram_sng1:auto_generated|ram_block1a0~porta_datain_reg30 ;
; 96.933 ; 100.000      ; 3.067          ; Low Pulse Width  ; clk   ; Rise       ; ml_inference_boundary:ml_path|altsyncram:hidden_rtl_0|altsyncram_sng1:auto_generated|ram_block1a0~porta_datain_reg30 ;
; 96.933 ; 100.000      ; 3.067          ; High Pulse Width ; clk   ; Rise       ; ml_inference_boundary:ml_path|altsyncram:hidden_rtl_0|altsyncram_sng1:auto_generated|ram_block1a0~porta_datain_reg31 ;
; 96.933 ; 100.000      ; 3.067          ; Low Pulse Width  ; clk   ; Rise       ; ml_inference_boundary:ml_path|altsyncram:hidden_rtl_0|altsyncram_sng1:auto_generated|ram_block1a0~porta_datain_reg31 ;
; 96.933 ; 100.000      ; 3.067          ; High Pulse Width ; clk   ; Rise       ; ml_inference_boundary:ml_path|altsyncram:hidden_rtl_0|altsyncram_sng1:auto_generated|ram_block1a0~porta_datain_reg4  ;
; 96.933 ; 100.000      ; 3.067          ; Low Pulse Width  ; clk   ; Rise       ; ml_inference_boundary:ml_path|altsyncram:hidden_rtl_0|altsyncram_sng1:auto_generated|ram_block1a0~porta_datain_reg4  ;
; 96.933 ; 100.000      ; 3.067          ; High Pulse Width ; clk   ; Rise       ; ml_inference_boundary:ml_path|altsyncram:hidden_rtl_0|altsyncram_sng1:auto_generated|ram_block1a0~porta_datain_reg5  ;
; 96.933 ; 100.000      ; 3.067          ; Low Pulse Width  ; clk   ; Rise       ; ml_inference_boundary:ml_path|altsyncram:hidden_rtl_0|altsyncram_sng1:auto_generated|ram_block1a0~porta_datain_reg5  ;
; 96.933 ; 100.000      ; 3.067          ; High Pulse Width ; clk   ; Rise       ; ml_inference_boundary:ml_path|altsyncram:hidden_rtl_0|altsyncram_sng1:auto_generated|ram_block1a0~porta_datain_reg6  ;
; 96.933 ; 100.000      ; 3.067          ; Low Pulse Width  ; clk   ; Rise       ; ml_inference_boundary:ml_path|altsyncram:hidden_rtl_0|altsyncram_sng1:auto_generated|ram_block1a0~porta_datain_reg6  ;
; 96.933 ; 100.000      ; 3.067          ; High Pulse Width ; clk   ; Rise       ; ml_inference_boundary:ml_path|altsyncram:hidden_rtl_0|altsyncram_sng1:auto_generated|ram_block1a0~porta_datain_reg7  ;
; 96.933 ; 100.000      ; 3.067          ; Low Pulse Width  ; clk   ; Rise       ; ml_inference_boundary:ml_path|altsyncram:hidden_rtl_0|altsyncram_sng1:auto_generated|ram_block1a0~porta_datain_reg7  ;
; 96.933 ; 100.000      ; 3.067          ; High Pulse Width ; clk   ; Rise       ; ml_inference_boundary:ml_path|altsyncram:hidden_rtl_0|altsyncram_sng1:auto_generated|ram_block1a0~porta_datain_reg8  ;
; 96.933 ; 100.000      ; 3.067          ; Low Pulse Width  ; clk   ; Rise       ; ml_inference_boundary:ml_path|altsyncram:hidden_rtl_0|altsyncram_sng1:auto_generated|ram_block1a0~porta_datain_reg8  ;
; 96.933 ; 100.000      ; 3.067          ; High Pulse Width ; clk   ; Rise       ; ml_inference_boundary:ml_path|altsyncram:hidden_rtl_0|altsyncram_sng1:auto_generated|ram_block1a0~porta_datain_reg9  ;
; 96.933 ; 100.000      ; 3.067          ; Low Pulse Width  ; clk   ; Rise       ; ml_inference_boundary:ml_path|altsyncram:hidden_rtl_0|altsyncram_sng1:auto_generated|ram_block1a0~porta_datain_reg9  ;
; 96.933 ; 100.000      ; 3.067          ; High Pulse Width ; clk   ; Rise       ; ml_inference_boundary:ml_path|altsyncram:hidden_rtl_0|altsyncram_sng1:auto_generated|ram_block1a0~porta_memory_reg0  ;
; 96.933 ; 100.000      ; 3.067          ; Low Pulse Width  ; clk   ; Rise       ; ml_inference_boundary:ml_path|altsyncram:hidden_rtl_0|altsyncram_sng1:auto_generated|ram_block1a0~porta_memory_reg0  ;
; 96.933 ; 100.000      ; 3.067          ; High Pulse Width ; clk   ; Rise       ; ml_inference_boundary:ml_path|altsyncram:hidden_rtl_0|altsyncram_sng1:auto_generated|ram_block1a0~porta_we_reg       ;
; 96.933 ; 100.000      ; 3.067          ; Low Pulse Width  ; clk   ; Rise       ; ml_inference_boundary:ml_path|altsyncram:hidden_rtl_0|altsyncram_sng1:auto_generated|ram_block1a0~porta_we_reg       ;
; 96.933 ; 100.000      ; 3.067          ; High Pulse Width ; clk   ; Rise       ; ml_inference_boundary:ml_path|altsyncram:hidden_rtl_0|altsyncram_sng1:auto_generated|ram_block1a0~portb_address_reg0 ;
; 96.933 ; 100.000      ; 3.067          ; Low Pulse Width  ; clk   ; Rise       ; ml_inference_boundary:ml_path|altsyncram:hidden_rtl_0|altsyncram_sng1:auto_generated|ram_block1a0~portb_address_reg0 ;
; 96.933 ; 100.000      ; 3.067          ; High Pulse Width ; clk   ; Rise       ; ml_inference_boundary:ml_path|altsyncram:hidden_rtl_0|altsyncram_sng1:auto_generated|ram_block1a0~portb_address_reg1 ;
; 96.933 ; 100.000      ; 3.067          ; Low Pulse Width  ; clk   ; Rise       ; ml_inference_boundary:ml_path|altsyncram:hidden_rtl_0|altsyncram_sng1:auto_generated|ram_block1a0~portb_address_reg1 ;
; 96.933 ; 100.000      ; 3.067          ; High Pulse Width ; clk   ; Rise       ; ml_inference_boundary:ml_path|altsyncram:hidden_rtl_0|altsyncram_sng1:auto_generated|ram_block1a0~portb_address_reg2 ;
; 96.933 ; 100.000      ; 3.067          ; Low Pulse Width  ; clk   ; Rise       ; ml_inference_boundary:ml_path|altsyncram:hidden_rtl_0|altsyncram_sng1:auto_generated|ram_block1a0~portb_address_reg2 ;
; 96.933 ; 100.000      ; 3.067          ; High Pulse Width ; clk   ; Rise       ; ml_inference_boundary:ml_path|altsyncram:hidden_rtl_0|altsyncram_sng1:auto_generated|ram_block1a0~portb_address_reg3 ;
; 96.933 ; 100.000      ; 3.067          ; Low Pulse Width  ; clk   ; Rise       ; ml_inference_boundary:ml_path|altsyncram:hidden_rtl_0|altsyncram_sng1:auto_generated|ram_block1a0~portb_address_reg3 ;
; 96.933 ; 100.000      ; 3.067          ; High Pulse Width ; clk   ; Rise       ; ml_inference_boundary:ml_path|altsyncram:hidden_rtl_0|altsyncram_sng1:auto_generated|ram_block1a0~portb_address_reg4 ;
; 96.933 ; 100.000      ; 3.067          ; Low Pulse Width  ; clk   ; Rise       ; ml_inference_boundary:ml_path|altsyncram:hidden_rtl_0|altsyncram_sng1:auto_generated|ram_block1a0~portb_address_reg4 ;
; 96.933 ; 100.000      ; 3.067          ; High Pulse Width ; clk   ; Rise       ; ml_inference_boundary:ml_path|altsyncram:hidden_rtl_0|altsyncram_sng1:auto_generated|ram_block1a10~porta_memory_reg0 ;
; 96.933 ; 100.000      ; 3.067          ; Low Pulse Width  ; clk   ; Rise       ; ml_inference_boundary:ml_path|altsyncram:hidden_rtl_0|altsyncram_sng1:auto_generated|ram_block1a10~porta_memory_reg0 ;
; 96.933 ; 100.000      ; 3.067          ; High Pulse Width ; clk   ; Rise       ; ml_inference_boundary:ml_path|altsyncram:hidden_rtl_0|altsyncram_sng1:auto_generated|ram_block1a11~porta_memory_reg0 ;
; 96.933 ; 100.000      ; 3.067          ; Low Pulse Width  ; clk   ; Rise       ; ml_inference_boundary:ml_path|altsyncram:hidden_rtl_0|altsyncram_sng1:auto_generated|ram_block1a11~porta_memory_reg0 ;
; 96.933 ; 100.000      ; 3.067          ; High Pulse Width ; clk   ; Rise       ; ml_inference_boundary:ml_path|altsyncram:hidden_rtl_0|altsyncram_sng1:auto_generated|ram_block1a12~porta_memory_reg0 ;
; 96.933 ; 100.000      ; 3.067          ; Low Pulse Width  ; clk   ; Rise       ; ml_inference_boundary:ml_path|altsyncram:hidden_rtl_0|altsyncram_sng1:auto_generated|ram_block1a12~porta_memory_reg0 ;
; 96.933 ; 100.000      ; 3.067          ; High Pulse Width ; clk   ; Rise       ; ml_inference_boundary:ml_path|altsyncram:hidden_rtl_0|altsyncram_sng1:auto_generated|ram_block1a13~porta_memory_reg0 ;
; 96.933 ; 100.000      ; 3.067          ; Low Pulse Width  ; clk   ; Rise       ; ml_inference_boundary:ml_path|altsyncram:hidden_rtl_0|altsyncram_sng1:auto_generated|ram_block1a13~porta_memory_reg0 ;
; 96.933 ; 100.000      ; 3.067          ; High Pulse Width ; clk   ; Rise       ; ml_inference_boundary:ml_path|altsyncram:hidden_rtl_0|altsyncram_sng1:auto_generated|ram_block1a14~porta_memory_reg0 ;
; 96.933 ; 100.000      ; 3.067          ; Low Pulse Width  ; clk   ; Rise       ; ml_inference_boundary:ml_path|altsyncram:hidden_rtl_0|altsyncram_sng1:auto_generated|ram_block1a14~porta_memory_reg0 ;
; 96.933 ; 100.000      ; 3.067          ; High Pulse Width ; clk   ; Rise       ; ml_inference_boundary:ml_path|altsyncram:hidden_rtl_0|altsyncram_sng1:auto_generated|ram_block1a15~porta_memory_reg0 ;
; 96.933 ; 100.000      ; 3.067          ; Low Pulse Width  ; clk   ; Rise       ; ml_inference_boundary:ml_path|altsyncram:hidden_rtl_0|altsyncram_sng1:auto_generated|ram_block1a15~porta_memory_reg0 ;
+--------+--------------+----------------+------------------+-------+------------+----------------------------------------------------------------------------------------------------------------------+


+--------------------------------------------------------------------------+
; Setup Times                                                              ;
+--------------+------------+-------+-------+------------+-----------------+
; Data Port    ; Clock Port ; Rise  ; Fall  ; Clock Edge ; Clock Reference ;
+--------------+------------+-------+-------+------------+-----------------+
; clear_frame  ; clk        ; 4.356 ; 4.356 ; Rise       ; clk             ;
; reset_n      ; clk        ; 8.249 ; 8.249 ; Rise       ; clk             ;
; start_stream ; clk        ; 3.500 ; 3.500 ; Rise       ; clk             ;
; touch_irq_n  ; clk        ; 4.792 ; 4.792 ; Rise       ; clk             ;
; touch_miso   ; clk        ; 0.368 ; 0.368 ; Rise       ; clk             ;
+--------------+------------+-------+-------+------------+-----------------+


+----------------------------------------------------------------------------+
; Hold Times                                                                 ;
+--------------+------------+--------+--------+------------+-----------------+
; Data Port    ; Clock Port ; Rise   ; Fall   ; Clock Edge ; Clock Reference ;
+--------------+------------+--------+--------+------------+-----------------+
; clear_frame  ; clk        ; -1.228 ; -1.228 ; Rise       ; clk             ;
; reset_n      ; clk        ; 0.326  ; 0.326  ; Rise       ; clk             ;
; start_stream ; clk        ; -1.745 ; -1.745 ; Rise       ; clk             ;
; touch_irq_n  ; clk        ; 0.544  ; 0.544  ; Rise       ; clk             ;
; touch_miso   ; clk        ; -0.102 ; -0.102 ; Rise       ; clk             ;
+--------------+------------+--------+--------+------------+-----------------+


+-----------------------------------------------------------------------------------+
; Clock to Output Times                                                             ;
+-----------------------+------------+-------+-------+------------+-----------------+
; Data Port             ; Clock Port ; Rise  ; Fall  ; Clock Edge ; Clock Reference ;
+-----------------------+------------+-------+-------+------------+-----------------+
; ml_busy               ; clk        ; 9.922 ; 9.922 ; Rise       ; clk             ;
; result_accepted       ; clk        ; 7.397 ; 7.397 ; Rise       ; clk             ;
; result_confidence[*]  ; clk        ; 8.517 ; 8.517 ; Rise       ; clk             ;
;  result_confidence[0] ; clk        ; 7.142 ; 7.142 ; Rise       ; clk             ;
;  result_confidence[1] ; clk        ; 7.622 ; 7.622 ; Rise       ; clk             ;
;  result_confidence[2] ; clk        ; 8.243 ; 8.243 ; Rise       ; clk             ;
;  result_confidence[3] ; clk        ; 8.018 ; 8.018 ; Rise       ; clk             ;
;  result_confidence[4] ; clk        ; 7.852 ; 7.852 ; Rise       ; clk             ;
;  result_confidence[5] ; clk        ; 7.623 ; 7.623 ; Rise       ; clk             ;
;  result_confidence[6] ; clk        ; 8.517 ; 8.517 ; Rise       ; clk             ;
;  result_confidence[7] ; clk        ; 8.018 ; 8.018 ; Rise       ; clk             ;
; result_cycles[*]      ; clk        ; 9.152 ; 9.152 ; Rise       ; clk             ;
;  result_cycles[0]     ; clk        ; 7.985 ; 7.985 ; Rise       ; clk             ;
;  result_cycles[1]     ; clk        ; 7.220 ; 7.220 ; Rise       ; clk             ;
;  result_cycles[2]     ; clk        ; 8.289 ; 8.289 ; Rise       ; clk             ;
;  result_cycles[3]     ; clk        ; 7.944 ; 7.944 ; Rise       ; clk             ;
;  result_cycles[4]     ; clk        ; 7.601 ; 7.601 ; Rise       ; clk             ;
;  result_cycles[5]     ; clk        ; 8.141 ; 8.141 ; Rise       ; clk             ;
;  result_cycles[6]     ; clk        ; 8.551 ; 8.551 ; Rise       ; clk             ;
;  result_cycles[7]     ; clk        ; 8.354 ; 8.354 ; Rise       ; clk             ;
;  result_cycles[8]     ; clk        ; 7.980 ; 7.980 ; Rise       ; clk             ;
;  result_cycles[9]     ; clk        ; 8.329 ; 8.329 ; Rise       ; clk             ;
;  result_cycles[10]    ; clk        ; 8.277 ; 8.277 ; Rise       ; clk             ;
;  result_cycles[11]    ; clk        ; 7.946 ; 7.946 ; Rise       ; clk             ;
;  result_cycles[12]    ; clk        ; 7.951 ; 7.951 ; Rise       ; clk             ;
;  result_cycles[13]    ; clk        ; 8.286 ; 8.286 ; Rise       ; clk             ;
;  result_cycles[14]    ; clk        ; 8.218 ; 8.218 ; Rise       ; clk             ;
;  result_cycles[15]    ; clk        ; 7.709 ; 7.709 ; Rise       ; clk             ;
;  result_cycles[16]    ; clk        ; 9.152 ; 9.152 ; Rise       ; clk             ;
;  result_cycles[17]    ; clk        ; 7.887 ; 7.887 ; Rise       ; clk             ;
;  result_cycles[18]    ; clk        ; 7.995 ; 7.995 ; Rise       ; clk             ;
;  result_cycles[19]    ; clk        ; 7.935 ; 7.935 ; Rise       ; clk             ;
;  result_cycles[20]    ; clk        ; 8.073 ; 8.073 ; Rise       ; clk             ;
;  result_cycles[21]    ; clk        ; 8.155 ; 8.155 ; Rise       ; clk             ;
;  result_cycles[22]    ; clk        ; 8.113 ; 8.113 ; Rise       ; clk             ;
;  result_cycles[23]    ; clk        ; 7.669 ; 7.669 ; Rise       ; clk             ;
;  result_cycles[24]    ; clk        ; 8.039 ; 8.039 ; Rise       ; clk             ;
;  result_cycles[25]    ; clk        ; 8.347 ; 8.347 ; Rise       ; clk             ;
;  result_cycles[26]    ; clk        ; 7.595 ; 7.595 ; Rise       ; clk             ;
;  result_cycles[27]    ; clk        ; 7.224 ; 7.224 ; Rise       ; clk             ;
;  result_cycles[28]    ; clk        ; 8.001 ; 8.001 ; Rise       ; clk             ;
;  result_cycles[29]    ; clk        ; 8.032 ; 8.032 ; Rise       ; clk             ;
;  result_cycles[30]    ; clk        ; 8.300 ; 8.300 ; Rise       ; clk             ;
;  result_cycles[31]    ; clk        ; 8.006 ; 8.006 ; Rise       ; clk             ;
; result_digit[*]       ; clk        ; 8.448 ; 8.448 ; Rise       ; clk             ;
;  result_digit[0]      ; clk        ; 7.672 ; 7.672 ; Rise       ; clk             ;
;  result_digit[1]      ; clk        ; 7.667 ; 7.667 ; Rise       ; clk             ;
;  result_digit[2]      ; clk        ; 8.103 ; 8.103 ; Rise       ; clk             ;
;  result_digit[3]      ; clk        ; 8.448 ; 8.448 ; Rise       ; clk             ;
; result_margin[*]      ; clk        ; 7.985 ; 7.985 ; Rise       ; clk             ;
;  result_margin[0]     ; clk        ; 6.820 ; 6.820 ; Rise       ; clk             ;
;  result_margin[1]     ; clk        ; 7.405 ; 7.405 ; Rise       ; clk             ;
;  result_margin[2]     ; clk        ; 7.270 ; 7.270 ; Rise       ; clk             ;
;  result_margin[3]     ; clk        ; 6.817 ; 6.817 ; Rise       ; clk             ;
;  result_margin[4]     ; clk        ; 7.320 ; 7.320 ; Rise       ; clk             ;
;  result_margin[5]     ; clk        ; 7.311 ; 7.311 ; Rise       ; clk             ;
;  result_margin[6]     ; clk        ; 6.805 ; 6.805 ; Rise       ; clk             ;
;  result_margin[7]     ; clk        ; 6.815 ; 6.815 ; Rise       ; clk             ;
;  result_margin[8]     ; clk        ; 7.518 ; 7.518 ; Rise       ; clk             ;
;  result_margin[9]     ; clk        ; 7.883 ; 7.883 ; Rise       ; clk             ;
;  result_margin[10]    ; clk        ; 7.488 ; 7.488 ; Rise       ; clk             ;
;  result_margin[11]    ; clk        ; 7.507 ; 7.507 ; Rise       ; clk             ;
;  result_margin[12]    ; clk        ; 7.985 ; 7.985 ; Rise       ; clk             ;
;  result_margin[13]    ; clk        ; 7.291 ; 7.291 ; Rise       ; clk             ;
;  result_margin[14]    ; clk        ; 7.486 ; 7.486 ; Rise       ; clk             ;
;  result_margin[15]    ; clk        ; 7.252 ; 7.252 ; Rise       ; clk             ;
; result_valid          ; clk        ; 8.001 ; 8.001 ; Rise       ; clk             ;
; touch_cs_n            ; clk        ; 6.785 ; 6.785 ; Rise       ; clk             ;
; touch_mosi            ; clk        ; 7.121 ; 7.121 ; Rise       ; clk             ;
; touch_sclk            ; clk        ; 7.173 ; 7.173 ; Rise       ; clk             ;
+-----------------------+------------+-------+-------+------------+-----------------+


+-----------------------------------------------------------------------------------+
; Minimum Clock to Output Times                                                     ;
+-----------------------+------------+-------+-------+------------+-----------------+
; Data Port             ; Clock Port ; Rise  ; Fall  ; Clock Edge ; Clock Reference ;
+-----------------------+------------+-------+-------+------------+-----------------+
; ml_busy               ; clk        ; 9.438 ; 9.438 ; Rise       ; clk             ;
; result_accepted       ; clk        ; 7.397 ; 7.397 ; Rise       ; clk             ;
; result_confidence[*]  ; clk        ; 7.142 ; 7.142 ; Rise       ; clk             ;
;  result_confidence[0] ; clk        ; 7.142 ; 7.142 ; Rise       ; clk             ;
;  result_confidence[1] ; clk        ; 7.622 ; 7.622 ; Rise       ; clk             ;
;  result_confidence[2] ; clk        ; 8.243 ; 8.243 ; Rise       ; clk             ;
;  result_confidence[3] ; clk        ; 8.018 ; 8.018 ; Rise       ; clk             ;
;  result_confidence[4] ; clk        ; 7.852 ; 7.852 ; Rise       ; clk             ;
;  result_confidence[5] ; clk        ; 7.623 ; 7.623 ; Rise       ; clk             ;
;  result_confidence[6] ; clk        ; 8.517 ; 8.517 ; Rise       ; clk             ;
;  result_confidence[7] ; clk        ; 8.018 ; 8.018 ; Rise       ; clk             ;
; result_cycles[*]      ; clk        ; 7.220 ; 7.220 ; Rise       ; clk             ;
;  result_cycles[0]     ; clk        ; 7.985 ; 7.985 ; Rise       ; clk             ;
;  result_cycles[1]     ; clk        ; 7.220 ; 7.220 ; Rise       ; clk             ;
;  result_cycles[2]     ; clk        ; 8.289 ; 8.289 ; Rise       ; clk             ;
;  result_cycles[3]     ; clk        ; 7.944 ; 7.944 ; Rise       ; clk             ;
;  result_cycles[4]     ; clk        ; 7.601 ; 7.601 ; Rise       ; clk             ;
;  result_cycles[5]     ; clk        ; 8.141 ; 8.141 ; Rise       ; clk             ;
;  result_cycles[6]     ; clk        ; 8.551 ; 8.551 ; Rise       ; clk             ;
;  result_cycles[7]     ; clk        ; 8.354 ; 8.354 ; Rise       ; clk             ;
;  result_cycles[8]     ; clk        ; 7.980 ; 7.980 ; Rise       ; clk             ;
;  result_cycles[9]     ; clk        ; 8.329 ; 8.329 ; Rise       ; clk             ;
;  result_cycles[10]    ; clk        ; 8.277 ; 8.277 ; Rise       ; clk             ;
;  result_cycles[11]    ; clk        ; 7.946 ; 7.946 ; Rise       ; clk             ;
;  result_cycles[12]    ; clk        ; 7.951 ; 7.951 ; Rise       ; clk             ;
;  result_cycles[13]    ; clk        ; 8.286 ; 8.286 ; Rise       ; clk             ;
;  result_cycles[14]    ; clk        ; 8.218 ; 8.218 ; Rise       ; clk             ;
;  result_cycles[15]    ; clk        ; 7.709 ; 7.709 ; Rise       ; clk             ;
;  result_cycles[16]    ; clk        ; 9.152 ; 9.152 ; Rise       ; clk             ;
;  result_cycles[17]    ; clk        ; 7.887 ; 7.887 ; Rise       ; clk             ;
;  result_cycles[18]    ; clk        ; 7.995 ; 7.995 ; Rise       ; clk             ;
;  result_cycles[19]    ; clk        ; 7.935 ; 7.935 ; Rise       ; clk             ;
;  result_cycles[20]    ; clk        ; 8.073 ; 8.073 ; Rise       ; clk             ;
;  result_cycles[21]    ; clk        ; 8.155 ; 8.155 ; Rise       ; clk             ;
;  result_cycles[22]    ; clk        ; 8.113 ; 8.113 ; Rise       ; clk             ;
;  result_cycles[23]    ; clk        ; 7.669 ; 7.669 ; Rise       ; clk             ;
;  result_cycles[24]    ; clk        ; 8.039 ; 8.039 ; Rise       ; clk             ;
;  result_cycles[25]    ; clk        ; 8.347 ; 8.347 ; Rise       ; clk             ;
;  result_cycles[26]    ; clk        ; 7.595 ; 7.595 ; Rise       ; clk             ;
;  result_cycles[27]    ; clk        ; 7.224 ; 7.224 ; Rise       ; clk             ;
;  result_cycles[28]    ; clk        ; 8.001 ; 8.001 ; Rise       ; clk             ;
;  result_cycles[29]    ; clk        ; 8.032 ; 8.032 ; Rise       ; clk             ;
;  result_cycles[30]    ; clk        ; 8.300 ; 8.300 ; Rise       ; clk             ;
;  result_cycles[31]    ; clk        ; 8.006 ; 8.006 ; Rise       ; clk             ;
; result_digit[*]       ; clk        ; 7.667 ; 7.667 ; Rise       ; clk             ;
;  result_digit[0]      ; clk        ; 7.672 ; 7.672 ; Rise       ; clk             ;
;  result_digit[1]      ; clk        ; 7.667 ; 7.667 ; Rise       ; clk             ;
;  result_digit[2]      ; clk        ; 8.103 ; 8.103 ; Rise       ; clk             ;
;  result_digit[3]      ; clk        ; 8.448 ; 8.448 ; Rise       ; clk             ;
; result_margin[*]      ; clk        ; 6.805 ; 6.805 ; Rise       ; clk             ;
;  result_margin[0]     ; clk        ; 6.820 ; 6.820 ; Rise       ; clk             ;
;  result_margin[1]     ; clk        ; 7.405 ; 7.405 ; Rise       ; clk             ;
;  result_margin[2]     ; clk        ; 7.270 ; 7.270 ; Rise       ; clk             ;
;  result_margin[3]     ; clk        ; 6.817 ; 6.817 ; Rise       ; clk             ;
;  result_margin[4]     ; clk        ; 7.320 ; 7.320 ; Rise       ; clk             ;
;  result_margin[5]     ; clk        ; 7.311 ; 7.311 ; Rise       ; clk             ;
;  result_margin[6]     ; clk        ; 6.805 ; 6.805 ; Rise       ; clk             ;
;  result_margin[7]     ; clk        ; 6.815 ; 6.815 ; Rise       ; clk             ;
;  result_margin[8]     ; clk        ; 7.518 ; 7.518 ; Rise       ; clk             ;
;  result_margin[9]     ; clk        ; 7.883 ; 7.883 ; Rise       ; clk             ;
;  result_margin[10]    ; clk        ; 7.488 ; 7.488 ; Rise       ; clk             ;
;  result_margin[11]    ; clk        ; 7.507 ; 7.507 ; Rise       ; clk             ;
;  result_margin[12]    ; clk        ; 7.985 ; 7.985 ; Rise       ; clk             ;
;  result_margin[13]    ; clk        ; 7.291 ; 7.291 ; Rise       ; clk             ;
;  result_margin[14]    ; clk        ; 7.486 ; 7.486 ; Rise       ; clk             ;
;  result_margin[15]    ; clk        ; 7.252 ; 7.252 ; Rise       ; clk             ;
; result_valid          ; clk        ; 8.001 ; 8.001 ; Rise       ; clk             ;
; touch_cs_n            ; clk        ; 6.785 ; 6.785 ; Rise       ; clk             ;
; touch_mosi            ; clk        ; 7.121 ; 7.121 ; Rise       ; clk             ;
; touch_sclk            ; clk        ; 7.173 ; 7.173 ; Rise       ; clk             ;
+-----------------------+------------+-------+-------+------------+-----------------+


+---------------------------------+
; Fast Model Setup Summary        ;
+-------+---------+---------------+
; Clock ; Slack   ; End Point TNS ;
+-------+---------+---------------+
; clk   ; 160.307 ; 0.000         ;
+-------+---------+---------------+


+-------------------------------+
; Fast Model Hold Summary       ;
+-------+-------+---------------+
; Clock ; Slack ; End Point TNS ;
+-------+-------+---------------+
; clk   ; 0.215 ; 0.000         ;
+-------+-------+---------------+


-------------------------------
; Fast Model Recovery Summary ;
-------------------------------
No paths to report.


------------------------------
; Fast Model Removal Summary ;
------------------------------
No paths to report.


+----------------------------------------+
; Fast Model Minimum Pulse Width Summary ;
+-------+--------+-----------------------+
; Clock ; Slack  ; End Point TNS         ;
+-------+--------+-----------------------+
; clk   ; 97.873 ; 0.000                 ;
+-------+--------+-----------------------+


+----------------------------------------------------------------------------------------------------------------------------------------------------------------------------------------+
; Fast Model Setup: 'clk'                                                                                                                                                                ;
+---------+------------------------------------------------------+-------------------------------------------------+--------------+-------------+--------------+------------+------------+
; Slack   ; From Node                                            ; To Node                                         ; Launch Clock ; Latch Clock ; Relationship ; Clock Skew ; Data Delay ;
+---------+------------------------------------------------------+-------------------------------------------------+--------------+-------------+--------------+------------+------------+
; 160.307 ; ml_inference_boundary:ml_path|boundary_scores[1][1]  ; ml_inference_boundary:ml_path|result_margin[8]  ; clk          ; clk         ; 200.000      ; -0.029     ; 39.696     ;
; 160.309 ; ml_inference_boundary:ml_path|boundary_scores[1][1]  ; ml_inference_boundary:ml_path|result_margin[10] ; clk          ; clk         ; 200.000      ; -0.029     ; 39.694     ;
; 160.309 ; ml_inference_boundary:ml_path|boundary_scores[1][1]  ; ml_inference_boundary:ml_path|result_margin[11] ; clk          ; clk         ; 200.000      ; -0.029     ; 39.694     ;
; 160.310 ; ml_inference_boundary:ml_path|boundary_scores[1][1]  ; ml_inference_boundary:ml_path|result_margin[9]  ; clk          ; clk         ; 200.000      ; -0.029     ; 39.693     ;
; 160.313 ; ml_inference_boundary:ml_path|boundary_scores[1][1]  ; ml_inference_boundary:ml_path|result_margin[2]  ; clk          ; clk         ; 200.000      ; -0.022     ; 39.697     ;
; 160.313 ; ml_inference_boundary:ml_path|boundary_scores[1][1]  ; ml_inference_boundary:ml_path|result_margin[3]  ; clk          ; clk         ; 200.000      ; -0.029     ; 39.690     ;
; 160.313 ; ml_inference_boundary:ml_path|boundary_scores[1][1]  ; ml_inference_boundary:ml_path|result_margin[6]  ; clk          ; clk         ; 200.000      ; -0.029     ; 39.690     ;
; 160.315 ; ml_inference_boundary:ml_path|boundary_scores[1][1]  ; ml_inference_boundary:ml_path|result_margin[7]  ; clk          ; clk         ; 200.000      ; -0.029     ; 39.688     ;
; 160.316 ; ml_inference_boundary:ml_path|boundary_scores[1][1]  ; ml_inference_boundary:ml_path|result_margin[1]  ; clk          ; clk         ; 200.000      ; -0.029     ; 39.687     ;
; 160.320 ; ml_inference_boundary:ml_path|boundary_scores[1][1]  ; ml_inference_boundary:ml_path|result_margin[5]  ; clk          ; clk         ; 200.000      ; -0.025     ; 39.687     ;
; 160.327 ; ml_inference_boundary:ml_path|boundary_scores[1][1]  ; ml_inference_boundary:ml_path|result_margin[15] ; clk          ; clk         ; 200.000      ; -0.025     ; 39.680     ;
; 160.349 ; ml_inference_boundary:ml_path|boundary_scores[1][1]  ; ml_inference_boundary:ml_path|result_margin[13] ; clk          ; clk         ; 200.000      ; -0.025     ; 39.658     ;
; 160.404 ; ml_inference_boundary:ml_path|boundary_scores[1][1]  ; ml_inference_boundary:ml_path|result_margin[4]  ; clk          ; clk         ; 200.000      ; -0.025     ; 39.603     ;
; 160.405 ; ml_inference_boundary:ml_path|boundary_scores[0][1]  ; ml_inference_boundary:ml_path|result_margin[8]  ; clk          ; clk         ; 200.000      ; -0.029     ; 39.598     ;
; 160.406 ; ml_inference_boundary:ml_path|boundary_scores[1][1]  ; ml_inference_boundary:ml_path|result_margin[0]  ; clk          ; clk         ; 200.000      ; -0.025     ; 39.601     ;
; 160.407 ; ml_inference_boundary:ml_path|boundary_scores[0][1]  ; ml_inference_boundary:ml_path|result_margin[10] ; clk          ; clk         ; 200.000      ; -0.029     ; 39.596     ;
; 160.407 ; ml_inference_boundary:ml_path|boundary_scores[0][1]  ; ml_inference_boundary:ml_path|result_margin[11] ; clk          ; clk         ; 200.000      ; -0.029     ; 39.596     ;
; 160.408 ; ml_inference_boundary:ml_path|boundary_scores[0][1]  ; ml_inference_boundary:ml_path|result_margin[9]  ; clk          ; clk         ; 200.000      ; -0.029     ; 39.595     ;
; 160.409 ; ml_inference_boundary:ml_path|boundary_scores[1][1]  ; ml_inference_boundary:ml_path|result_margin[14] ; clk          ; clk         ; 200.000      ; -0.025     ; 39.598     ;
; 160.411 ; ml_inference_boundary:ml_path|boundary_scores[0][1]  ; ml_inference_boundary:ml_path|result_margin[2]  ; clk          ; clk         ; 200.000      ; -0.022     ; 39.599     ;
; 160.411 ; ml_inference_boundary:ml_path|boundary_scores[0][1]  ; ml_inference_boundary:ml_path|result_margin[3]  ; clk          ; clk         ; 200.000      ; -0.029     ; 39.592     ;
; 160.411 ; ml_inference_boundary:ml_path|boundary_scores[0][1]  ; ml_inference_boundary:ml_path|result_margin[6]  ; clk          ; clk         ; 200.000      ; -0.029     ; 39.592     ;
; 160.413 ; ml_inference_boundary:ml_path|boundary_scores[1][1]  ; ml_inference_boundary:ml_path|result_margin[12] ; clk          ; clk         ; 200.000      ; -0.025     ; 39.594     ;
; 160.413 ; ml_inference_boundary:ml_path|boundary_scores[0][0]  ; ml_inference_boundary:ml_path|result_margin[8]  ; clk          ; clk         ; 200.000      ; -0.029     ; 39.590     ;
; 160.413 ; ml_inference_boundary:ml_path|boundary_scores[0][1]  ; ml_inference_boundary:ml_path|result_margin[7]  ; clk          ; clk         ; 200.000      ; -0.029     ; 39.590     ;
; 160.414 ; ml_inference_boundary:ml_path|boundary_scores[0][1]  ; ml_inference_boundary:ml_path|result_margin[1]  ; clk          ; clk         ; 200.000      ; -0.029     ; 39.589     ;
; 160.415 ; ml_inference_boundary:ml_path|boundary_scores[0][0]  ; ml_inference_boundary:ml_path|result_margin[10] ; clk          ; clk         ; 200.000      ; -0.029     ; 39.588     ;
; 160.415 ; ml_inference_boundary:ml_path|boundary_scores[0][0]  ; ml_inference_boundary:ml_path|result_margin[11] ; clk          ; clk         ; 200.000      ; -0.029     ; 39.588     ;
; 160.416 ; ml_inference_boundary:ml_path|boundary_scores[0][0]  ; ml_inference_boundary:ml_path|result_margin[9]  ; clk          ; clk         ; 200.000      ; -0.029     ; 39.587     ;
; 160.418 ; ml_inference_boundary:ml_path|boundary_scores[0][1]  ; ml_inference_boundary:ml_path|result_margin[5]  ; clk          ; clk         ; 200.000      ; -0.025     ; 39.589     ;
; 160.419 ; ml_inference_boundary:ml_path|boundary_scores[0][0]  ; ml_inference_boundary:ml_path|result_margin[2]  ; clk          ; clk         ; 200.000      ; -0.022     ; 39.591     ;
; 160.419 ; ml_inference_boundary:ml_path|boundary_scores[0][0]  ; ml_inference_boundary:ml_path|result_margin[3]  ; clk          ; clk         ; 200.000      ; -0.029     ; 39.584     ;
; 160.419 ; ml_inference_boundary:ml_path|boundary_scores[0][0]  ; ml_inference_boundary:ml_path|result_margin[6]  ; clk          ; clk         ; 200.000      ; -0.029     ; 39.584     ;
; 160.421 ; ml_inference_boundary:ml_path|boundary_scores[0][0]  ; ml_inference_boundary:ml_path|result_margin[7]  ; clk          ; clk         ; 200.000      ; -0.029     ; 39.582     ;
; 160.422 ; ml_inference_boundary:ml_path|boundary_scores[0][0]  ; ml_inference_boundary:ml_path|result_margin[1]  ; clk          ; clk         ; 200.000      ; -0.029     ; 39.581     ;
; 160.425 ; ml_inference_boundary:ml_path|boundary_scores[0][1]  ; ml_inference_boundary:ml_path|result_margin[15] ; clk          ; clk         ; 200.000      ; -0.025     ; 39.582     ;
; 160.426 ; ml_inference_boundary:ml_path|boundary_scores[0][0]  ; ml_inference_boundary:ml_path|result_margin[5]  ; clk          ; clk         ; 200.000      ; -0.025     ; 39.581     ;
; 160.433 ; ml_inference_boundary:ml_path|boundary_scores[0][0]  ; ml_inference_boundary:ml_path|result_margin[15] ; clk          ; clk         ; 200.000      ; -0.025     ; 39.574     ;
; 160.447 ; ml_inference_boundary:ml_path|boundary_scores[0][1]  ; ml_inference_boundary:ml_path|result_margin[13] ; clk          ; clk         ; 200.000      ; -0.025     ; 39.560     ;
; 160.455 ; ml_inference_boundary:ml_path|boundary_scores[0][0]  ; ml_inference_boundary:ml_path|result_margin[13] ; clk          ; clk         ; 200.000      ; -0.025     ; 39.552     ;
; 160.502 ; ml_inference_boundary:ml_path|boundary_scores[0][1]  ; ml_inference_boundary:ml_path|result_margin[4]  ; clk          ; clk         ; 200.000      ; -0.025     ; 39.505     ;
; 160.504 ; ml_inference_boundary:ml_path|boundary_scores[0][1]  ; ml_inference_boundary:ml_path|result_margin[0]  ; clk          ; clk         ; 200.000      ; -0.025     ; 39.503     ;
; 160.507 ; ml_inference_boundary:ml_path|boundary_scores[0][1]  ; ml_inference_boundary:ml_path|result_margin[14] ; clk          ; clk         ; 200.000      ; -0.025     ; 39.500     ;
; 160.510 ; ml_inference_boundary:ml_path|boundary_scores[0][0]  ; ml_inference_boundary:ml_path|result_margin[4]  ; clk          ; clk         ; 200.000      ; -0.025     ; 39.497     ;
; 160.511 ; ml_inference_boundary:ml_path|boundary_scores[0][1]  ; ml_inference_boundary:ml_path|result_margin[12] ; clk          ; clk         ; 200.000      ; -0.025     ; 39.496     ;
; 160.512 ; ml_inference_boundary:ml_path|boundary_scores[0][0]  ; ml_inference_boundary:ml_path|result_margin[0]  ; clk          ; clk         ; 200.000      ; -0.025     ; 39.495     ;
; 160.515 ; ml_inference_boundary:ml_path|boundary_scores[0][0]  ; ml_inference_boundary:ml_path|result_margin[14] ; clk          ; clk         ; 200.000      ; -0.025     ; 39.492     ;
; 160.519 ; ml_inference_boundary:ml_path|boundary_scores[0][0]  ; ml_inference_boundary:ml_path|result_margin[12] ; clk          ; clk         ; 200.000      ; -0.025     ; 39.488     ;
; 160.529 ; ml_inference_boundary:ml_path|boundary_scores[1][0]  ; ml_inference_boundary:ml_path|result_margin[8]  ; clk          ; clk         ; 200.000      ; -0.029     ; 39.474     ;
; 160.531 ; ml_inference_boundary:ml_path|boundary_scores[1][0]  ; ml_inference_boundary:ml_path|result_margin[10] ; clk          ; clk         ; 200.000      ; -0.029     ; 39.472     ;
; 160.531 ; ml_inference_boundary:ml_path|boundary_scores[1][0]  ; ml_inference_boundary:ml_path|result_margin[11] ; clk          ; clk         ; 200.000      ; -0.029     ; 39.472     ;
; 160.532 ; ml_inference_boundary:ml_path|boundary_scores[1][0]  ; ml_inference_boundary:ml_path|result_margin[9]  ; clk          ; clk         ; 200.000      ; -0.029     ; 39.471     ;
; 160.535 ; ml_inference_boundary:ml_path|boundary_scores[1][0]  ; ml_inference_boundary:ml_path|result_margin[2]  ; clk          ; clk         ; 200.000      ; -0.022     ; 39.475     ;
; 160.535 ; ml_inference_boundary:ml_path|boundary_scores[1][0]  ; ml_inference_boundary:ml_path|result_margin[3]  ; clk          ; clk         ; 200.000      ; -0.029     ; 39.468     ;
; 160.535 ; ml_inference_boundary:ml_path|boundary_scores[1][0]  ; ml_inference_boundary:ml_path|result_margin[6]  ; clk          ; clk         ; 200.000      ; -0.029     ; 39.468     ;
; 160.537 ; ml_inference_boundary:ml_path|boundary_scores[1][0]  ; ml_inference_boundary:ml_path|result_margin[7]  ; clk          ; clk         ; 200.000      ; -0.029     ; 39.466     ;
; 160.538 ; ml_inference_boundary:ml_path|boundary_scores[1][0]  ; ml_inference_boundary:ml_path|result_margin[1]  ; clk          ; clk         ; 200.000      ; -0.029     ; 39.465     ;
; 160.542 ; ml_inference_boundary:ml_path|boundary_scores[1][0]  ; ml_inference_boundary:ml_path|result_margin[5]  ; clk          ; clk         ; 200.000      ; -0.025     ; 39.465     ;
; 160.549 ; ml_inference_boundary:ml_path|boundary_scores[1][0]  ; ml_inference_boundary:ml_path|result_margin[15] ; clk          ; clk         ; 200.000      ; -0.025     ; 39.458     ;
; 160.571 ; ml_inference_boundary:ml_path|boundary_scores[1][0]  ; ml_inference_boundary:ml_path|result_margin[13] ; clk          ; clk         ; 200.000      ; -0.025     ; 39.436     ;
; 160.626 ; ml_inference_boundary:ml_path|boundary_scores[1][0]  ; ml_inference_boundary:ml_path|result_margin[4]  ; clk          ; clk         ; 200.000      ; -0.025     ; 39.381     ;
; 160.628 ; ml_inference_boundary:ml_path|boundary_scores[1][0]  ; ml_inference_boundary:ml_path|result_margin[0]  ; clk          ; clk         ; 200.000      ; -0.025     ; 39.379     ;
; 160.631 ; ml_inference_boundary:ml_path|boundary_scores[1][0]  ; ml_inference_boundary:ml_path|result_margin[14] ; clk          ; clk         ; 200.000      ; -0.025     ; 39.376     ;
; 160.635 ; ml_inference_boundary:ml_path|boundary_scores[1][0]  ; ml_inference_boundary:ml_path|result_margin[12] ; clk          ; clk         ; 200.000      ; -0.025     ; 39.372     ;
; 160.637 ; ml_inference_boundary:ml_path|boundary_scores[1][1]  ; ml_inference_boundary:ml_path|result_accepted   ; clk          ; clk         ; 200.000      ; -0.025     ; 39.370     ;
; 160.730 ; ml_inference_boundary:ml_path|boundary_scores[1][2]  ; ml_inference_boundary:ml_path|result_margin[8]  ; clk          ; clk         ; 200.000      ; -0.030     ; 39.272     ;
; 160.732 ; ml_inference_boundary:ml_path|boundary_scores[1][2]  ; ml_inference_boundary:ml_path|result_margin[10] ; clk          ; clk         ; 200.000      ; -0.030     ; 39.270     ;
; 160.732 ; ml_inference_boundary:ml_path|boundary_scores[1][2]  ; ml_inference_boundary:ml_path|result_margin[11] ; clk          ; clk         ; 200.000      ; -0.030     ; 39.270     ;
; 160.733 ; ml_inference_boundary:ml_path|boundary_scores[1][2]  ; ml_inference_boundary:ml_path|result_margin[9]  ; clk          ; clk         ; 200.000      ; -0.030     ; 39.269     ;
; 160.735 ; ml_inference_boundary:ml_path|boundary_scores[0][1]  ; ml_inference_boundary:ml_path|result_accepted   ; clk          ; clk         ; 200.000      ; -0.025     ; 39.272     ;
; 160.736 ; ml_inference_boundary:ml_path|boundary_scores[1][2]  ; ml_inference_boundary:ml_path|result_margin[2]  ; clk          ; clk         ; 200.000      ; -0.023     ; 39.273     ;
; 160.736 ; ml_inference_boundary:ml_path|boundary_scores[1][2]  ; ml_inference_boundary:ml_path|result_margin[3]  ; clk          ; clk         ; 200.000      ; -0.030     ; 39.266     ;
; 160.736 ; ml_inference_boundary:ml_path|boundary_scores[1][2]  ; ml_inference_boundary:ml_path|result_margin[6]  ; clk          ; clk         ; 200.000      ; -0.030     ; 39.266     ;
; 160.738 ; ml_inference_boundary:ml_path|boundary_scores[1][2]  ; ml_inference_boundary:ml_path|result_margin[7]  ; clk          ; clk         ; 200.000      ; -0.030     ; 39.264     ;
; 160.739 ; ml_inference_boundary:ml_path|boundary_scores[1][2]  ; ml_inference_boundary:ml_path|result_margin[1]  ; clk          ; clk         ; 200.000      ; -0.030     ; 39.263     ;
; 160.743 ; ml_inference_boundary:ml_path|boundary_scores[1][2]  ; ml_inference_boundary:ml_path|result_margin[5]  ; clk          ; clk         ; 200.000      ; -0.026     ; 39.263     ;
; 160.743 ; ml_inference_boundary:ml_path|boundary_scores[0][0]  ; ml_inference_boundary:ml_path|result_accepted   ; clk          ; clk         ; 200.000      ; -0.025     ; 39.264     ;
; 160.750 ; ml_inference_boundary:ml_path|boundary_scores[1][2]  ; ml_inference_boundary:ml_path|result_margin[15] ; clk          ; clk         ; 200.000      ; -0.026     ; 39.256     ;
; 160.772 ; ml_inference_boundary:ml_path|boundary_scores[1][2]  ; ml_inference_boundary:ml_path|result_margin[13] ; clk          ; clk         ; 200.000      ; -0.026     ; 39.234     ;
; 160.827 ; ml_inference_boundary:ml_path|boundary_scores[1][2]  ; ml_inference_boundary:ml_path|result_margin[4]  ; clk          ; clk         ; 200.000      ; -0.026     ; 39.179     ;
; 160.829 ; ml_inference_boundary:ml_path|boundary_scores[1][2]  ; ml_inference_boundary:ml_path|result_margin[0]  ; clk          ; clk         ; 200.000      ; -0.026     ; 39.177     ;
; 160.832 ; ml_inference_boundary:ml_path|boundary_scores[1][2]  ; ml_inference_boundary:ml_path|result_margin[14] ; clk          ; clk         ; 200.000      ; -0.026     ; 39.174     ;
; 160.836 ; ml_inference_boundary:ml_path|boundary_scores[1][2]  ; ml_inference_boundary:ml_path|result_margin[12] ; clk          ; clk         ; 200.000      ; -0.026     ; 39.170     ;
; 160.859 ; ml_inference_boundary:ml_path|boundary_scores[1][0]  ; ml_inference_boundary:ml_path|result_accepted   ; clk          ; clk         ; 200.000      ; -0.025     ; 39.148     ;
; 160.875 ; ml_inference_boundary:ml_path|boundary_scores[0][2]  ; ml_inference_boundary:ml_path|result_margin[8]  ; clk          ; clk         ; 200.000      ; -0.030     ; 39.127     ;
; 160.877 ; ml_inference_boundary:ml_path|boundary_scores[0][2]  ; ml_inference_boundary:ml_path|result_margin[10] ; clk          ; clk         ; 200.000      ; -0.030     ; 39.125     ;
; 160.877 ; ml_inference_boundary:ml_path|boundary_scores[0][2]  ; ml_inference_boundary:ml_path|result_margin[11] ; clk          ; clk         ; 200.000      ; -0.030     ; 39.125     ;
; 160.878 ; ml_inference_boundary:ml_path|boundary_scores[0][2]  ; ml_inference_boundary:ml_path|result_margin[9]  ; clk          ; clk         ; 200.000      ; -0.030     ; 39.124     ;
; 160.881 ; ml_inference_boundary:ml_path|boundary_scores[0][2]  ; ml_inference_boundary:ml_path|result_margin[2]  ; clk          ; clk         ; 200.000      ; -0.023     ; 39.128     ;
; 160.881 ; ml_inference_boundary:ml_path|boundary_scores[0][2]  ; ml_inference_boundary:ml_path|result_margin[3]  ; clk          ; clk         ; 200.000      ; -0.030     ; 39.121     ;
; 160.881 ; ml_inference_boundary:ml_path|boundary_scores[0][2]  ; ml_inference_boundary:ml_path|result_margin[6]  ; clk          ; clk         ; 200.000      ; -0.030     ; 39.121     ;
; 160.883 ; ml_inference_boundary:ml_path|boundary_scores[0][2]  ; ml_inference_boundary:ml_path|result_margin[7]  ; clk          ; clk         ; 200.000      ; -0.030     ; 39.119     ;
; 160.884 ; ml_inference_boundary:ml_path|boundary_scores[0][2]  ; ml_inference_boundary:ml_path|result_margin[1]  ; clk          ; clk         ; 200.000      ; -0.030     ; 39.118     ;
; 160.888 ; ml_inference_boundary:ml_path|boundary_scores[0][2]  ; ml_inference_boundary:ml_path|result_margin[5]  ; clk          ; clk         ; 200.000      ; -0.026     ; 39.118     ;
; 160.895 ; ml_inference_boundary:ml_path|boundary_scores[0][2]  ; ml_inference_boundary:ml_path|result_margin[15] ; clk          ; clk         ; 200.000      ; -0.026     ; 39.111     ;
; 160.917 ; ml_inference_boundary:ml_path|boundary_scores[0][2]  ; ml_inference_boundary:ml_path|result_margin[13] ; clk          ; clk         ; 200.000      ; -0.026     ; 39.089     ;
; 160.926 ; ml_inference_boundary:ml_path|boundary_scores[0][11] ; ml_inference_boundary:ml_path|result_margin[8]  ; clk          ; clk         ; 200.000      ; -0.029     ; 39.077     ;
; 160.928 ; ml_inference_boundary:ml_path|boundary_scores[0][11] ; ml_inference_boundary:ml_path|result_margin[10] ; clk          ; clk         ; 200.000      ; -0.029     ; 39.075     ;
; 160.928 ; ml_inference_boundary:ml_path|boundary_scores[0][11] ; ml_inference_boundary:ml_path|result_margin[11] ; clk          ; clk         ; 200.000      ; -0.029     ; 39.075     ;
; 160.929 ; ml_inference_boundary:ml_path|boundary_scores[0][11] ; ml_inference_boundary:ml_path|result_margin[9]  ; clk          ; clk         ; 200.000      ; -0.029     ; 39.074     ;
+---------+------------------------------------------------------+-------------------------------------------------+--------------+-------------+--------------+------------+------------+


+---------------------------------------------------------------------------------------------------------------------------------------------------------------------------------------------------------------------------+
; Fast Model Hold: 'clk'                                                                                                                                                                                                    ;
+-------+----------------------------------------------------------------------+----------------------------------------------------------------------+--------------+-------------+--------------+------------+------------+
; Slack ; From Node                                                            ; To Node                                                              ; Launch Clock ; Latch Clock ; Relationship ; Clock Skew ; Data Delay ;
+-------+----------------------------------------------------------------------+----------------------------------------------------------------------+--------------+-------------+--------------+------------+------------+
; 0.215 ; touch_capture_top:touch_path|touch_frame_adapter:frame|stream_busy   ; touch_capture_top:touch_path|touch_frame_adapter:frame|stream_busy   ; clk          ; clk         ; 0.000        ; 0.000      ; 0.367      ;
; 0.215 ; ml_inference_boundary:ml_path|state.IDLE                             ; ml_inference_boundary:ml_path|state.IDLE                             ; clk          ; clk         ; 0.000        ; 0.000      ; 0.367      ;
; 0.215 ; ml_inference_boundary:ml_path|state.LOAD                             ; ml_inference_boundary:ml_path|state.LOAD                             ; clk          ; clk         ; 0.000        ; 0.000      ; 0.367      ;
; 0.215 ; ml_inference_boundary:ml_path|pixel_idx[1]                           ; ml_inference_boundary:ml_path|pixel_idx[1]                           ; clk          ; clk         ; 0.000        ; 0.000      ; 0.367      ;
; 0.215 ; ml_inference_boundary:ml_path|pixel_idx[2]                           ; ml_inference_boundary:ml_path|pixel_idx[2]                           ; clk          ; clk         ; 0.000        ; 0.000      ; 0.367      ;
; 0.215 ; ml_inference_boundary:ml_path|pixel_idx[3]                           ; ml_inference_boundary:ml_path|pixel_idx[3]                           ; clk          ; clk         ; 0.000        ; 0.000      ; 0.367      ;
; 0.215 ; ml_inference_boundary:ml_path|pixel_idx[4]                           ; ml_inference_boundary:ml_path|pixel_idx[4]                           ; clk          ; clk         ; 0.000        ; 0.000      ; 0.367      ;
; 0.215 ; ml_inference_boundary:ml_path|neuron[0]                              ; ml_inference_boundary:ml_path|neuron[0]                              ; clk          ; clk         ; 0.000        ; 0.000      ; 0.367      ;
; 0.215 ; ml_inference_boundary:ml_path|neuron[1]                              ; ml_inference_boundary:ml_path|neuron[1]                              ; clk          ; clk         ; 0.000        ; 0.000      ; 0.367      ;
; 0.215 ; ml_inference_boundary:ml_path|neuron[2]                              ; ml_inference_boundary:ml_path|neuron[2]                              ; clk          ; clk         ; 0.000        ; 0.000      ; 0.367      ;
; 0.215 ; ml_inference_boundary:ml_path|neuron[3]                              ; ml_inference_boundary:ml_path|neuron[3]                              ; clk          ; clk         ; 0.000        ; 0.000      ; 0.367      ;
; 0.215 ; ml_inference_boundary:ml_path|neuron[5]                              ; ml_inference_boundary:ml_path|neuron[5]                              ; clk          ; clk         ; 0.000        ; 0.000      ; 0.367      ;
; 0.215 ; ml_inference_boundary:ml_path|neuron[6]                              ; ml_inference_boundary:ml_path|neuron[6]                              ; clk          ; clk         ; 0.000        ; 0.000      ; 0.367      ;
; 0.215 ; ml_inference_boundary:ml_path|neuron[7]                              ; ml_inference_boundary:ml_path|neuron[7]                              ; clk          ; clk         ; 0.000        ; 0.000      ; 0.367      ;
; 0.215 ; ml_inference_boundary:ml_path|neuron[8]                              ; ml_inference_boundary:ml_path|neuron[8]                              ; clk          ; clk         ; 0.000        ; 0.000      ; 0.367      ;
; 0.215 ; ml_inference_boundary:ml_path|neuron[9]                              ; ml_inference_boundary:ml_path|neuron[9]                              ; clk          ; clk         ; 0.000        ; 0.000      ; 0.367      ;
; 0.215 ; ml_inference_boundary:ml_path|neuron[10]                             ; ml_inference_boundary:ml_path|neuron[10]                             ; clk          ; clk         ; 0.000        ; 0.000      ; 0.367      ;
; 0.215 ; ml_inference_boundary:ml_path|neuron[11]                             ; ml_inference_boundary:ml_path|neuron[11]                             ; clk          ; clk         ; 0.000        ; 0.000      ; 0.367      ;
; 0.215 ; ml_inference_boundary:ml_path|neuron[12]                             ; ml_inference_boundary:ml_path|neuron[12]                             ; clk          ; clk         ; 0.000        ; 0.000      ; 0.367      ;
; 0.215 ; ml_inference_boundary:ml_path|neuron[13]                             ; ml_inference_boundary:ml_path|neuron[13]                             ; clk          ; clk         ; 0.000        ; 0.000      ; 0.367      ;
; 0.215 ; ml_inference_boundary:ml_path|neuron[14]                             ; ml_inference_boundary:ml_path|neuron[14]                             ; clk          ; clk         ; 0.000        ; 0.000      ; 0.367      ;
; 0.215 ; ml_inference_boundary:ml_path|neuron[15]                             ; ml_inference_boundary:ml_path|neuron[15]                             ; clk          ; clk         ; 0.000        ; 0.000      ; 0.367      ;
; 0.215 ; ml_inference_boundary:ml_path|neuron[16]                             ; ml_inference_boundary:ml_path|neuron[16]                             ; clk          ; clk         ; 0.000        ; 0.000      ; 0.367      ;
; 0.215 ; ml_inference_boundary:ml_path|neuron[17]                             ; ml_inference_boundary:ml_path|neuron[17]                             ; clk          ; clk         ; 0.000        ; 0.000      ; 0.367      ;
; 0.215 ; ml_inference_boundary:ml_path|neuron[18]                             ; ml_inference_boundary:ml_path|neuron[18]                             ; clk          ; clk         ; 0.000        ; 0.000      ; 0.367      ;
; 0.215 ; ml_inference_boundary:ml_path|neuron[19]                             ; ml_inference_boundary:ml_path|neuron[19]                             ; clk          ; clk         ; 0.000        ; 0.000      ; 0.367      ;
; 0.215 ; ml_inference_boundary:ml_path|neuron[20]                             ; ml_inference_boundary:ml_path|neuron[20]                             ; clk          ; clk         ; 0.000        ; 0.000      ; 0.367      ;
; 0.215 ; ml_inference_boundary:ml_path|neuron[21]                             ; ml_inference_boundary:ml_path|neuron[21]                             ; clk          ; clk         ; 0.000        ; 0.000      ; 0.367      ;
; 0.215 ; ml_inference_boundary:ml_path|neuron[22]                             ; ml_inference_boundary:ml_path|neuron[22]                             ; clk          ; clk         ; 0.000        ; 0.000      ; 0.367      ;
; 0.215 ; ml_inference_boundary:ml_path|neuron[23]                             ; ml_inference_boundary:ml_path|neuron[23]                             ; clk          ; clk         ; 0.000        ; 0.000      ; 0.367      ;
; 0.215 ; ml_inference_boundary:ml_path|neuron[24]                             ; ml_inference_boundary:ml_path|neuron[24]                             ; clk          ; clk         ; 0.000        ; 0.000      ; 0.367      ;
; 0.215 ; ml_inference_boundary:ml_path|neuron[25]                             ; ml_inference_boundary:ml_path|neuron[25]                             ; clk          ; clk         ; 0.000        ; 0.000      ; 0.367      ;
; 0.215 ; ml_inference_boundary:ml_path|neuron[26]                             ; ml_inference_boundary:ml_path|neuron[26]                             ; clk          ; clk         ; 0.000        ; 0.000      ; 0.367      ;
; 0.215 ; ml_inference_boundary:ml_path|neuron[27]                             ; ml_inference_boundary:ml_path|neuron[27]                             ; clk          ; clk         ; 0.000        ; 0.000      ; 0.367      ;
; 0.215 ; ml_inference_boundary:ml_path|neuron[28]                             ; ml_inference_boundary:ml_path|neuron[28]                             ; clk          ; clk         ; 0.000        ; 0.000      ; 0.367      ;
; 0.215 ; ml_inference_boundary:ml_path|neuron[29]                             ; ml_inference_boundary:ml_path|neuron[29]                             ; clk          ; clk         ; 0.000        ; 0.000      ; 0.367      ;
; 0.215 ; ml_inference_boundary:ml_path|neuron[30]                             ; ml_inference_boundary:ml_path|neuron[30]                             ; clk          ; clk         ; 0.000        ; 0.000      ; 0.367      ;
; 0.215 ; ml_inference_boundary:ml_path|neuron[31]                             ; ml_inference_boundary:ml_path|neuron[31]                             ; clk          ; clk         ; 0.000        ; 0.000      ; 0.367      ;
; 0.215 ; ml_inference_boundary:ml_path|neuron[4]                              ; ml_inference_boundary:ml_path|neuron[4]                              ; clk          ; clk         ; 0.000        ; 0.000      ; 0.367      ;
; 0.215 ; touch_capture_top:touch_path|xpt2046_reader:reader|state.S_IDLE      ; touch_capture_top:touch_path|xpt2046_reader:reader|state.S_IDLE      ; clk          ; clk         ; 0.000        ; 0.000      ; 0.367      ;
; 0.215 ; touch_capture_top:touch_path|xpt2046_reader:reader|axis_y            ; touch_capture_top:touch_path|xpt2046_reader:reader|axis_y            ; clk          ; clk         ; 0.000        ; 0.000      ; 0.367      ;
; 0.215 ; touch_capture_top:touch_path|xpt2046_reader:reader|state.S_GAP       ; touch_capture_top:touch_path|xpt2046_reader:reader|state.S_GAP       ; clk          ; clk         ; 0.000        ; 0.000      ; 0.367      ;
; 0.215 ; touch_capture_top:touch_path|xpt2046_reader:reader|state.S_SPI       ; touch_capture_top:touch_path|xpt2046_reader:reader|state.S_SPI       ; clk          ; clk         ; 0.000        ; 0.000      ; 0.367      ;
; 0.215 ; touch_capture_top:touch_path|xpt2046_reader:reader|divider[0]        ; touch_capture_top:touch_path|xpt2046_reader:reader|divider[0]        ; clk          ; clk         ; 0.000        ; 0.000      ; 0.367      ;
; 0.215 ; touch_capture_top:touch_path|xpt2046_reader:reader|divider[1]        ; touch_capture_top:touch_path|xpt2046_reader:reader|divider[1]        ; clk          ; clk         ; 0.000        ; 0.000      ; 0.367      ;
; 0.215 ; touch_capture_top:touch_path|xpt2046_reader:reader|divider[2]        ; touch_capture_top:touch_path|xpt2046_reader:reader|divider[2]        ; clk          ; clk         ; 0.000        ; 0.000      ; 0.367      ;
; 0.215 ; touch_capture_top:touch_path|xpt2046_reader:reader|divider[3]        ; touch_capture_top:touch_path|xpt2046_reader:reader|divider[3]        ; clk          ; clk         ; 0.000        ; 0.000      ; 0.367      ;
; 0.215 ; touch_capture_top:touch_path|xpt2046_reader:reader|divider[4]        ; touch_capture_top:touch_path|xpt2046_reader:reader|divider[4]        ; clk          ; clk         ; 0.000        ; 0.000      ; 0.367      ;
; 0.215 ; touch_capture_top:touch_path|xpt2046_reader:reader|divider[5]        ; touch_capture_top:touch_path|xpt2046_reader:reader|divider[5]        ; clk          ; clk         ; 0.000        ; 0.000      ; 0.367      ;
; 0.215 ; touch_capture_top:touch_path|xpt2046_reader:reader|divider[6]        ; touch_capture_top:touch_path|xpt2046_reader:reader|divider[6]        ; clk          ; clk         ; 0.000        ; 0.000      ; 0.367      ;
; 0.215 ; touch_capture_top:touch_path|xpt2046_reader:reader|divider[7]        ; touch_capture_top:touch_path|xpt2046_reader:reader|divider[7]        ; clk          ; clk         ; 0.000        ; 0.000      ; 0.367      ;
; 0.215 ; touch_capture_top:touch_path|xpt2046_reader:reader|divider[8]        ; touch_capture_top:touch_path|xpt2046_reader:reader|divider[8]        ; clk          ; clk         ; 0.000        ; 0.000      ; 0.367      ;
; 0.215 ; touch_capture_top:touch_path|xpt2046_reader:reader|divider[9]        ; touch_capture_top:touch_path|xpt2046_reader:reader|divider[9]        ; clk          ; clk         ; 0.000        ; 0.000      ; 0.367      ;
; 0.215 ; touch_capture_top:touch_path|xpt2046_reader:reader|divider[10]       ; touch_capture_top:touch_path|xpt2046_reader:reader|divider[10]       ; clk          ; clk         ; 0.000        ; 0.000      ; 0.367      ;
; 0.215 ; touch_capture_top:touch_path|xpt2046_reader:reader|divider[11]       ; touch_capture_top:touch_path|xpt2046_reader:reader|divider[11]       ; clk          ; clk         ; 0.000        ; 0.000      ; 0.367      ;
; 0.215 ; touch_capture_top:touch_path|xpt2046_reader:reader|divider[12]       ; touch_capture_top:touch_path|xpt2046_reader:reader|divider[12]       ; clk          ; clk         ; 0.000        ; 0.000      ; 0.367      ;
; 0.215 ; touch_capture_top:touch_path|xpt2046_reader:reader|divider[13]       ; touch_capture_top:touch_path|xpt2046_reader:reader|divider[13]       ; clk          ; clk         ; 0.000        ; 0.000      ; 0.367      ;
; 0.215 ; touch_capture_top:touch_path|xpt2046_reader:reader|divider[14]       ; touch_capture_top:touch_path|xpt2046_reader:reader|divider[14]       ; clk          ; clk         ; 0.000        ; 0.000      ; 0.367      ;
; 0.215 ; touch_capture_top:touch_path|xpt2046_reader:reader|divider[15]       ; touch_capture_top:touch_path|xpt2046_reader:reader|divider[15]       ; clk          ; clk         ; 0.000        ; 0.000      ; 0.367      ;
; 0.215 ; touch_capture_top:touch_path|xpt2046_reader:reader|touch_sclk        ; touch_capture_top:touch_path|xpt2046_reader:reader|touch_sclk        ; clk          ; clk         ; 0.000        ; 0.000      ; 0.367      ;
; 0.215 ; touch_capture_top:touch_path|xpt2046_reader:reader|bit_index[0]      ; touch_capture_top:touch_path|xpt2046_reader:reader|bit_index[0]      ; clk          ; clk         ; 0.000        ; 0.000      ; 0.367      ;
; 0.215 ; touch_capture_top:touch_path|xpt2046_reader:reader|bit_index[1]      ; touch_capture_top:touch_path|xpt2046_reader:reader|bit_index[1]      ; clk          ; clk         ; 0.000        ; 0.000      ; 0.367      ;
; 0.215 ; touch_capture_top:touch_path|xpt2046_reader:reader|bit_index[2]      ; touch_capture_top:touch_path|xpt2046_reader:reader|bit_index[2]      ; clk          ; clk         ; 0.000        ; 0.000      ; 0.367      ;
; 0.215 ; touch_capture_top:touch_path|xpt2046_reader:reader|bit_index[3]      ; touch_capture_top:touch_path|xpt2046_reader:reader|bit_index[3]      ; clk          ; clk         ; 0.000        ; 0.000      ; 0.367      ;
; 0.215 ; touch_capture_top:touch_path|xpt2046_reader:reader|bit_index[4]      ; touch_capture_top:touch_path|xpt2046_reader:reader|bit_index[4]      ; clk          ; clk         ; 0.000        ; 0.000      ; 0.367      ;
; 0.215 ; touch_capture_top:touch_path|touch_frame_adapter:frame|frame[194][3] ; touch_capture_top:touch_path|touch_frame_adapter:frame|frame[194][3] ; clk          ; clk         ; 0.000        ; 0.000      ; 0.367      ;
; 0.215 ; touch_capture_top:touch_path|touch_frame_adapter:frame|frame[195][3] ; touch_capture_top:touch_path|touch_frame_adapter:frame|frame[195][3] ; clk          ; clk         ; 0.000        ; 0.000      ; 0.367      ;
; 0.215 ; touch_capture_top:touch_path|touch_frame_adapter:frame|frame[192][3] ; touch_capture_top:touch_path|touch_frame_adapter:frame|frame[192][3] ; clk          ; clk         ; 0.000        ; 0.000      ; 0.367      ;
; 0.215 ; touch_capture_top:touch_path|touch_frame_adapter:frame|frame[193][3] ; touch_capture_top:touch_path|touch_frame_adapter:frame|frame[193][3] ; clk          ; clk         ; 0.000        ; 0.000      ; 0.367      ;
; 0.215 ; touch_capture_top:touch_path|touch_frame_adapter:frame|frame[153][0] ; touch_capture_top:touch_path|touch_frame_adapter:frame|frame[153][0] ; clk          ; clk         ; 0.000        ; 0.000      ; 0.367      ;
; 0.215 ; touch_capture_top:touch_path|touch_frame_adapter:frame|frame[154][0] ; touch_capture_top:touch_path|touch_frame_adapter:frame|frame[154][0] ; clk          ; clk         ; 0.000        ; 0.000      ; 0.367      ;
; 0.215 ; touch_capture_top:touch_path|touch_frame_adapter:frame|frame[152][0] ; touch_capture_top:touch_path|touch_frame_adapter:frame|frame[152][0] ; clk          ; clk         ; 0.000        ; 0.000      ; 0.367      ;
; 0.215 ; touch_capture_top:touch_path|touch_frame_adapter:frame|frame[155][0] ; touch_capture_top:touch_path|touch_frame_adapter:frame|frame[155][0] ; clk          ; clk         ; 0.000        ; 0.000      ; 0.367      ;
; 0.215 ; touch_capture_top:touch_path|touch_frame_adapter:frame|frame[186][0] ; touch_capture_top:touch_path|touch_frame_adapter:frame|frame[186][0] ; clk          ; clk         ; 0.000        ; 0.000      ; 0.367      ;
; 0.215 ; touch_capture_top:touch_path|touch_frame_adapter:frame|frame[184][0] ; touch_capture_top:touch_path|touch_frame_adapter:frame|frame[184][0] ; clk          ; clk         ; 0.000        ; 0.000      ; 0.367      ;
; 0.215 ; touch_capture_top:touch_path|touch_frame_adapter:frame|frame[187][0] ; touch_capture_top:touch_path|touch_frame_adapter:frame|frame[187][0] ; clk          ; clk         ; 0.000        ; 0.000      ; 0.367      ;
; 0.215 ; touch_capture_top:touch_path|touch_frame_adapter:frame|frame[185][0] ; touch_capture_top:touch_path|touch_frame_adapter:frame|frame[185][0] ; clk          ; clk         ; 0.000        ; 0.000      ; 0.367      ;
; 0.215 ; touch_capture_top:touch_path|touch_frame_adapter:frame|frame[138][0] ; touch_capture_top:touch_path|touch_frame_adapter:frame|frame[138][0] ; clk          ; clk         ; 0.000        ; 0.000      ; 0.367      ;
; 0.215 ; touch_capture_top:touch_path|touch_frame_adapter:frame|frame[139][0] ; touch_capture_top:touch_path|touch_frame_adapter:frame|frame[139][0] ; clk          ; clk         ; 0.000        ; 0.000      ; 0.367      ;
; 0.215 ; touch_capture_top:touch_path|touch_frame_adapter:frame|frame[136][0] ; touch_capture_top:touch_path|touch_frame_adapter:frame|frame[136][0] ; clk          ; clk         ; 0.000        ; 0.000      ; 0.367      ;
; 0.215 ; touch_capture_top:touch_path|touch_frame_adapter:frame|frame[137][0] ; touch_capture_top:touch_path|touch_frame_adapter:frame|frame[137][0] ; clk          ; clk         ; 0.000        ; 0.000      ; 0.367      ;
; 0.215 ; touch_capture_top:touch_path|touch_frame_adapter:frame|frame[168][0] ; touch_capture_top:touch_path|touch_frame_adapter:frame|frame[168][0] ; clk          ; clk         ; 0.000        ; 0.000      ; 0.367      ;
; 0.215 ; touch_capture_top:touch_path|touch_frame_adapter:frame|frame[169][0] ; touch_capture_top:touch_path|touch_frame_adapter:frame|frame[169][0] ; clk          ; clk         ; 0.000        ; 0.000      ; 0.367      ;
; 0.215 ; touch_capture_top:touch_path|touch_frame_adapter:frame|frame[170][0] ; touch_capture_top:touch_path|touch_frame_adapter:frame|frame[170][0] ; clk          ; clk         ; 0.000        ; 0.000      ; 0.367      ;
; 0.215 ; touch_capture_top:touch_path|touch_frame_adapter:frame|frame[171][0] ; touch_capture_top:touch_path|touch_frame_adapter:frame|frame[171][0] ; clk          ; clk         ; 0.000        ; 0.000      ; 0.367      ;
; 0.215 ; touch_capture_top:touch_path|touch_frame_adapter:frame|frame[158][0] ; touch_capture_top:touch_path|touch_frame_adapter:frame|frame[158][0] ; clk          ; clk         ; 0.000        ; 0.000      ; 0.367      ;
; 0.215 ; touch_capture_top:touch_path|touch_frame_adapter:frame|frame[142][0] ; touch_capture_top:touch_path|touch_frame_adapter:frame|frame[142][0] ; clk          ; clk         ; 0.000        ; 0.000      ; 0.367      ;
; 0.215 ; touch_capture_top:touch_path|touch_frame_adapter:frame|frame[174][0] ; touch_capture_top:touch_path|touch_frame_adapter:frame|frame[174][0] ; clk          ; clk         ; 0.000        ; 0.000      ; 0.367      ;
; 0.215 ; touch_capture_top:touch_path|touch_frame_adapter:frame|frame[190][0] ; touch_capture_top:touch_path|touch_frame_adapter:frame|frame[190][0] ; clk          ; clk         ; 0.000        ; 0.000      ; 0.367      ;
; 0.215 ; touch_capture_top:touch_path|touch_frame_adapter:frame|frame[157][0] ; touch_capture_top:touch_path|touch_frame_adapter:frame|frame[157][0] ; clk          ; clk         ; 0.000        ; 0.000      ; 0.367      ;
; 0.215 ; touch_capture_top:touch_path|touch_frame_adapter:frame|frame[189][0] ; touch_capture_top:touch_path|touch_frame_adapter:frame|frame[189][0] ; clk          ; clk         ; 0.000        ; 0.000      ; 0.367      ;
; 0.215 ; touch_capture_top:touch_path|touch_frame_adapter:frame|frame[173][0] ; touch_capture_top:touch_path|touch_frame_adapter:frame|frame[173][0] ; clk          ; clk         ; 0.000        ; 0.000      ; 0.367      ;
; 0.215 ; touch_capture_top:touch_path|touch_frame_adapter:frame|frame[141][0] ; touch_capture_top:touch_path|touch_frame_adapter:frame|frame[141][0] ; clk          ; clk         ; 0.000        ; 0.000      ; 0.367      ;
; 0.215 ; touch_capture_top:touch_path|touch_frame_adapter:frame|frame[172][0] ; touch_capture_top:touch_path|touch_frame_adapter:frame|frame[172][0] ; clk          ; clk         ; 0.000        ; 0.000      ; 0.367      ;
; 0.215 ; touch_capture_top:touch_path|touch_frame_adapter:frame|frame[156][0] ; touch_capture_top:touch_path|touch_frame_adapter:frame|frame[156][0] ; clk          ; clk         ; 0.000        ; 0.000      ; 0.367      ;
; 0.215 ; touch_capture_top:touch_path|touch_frame_adapter:frame|frame[140][0] ; touch_capture_top:touch_path|touch_frame_adapter:frame|frame[140][0] ; clk          ; clk         ; 0.000        ; 0.000      ; 0.367      ;
; 0.215 ; touch_capture_top:touch_path|touch_frame_adapter:frame|frame[188][0] ; touch_capture_top:touch_path|touch_frame_adapter:frame|frame[188][0] ; clk          ; clk         ; 0.000        ; 0.000      ; 0.367      ;
; 0.215 ; touch_capture_top:touch_path|touch_frame_adapter:frame|frame[191][3] ; touch_capture_top:touch_path|touch_frame_adapter:frame|frame[191][3] ; clk          ; clk         ; 0.000        ; 0.000      ; 0.367      ;
; 0.215 ; touch_capture_top:touch_path|touch_frame_adapter:frame|frame[159][0] ; touch_capture_top:touch_path|touch_frame_adapter:frame|frame[159][0] ; clk          ; clk         ; 0.000        ; 0.000      ; 0.367      ;
; 0.215 ; touch_capture_top:touch_path|touch_frame_adapter:frame|frame[143][0] ; touch_capture_top:touch_path|touch_frame_adapter:frame|frame[143][0] ; clk          ; clk         ; 0.000        ; 0.000      ; 0.367      ;
+-------+----------------------------------------------------------------------+----------------------------------------------------------------------+--------------+-------------+--------------+------------+------------+


+-------------------------------------------------------------------------------------------------------------------------------------------------------------------------------------------------------+
; Fast Model Minimum Pulse Width: 'clk'                                                                                                                                                                 ;
+--------+--------------+----------------+------------------+-------+------------+----------------------------------------------------------------------------------------------------------------------+
; Slack  ; Actual Width ; Required Width ; Type             ; Clock ; Clock Edge ; Target                                                                                                               ;
+--------+--------------+----------------+------------------+-------+------------+----------------------------------------------------------------------------------------------------------------------+
; 97.873 ; 100.000      ; 2.127          ; High Pulse Width ; clk   ; Rise       ; ml_inference_boundary:ml_path|altsyncram:hidden_rtl_0|altsyncram_sng1:auto_generated|ram_block1a0~porta_address_reg0 ;
; 97.873 ; 100.000      ; 2.127          ; Low Pulse Width  ; clk   ; Rise       ; ml_inference_boundary:ml_path|altsyncram:hidden_rtl_0|altsyncram_sng1:auto_generated|ram_block1a0~porta_address_reg0 ;
; 97.873 ; 100.000      ; 2.127          ; High Pulse Width ; clk   ; Rise       ; ml_inference_boundary:ml_path|altsyncram:hidden_rtl_0|altsyncram_sng1:auto_generated|ram_block1a0~porta_address_reg1 ;
; 97.873 ; 100.000      ; 2.127          ; Low Pulse Width  ; clk   ; Rise       ; ml_inference_boundary:ml_path|altsyncram:hidden_rtl_0|altsyncram_sng1:auto_generated|ram_block1a0~porta_address_reg1 ;
; 97.873 ; 100.000      ; 2.127          ; High Pulse Width ; clk   ; Rise       ; ml_inference_boundary:ml_path|altsyncram:hidden_rtl_0|altsyncram_sng1:auto_generated|ram_block1a0~porta_address_reg2 ;
; 97.873 ; 100.000      ; 2.127          ; Low Pulse Width  ; clk   ; Rise       ; ml_inference_boundary:ml_path|altsyncram:hidden_rtl_0|altsyncram_sng1:auto_generated|ram_block1a0~porta_address_reg2 ;
; 97.873 ; 100.000      ; 2.127          ; High Pulse Width ; clk   ; Rise       ; ml_inference_boundary:ml_path|altsyncram:hidden_rtl_0|altsyncram_sng1:auto_generated|ram_block1a0~porta_address_reg3 ;
; 97.873 ; 100.000      ; 2.127          ; Low Pulse Width  ; clk   ; Rise       ; ml_inference_boundary:ml_path|altsyncram:hidden_rtl_0|altsyncram_sng1:auto_generated|ram_block1a0~porta_address_reg3 ;
; 97.873 ; 100.000      ; 2.127          ; High Pulse Width ; clk   ; Rise       ; ml_inference_boundary:ml_path|altsyncram:hidden_rtl_0|altsyncram_sng1:auto_generated|ram_block1a0~porta_address_reg4 ;
; 97.873 ; 100.000      ; 2.127          ; Low Pulse Width  ; clk   ; Rise       ; ml_inference_boundary:ml_path|altsyncram:hidden_rtl_0|altsyncram_sng1:auto_generated|ram_block1a0~porta_address_reg4 ;
; 97.873 ; 100.000      ; 2.127          ; High Pulse Width ; clk   ; Rise       ; ml_inference_boundary:ml_path|altsyncram:hidden_rtl_0|altsyncram_sng1:auto_generated|ram_block1a0~porta_datain_reg0  ;
; 97.873 ; 100.000      ; 2.127          ; Low Pulse Width  ; clk   ; Rise       ; ml_inference_boundary:ml_path|altsyncram:hidden_rtl_0|altsyncram_sng1:auto_generated|ram_block1a0~porta_datain_reg0  ;
; 97.873 ; 100.000      ; 2.127          ; High Pulse Width ; clk   ; Rise       ; ml_inference_boundary:ml_path|altsyncram:hidden_rtl_0|altsyncram_sng1:auto_generated|ram_block1a0~porta_datain_reg1  ;
; 97.873 ; 100.000      ; 2.127          ; Low Pulse Width  ; clk   ; Rise       ; ml_inference_boundary:ml_path|altsyncram:hidden_rtl_0|altsyncram_sng1:auto_generated|ram_block1a0~porta_datain_reg1  ;
; 97.873 ; 100.000      ; 2.127          ; High Pulse Width ; clk   ; Rise       ; ml_inference_boundary:ml_path|altsyncram:hidden_rtl_0|altsyncram_sng1:auto_generated|ram_block1a0~porta_datain_reg10 ;
; 97.873 ; 100.000      ; 2.127          ; Low Pulse Width  ; clk   ; Rise       ; ml_inference_boundary:ml_path|altsyncram:hidden_rtl_0|altsyncram_sng1:auto_generated|ram_block1a0~porta_datain_reg10 ;
; 97.873 ; 100.000      ; 2.127          ; High Pulse Width ; clk   ; Rise       ; ml_inference_boundary:ml_path|altsyncram:hidden_rtl_0|altsyncram_sng1:auto_generated|ram_block1a0~porta_datain_reg11 ;
; 97.873 ; 100.000      ; 2.127          ; Low Pulse Width  ; clk   ; Rise       ; ml_inference_boundary:ml_path|altsyncram:hidden_rtl_0|altsyncram_sng1:auto_generated|ram_block1a0~porta_datain_reg11 ;
; 97.873 ; 100.000      ; 2.127          ; High Pulse Width ; clk   ; Rise       ; ml_inference_boundary:ml_path|altsyncram:hidden_rtl_0|altsyncram_sng1:auto_generated|ram_block1a0~porta_datain_reg12 ;
; 97.873 ; 100.000      ; 2.127          ; Low Pulse Width  ; clk   ; Rise       ; ml_inference_boundary:ml_path|altsyncram:hidden_rtl_0|altsyncram_sng1:auto_generated|ram_block1a0~porta_datain_reg12 ;
; 97.873 ; 100.000      ; 2.127          ; High Pulse Width ; clk   ; Rise       ; ml_inference_boundary:ml_path|altsyncram:hidden_rtl_0|altsyncram_sng1:auto_generated|ram_block1a0~porta_datain_reg13 ;
; 97.873 ; 100.000      ; 2.127          ; Low Pulse Width  ; clk   ; Rise       ; ml_inference_boundary:ml_path|altsyncram:hidden_rtl_0|altsyncram_sng1:auto_generated|ram_block1a0~porta_datain_reg13 ;
; 97.873 ; 100.000      ; 2.127          ; High Pulse Width ; clk   ; Rise       ; ml_inference_boundary:ml_path|altsyncram:hidden_rtl_0|altsyncram_sng1:auto_generated|ram_block1a0~porta_datain_reg14 ;
; 97.873 ; 100.000      ; 2.127          ; Low Pulse Width  ; clk   ; Rise       ; ml_inference_boundary:ml_path|altsyncram:hidden_rtl_0|altsyncram_sng1:auto_generated|ram_block1a0~porta_datain_reg14 ;
; 97.873 ; 100.000      ; 2.127          ; High Pulse Width ; clk   ; Rise       ; ml_inference_boundary:ml_path|altsyncram:hidden_rtl_0|altsyncram_sng1:auto_generated|ram_block1a0~porta_datain_reg15 ;
; 97.873 ; 100.000      ; 2.127          ; Low Pulse Width  ; clk   ; Rise       ; ml_inference_boundary:ml_path|altsyncram:hidden_rtl_0|altsyncram_sng1:auto_generated|ram_block1a0~porta_datain_reg15 ;
; 97.873 ; 100.000      ; 2.127          ; High Pulse Width ; clk   ; Rise       ; ml_inference_boundary:ml_path|altsyncram:hidden_rtl_0|altsyncram_sng1:auto_generated|ram_block1a0~porta_datain_reg16 ;
; 97.873 ; 100.000      ; 2.127          ; Low Pulse Width  ; clk   ; Rise       ; ml_inference_boundary:ml_path|altsyncram:hidden_rtl_0|altsyncram_sng1:auto_generated|ram_block1a0~porta_datain_reg16 ;
; 97.873 ; 100.000      ; 2.127          ; High Pulse Width ; clk   ; Rise       ; ml_inference_boundary:ml_path|altsyncram:hidden_rtl_0|altsyncram_sng1:auto_generated|ram_block1a0~porta_datain_reg17 ;
; 97.873 ; 100.000      ; 2.127          ; Low Pulse Width  ; clk   ; Rise       ; ml_inference_boundary:ml_path|altsyncram:hidden_rtl_0|altsyncram_sng1:auto_generated|ram_block1a0~porta_datain_reg17 ;
; 97.873 ; 100.000      ; 2.127          ; High Pulse Width ; clk   ; Rise       ; ml_inference_boundary:ml_path|altsyncram:hidden_rtl_0|altsyncram_sng1:auto_generated|ram_block1a0~porta_datain_reg18 ;
; 97.873 ; 100.000      ; 2.127          ; Low Pulse Width  ; clk   ; Rise       ; ml_inference_boundary:ml_path|altsyncram:hidden_rtl_0|altsyncram_sng1:auto_generated|ram_block1a0~porta_datain_reg18 ;
; 97.873 ; 100.000      ; 2.127          ; High Pulse Width ; clk   ; Rise       ; ml_inference_boundary:ml_path|altsyncram:hidden_rtl_0|altsyncram_sng1:auto_generated|ram_block1a0~porta_datain_reg19 ;
; 97.873 ; 100.000      ; 2.127          ; Low Pulse Width  ; clk   ; Rise       ; ml_inference_boundary:ml_path|altsyncram:hidden_rtl_0|altsyncram_sng1:auto_generated|ram_block1a0~porta_datain_reg19 ;
; 97.873 ; 100.000      ; 2.127          ; High Pulse Width ; clk   ; Rise       ; ml_inference_boundary:ml_path|altsyncram:hidden_rtl_0|altsyncram_sng1:auto_generated|ram_block1a0~porta_datain_reg2  ;
; 97.873 ; 100.000      ; 2.127          ; Low Pulse Width  ; clk   ; Rise       ; ml_inference_boundary:ml_path|altsyncram:hidden_rtl_0|altsyncram_sng1:auto_generated|ram_block1a0~porta_datain_reg2  ;
; 97.873 ; 100.000      ; 2.127          ; High Pulse Width ; clk   ; Rise       ; ml_inference_boundary:ml_path|altsyncram:hidden_rtl_0|altsyncram_sng1:auto_generated|ram_block1a0~porta_datain_reg20 ;
; 97.873 ; 100.000      ; 2.127          ; Low Pulse Width  ; clk   ; Rise       ; ml_inference_boundary:ml_path|altsyncram:hidden_rtl_0|altsyncram_sng1:auto_generated|ram_block1a0~porta_datain_reg20 ;
; 97.873 ; 100.000      ; 2.127          ; High Pulse Width ; clk   ; Rise       ; ml_inference_boundary:ml_path|altsyncram:hidden_rtl_0|altsyncram_sng1:auto_generated|ram_block1a0~porta_datain_reg21 ;
; 97.873 ; 100.000      ; 2.127          ; Low Pulse Width  ; clk   ; Rise       ; ml_inference_boundary:ml_path|altsyncram:hidden_rtl_0|altsyncram_sng1:auto_generated|ram_block1a0~porta_datain_reg21 ;
; 97.873 ; 100.000      ; 2.127          ; High Pulse Width ; clk   ; Rise       ; ml_inference_boundary:ml_path|altsyncram:hidden_rtl_0|altsyncram_sng1:auto_generated|ram_block1a0~porta_datain_reg22 ;
; 97.873 ; 100.000      ; 2.127          ; Low Pulse Width  ; clk   ; Rise       ; ml_inference_boundary:ml_path|altsyncram:hidden_rtl_0|altsyncram_sng1:auto_generated|ram_block1a0~porta_datain_reg22 ;
; 97.873 ; 100.000      ; 2.127          ; High Pulse Width ; clk   ; Rise       ; ml_inference_boundary:ml_path|altsyncram:hidden_rtl_0|altsyncram_sng1:auto_generated|ram_block1a0~porta_datain_reg23 ;
; 97.873 ; 100.000      ; 2.127          ; Low Pulse Width  ; clk   ; Rise       ; ml_inference_boundary:ml_path|altsyncram:hidden_rtl_0|altsyncram_sng1:auto_generated|ram_block1a0~porta_datain_reg23 ;
; 97.873 ; 100.000      ; 2.127          ; High Pulse Width ; clk   ; Rise       ; ml_inference_boundary:ml_path|altsyncram:hidden_rtl_0|altsyncram_sng1:auto_generated|ram_block1a0~porta_datain_reg24 ;
; 97.873 ; 100.000      ; 2.127          ; Low Pulse Width  ; clk   ; Rise       ; ml_inference_boundary:ml_path|altsyncram:hidden_rtl_0|altsyncram_sng1:auto_generated|ram_block1a0~porta_datain_reg24 ;
; 97.873 ; 100.000      ; 2.127          ; High Pulse Width ; clk   ; Rise       ; ml_inference_boundary:ml_path|altsyncram:hidden_rtl_0|altsyncram_sng1:auto_generated|ram_block1a0~porta_datain_reg25 ;
; 97.873 ; 100.000      ; 2.127          ; Low Pulse Width  ; clk   ; Rise       ; ml_inference_boundary:ml_path|altsyncram:hidden_rtl_0|altsyncram_sng1:auto_generated|ram_block1a0~porta_datain_reg25 ;
; 97.873 ; 100.000      ; 2.127          ; High Pulse Width ; clk   ; Rise       ; ml_inference_boundary:ml_path|altsyncram:hidden_rtl_0|altsyncram_sng1:auto_generated|ram_block1a0~porta_datain_reg26 ;
; 97.873 ; 100.000      ; 2.127          ; Low Pulse Width  ; clk   ; Rise       ; ml_inference_boundary:ml_path|altsyncram:hidden_rtl_0|altsyncram_sng1:auto_generated|ram_block1a0~porta_datain_reg26 ;
; 97.873 ; 100.000      ; 2.127          ; High Pulse Width ; clk   ; Rise       ; ml_inference_boundary:ml_path|altsyncram:hidden_rtl_0|altsyncram_sng1:auto_generated|ram_block1a0~porta_datain_reg27 ;
; 97.873 ; 100.000      ; 2.127          ; Low Pulse Width  ; clk   ; Rise       ; ml_inference_boundary:ml_path|altsyncram:hidden_rtl_0|altsyncram_sng1:auto_generated|ram_block1a0~porta_datain_reg27 ;
; 97.873 ; 100.000      ; 2.127          ; High Pulse Width ; clk   ; Rise       ; ml_inference_boundary:ml_path|altsyncram:hidden_rtl_0|altsyncram_sng1:auto_generated|ram_block1a0~porta_datain_reg28 ;
; 97.873 ; 100.000      ; 2.127          ; Low Pulse Width  ; clk   ; Rise       ; ml_inference_boundary:ml_path|altsyncram:hidden_rtl_0|altsyncram_sng1:auto_generated|ram_block1a0~porta_datain_reg28 ;
; 97.873 ; 100.000      ; 2.127          ; High Pulse Width ; clk   ; Rise       ; ml_inference_boundary:ml_path|altsyncram:hidden_rtl_0|altsyncram_sng1:auto_generated|ram_block1a0~porta_datain_reg29 ;
; 97.873 ; 100.000      ; 2.127          ; Low Pulse Width  ; clk   ; Rise       ; ml_inference_boundary:ml_path|altsyncram:hidden_rtl_0|altsyncram_sng1:auto_generated|ram_block1a0~porta_datain_reg29 ;
; 97.873 ; 100.000      ; 2.127          ; High Pulse Width ; clk   ; Rise       ; ml_inference_boundary:ml_path|altsyncram:hidden_rtl_0|altsyncram_sng1:auto_generated|ram_block1a0~porta_datain_reg3  ;
; 97.873 ; 100.000      ; 2.127          ; Low Pulse Width  ; clk   ; Rise       ; ml_inference_boundary:ml_path|altsyncram:hidden_rtl_0|altsyncram_sng1:auto_generated|ram_block1a0~porta_datain_reg3  ;
; 97.873 ; 100.000      ; 2.127          ; High Pulse Width ; clk   ; Rise       ; ml_inference_boundary:ml_path|altsyncram:hidden_rtl_0|altsyncram_sng1:auto_generated|ram_block1a0~porta_datain_reg30 ;
; 97.873 ; 100.000      ; 2.127          ; Low Pulse Width  ; clk   ; Rise       ; ml_inference_boundary:ml_path|altsyncram:hidden_rtl_0|altsyncram_sng1:auto_generated|ram_block1a0~porta_datain_reg30 ;
; 97.873 ; 100.000      ; 2.127          ; High Pulse Width ; clk   ; Rise       ; ml_inference_boundary:ml_path|altsyncram:hidden_rtl_0|altsyncram_sng1:auto_generated|ram_block1a0~porta_datain_reg31 ;
; 97.873 ; 100.000      ; 2.127          ; Low Pulse Width  ; clk   ; Rise       ; ml_inference_boundary:ml_path|altsyncram:hidden_rtl_0|altsyncram_sng1:auto_generated|ram_block1a0~porta_datain_reg31 ;
; 97.873 ; 100.000      ; 2.127          ; High Pulse Width ; clk   ; Rise       ; ml_inference_boundary:ml_path|altsyncram:hidden_rtl_0|altsyncram_sng1:auto_generated|ram_block1a0~porta_datain_reg4  ;
; 97.873 ; 100.000      ; 2.127          ; Low Pulse Width  ; clk   ; Rise       ; ml_inference_boundary:ml_path|altsyncram:hidden_rtl_0|altsyncram_sng1:auto_generated|ram_block1a0~porta_datain_reg4  ;
; 97.873 ; 100.000      ; 2.127          ; High Pulse Width ; clk   ; Rise       ; ml_inference_boundary:ml_path|altsyncram:hidden_rtl_0|altsyncram_sng1:auto_generated|ram_block1a0~porta_datain_reg5  ;
; 97.873 ; 100.000      ; 2.127          ; Low Pulse Width  ; clk   ; Rise       ; ml_inference_boundary:ml_path|altsyncram:hidden_rtl_0|altsyncram_sng1:auto_generated|ram_block1a0~porta_datain_reg5  ;
; 97.873 ; 100.000      ; 2.127          ; High Pulse Width ; clk   ; Rise       ; ml_inference_boundary:ml_path|altsyncram:hidden_rtl_0|altsyncram_sng1:auto_generated|ram_block1a0~porta_datain_reg6  ;
; 97.873 ; 100.000      ; 2.127          ; Low Pulse Width  ; clk   ; Rise       ; ml_inference_boundary:ml_path|altsyncram:hidden_rtl_0|altsyncram_sng1:auto_generated|ram_block1a0~porta_datain_reg6  ;
; 97.873 ; 100.000      ; 2.127          ; High Pulse Width ; clk   ; Rise       ; ml_inference_boundary:ml_path|altsyncram:hidden_rtl_0|altsyncram_sng1:auto_generated|ram_block1a0~porta_datain_reg7  ;
; 97.873 ; 100.000      ; 2.127          ; Low Pulse Width  ; clk   ; Rise       ; ml_inference_boundary:ml_path|altsyncram:hidden_rtl_0|altsyncram_sng1:auto_generated|ram_block1a0~porta_datain_reg7  ;
; 97.873 ; 100.000      ; 2.127          ; High Pulse Width ; clk   ; Rise       ; ml_inference_boundary:ml_path|altsyncram:hidden_rtl_0|altsyncram_sng1:auto_generated|ram_block1a0~porta_datain_reg8  ;
; 97.873 ; 100.000      ; 2.127          ; Low Pulse Width  ; clk   ; Rise       ; ml_inference_boundary:ml_path|altsyncram:hidden_rtl_0|altsyncram_sng1:auto_generated|ram_block1a0~porta_datain_reg8  ;
; 97.873 ; 100.000      ; 2.127          ; High Pulse Width ; clk   ; Rise       ; ml_inference_boundary:ml_path|altsyncram:hidden_rtl_0|altsyncram_sng1:auto_generated|ram_block1a0~porta_datain_reg9  ;
; 97.873 ; 100.000      ; 2.127          ; Low Pulse Width  ; clk   ; Rise       ; ml_inference_boundary:ml_path|altsyncram:hidden_rtl_0|altsyncram_sng1:auto_generated|ram_block1a0~porta_datain_reg9  ;
; 97.873 ; 100.000      ; 2.127          ; High Pulse Width ; clk   ; Rise       ; ml_inference_boundary:ml_path|altsyncram:hidden_rtl_0|altsyncram_sng1:auto_generated|ram_block1a0~porta_memory_reg0  ;
; 97.873 ; 100.000      ; 2.127          ; Low Pulse Width  ; clk   ; Rise       ; ml_inference_boundary:ml_path|altsyncram:hidden_rtl_0|altsyncram_sng1:auto_generated|ram_block1a0~porta_memory_reg0  ;
; 97.873 ; 100.000      ; 2.127          ; High Pulse Width ; clk   ; Rise       ; ml_inference_boundary:ml_path|altsyncram:hidden_rtl_0|altsyncram_sng1:auto_generated|ram_block1a0~porta_we_reg       ;
; 97.873 ; 100.000      ; 2.127          ; Low Pulse Width  ; clk   ; Rise       ; ml_inference_boundary:ml_path|altsyncram:hidden_rtl_0|altsyncram_sng1:auto_generated|ram_block1a0~porta_we_reg       ;
; 97.873 ; 100.000      ; 2.127          ; High Pulse Width ; clk   ; Rise       ; ml_inference_boundary:ml_path|altsyncram:hidden_rtl_0|altsyncram_sng1:auto_generated|ram_block1a0~portb_address_reg0 ;
; 97.873 ; 100.000      ; 2.127          ; Low Pulse Width  ; clk   ; Rise       ; ml_inference_boundary:ml_path|altsyncram:hidden_rtl_0|altsyncram_sng1:auto_generated|ram_block1a0~portb_address_reg0 ;
; 97.873 ; 100.000      ; 2.127          ; High Pulse Width ; clk   ; Rise       ; ml_inference_boundary:ml_path|altsyncram:hidden_rtl_0|altsyncram_sng1:auto_generated|ram_block1a0~portb_address_reg1 ;
; 97.873 ; 100.000      ; 2.127          ; Low Pulse Width  ; clk   ; Rise       ; ml_inference_boundary:ml_path|altsyncram:hidden_rtl_0|altsyncram_sng1:auto_generated|ram_block1a0~portb_address_reg1 ;
; 97.873 ; 100.000      ; 2.127          ; High Pulse Width ; clk   ; Rise       ; ml_inference_boundary:ml_path|altsyncram:hidden_rtl_0|altsyncram_sng1:auto_generated|ram_block1a0~portb_address_reg2 ;
; 97.873 ; 100.000      ; 2.127          ; Low Pulse Width  ; clk   ; Rise       ; ml_inference_boundary:ml_path|altsyncram:hidden_rtl_0|altsyncram_sng1:auto_generated|ram_block1a0~portb_address_reg2 ;
; 97.873 ; 100.000      ; 2.127          ; High Pulse Width ; clk   ; Rise       ; ml_inference_boundary:ml_path|altsyncram:hidden_rtl_0|altsyncram_sng1:auto_generated|ram_block1a0~portb_address_reg3 ;
; 97.873 ; 100.000      ; 2.127          ; Low Pulse Width  ; clk   ; Rise       ; ml_inference_boundary:ml_path|altsyncram:hidden_rtl_0|altsyncram_sng1:auto_generated|ram_block1a0~portb_address_reg3 ;
; 97.873 ; 100.000      ; 2.127          ; High Pulse Width ; clk   ; Rise       ; ml_inference_boundary:ml_path|altsyncram:hidden_rtl_0|altsyncram_sng1:auto_generated|ram_block1a0~portb_address_reg4 ;
; 97.873 ; 100.000      ; 2.127          ; Low Pulse Width  ; clk   ; Rise       ; ml_inference_boundary:ml_path|altsyncram:hidden_rtl_0|altsyncram_sng1:auto_generated|ram_block1a0~portb_address_reg4 ;
; 97.873 ; 100.000      ; 2.127          ; High Pulse Width ; clk   ; Rise       ; ml_inference_boundary:ml_path|altsyncram:hidden_rtl_0|altsyncram_sng1:auto_generated|ram_block1a10~porta_memory_reg0 ;
; 97.873 ; 100.000      ; 2.127          ; Low Pulse Width  ; clk   ; Rise       ; ml_inference_boundary:ml_path|altsyncram:hidden_rtl_0|altsyncram_sng1:auto_generated|ram_block1a10~porta_memory_reg0 ;
; 97.873 ; 100.000      ; 2.127          ; High Pulse Width ; clk   ; Rise       ; ml_inference_boundary:ml_path|altsyncram:hidden_rtl_0|altsyncram_sng1:auto_generated|ram_block1a11~porta_memory_reg0 ;
; 97.873 ; 100.000      ; 2.127          ; Low Pulse Width  ; clk   ; Rise       ; ml_inference_boundary:ml_path|altsyncram:hidden_rtl_0|altsyncram_sng1:auto_generated|ram_block1a11~porta_memory_reg0 ;
; 97.873 ; 100.000      ; 2.127          ; High Pulse Width ; clk   ; Rise       ; ml_inference_boundary:ml_path|altsyncram:hidden_rtl_0|altsyncram_sng1:auto_generated|ram_block1a12~porta_memory_reg0 ;
; 97.873 ; 100.000      ; 2.127          ; Low Pulse Width  ; clk   ; Rise       ; ml_inference_boundary:ml_path|altsyncram:hidden_rtl_0|altsyncram_sng1:auto_generated|ram_block1a12~porta_memory_reg0 ;
; 97.873 ; 100.000      ; 2.127          ; High Pulse Width ; clk   ; Rise       ; ml_inference_boundary:ml_path|altsyncram:hidden_rtl_0|altsyncram_sng1:auto_generated|ram_block1a13~porta_memory_reg0 ;
; 97.873 ; 100.000      ; 2.127          ; Low Pulse Width  ; clk   ; Rise       ; ml_inference_boundary:ml_path|altsyncram:hidden_rtl_0|altsyncram_sng1:auto_generated|ram_block1a13~porta_memory_reg0 ;
; 97.873 ; 100.000      ; 2.127          ; High Pulse Width ; clk   ; Rise       ; ml_inference_boundary:ml_path|altsyncram:hidden_rtl_0|altsyncram_sng1:auto_generated|ram_block1a14~porta_memory_reg0 ;
; 97.873 ; 100.000      ; 2.127          ; Low Pulse Width  ; clk   ; Rise       ; ml_inference_boundary:ml_path|altsyncram:hidden_rtl_0|altsyncram_sng1:auto_generated|ram_block1a14~porta_memory_reg0 ;
; 97.873 ; 100.000      ; 2.127          ; High Pulse Width ; clk   ; Rise       ; ml_inference_boundary:ml_path|altsyncram:hidden_rtl_0|altsyncram_sng1:auto_generated|ram_block1a15~porta_memory_reg0 ;
; 97.873 ; 100.000      ; 2.127          ; Low Pulse Width  ; clk   ; Rise       ; ml_inference_boundary:ml_path|altsyncram:hidden_rtl_0|altsyncram_sng1:auto_generated|ram_block1a15~porta_memory_reg0 ;
+--------+--------------+----------------+------------------+-------+------------+----------------------------------------------------------------------------------------------------------------------+


+----------------------------------------------------------------------------+
; Setup Times                                                                ;
+--------------+------------+--------+--------+------------+-----------------+
; Data Port    ; Clock Port ; Rise   ; Fall   ; Clock Edge ; Clock Reference ;
+--------------+------------+--------+--------+------------+-----------------+
; clear_frame  ; clk        ; 1.137  ; 1.137  ; Rise       ; clk             ;
; reset_n      ; clk        ; 2.480  ; 2.480  ; Rise       ; clk             ;
; start_stream ; clk        ; 0.833  ; 0.833  ; Rise       ; clk             ;
; touch_irq_n  ; clk        ; 1.247  ; 1.247  ; Rise       ; clk             ;
; touch_miso   ; clk        ; -0.206 ; -0.206 ; Rise       ; clk             ;
+--------------+------------+--------+--------+------------+-----------------+


+----------------------------------------------------------------------------+
; Hold Times                                                                 ;
+--------------+------------+--------+--------+------------+-----------------+
; Data Port    ; Clock Port ; Rise   ; Fall   ; Clock Edge ; Clock Reference ;
+--------------+------------+--------+--------+------------+-----------------+
; clear_frame  ; clk        ; -0.072 ; -0.072 ; Rise       ; clk             ;
; reset_n      ; clk        ; 0.429  ; 0.429  ; Rise       ; clk             ;
; start_stream ; clk        ; -0.158 ; -0.158 ; Rise       ; clk             ;
; touch_irq_n  ; clk        ; 0.561  ; 0.561  ; Rise       ; clk             ;
; touch_miso   ; clk        ; 0.326  ; 0.326  ; Rise       ; clk             ;
+--------------+------------+--------+--------+------------+-----------------+


+-----------------------------------------------------------------------------------+
; Clock to Output Times                                                             ;
+-----------------------+------------+-------+-------+------------+-----------------+
; Data Port             ; Clock Port ; Rise  ; Fall  ; Clock Edge ; Clock Reference ;
+-----------------------+------------+-------+-------+------------+-----------------+
; ml_busy               ; clk        ; 4.290 ; 4.290 ; Rise       ; clk             ;
; result_accepted       ; clk        ; 3.501 ; 3.501 ; Rise       ; clk             ;
; result_confidence[*]  ; clk        ; 3.869 ; 3.869 ; Rise       ; clk             ;
;  result_confidence[0] ; clk        ; 3.340 ; 3.340 ; Rise       ; clk             ;
;  result_confidence[1] ; clk        ; 3.562 ; 3.562 ; Rise       ; clk             ;
;  result_confidence[2] ; clk        ; 3.809 ; 3.809 ; Rise       ; clk             ;
;  result_confidence[3] ; clk        ; 3.681 ; 3.681 ; Rise       ; clk             ;
;  result_confidence[4] ; clk        ; 3.682 ; 3.682 ; Rise       ; clk             ;
;  result_confidence[5] ; clk        ; 3.563 ; 3.563 ; Rise       ; clk             ;
;  result_confidence[6] ; clk        ; 3.869 ; 3.869 ; Rise       ; clk             ;
;  result_confidence[7] ; clk        ; 3.681 ; 3.681 ; Rise       ; clk             ;
; result_cycles[*]      ; clk        ; 4.086 ; 4.086 ; Rise       ; clk             ;
;  result_cycles[0]     ; clk        ; 3.671 ; 3.671 ; Rise       ; clk             ;
;  result_cycles[1]     ; clk        ; 3.425 ; 3.425 ; Rise       ; clk             ;
;  result_cycles[2]     ; clk        ; 3.707 ; 3.707 ; Rise       ; clk             ;
;  result_cycles[3]     ; clk        ; 3.645 ; 3.645 ; Rise       ; clk             ;
;  result_cycles[4]     ; clk        ; 3.543 ; 3.543 ; Rise       ; clk             ;
;  result_cycles[5]     ; clk        ; 3.730 ; 3.730 ; Rise       ; clk             ;
;  result_cycles[6]     ; clk        ; 3.750 ; 3.750 ; Rise       ; clk             ;
;  result_cycles[7]     ; clk        ; 3.782 ; 3.782 ; Rise       ; clk             ;
;  result_cycles[8]     ; clk        ; 3.668 ; 3.668 ; Rise       ; clk             ;
;  result_cycles[9]     ; clk        ; 3.767 ; 3.767 ; Rise       ; clk             ;
;  result_cycles[10]    ; clk        ; 3.690 ; 3.690 ; Rise       ; clk             ;
;  result_cycles[11]    ; clk        ; 3.643 ; 3.643 ; Rise       ; clk             ;
;  result_cycles[12]    ; clk        ; 3.642 ; 3.642 ; Rise       ; clk             ;
;  result_cycles[13]    ; clk        ; 3.703 ; 3.703 ; Rise       ; clk             ;
;  result_cycles[14]    ; clk        ; 3.666 ; 3.666 ; Rise       ; clk             ;
;  result_cycles[15]    ; clk        ; 3.608 ; 3.608 ; Rise       ; clk             ;
;  result_cycles[16]    ; clk        ; 4.086 ; 4.086 ; Rise       ; clk             ;
;  result_cycles[17]    ; clk        ; 3.565 ; 3.565 ; Rise       ; clk             ;
;  result_cycles[18]    ; clk        ; 3.675 ; 3.675 ; Rise       ; clk             ;
;  result_cycles[19]    ; clk        ; 3.638 ; 3.638 ; Rise       ; clk             ;
;  result_cycles[20]    ; clk        ; 3.698 ; 3.698 ; Rise       ; clk             ;
;  result_cycles[21]    ; clk        ; 3.777 ; 3.777 ; Rise       ; clk             ;
;  result_cycles[22]    ; clk        ; 3.678 ; 3.678 ; Rise       ; clk             ;
;  result_cycles[23]    ; clk        ; 3.584 ; 3.584 ; Rise       ; clk             ;
;  result_cycles[24]    ; clk        ; 3.695 ; 3.695 ; Rise       ; clk             ;
;  result_cycles[25]    ; clk        ; 3.739 ; 3.739 ; Rise       ; clk             ;
;  result_cycles[26]    ; clk        ; 3.544 ; 3.544 ; Rise       ; clk             ;
;  result_cycles[27]    ; clk        ; 3.426 ; 3.426 ; Rise       ; clk             ;
;  result_cycles[28]    ; clk        ; 3.673 ; 3.673 ; Rise       ; clk             ;
;  result_cycles[29]    ; clk        ; 3.676 ; 3.676 ; Rise       ; clk             ;
;  result_cycles[30]    ; clk        ; 3.710 ; 3.710 ; Rise       ; clk             ;
;  result_cycles[31]    ; clk        ; 3.680 ; 3.680 ; Rise       ; clk             ;
; result_digit[*]       ; clk        ; 3.830 ; 3.830 ; Rise       ; clk             ;
;  result_digit[0]      ; clk        ; 3.586 ; 3.586 ; Rise       ; clk             ;
;  result_digit[1]      ; clk        ; 3.574 ; 3.574 ; Rise       ; clk             ;
;  result_digit[2]      ; clk        ; 3.727 ; 3.727 ; Rise       ; clk             ;
;  result_digit[3]      ; clk        ; 3.830 ; 3.830 ; Rise       ; clk             ;
; result_margin[*]      ; clk        ; 3.705 ; 3.705 ; Rise       ; clk             ;
;  result_margin[0]     ; clk        ; 3.254 ; 3.254 ; Rise       ; clk             ;
;  result_margin[1]     ; clk        ; 3.505 ; 3.505 ; Rise       ; clk             ;
;  result_margin[2]     ; clk        ; 3.458 ; 3.458 ; Rise       ; clk             ;
;  result_margin[3]     ; clk        ; 3.250 ; 3.250 ; Rise       ; clk             ;
;  result_margin[4]     ; clk        ; 3.489 ; 3.489 ; Rise       ; clk             ;
;  result_margin[5]     ; clk        ; 3.485 ; 3.485 ; Rise       ; clk             ;
;  result_margin[6]     ; clk        ; 3.240 ; 3.240 ; Rise       ; clk             ;
;  result_margin[7]     ; clk        ; 3.242 ; 3.242 ; Rise       ; clk             ;
;  result_margin[8]     ; clk        ; 3.548 ; 3.548 ; Rise       ; clk             ;
;  result_margin[9]     ; clk        ; 3.705 ; 3.705 ; Rise       ; clk             ;
;  result_margin[10]    ; clk        ; 3.518 ; 3.518 ; Rise       ; clk             ;
;  result_margin[11]    ; clk        ; 3.537 ; 3.537 ; Rise       ; clk             ;
;  result_margin[12]    ; clk        ; 3.672 ; 3.672 ; Rise       ; clk             ;
;  result_margin[13]    ; clk        ; 3.470 ; 3.470 ; Rise       ; clk             ;
;  result_margin[14]    ; clk        ; 3.519 ; 3.519 ; Rise       ; clk             ;
;  result_margin[15]    ; clk        ; 3.399 ; 3.399 ; Rise       ; clk             ;
; result_valid          ; clk        ; 3.672 ; 3.672 ; Rise       ; clk             ;
; touch_cs_n            ; clk        ; 3.229 ; 3.229 ; Rise       ; clk             ;
; touch_mosi            ; clk        ; 3.330 ; 3.330 ; Rise       ; clk             ;
; touch_sclk            ; clk        ; 3.353 ; 3.353 ; Rise       ; clk             ;
+-----------------------+------------+-------+-------+------------+-----------------+


+-----------------------------------------------------------------------------------+
; Minimum Clock to Output Times                                                     ;
+-----------------------+------------+-------+-------+------------+-----------------+
; Data Port             ; Clock Port ; Rise  ; Fall  ; Clock Edge ; Clock Reference ;
+-----------------------+------------+-------+-------+------------+-----------------+
; ml_busy               ; clk        ; 4.140 ; 4.140 ; Rise       ; clk             ;
; result_accepted       ; clk        ; 3.501 ; 3.501 ; Rise       ; clk             ;
; result_confidence[*]  ; clk        ; 3.340 ; 3.340 ; Rise       ; clk             ;
;  result_confidence[0] ; clk        ; 3.340 ; 3.340 ; Rise       ; clk             ;
;  result_confidence[1] ; clk        ; 3.562 ; 3.562 ; Rise       ; clk             ;
;  result_confidence[2] ; clk        ; 3.809 ; 3.809 ; Rise       ; clk             ;
;  result_confidence[3] ; clk        ; 3.681 ; 3.681 ; Rise       ; clk             ;
;  result_confidence[4] ; clk        ; 3.682 ; 3.682 ; Rise       ; clk             ;
;  result_confidence[5] ; clk        ; 3.563 ; 3.563 ; Rise       ; clk             ;
;  result_confidence[6] ; clk        ; 3.869 ; 3.869 ; Rise       ; clk             ;
;  result_confidence[7] ; clk        ; 3.681 ; 3.681 ; Rise       ; clk             ;
; result_cycles[*]      ; clk        ; 3.425 ; 3.425 ; Rise       ; clk             ;
;  result_cycles[0]     ; clk        ; 3.671 ; 3.671 ; Rise       ; clk             ;
;  result_cycles[1]     ; clk        ; 3.425 ; 3.425 ; Rise       ; clk             ;
;  result_cycles[2]     ; clk        ; 3.707 ; 3.707 ; Rise       ; clk             ;
;  result_cycles[3]     ; clk        ; 3.645 ; 3.645 ; Rise       ; clk             ;
;  result_cycles[4]     ; clk        ; 3.543 ; 3.543 ; Rise       ; clk             ;
;  result_cycles[5]     ; clk        ; 3.730 ; 3.730 ; Rise       ; clk             ;
;  result_cycles[6]     ; clk        ; 3.750 ; 3.750 ; Rise       ; clk             ;
;  result_cycles[7]     ; clk        ; 3.782 ; 3.782 ; Rise       ; clk             ;
;  result_cycles[8]     ; clk        ; 3.668 ; 3.668 ; Rise       ; clk             ;
;  result_cycles[9]     ; clk        ; 3.767 ; 3.767 ; Rise       ; clk             ;
;  result_cycles[10]    ; clk        ; 3.690 ; 3.690 ; Rise       ; clk             ;
;  result_cycles[11]    ; clk        ; 3.643 ; 3.643 ; Rise       ; clk             ;
;  result_cycles[12]    ; clk        ; 3.642 ; 3.642 ; Rise       ; clk             ;
;  result_cycles[13]    ; clk        ; 3.703 ; 3.703 ; Rise       ; clk             ;
;  result_cycles[14]    ; clk        ; 3.666 ; 3.666 ; Rise       ; clk             ;
;  result_cycles[15]    ; clk        ; 3.608 ; 3.608 ; Rise       ; clk             ;
;  result_cycles[16]    ; clk        ; 4.086 ; 4.086 ; Rise       ; clk             ;
;  result_cycles[17]    ; clk        ; 3.565 ; 3.565 ; Rise       ; clk             ;
;  result_cycles[18]    ; clk        ; 3.675 ; 3.675 ; Rise       ; clk             ;
;  result_cycles[19]    ; clk        ; 3.638 ; 3.638 ; Rise       ; clk             ;
;  result_cycles[20]    ; clk        ; 3.698 ; 3.698 ; Rise       ; clk             ;
;  result_cycles[21]    ; clk        ; 3.777 ; 3.777 ; Rise       ; clk             ;
;  result_cycles[22]    ; clk        ; 3.678 ; 3.678 ; Rise       ; clk             ;
;  result_cycles[23]    ; clk        ; 3.584 ; 3.584 ; Rise       ; clk             ;
;  result_cycles[24]    ; clk        ; 3.695 ; 3.695 ; Rise       ; clk             ;
;  result_cycles[25]    ; clk        ; 3.739 ; 3.739 ; Rise       ; clk             ;
;  result_cycles[26]    ; clk        ; 3.544 ; 3.544 ; Rise       ; clk             ;
;  result_cycles[27]    ; clk        ; 3.426 ; 3.426 ; Rise       ; clk             ;
;  result_cycles[28]    ; clk        ; 3.673 ; 3.673 ; Rise       ; clk             ;
;  result_cycles[29]    ; clk        ; 3.676 ; 3.676 ; Rise       ; clk             ;
;  result_cycles[30]    ; clk        ; 3.710 ; 3.710 ; Rise       ; clk             ;
;  result_cycles[31]    ; clk        ; 3.680 ; 3.680 ; Rise       ; clk             ;
; result_digit[*]       ; clk        ; 3.574 ; 3.574 ; Rise       ; clk             ;
;  result_digit[0]      ; clk        ; 3.586 ; 3.586 ; Rise       ; clk             ;
;  result_digit[1]      ; clk        ; 3.574 ; 3.574 ; Rise       ; clk             ;
;  result_digit[2]      ; clk        ; 3.727 ; 3.727 ; Rise       ; clk             ;
;  result_digit[3]      ; clk        ; 3.830 ; 3.830 ; Rise       ; clk             ;
; result_margin[*]      ; clk        ; 3.240 ; 3.240 ; Rise       ; clk             ;
;  result_margin[0]     ; clk        ; 3.254 ; 3.254 ; Rise       ; clk             ;
;  result_margin[1]     ; clk        ; 3.505 ; 3.505 ; Rise       ; clk             ;
;  result_margin[2]     ; clk        ; 3.458 ; 3.458 ; Rise       ; clk             ;
;  result_margin[3]     ; clk        ; 3.250 ; 3.250 ; Rise       ; clk             ;
;  result_margin[4]     ; clk        ; 3.489 ; 3.489 ; Rise       ; clk             ;
;  result_margin[5]     ; clk        ; 3.485 ; 3.485 ; Rise       ; clk             ;
;  result_margin[6]     ; clk        ; 3.240 ; 3.240 ; Rise       ; clk             ;
;  result_margin[7]     ; clk        ; 3.242 ; 3.242 ; Rise       ; clk             ;
;  result_margin[8]     ; clk        ; 3.548 ; 3.548 ; Rise       ; clk             ;
;  result_margin[9]     ; clk        ; 3.705 ; 3.705 ; Rise       ; clk             ;
;  result_margin[10]    ; clk        ; 3.518 ; 3.518 ; Rise       ; clk             ;
;  result_margin[11]    ; clk        ; 3.537 ; 3.537 ; Rise       ; clk             ;
;  result_margin[12]    ; clk        ; 3.672 ; 3.672 ; Rise       ; clk             ;
;  result_margin[13]    ; clk        ; 3.470 ; 3.470 ; Rise       ; clk             ;
;  result_margin[14]    ; clk        ; 3.519 ; 3.519 ; Rise       ; clk             ;
;  result_margin[15]    ; clk        ; 3.399 ; 3.399 ; Rise       ; clk             ;
; result_valid          ; clk        ; 3.672 ; 3.672 ; Rise       ; clk             ;
; touch_cs_n            ; clk        ; 3.229 ; 3.229 ; Rise       ; clk             ;
; touch_mosi            ; clk        ; 3.330 ; 3.330 ; Rise       ; clk             ;
; touch_sclk            ; clk        ; 3.353 ; 3.353 ; Rise       ; clk             ;
+-----------------------+------------+-------+-------+------------+-----------------+


+------------------------------------------------------------------------------+
; Multicorner Timing Analysis Summary                                          ;
+------------------+--------+-------+----------+---------+---------------------+
; Clock            ; Setup  ; Hold  ; Recovery ; Removal ; Minimum Pulse Width ;
+------------------+--------+-------+----------+---------+---------------------+
; Worst-case Slack ; 69.569 ; 0.215 ; N/A      ; N/A     ; 96.933              ;
;  clk             ; 69.569 ; 0.215 ; N/A      ; N/A     ; 96.933              ;
; Design-wide TNS  ; 0.0    ; 0.0   ; 0.0      ; 0.0     ; 0.0                 ;
;  clk             ; 0.000  ; 0.000 ; N/A      ; N/A     ; 0.000               ;
+------------------+--------+-------+----------+---------+---------------------+


+--------------------------------------------------------------------------+
; Setup Times                                                              ;
+--------------+------------+-------+-------+------------+-----------------+
; Data Port    ; Clock Port ; Rise  ; Fall  ; Clock Edge ; Clock Reference ;
+--------------+------------+-------+-------+------------+-----------------+
; clear_frame  ; clk        ; 4.356 ; 4.356 ; Rise       ; clk             ;
; reset_n      ; clk        ; 8.249 ; 8.249 ; Rise       ; clk             ;
; start_stream ; clk        ; 3.500 ; 3.500 ; Rise       ; clk             ;
; touch_irq_n  ; clk        ; 4.792 ; 4.792 ; Rise       ; clk             ;
; touch_miso   ; clk        ; 0.368 ; 0.368 ; Rise       ; clk             ;
+--------------+------------+-------+-------+------------+-----------------+


+----------------------------------------------------------------------------+
; Hold Times                                                                 ;
+--------------+------------+--------+--------+------------+-----------------+
; Data Port    ; Clock Port ; Rise   ; Fall   ; Clock Edge ; Clock Reference ;
+--------------+------------+--------+--------+------------+-----------------+
; clear_frame  ; clk        ; -0.072 ; -0.072 ; Rise       ; clk             ;
; reset_n      ; clk        ; 0.429  ; 0.429  ; Rise       ; clk             ;
; start_stream ; clk        ; -0.158 ; -0.158 ; Rise       ; clk             ;
; touch_irq_n  ; clk        ; 0.561  ; 0.561  ; Rise       ; clk             ;
; touch_miso   ; clk        ; 0.326  ; 0.326  ; Rise       ; clk             ;
+--------------+------------+--------+--------+------------+-----------------+


+-----------------------------------------------------------------------------------+
; Clock to Output Times                                                             ;
+-----------------------+------------+-------+-------+------------+-----------------+
; Data Port             ; Clock Port ; Rise  ; Fall  ; Clock Edge ; Clock Reference ;
+-----------------------+------------+-------+-------+------------+-----------------+
; ml_busy               ; clk        ; 9.922 ; 9.922 ; Rise       ; clk             ;
; result_accepted       ; clk        ; 7.397 ; 7.397 ; Rise       ; clk             ;
; result_confidence[*]  ; clk        ; 8.517 ; 8.517 ; Rise       ; clk             ;
;  result_confidence[0] ; clk        ; 7.142 ; 7.142 ; Rise       ; clk             ;
;  result_confidence[1] ; clk        ; 7.622 ; 7.622 ; Rise       ; clk             ;
;  result_confidence[2] ; clk        ; 8.243 ; 8.243 ; Rise       ; clk             ;
;  result_confidence[3] ; clk        ; 8.018 ; 8.018 ; Rise       ; clk             ;
;  result_confidence[4] ; clk        ; 7.852 ; 7.852 ; Rise       ; clk             ;
;  result_confidence[5] ; clk        ; 7.623 ; 7.623 ; Rise       ; clk             ;
;  result_confidence[6] ; clk        ; 8.517 ; 8.517 ; Rise       ; clk             ;
;  result_confidence[7] ; clk        ; 8.018 ; 8.018 ; Rise       ; clk             ;
; result_cycles[*]      ; clk        ; 9.152 ; 9.152 ; Rise       ; clk             ;
;  result_cycles[0]     ; clk        ; 7.985 ; 7.985 ; Rise       ; clk             ;
;  result_cycles[1]     ; clk        ; 7.220 ; 7.220 ; Rise       ; clk             ;
;  result_cycles[2]     ; clk        ; 8.289 ; 8.289 ; Rise       ; clk             ;
;  result_cycles[3]     ; clk        ; 7.944 ; 7.944 ; Rise       ; clk             ;
;  result_cycles[4]     ; clk        ; 7.601 ; 7.601 ; Rise       ; clk             ;
;  result_cycles[5]     ; clk        ; 8.141 ; 8.141 ; Rise       ; clk             ;
;  result_cycles[6]     ; clk        ; 8.551 ; 8.551 ; Rise       ; clk             ;
;  result_cycles[7]     ; clk        ; 8.354 ; 8.354 ; Rise       ; clk             ;
;  result_cycles[8]     ; clk        ; 7.980 ; 7.980 ; Rise       ; clk             ;
;  result_cycles[9]     ; clk        ; 8.329 ; 8.329 ; Rise       ; clk             ;
;  result_cycles[10]    ; clk        ; 8.277 ; 8.277 ; Rise       ; clk             ;
;  result_cycles[11]    ; clk        ; 7.946 ; 7.946 ; Rise       ; clk             ;
;  result_cycles[12]    ; clk        ; 7.951 ; 7.951 ; Rise       ; clk             ;
;  result_cycles[13]    ; clk        ; 8.286 ; 8.286 ; Rise       ; clk             ;
;  result_cycles[14]    ; clk        ; 8.218 ; 8.218 ; Rise       ; clk             ;
;  result_cycles[15]    ; clk        ; 7.709 ; 7.709 ; Rise       ; clk             ;
;  result_cycles[16]    ; clk        ; 9.152 ; 9.152 ; Rise       ; clk             ;
;  result_cycles[17]    ; clk        ; 7.887 ; 7.887 ; Rise       ; clk             ;
;  result_cycles[18]    ; clk        ; 7.995 ; 7.995 ; Rise       ; clk             ;
;  result_cycles[19]    ; clk        ; 7.935 ; 7.935 ; Rise       ; clk             ;
;  result_cycles[20]    ; clk        ; 8.073 ; 8.073 ; Rise       ; clk             ;
;  result_cycles[21]    ; clk        ; 8.155 ; 8.155 ; Rise       ; clk             ;
;  result_cycles[22]    ; clk        ; 8.113 ; 8.113 ; Rise       ; clk             ;
;  result_cycles[23]    ; clk        ; 7.669 ; 7.669 ; Rise       ; clk             ;
;  result_cycles[24]    ; clk        ; 8.039 ; 8.039 ; Rise       ; clk             ;
;  result_cycles[25]    ; clk        ; 8.347 ; 8.347 ; Rise       ; clk             ;
;  result_cycles[26]    ; clk        ; 7.595 ; 7.595 ; Rise       ; clk             ;
;  result_cycles[27]    ; clk        ; 7.224 ; 7.224 ; Rise       ; clk             ;
;  result_cycles[28]    ; clk        ; 8.001 ; 8.001 ; Rise       ; clk             ;
;  result_cycles[29]    ; clk        ; 8.032 ; 8.032 ; Rise       ; clk             ;
;  result_cycles[30]    ; clk        ; 8.300 ; 8.300 ; Rise       ; clk             ;
;  result_cycles[31]    ; clk        ; 8.006 ; 8.006 ; Rise       ; clk             ;
; result_digit[*]       ; clk        ; 8.448 ; 8.448 ; Rise       ; clk             ;
;  result_digit[0]      ; clk        ; 7.672 ; 7.672 ; Rise       ; clk             ;
;  result_digit[1]      ; clk        ; 7.667 ; 7.667 ; Rise       ; clk             ;
;  result_digit[2]      ; clk        ; 8.103 ; 8.103 ; Rise       ; clk             ;
;  result_digit[3]      ; clk        ; 8.448 ; 8.448 ; Rise       ; clk             ;
; result_margin[*]      ; clk        ; 7.985 ; 7.985 ; Rise       ; clk             ;
;  result_margin[0]     ; clk        ; 6.820 ; 6.820 ; Rise       ; clk             ;
;  result_margin[1]     ; clk        ; 7.405 ; 7.405 ; Rise       ; clk             ;
;  result_margin[2]     ; clk        ; 7.270 ; 7.270 ; Rise       ; clk             ;
;  result_margin[3]     ; clk        ; 6.817 ; 6.817 ; Rise       ; clk             ;
;  result_margin[4]     ; clk        ; 7.320 ; 7.320 ; Rise       ; clk             ;
;  result_margin[5]     ; clk        ; 7.311 ; 7.311 ; Rise       ; clk             ;
;  result_margin[6]     ; clk        ; 6.805 ; 6.805 ; Rise       ; clk             ;
;  result_margin[7]     ; clk        ; 6.815 ; 6.815 ; Rise       ; clk             ;
;  result_margin[8]     ; clk        ; 7.518 ; 7.518 ; Rise       ; clk             ;
;  result_margin[9]     ; clk        ; 7.883 ; 7.883 ; Rise       ; clk             ;
;  result_margin[10]    ; clk        ; 7.488 ; 7.488 ; Rise       ; clk             ;
;  result_margin[11]    ; clk        ; 7.507 ; 7.507 ; Rise       ; clk             ;
;  result_margin[12]    ; clk        ; 7.985 ; 7.985 ; Rise       ; clk             ;
;  result_margin[13]    ; clk        ; 7.291 ; 7.291 ; Rise       ; clk             ;
;  result_margin[14]    ; clk        ; 7.486 ; 7.486 ; Rise       ; clk             ;
;  result_margin[15]    ; clk        ; 7.252 ; 7.252 ; Rise       ; clk             ;
; result_valid          ; clk        ; 8.001 ; 8.001 ; Rise       ; clk             ;
; touch_cs_n            ; clk        ; 6.785 ; 6.785 ; Rise       ; clk             ;
; touch_mosi            ; clk        ; 7.121 ; 7.121 ; Rise       ; clk             ;
; touch_sclk            ; clk        ; 7.173 ; 7.173 ; Rise       ; clk             ;
+-----------------------+------------+-------+-------+------------+-----------------+


+-----------------------------------------------------------------------------------+
; Minimum Clock to Output Times                                                     ;
+-----------------------+------------+-------+-------+------------+-----------------+
; Data Port             ; Clock Port ; Rise  ; Fall  ; Clock Edge ; Clock Reference ;
+-----------------------+------------+-------+-------+------------+-----------------+
; ml_busy               ; clk        ; 4.140 ; 4.140 ; Rise       ; clk             ;
; result_accepted       ; clk        ; 3.501 ; 3.501 ; Rise       ; clk             ;
; result_confidence[*]  ; clk        ; 3.340 ; 3.340 ; Rise       ; clk             ;
;  result_confidence[0] ; clk        ; 3.340 ; 3.340 ; Rise       ; clk             ;
;  result_confidence[1] ; clk        ; 3.562 ; 3.562 ; Rise       ; clk             ;
;  result_confidence[2] ; clk        ; 3.809 ; 3.809 ; Rise       ; clk             ;
;  result_confidence[3] ; clk        ; 3.681 ; 3.681 ; Rise       ; clk             ;
;  result_confidence[4] ; clk        ; 3.682 ; 3.682 ; Rise       ; clk             ;
;  result_confidence[5] ; clk        ; 3.563 ; 3.563 ; Rise       ; clk             ;
;  result_confidence[6] ; clk        ; 3.869 ; 3.869 ; Rise       ; clk             ;
;  result_confidence[7] ; clk        ; 3.681 ; 3.681 ; Rise       ; clk             ;
; result_cycles[*]      ; clk        ; 3.425 ; 3.425 ; Rise       ; clk             ;
;  result_cycles[0]     ; clk        ; 3.671 ; 3.671 ; Rise       ; clk             ;
;  result_cycles[1]     ; clk        ; 3.425 ; 3.425 ; Rise       ; clk             ;
;  result_cycles[2]     ; clk        ; 3.707 ; 3.707 ; Rise       ; clk             ;
;  result_cycles[3]     ; clk        ; 3.645 ; 3.645 ; Rise       ; clk             ;
;  result_cycles[4]     ; clk        ; 3.543 ; 3.543 ; Rise       ; clk             ;
;  result_cycles[5]     ; clk        ; 3.730 ; 3.730 ; Rise       ; clk             ;
;  result_cycles[6]     ; clk        ; 3.750 ; 3.750 ; Rise       ; clk             ;
;  result_cycles[7]     ; clk        ; 3.782 ; 3.782 ; Rise       ; clk             ;
;  result_cycles[8]     ; clk        ; 3.668 ; 3.668 ; Rise       ; clk             ;
;  result_cycles[9]     ; clk        ; 3.767 ; 3.767 ; Rise       ; clk             ;
;  result_cycles[10]    ; clk        ; 3.690 ; 3.690 ; Rise       ; clk             ;
;  result_cycles[11]    ; clk        ; 3.643 ; 3.643 ; Rise       ; clk             ;
;  result_cycles[12]    ; clk        ; 3.642 ; 3.642 ; Rise       ; clk             ;
;  result_cycles[13]    ; clk        ; 3.703 ; 3.703 ; Rise       ; clk             ;
;  result_cycles[14]    ; clk        ; 3.666 ; 3.666 ; Rise       ; clk             ;
;  result_cycles[15]    ; clk        ; 3.608 ; 3.608 ; Rise       ; clk             ;
;  result_cycles[16]    ; clk        ; 4.086 ; 4.086 ; Rise       ; clk             ;
;  result_cycles[17]    ; clk        ; 3.565 ; 3.565 ; Rise       ; clk             ;
;  result_cycles[18]    ; clk        ; 3.675 ; 3.675 ; Rise       ; clk             ;
;  result_cycles[19]    ; clk        ; 3.638 ; 3.638 ; Rise       ; clk             ;
;  result_cycles[20]    ; clk        ; 3.698 ; 3.698 ; Rise       ; clk             ;
;  result_cycles[21]    ; clk        ; 3.777 ; 3.777 ; Rise       ; clk             ;
;  result_cycles[22]    ; clk        ; 3.678 ; 3.678 ; Rise       ; clk             ;
;  result_cycles[23]    ; clk        ; 3.584 ; 3.584 ; Rise       ; clk             ;
;  result_cycles[24]    ; clk        ; 3.695 ; 3.695 ; Rise       ; clk             ;
;  result_cycles[25]    ; clk        ; 3.739 ; 3.739 ; Rise       ; clk             ;
;  result_cycles[26]    ; clk        ; 3.544 ; 3.544 ; Rise       ; clk             ;
;  result_cycles[27]    ; clk        ; 3.426 ; 3.426 ; Rise       ; clk             ;
;  result_cycles[28]    ; clk        ; 3.673 ; 3.673 ; Rise       ; clk             ;
;  result_cycles[29]    ; clk        ; 3.676 ; 3.676 ; Rise       ; clk             ;
;  result_cycles[30]    ; clk        ; 3.710 ; 3.710 ; Rise       ; clk             ;
;  result_cycles[31]    ; clk        ; 3.680 ; 3.680 ; Rise       ; clk             ;
; result_digit[*]       ; clk        ; 3.574 ; 3.574 ; Rise       ; clk             ;
;  result_digit[0]      ; clk        ; 3.586 ; 3.586 ; Rise       ; clk             ;
;  result_digit[1]      ; clk        ; 3.574 ; 3.574 ; Rise       ; clk             ;
;  result_digit[2]      ; clk        ; 3.727 ; 3.727 ; Rise       ; clk             ;
;  result_digit[3]      ; clk        ; 3.830 ; 3.830 ; Rise       ; clk             ;
; result_margin[*]      ; clk        ; 3.240 ; 3.240 ; Rise       ; clk             ;
;  result_margin[0]     ; clk        ; 3.254 ; 3.254 ; Rise       ; clk             ;
;  result_margin[1]     ; clk        ; 3.505 ; 3.505 ; Rise       ; clk             ;
;  result_margin[2]     ; clk        ; 3.458 ; 3.458 ; Rise       ; clk             ;
;  result_margin[3]     ; clk        ; 3.250 ; 3.250 ; Rise       ; clk             ;
;  result_margin[4]     ; clk        ; 3.489 ; 3.489 ; Rise       ; clk             ;
;  result_margin[5]     ; clk        ; 3.485 ; 3.485 ; Rise       ; clk             ;
;  result_margin[6]     ; clk        ; 3.240 ; 3.240 ; Rise       ; clk             ;
;  result_margin[7]     ; clk        ; 3.242 ; 3.242 ; Rise       ; clk             ;
;  result_margin[8]     ; clk        ; 3.548 ; 3.548 ; Rise       ; clk             ;
;  result_margin[9]     ; clk        ; 3.705 ; 3.705 ; Rise       ; clk             ;
;  result_margin[10]    ; clk        ; 3.518 ; 3.518 ; Rise       ; clk             ;
;  result_margin[11]    ; clk        ; 3.537 ; 3.537 ; Rise       ; clk             ;
;  result_margin[12]    ; clk        ; 3.672 ; 3.672 ; Rise       ; clk             ;
;  result_margin[13]    ; clk        ; 3.470 ; 3.470 ; Rise       ; clk             ;
;  result_margin[14]    ; clk        ; 3.519 ; 3.519 ; Rise       ; clk             ;
;  result_margin[15]    ; clk        ; 3.399 ; 3.399 ; Rise       ; clk             ;
; result_valid          ; clk        ; 3.672 ; 3.672 ; Rise       ; clk             ;
; touch_cs_n            ; clk        ; 3.229 ; 3.229 ; Rise       ; clk             ;
; touch_mosi            ; clk        ; 3.330 ; 3.330 ; Rise       ; clk             ;
; touch_sclk            ; clk        ; 3.353 ; 3.353 ; Rise       ; clk             ;
+-----------------------+------------+-------+-------+------------+-----------------+


+-----------------------------------------------------------------------+
; Setup Transfers                                                       ;
+------------+----------+--------------+----------+----------+----------+
; From Clock ; To Clock ; RR Paths     ; FR Paths ; RF Paths ; FF Paths ;
+------------+----------+--------------+----------+----------+----------+
; clk        ; clk      ; > 2147483647 ; 0        ; 0        ; 0        ;
+------------+----------+--------------+----------+----------+----------+
Entries labeled "false path" only account for clock-to-clock false paths and not path-based false paths. As a result, actual path counts may be lower than reported.


+-----------------------------------------------------------------------+
; Hold Transfers                                                        ;
+------------+----------+--------------+----------+----------+----------+
; From Clock ; To Clock ; RR Paths     ; FR Paths ; RF Paths ; FF Paths ;
+------------+----------+--------------+----------+----------+----------+
; clk        ; clk      ; > 2147483647 ; 0        ; 0        ; 0        ;
+------------+----------+--------------+----------+----------+----------+
Entries labeled "false path" only account for clock-to-clock false paths and not path-based false paths. As a result, actual path counts may be lower than reported.


---------------
; Report TCCS ;
---------------
No dedicated SERDES Transmitter circuitry present in device or used in design


---------------
; Report RSKM ;
---------------
No dedicated SERDES Receiver circuitry present in device or used in design


+------------------------------------------------+
; Unconstrained Paths                            ;
+---------------------------------+-------+------+
; Property                        ; Setup ; Hold ;
+---------------------------------+-------+------+
; Illegal Clocks                  ; 0     ; 0    ;
; Unconstrained Clocks            ; 0     ; 0    ;
; Unconstrained Input Ports       ; 5     ; 5    ;
; Unconstrained Input Port Paths  ; 1466  ; 1466 ;
; Unconstrained Output Ports      ; 66    ; 66   ;
; Unconstrained Output Port Paths ; 67    ; 67   ;
+---------------------------------+-------+------+


+------------------------------------+
; TimeQuest Timing Analyzer Messages ;
+------------------------------------+
Info: *******************************************************************
Info: Running Quartus II 64-Bit TimeQuest Timing Analyzer
    Info: Version 13.0.1 Build 232 06/12/2013 Service Pack 1 SJ Web Edition
    Info: Processing started: Sat Oct 03 21:50:04 2026
Info: Command: quartus_sta touch_ml_boundary_top -c touch_ml_boundary_top
Info: qsta_default_script.tcl version: #1
Info (20030): Parallel compilation is enabled and will use 6 of the 6 processors detected
Info (332104): Reading SDC File: 'touch_ml_boundary_top.sdc'
Info: Found TIMEQUEST_REPORT_SCRIPT_INCLUDE_DEFAULT_ANALYSIS = ON
Info: Analyzing Slow Model
Info (332146): Worst-case setup slack is 69.569
    Info (332119):     Slack End Point TNS Clock 
    Info (332119): ========= ============= =====================
    Info (332119):    69.569         0.000 clk 
Info (332146): Worst-case hold slack is 0.499
    Info (332119):     Slack End Point TNS Clock 
    Info (332119): ========= ============= =====================
    Info (332119):     0.499         0.000 clk 
Info (332140): No Recovery paths to report
Info (332140): No Removal paths to report
Info (332146): Worst-case minimum pulse width slack is 96.933
    Info (332119):     Slack End Point TNS Clock 
    Info (332119): ========= ============= =====================
    Info (332119):    96.933         0.000 clk 
Info (332001): The selected device family is not supported by the report_metastability command.
Info: Analyzing Fast Model
Info (332146): Worst-case setup slack is 160.307
    Info (332119):     Slack End Point TNS Clock 
    Info (332119): ========= ============= =====================
    Info (332119):   160.307         0.000 clk 
Info (332146): Worst-case hold slack is 0.215
    Info (332119):     Slack End Point TNS Clock 
    Info (332119): ========= ============= =====================
    Info (332119):     0.215         0.000 clk 
Info (332140): No Recovery paths to report
Info (332140): No Removal paths to report
Info (332146): Worst-case minimum pulse width slack is 97.873
    Info (332119):     Slack End Point TNS Clock 
    Info (332119): ========= ============= =====================
    Info (332119):    97.873         0.000 clk 
Info (332001): The selected device family is not supported by the report_metastability command.
Info (332102): Design is not fully constrained for setup requirements
Info (332102): Design is not fully constrained for hold requirements
Info: Quartus II 64-Bit TimeQuest Timing Analyzer was successful. 0 errors, 0 warnings
    Info: Peak virtual memory: 4654 megabytes
    Info: Processing ended: Sat Oct 03 21:50:06 2026
    Info: Elapsed time: 00:00:02
    Info: Total CPU time (on all processors): 00:00:02


