Fitter report for cyclone2_lcd_ml_hw
Tue Oct 06 09:26:07 2026
Quartus II 64-Bit Version 13.0.1 Build 232 06/12/2013 Service Pack 1 SJ Web Edition


---------------------
; Table of Contents ;
---------------------
  1. Legal Notice
  2. Fitter Summary
  3. Fitter Settings
  4. Parallel Compilation
  5. Incremental Compilation Preservation Summary
  6. Incremental Compilation Partition Settings
  7. Incremental Compilation Placement Preservation
  8. Pin-Out File
  9. Fitter Resource Usage Summary
 10. Fitter Partition Statistics
 11. Input Pins
 12. Output Pins
 13. Bidir Pins
 14. I/O Bank Usage
 15. All Package Pins
 16. Output Pin Default Load For Reported TCO
 17. Fitter Resource Utilization by Entity
 18. Delay Chain Summary
 19. Pad To Core Delay Chain Fanout
 20. Control Signals
 21. Global & Other Fast Signals
 22. Non-Global High Fan-Out Signals
 23. Fitter RAM Summary
 24. Fitter DSP Block Usage Summary
 25. DSP Block Details
 26. Other Routing Usage Summary
 27. LAB Logic Elements
 28. LAB-wide Signals
 29. LAB Signals Sourced
 30. LAB Signals Sourced Out
 31. LAB Distinct Inputs
 32. Fitter Device Options
 33. Operating Settings and Conditions
 34. Fitter Messages
 35. Fitter Suppressed Messages



----------------
; Legal Notice ;
----------------
Copyright (C) 1991-2013 Altera Corporation
Your use of Altera Corporation's design tools, logic functions 
and other software and tools, and its AMPP partner logic 
functions, and any output files from any of the foregoing 
(including device programming or simulation files), and any 
associated documentation or information are expressly subject 
to the terms and conditions of the Altera Program License 
Subscription Agreement, Altera MegaCore Function License 
Agreement, or other applicable license agreement, including, 
without limitation, that your use is for the sole purpose of 
programming logic devices manufactured by Altera and sold by 
Altera or its authorized distributors.  Please refer to the 
applicable agreement for further details.



+--------------------------------------------------------------------------------------+
; Fitter Summary                                                                       ;
+------------------------------------+-------------------------------------------------+
; Fitter Status                      ; Successful - Tue Oct 06 09:26:07 2026           ;
; Quartus II 64-Bit Version          ; 13.0.1 Build 232 06/12/2013 SP 1 SJ Web Edition ;
; Revision Name                      ; cyclone2_lcd_ml_hw                              ;
; Top-level Entity Name              ; cyclone2_lcd_ml_hw                              ;
; Family                             ; Cyclone II                                      ;
; Device                             ; EP2C5T144C8                                     ;
; Timing Models                      ; Final                                           ;
; Total logic elements               ; 2,326 / 4,608 ( 50 % )                          ;
;     Total combinational functions  ; 2,194 / 4,608 ( 48 % )                          ;
;     Dedicated logic registers      ; 1,093 / 4,608 ( 24 % )                          ;
; Total registers                    ; 1093                                            ;
; Total pins                         ; 38 / 89 ( 43 % )                                ;
; Total virtual pins                 ; 0                                               ;
; Total memory bits                  ; 55,888 / 119,808 ( 47 % )                       ;
; Embedded Multiplier 9-bit elements ; 5 / 26 ( 19 % )                                 ;
; Total PLLs                         ; 0 / 2 ( 0 % )                                   ;
+------------------------------------+-------------------------------------------------+


+----------------------------------------------------------------------------------------------------------------------------------------------+
; Fitter Settings                                                                                                                              ;
+----------------------------------------------------------------------------+--------------------------------+--------------------------------+
; Option                                                                     ; Setting                        ; Default Value                  ;
+----------------------------------------------------------------------------+--------------------------------+--------------------------------+
; Device                                                                     ; EP2C5T144C8                    ;                                ;
; Maximum processors allowed for parallel compilation                        ; 2                              ;                                ;
; Fit Attempts to Skip                                                       ; 0                              ; 0.0                            ;
; Use smart compilation                                                      ; Off                            ; Off                            ;
; Enable parallel Assembler and TimeQuest Timing Analyzer during compilation ; On                             ; On                             ;
; Enable compact report table                                                ; Off                            ; Off                            ;
; Auto Merge PLLs                                                            ; On                             ; On                             ;
; Ignore PLL Mode When Merging PLLs                                          ; Off                            ; Off                            ;
; Router Timing Optimization Level                                           ; Normal                         ; Normal                         ;
; Placement Effort Multiplier                                                ; 1.0                            ; 1.0                            ;
; Router Effort Multiplier                                                   ; 1.0                            ; 1.0                            ;
; Always Enable Input Buffers                                                ; Off                            ; Off                            ;
; Optimize Hold Timing                                                       ; IO Paths and Minimum TPD Paths ; IO Paths and Minimum TPD Paths ;
; Optimize Multi-Corner Timing                                               ; On                             ; On                             ;
; PowerPlay Power Optimization                                               ; Normal compilation             ; Normal compilation             ;
; Optimize Timing                                                            ; Normal compilation             ; Normal compilation             ;
; Optimize Timing for ECOs                                                   ; Off                            ; Off                            ;
; Regenerate full fit report during ECO compiles                             ; Off                            ; Off                            ;
; Optimize IOC Register Placement for Timing                                 ; Normal                         ; Normal                         ;
; Limit to One Fitting Attempt                                               ; Off                            ; Off                            ;
; Final Placement Optimizations                                              ; Automatically                  ; Automatically                  ;
; Fitter Aggressive Routability Optimizations                                ; Automatically                  ; Automatically                  ;
; Fitter Initial Placement Seed                                              ; 1                              ; 1                              ;
; PCI I/O                                                                    ; Off                            ; Off                            ;
; Weak Pull-Up Resistor                                                      ; Off                            ; Off                            ;
; Enable Bus-Hold Circuitry                                                  ; Off                            ; Off                            ;
; Auto Global Memory Control Signals                                         ; Off                            ; Off                            ;
; Auto Packed Registers                                                      ; Auto                           ; Auto                           ;
; Auto Delay Chains                                                          ; On                             ; On                             ;
; Auto Delay Chains for High Fanout Input Pins                               ; Off                            ; Off                            ;
; Perform Physical Synthesis for Combinational Logic for Fitting             ; Off                            ; Off                            ;
; Perform Physical Synthesis for Combinational Logic for Performance         ; Off                            ; Off                            ;
; Perform Register Duplication for Performance                               ; Off                            ; Off                            ;
; Perform Logic to Memory Mapping for Fitting                                ; Off                            ; Off                            ;
; Perform Register Retiming for Performance                                  ; Off                            ; Off                            ;
; Perform Asynchronous Signal Pipelining                                     ; Off                            ; Off                            ;
; Fitter Effort                                                              ; Auto Fit                       ; Auto Fit                       ;
; Physical Synthesis Effort Level                                            ; Normal                         ; Normal                         ;
; Auto Global Clock                                                          ; On                             ; On                             ;
; Auto Global Register Control Signals                                       ; On                             ; On                             ;
; Force Fitter to Avoid Periphery Placement Warnings                         ; Off                            ; Off                            ;
+----------------------------------------------------------------------------+--------------------------------+--------------------------------+


+------------------------------------------+
; Parallel Compilation                     ;
+----------------------------+-------------+
; Processors                 ; Number      ;
+----------------------------+-------------+
; Number detected on machine ; 6           ;
; Maximum allowed            ; 2           ;
;                            ;             ;
; Average used               ; 1.14        ;
; Maximum used               ; 2           ;
;                            ;             ;
; Usage by Processor         ; % Time Used ;
;     Processor 1            ; 100.0%      ;
;     Processor 2            ;  14.3%      ;
;     Processors 3-6         ;   0.0%      ;
+----------------------------+-------------+


+----------------------------------------------+
; Incremental Compilation Preservation Summary ;
+---------------------+------------------------+
; Type                ; Value                  ;
+---------------------+------------------------+
; Placement (by node) ;                        ;
;     -- Requested    ; 0 / 3461 ( 0.00 % )    ;
;     -- Achieved     ; 0 / 3461 ( 0.00 % )    ;
;                     ;                        ;
; Routing (by net)    ;                        ;
;     -- Requested    ; 0 / 0 ( 0.00 % )       ;
;     -- Achieved     ; 0 / 0 ( 0.00 % )       ;
+---------------------+------------------------+


+----------------------------------------------------------------------------------------------------------------------------------------------------------------------------------------+
; Incremental Compilation Partition Settings                                                                                                                                             ;
+--------------------------------+----------------+-------------------+-------------------------+------------------------+------------------------------+--------------------------------+
; Partition Name                 ; Partition Type ; Netlist Type Used ; Preservation Level Used ; Netlist Type Requested ; Preservation Level Requested ; Contents                       ;
+--------------------------------+----------------+-------------------+-------------------------+------------------------+------------------------------+--------------------------------+
; Top                            ; User-created   ; Source File       ; N/A                     ; Source File            ; N/A                          ;                                ;
; hard_block:auto_generated_inst ; Auto-generated ; Source File       ; N/A                     ; Source File            ; N/A                          ; hard_block:auto_generated_inst ;
+--------------------------------+----------------+-------------------+-------------------------+------------------------+------------------------------+--------------------------------+


+------------------------------------------------------------------------------------------------------------+
; Incremental Compilation Placement Preservation                                                             ;
+--------------------------------+---------+-------------------+-------------------------+-------------------+
; Partition Name                 ; # Nodes ; # Preserved Nodes ; Preservation Level Used ; Netlist Type Used ;
+--------------------------------+---------+-------------------+-------------------------+-------------------+
; Top                            ; 3458    ; 0                 ; N/A                     ; Source File       ;
; hard_block:auto_generated_inst ; 3       ; 0                 ; N/A                     ; Source File       ;
+--------------------------------+---------+-------------------+-------------------------+-------------------+


+--------------+
; Pin-Out File ;
+--------------+
The pin-out file can be found in D:/fpga/cyclone2-lcd-ml-direct/rtl/output_files_hw/cyclone2_lcd_ml_hw.pin.


+-------------------------------------------------------------------------+
; Fitter Resource Usage Summary                                           ;
+---------------------------------------------+---------------------------+
; Resource                                    ; Usage                     ;
+---------------------------------------------+---------------------------+
; Total logic elements                        ; 2,326 / 4,608 ( 50 % )    ;
;     -- Combinational with no register       ; 1233                      ;
;     -- Register only                        ; 132                       ;
;     -- Combinational with a register        ; 961                       ;
;                                             ;                           ;
; Logic element usage by number of LUT inputs ;                           ;
;     -- 4 input functions                    ; 1329                      ;
;     -- 3 input functions                    ; 473                       ;
;     -- <=2 input functions                  ; 392                       ;
;     -- Register only                        ; 132                       ;
;                                             ;                           ;
; Logic elements by mode                      ;                           ;
;     -- normal mode                          ; 1718                      ;
;     -- arithmetic mode                      ; 476                       ;
;                                             ;                           ;
; Total registers*                            ; 1,093 / 4,851 ( 23 % )    ;
;     -- Dedicated logic registers            ; 1,093 / 4,608 ( 24 % )    ;
;     -- I/O registers                        ; 0 / 243 ( 0 % )           ;
;                                             ;                           ;
; Total LABs:  partially or completely used   ; 169 / 288 ( 59 % )        ;
; Virtual pins                                ; 0                         ;
; I/O pins                                    ; 38 / 89 ( 43 % )          ;
;     -- Clock pins                           ; 2 / 4 ( 50 % )            ;
;                                             ;                           ;
; Global signals                              ; 4                         ;
; M4Ks                                        ; 21 / 26 ( 81 % )          ;
; Total block memory bits                     ; 55,888 / 119,808 ( 47 % ) ;
; Total block memory implementation bits      ; 96,768 / 119,808 ( 81 % ) ;
; Embedded Multiplier 9-bit elements          ; 5 / 26 ( 19 % )           ;
; PLLs                                        ; 0 / 2 ( 0 % )             ;
; Global clocks                               ; 4 / 8 ( 50 % )            ;
; JTAGs                                       ; 0 / 1 ( 0 % )             ;
; ASMI blocks                                 ; 0 / 1 ( 0 % )             ;
; CRC blocks                                  ; 0 / 1 ( 0 % )             ;
; Average interconnect usage (total/H/V)      ; 13% / 13% / 13%           ;
; Peak interconnect usage (total/H/V)         ; 17% / 17% / 16%           ;
; Maximum fan-out                             ; 1110                      ;
; Highest non-global fan-out                  ; 307                       ;
; Total fan-out                               ; 11758                     ;
; Average fan-out                             ; 3.45                      ;
+---------------------------------------------+---------------------------+
*  Register count does not include registers inside RAM blocks or DSP blocks.



+-----------------------------------------------------------------------------------------------------+
; Fitter Partition Statistics                                                                         ;
+---------------------------------------------+----------------------+--------------------------------+
; Statistic                                   ; Top                  ; hard_block:auto_generated_inst ;
+---------------------------------------------+----------------------+--------------------------------+
; Difficulty Clustering Region                ; Low                  ; Low                            ;
;                                             ;                      ;                                ;
; Total logic elements                        ; 2326 / 4608 ( 50 % ) ; 0 / 4608 ( 0 % )               ;
;     -- Combinational with no register       ; 1233                 ; 0                              ;
;     -- Register only                        ; 132                  ; 0                              ;
;     -- Combinational with a register        ; 961                  ; 0                              ;
;                                             ;                      ;                                ;
; Logic element usage by number of LUT inputs ;                      ;                                ;
;     -- 4 input functions                    ; 1329                 ; 0                              ;
;     -- 3 input functions                    ; 473                  ; 0                              ;
;     -- <=2 input functions                  ; 392                  ; 0                              ;
;     -- Register only                        ; 132                  ; 0                              ;
;                                             ;                      ;                                ;
; Logic elements by mode                      ;                      ;                                ;
;     -- normal mode                          ; 1718                 ; 0                              ;
;     -- arithmetic mode                      ; 476                  ; 0                              ;
;                                             ;                      ;                                ;
; Total registers                             ; 1093                 ; 0                              ;
;     -- Dedicated logic registers            ; 1093 / 4608 ( 24 % ) ; 0 / 4608 ( 0 % )               ;
;                                             ;                      ;                                ;
; Total LABs:  partially or completely used   ; 169 / 288 ( 59 % )   ; 0 / 288 ( 0 % )                ;
;                                             ;                      ;                                ;
; Virtual pins                                ; 0                    ; 0                              ;
; I/O pins                                    ; 38                   ; 0                              ;
; Embedded Multiplier 9-bit elements          ; 5 / 26 ( 19 % )      ; 0 / 26 ( 0 % )                 ;
; Total memory bits                           ; 55888                ; 0                              ;
; Total RAM block bits                        ; 96768                ; 0                              ;
; M4K                                         ; 21 / 26 ( 80 % )     ; 0 / 26 ( 0 % )                 ;
; Clock control block                         ; 4 / 10 ( 40 % )      ; 0 / 10 ( 0 % )                 ;
;                                             ;                      ;                                ;
; Connections                                 ;                      ;                                ;
;     -- Input Connections                    ; 0                    ; 0                              ;
;     -- Registered Input Connections         ; 0                    ; 0                              ;
;     -- Output Connections                   ; 0                    ; 0                              ;
;     -- Registered Output Connections        ; 0                    ; 0                              ;
;                                             ;                      ;                                ;
; Internal Connections                        ;                      ;                                ;
;     -- Total Connections                    ; 11862                ; 0                              ;
;     -- Registered Connections               ; 3796                 ; 0                              ;
;                                             ;                      ;                                ;
; External Connections                        ;                      ;                                ;
;     -- Top                                  ; 0                    ; 0                              ;
;     -- hard_block:auto_generated_inst       ; 0                    ; 0                              ;
;                                             ;                      ;                                ;
; Partition Interface                         ;                      ;                                ;
;     -- Input Ports                          ; 9                    ; 0                              ;
;     -- Output Ports                         ; 13                   ; 0                              ;
;     -- Bidir Ports                          ; 16                   ; 0                              ;
;                                             ;                      ;                                ;
; Registered Ports                            ;                      ;                                ;
;     -- Registered Input Ports               ; 0                    ; 0                              ;
;     -- Registered Output Ports              ; 0                    ; 0                              ;
;                                             ;                      ;                                ;
; Port Connectivity                           ;                      ;                                ;
;     -- Input Ports driven by GND            ; 0                    ; 0                              ;
;     -- Output Ports driven by GND           ; 0                    ; 0                              ;
;     -- Input Ports driven by VCC            ; 0                    ; 0                              ;
;     -- Output Ports driven by VCC           ; 0                    ; 0                              ;
;     -- Input Ports with no Source           ; 0                    ; 0                              ;
;     -- Output Ports with no Source          ; 0                    ; 0                              ;
;     -- Input Ports with no Fanout           ; 0                    ; 0                              ;
;     -- Output Ports with no Fanout          ; 0                    ; 0                              ;
+---------------------------------------------+----------------------+--------------------------------+


+------------------------------------------------------------------------------------------------------------------------------------------------------------------------------------------------------------------------------------------------------------------------+
; Input Pins                                                                                                                                                                                                                                                             ;
+------------------+-------+----------+--------------+--------------+-------------+-----------------------+--------------------+--------+----------------+---------------+-----------------+----------+--------------+--------------+-------------+----------------------+
; Name             ; Pin # ; I/O Bank ; X coordinate ; Y coordinate ; Cell number ; Combinational Fan-Out ; Registered Fan-Out ; Global ; Input Register ; Power Up High ; PCI I/O Enabled ; Bus Hold ; Weak Pull Up ; I/O Standard ; Termination ; Location assigned by ;
+------------------+-------+----------+--------------+--------------+-------------+-----------------------+--------------------+--------+----------------+---------------+-----------------+----------+--------------+--------------+-------------+----------------------+
; clk50            ; 17    ; 1        ; 0            ; 6            ; 0           ; 1                     ; 0                  ; yes    ; no             ; no            ; no              ; no       ; Off          ; 3.3-V LVTTL  ; Off         ; User                 ;
; joystick_1_n     ; 139   ; 2        ; 3            ; 14           ; 3           ; 1                     ; 0                  ; no     ; no             ; no            ; no              ; no       ; On           ; 3.3-V LVTTL  ; Off         ; User                 ;
; joystick_2_n     ; 137   ; 2        ; 3            ; 14           ; 2           ; 1                     ; 0                  ; no     ; no             ; no            ; no              ; no       ; On           ; 3.3-V LVTTL  ; Off         ; User                 ;
; joystick_3_n     ; 142   ; 2        ; 1            ; 14           ; 1           ; 1                     ; 0                  ; no     ; no             ; no            ; no              ; no       ; On           ; 3.3-V LVTTL  ; Off         ; User                 ;
; joystick_4_n     ; 141   ; 2        ; 1            ; 14           ; 0           ; 1                     ; 0                  ; no     ; no             ; no            ; no              ; no       ; On           ; 3.3-V LVTTL  ; Off         ; User                 ;
; joystick_press_n ; 143   ; 2        ; 1            ; 14           ; 2           ; 1                     ; 0                  ; no     ; no             ; no            ; no              ; no       ; On           ; 3.3-V LVTTL  ; Off         ; User                 ;
; reset_n          ; 88    ; 3        ; 28           ; 7            ; 3           ; 52                    ; 0                  ; yes    ; no             ; no            ; no              ; no       ; Off          ; 3.3-V LVTTL  ; Off         ; User                 ;
; touch_irq_n      ; 129   ; 2        ; 12           ; 14           ; 0           ; 1                     ; 0                  ; no     ; no             ; no            ; no              ; no       ; On           ; 3.3-V LVTTL  ; Off         ; User                 ;
; touch_miso       ; 135   ; 2        ; 3            ; 14           ; 0           ; 1                     ; 0                  ; no     ; no             ; no            ; no              ; no       ; Off          ; 3.3-V LVTTL  ; Off         ; User                 ;
+------------------+-------+----------+--------------+--------------+-------------+-----------------------+--------------------+--------+----------------+---------------+-----------------+----------+--------------+--------------+-------------+----------------------+


+------------------------------------------------------------------------------------------------------------------------------------------------------------------------------------------------------------------------------------------------------------------------------------------------------------------------------------------+
; Output Pins                                                                                                                                                                                                                                                                                                                              ;
+------------+-------+----------+--------------+--------------+-------------+-----------------+------------------------+---------------+-----------------+------------+---------------+----------+--------------+--------------+------------------+-------------+----------------------+------+----------------------+---------------------+
; Name       ; Pin # ; I/O Bank ; X coordinate ; Y coordinate ; Cell number ; Output Register ; Output Enable Register ; Power Up High ; PCI I/O Enabled ; Open Drain ; TRI Primitive ; Bus Hold ; Weak Pull Up ; I/O Standard ; Current Strength ; Termination ; Location assigned by ; Load ; Output Enable Source ; Output Enable Group ;
+------------+-------+----------+--------------+--------------+-------------+-----------------+------------------------+---------------+-----------------+------------+---------------+----------+--------------+--------------+------------------+-------------+----------------------+------+----------------------+---------------------+
; buzzer_n   ; 4     ; 1        ; 0            ; 13           ; 3           ; no              ; no                     ; no            ; no              ; no         ; no            ; no       ; Off          ; 3.3-V LVTTL  ; 24mA             ; Off         ; User                 ; 0 pF ; -                    ; -                   ;
; lcd_cs_n   ; 121   ; 2        ; 19           ; 14           ; 1           ; no              ; no                     ; no            ; no              ; no         ; no            ; no       ; Off          ; 3.3-V LVTTL  ; 24mA             ; Off         ; User                 ; 0 pF ; -                    ; -                   ;
; lcd_rd_n   ; 126   ; 2        ; 14           ; 14           ; 1           ; no              ; no                     ; no            ; no              ; no         ; no            ; no       ; Off          ; 3.3-V LVTTL  ; 24mA             ; Off         ; User                 ; 0 pF ; -                    ; -                   ;
; lcd_rs     ; 122   ; 2        ; 19           ; 14           ; 2           ; no              ; no                     ; no            ; no              ; no         ; no            ; no       ; Off          ; 3.3-V LVTTL  ; 24mA             ; Off         ; User                 ; 0 pF ; -                    ; -                   ;
; lcd_rst_n  ; 132   ; 2        ; 9            ; 14           ; 2           ; no              ; no                     ; no            ; no              ; no         ; no            ; no       ; Off          ; 3.3-V LVTTL  ; 24mA             ; Off         ; User                 ; 0 pF ; -                    ; -                   ;
; lcd_wr_n   ; 125   ; 2        ; 14           ; 14           ; 0           ; no              ; no                     ; no            ; no              ; no         ; no            ; no       ; Off          ; 3.3-V LVTTL  ; 24mA             ; Off         ; User                 ; 0 pF ; -                    ; -                   ;
; led[0]     ; 8     ; 1        ; 0            ; 11           ; 2           ; no              ; no                     ; no            ; no              ; no         ; no            ; no       ; Off          ; 3.3-V LVTTL  ; 24mA             ; Off         ; User                 ; 0 pF ; -                    ; -                   ;
; led[1]     ; 9     ; 1        ; 0            ; 11           ; 3           ; no              ; no                     ; no            ; no              ; no         ; no            ; no       ; Off          ; 3.3-V LVTTL  ; 24mA             ; Off         ; User                 ; 0 pF ; -                    ; -                   ;
; led[2]     ; 24    ; 1        ; 0            ; 5            ; 0           ; no              ; no                     ; no            ; no              ; no         ; no            ; no       ; Off          ; 3.3-V LVTTL  ; 24mA             ; Off         ; User                 ; 0 pF ; -                    ; -                   ;
; led[3]     ; 25    ; 1        ; 0            ; 5            ; 1           ; no              ; no                     ; no            ; no              ; no         ; no            ; no       ; Off          ; 3.3-V LVTTL  ; 24mA             ; Off         ; User                 ; 0 pF ; -                    ; -                   ;
; touch_cs_n ; 134   ; 2        ; 7            ; 14           ; 1           ; no              ; no                     ; no            ; no              ; no         ; no            ; no       ; Off          ; 3.3-V LVTTL  ; 24mA             ; Off         ; User                 ; 0 pF ; -                    ; -                   ;
; touch_mosi ; 136   ; 2        ; 3            ; 14           ; 1           ; no              ; no                     ; no            ; no              ; no         ; no            ; no       ; Off          ; 3.3-V LVTTL  ; 24mA             ; Off         ; User                 ; 0 pF ; -                    ; -                   ;
; touch_sclk ; 133   ; 2        ; 7            ; 14           ; 0           ; no              ; no                     ; no            ; no              ; no         ; no            ; no       ; Off          ; 3.3-V LVTTL  ; 24mA             ; Off         ; User                 ; 0 pF ; -                    ; -                   ;
+------------+-------+----------+--------------+--------------+-------------+-----------------+------------------------+---------------+-----------------+------------+---------------+----------+--------------+--------------+------------------+-------------+----------------------+------+----------------------+---------------------+


+--------------------------------------------------------------------------------------------------------------------------------------------------------------------------------------------------------------------------------------------------------------------------------------------------------------------------------------------------------------------------------------------------------------------+
; Bidir Pins                                                                                                                                                                                                                                                                                                                                                                                                         ;
+--------------+-------+----------+--------------+--------------+-------------+-----------------------+--------------------+--------+----------------+-----------------+------------------------+---------------+-----------------+------------+----------+--------------+--------------+------------------+-------------+----------------------+------+---------------------------------------+---------------------+
; Name         ; Pin # ; I/O Bank ; X coordinate ; Y coordinate ; Cell number ; Combinational Fan-Out ; Registered Fan-Out ; Global ; Input Register ; Output Register ; Output Enable Register ; Power Up High ; PCI I/O Enabled ; Open Drain ; Bus Hold ; Weak Pull Up ; I/O Standard ; Current Strength ; Termination ; Location assigned by ; Load ; Output Enable Source                  ; Output Enable Group ;
+--------------+-------+----------+--------------+--------------+-------------+-----------------------+--------------------+--------+----------------+-----------------+------------------------+---------------+-----------------+------------+----------+--------------+--------------+------------------+-------------+----------------------+------+---------------------------------------+---------------------+
; lcd_data[0]  ; 93    ; 3        ; 28           ; 8            ; 0           ; 0                     ; 0                  ; no     ; no             ; no              ; no                     ; no            ; no              ; no         ; no       ; Off          ; 3.3-V LVTTL  ; 24mA             ; Off         ; User                 ; 0 pF ; lcd_live_writer:lcd_writer|WideOr14~0 ; -                   ;
; lcd_data[10] ; 113   ; 2        ; 26           ; 14           ; 1           ; 0                     ; 0                  ; no     ; no             ; no              ; no                     ; no            ; no              ; no         ; no       ; Off          ; 3.3-V LVTTL  ; 24mA             ; Off         ; User                 ; 0 pF ; lcd_live_writer:lcd_writer|WideOr14~0 ; -                   ;
; lcd_data[11] ; 114   ; 2        ; 26           ; 14           ; 2           ; 0                     ; 0                  ; no     ; no             ; no              ; no                     ; no            ; no              ; no         ; no       ; Off          ; 3.3-V LVTTL  ; 24mA             ; Off         ; User                 ; 0 pF ; lcd_live_writer:lcd_writer|WideOr14~0 ; -                   ;
; lcd_data[12] ; 115   ; 2        ; 24           ; 14           ; 0           ; 0                     ; 0                  ; no     ; no             ; no              ; no                     ; no            ; no              ; no         ; no       ; Off          ; 3.3-V LVTTL  ; 24mA             ; Off         ; User                 ; 0 pF ; lcd_live_writer:lcd_writer|WideOr14~0 ; -                   ;
; lcd_data[13] ; 118   ; 2        ; 21           ; 14           ; 0           ; 0                     ; 0                  ; no     ; no             ; no              ; no                     ; no            ; no              ; no         ; no       ; Off          ; 3.3-V LVTTL  ; 24mA             ; Off         ; User                 ; 0 pF ; lcd_live_writer:lcd_writer|WideOr14~0 ; -                   ;
; lcd_data[14] ; 119   ; 2        ; 21           ; 14           ; 1           ; 0                     ; 0                  ; no     ; no             ; no              ; no                     ; no            ; no              ; no         ; no       ; Off          ; 3.3-V LVTTL  ; 24mA             ; Off         ; User                 ; 0 pF ; lcd_live_writer:lcd_writer|WideOr14~0 ; -                   ;
; lcd_data[15] ; 120   ; 2        ; 19           ; 14           ; 0           ; 0                     ; 0                  ; no     ; no             ; no              ; no                     ; no            ; no              ; no         ; no       ; Off          ; 3.3-V LVTTL  ; 24mA             ; Off         ; User                 ; 0 pF ; lcd_live_writer:lcd_writer|WideOr14~0 ; -                   ;
; lcd_data[1]  ; 94    ; 3        ; 28           ; 9            ; 2           ; 0                     ; 0                  ; no     ; no             ; no              ; no                     ; no            ; no              ; no         ; no       ; Off          ; 3.3-V LVTTL  ; 24mA             ; Off         ; User                 ; 0 pF ; lcd_live_writer:lcd_writer|WideOr14~0 ; -                   ;
; lcd_data[2]  ; 96    ; 3        ; 28           ; 9            ; 1           ; 0                     ; 0                  ; no     ; no             ; no              ; no                     ; no            ; no              ; no         ; no       ; Off          ; 3.3-V LVTTL  ; 24mA             ; Off         ; User                 ; 0 pF ; lcd_live_writer:lcd_writer|WideOr14~0 ; -                   ;
; lcd_data[3]  ; 97    ; 3        ; 28           ; 9            ; 0           ; 0                     ; 0                  ; no     ; no             ; no              ; no                     ; no            ; no              ; no         ; no       ; Off          ; 3.3-V LVTTL  ; 24mA             ; Off         ; User                 ; 0 pF ; lcd_live_writer:lcd_writer|WideOr14~0 ; -                   ;
; lcd_data[4]  ; 99    ; 3        ; 28           ; 11           ; 2           ; 0                     ; 0                  ; no     ; no             ; no              ; no                     ; no            ; no              ; no         ; no       ; Off          ; 3.3-V LVTTL  ; 24mA             ; Off         ; User                 ; 0 pF ; lcd_live_writer:lcd_writer|WideOr14~0 ; -                   ;
; lcd_data[5]  ; 100   ; 3        ; 28           ; 11           ; 1           ; 0                     ; 0                  ; no     ; no             ; no              ; no                     ; no            ; no              ; no         ; no       ; Off          ; 3.3-V LVTTL  ; 24mA             ; Off         ; User                 ; 0 pF ; lcd_live_writer:lcd_writer|WideOr14~0 ; -                   ;
; lcd_data[6]  ; 101   ; 3        ; 28           ; 11           ; 0           ; 0                     ; 0                  ; no     ; no             ; no              ; no                     ; no            ; no              ; no         ; no       ; Off          ; 3.3-V LVTTL  ; 24mA             ; Off         ; User                 ; 0 pF ; lcd_live_writer:lcd_writer|WideOr14~0 ; -                   ;
; lcd_data[7]  ; 103   ; 3        ; 28           ; 12           ; 1           ; 0                     ; 0                  ; no     ; no             ; no              ; no                     ; no            ; no              ; no         ; no       ; Off          ; 3.3-V LVTTL  ; 24mA             ; Off         ; User                 ; 0 pF ; lcd_live_writer:lcd_writer|WideOr14~0 ; -                   ;
; lcd_data[8]  ; 104   ; 3        ; 28           ; 12           ; 0           ; 0                     ; 0                  ; no     ; no             ; no              ; no                     ; no            ; no              ; no         ; no       ; Off          ; 3.3-V LVTTL  ; 24mA             ; Off         ; User                 ; 0 pF ; lcd_live_writer:lcd_writer|WideOr14~0 ; -                   ;
; lcd_data[9]  ; 112   ; 2        ; 26           ; 14           ; 0           ; 0                     ; 0                  ; no     ; no             ; no              ; no                     ; no            ; no              ; no         ; no       ; Off          ; 3.3-V LVTTL  ; 24mA             ; Off         ; User                 ; 0 pF ; lcd_live_writer:lcd_writer|WideOr14~0 ; -                   ;
+--------------+-------+----------+--------------+--------------+-------------+-----------------------+--------------------+--------+----------------+-----------------+------------------------+---------------+-----------------+------------+----------+--------------+--------------+------------------+-------------+----------------------+------+---------------------------------------+---------------------+


+------------------------------------------------------------+
; I/O Bank Usage                                             ;
+----------+------------------+---------------+--------------+
; I/O Bank ; Usage            ; VCCIO Voltage ; VREF Voltage ;
+----------+------------------+---------------+--------------+
; 1        ; 8 / 19 ( 42 % )  ; 3.3V          ; --           ;
; 2        ; 22 / 23 ( 96 % ) ; 3.3V          ; --           ;
; 3        ; 11 / 23 ( 48 % ) ; 3.3V          ; --           ;
; 4        ; 0 / 24 ( 0 % )   ; 3.3V          ; --           ;
+----------+------------------+---------------+--------------+


+------------------------------------------------------------------------------------------------------------------------------------------------------------------------+
; All Package Pins                                                                                                                                                       ;
+----------+------------+----------+------------------------------------------+--------+--------------+---------+------------+-----------------+----------+--------------+
; Location ; Pad Number ; I/O Bank ; Pin Name/Usage                           ; Dir.   ; I/O Standard ; Voltage ; I/O Type   ; User Assignment ; Bus Hold ; Weak Pull Up ;
+----------+------------+----------+------------------------------------------+--------+--------------+---------+------------+-----------------+----------+--------------+
; 1        ; 0          ; 1        ; ~ASDO~ / RESERVED_INPUT_WITH_WEAK_PULLUP ; input  ; 3.3-V LVTTL  ;         ; Row I/O    ; N               ; no       ; On           ;
; 2        ; 1          ; 1        ; ~nCSO~ / RESERVED_INPUT_WITH_WEAK_PULLUP ; input  ; 3.3-V LVTTL  ;         ; Row I/O    ; N               ; no       ; On           ;
; 3        ; 2          ; 1        ; RESERVED_INPUT                           ;        ;              ;         ; Row I/O    ;                 ; no       ; Off          ;
; 4        ; 3          ; 1        ; buzzer_n                                 ; output ; 3.3-V LVTTL  ;         ; Row I/O    ; Y               ; no       ; Off          ;
; 5        ;            ; 1        ; VCCIO1                                   ; power  ;              ; 3.3V    ; --         ;                 ; --       ; --           ;
; 6        ;            ;          ; GND                                      ; gnd    ;              ;         ; --         ;                 ; --       ; --           ;
; 7        ; 10         ; 1        ; RESERVED_INPUT                           ;        ;              ;         ; Row I/O    ;                 ; --       ; --           ;
; 8        ; 11         ; 1        ; led[0]                                   ; output ; 3.3-V LVTTL  ;         ; Row I/O    ; Y               ; no       ; Off          ;
; 9        ; 12         ; 1        ; led[1]                                   ; output ; 3.3-V LVTTL  ;         ; Row I/O    ; Y               ; no       ; Off          ;
; 10       ; 13         ; 1        ; #TDO                                     ; output ;              ;         ; --         ;                 ; --       ; --           ;
; 11       ; 14         ; 1        ; #TMS                                     ; input  ;              ;         ; --         ;                 ; --       ; --           ;
; 12       ; 15         ; 1        ; #TCK                                     ; input  ;              ;         ; --         ;                 ; --       ; --           ;
; 13       ; 16         ; 1        ; #TDI                                     ; input  ;              ;         ; --         ;                 ; --       ; --           ;
; 14       ; 17         ; 1        ; ^DATA0                                   ; input  ;              ;         ; --         ;                 ; --       ; --           ;
; 15       ; 18         ; 1        ; ^DCLK                                    ;        ;              ;         ; --         ;                 ; --       ; --           ;
; 16       ; 19         ; 1        ; ^nCE                                     ;        ;              ;         ; --         ;                 ; --       ; --           ;
; 17       ; 20         ; 1        ; clk50                                    ; input  ; 3.3-V LVTTL  ;         ; Row I/O    ; Y               ; no       ; Off          ;
; 18       ; 21         ; 1        ; GND+                                     ;        ;              ;         ; Row I/O    ;                 ; --       ; --           ;
; 19       ;            ;          ; GND                                      ; gnd    ;              ;         ; --         ;                 ; --       ; --           ;
; 20       ; 22         ; 1        ; ^nCONFIG                                 ;        ;              ;         ; --         ;                 ; --       ; --           ;
; 21       ; 23         ; 1        ; GND+                                     ;        ;              ;         ; Row I/O    ;                 ; --       ; --           ;
; 22       ; 24         ; 1        ; GND+                                     ;        ;              ;         ; Row I/O    ;                 ; --       ; --           ;
; 23       ;            ; 1        ; VCCIO1                                   ; power  ;              ; 3.3V    ; --         ;                 ; --       ; --           ;
; 24       ; 25         ; 1        ; led[2]                                   ; output ; 3.3-V LVTTL  ;         ; Row I/O    ; Y               ; no       ; Off          ;
; 25       ; 26         ; 1        ; led[3]                                   ; output ; 3.3-V LVTTL  ;         ; Row I/O    ; Y               ; no       ; Off          ;
; 26       ; 27         ; 1        ; RESERVED_INPUT                           ;        ;              ;         ; Row I/O    ;                 ; no       ; Off          ;
; 27       ; 28         ; 1        ; RESERVED_INPUT                           ;        ;              ;         ; Row I/O    ;                 ; no       ; Off          ;
; 28       ; 32         ; 1        ; RESERVED_INPUT                           ;        ;              ;         ; Row I/O    ;                 ; --       ; --           ;
; 29       ;            ; 1        ; VCCIO1                                   ; power  ;              ; 3.3V    ; --         ;                 ; --       ; --           ;
; 30       ; 40         ; 1        ; RESERVED_INPUT                           ;        ;              ;         ; Row I/O    ;                 ; no       ; Off          ;
; 31       ; 41         ; 1        ; RESERVED_INPUT                           ;        ;              ;         ; Row I/O    ;                 ; no       ; Off          ;
; 32       ; 42         ; 1        ; RESERVED_INPUT                           ;        ;              ;         ; Row I/O    ;                 ; no       ; Off          ;
; 33       ;            ;          ; GND                                      ; gnd    ;              ;         ; --         ;                 ; --       ; --           ;
; 34       ;            ;          ; GND_PLL1                                 ; gnd    ;              ;         ; --         ;                 ; --       ; --           ;
; 35       ;            ;          ; VCCD_PLL1                                ; power  ;              ; 1.2V    ; --         ;                 ; --       ; --           ;
; 36       ;            ;          ; GND_PLL1                                 ; gnd    ;              ;         ; --         ;                 ; --       ; --           ;
; 37       ;            ;          ; VCCA_PLL1                                ; power  ;              ; 1.2V    ; --         ;                 ; --       ; --           ;
; 38       ;            ;          ; GNDA_PLL1                                ; gnd    ;              ;         ; --         ;                 ; --       ; --           ;
; 39       ;            ;          ; GND                                      ; gnd    ;              ;         ; --         ;                 ; --       ; --           ;
; 40       ; 43         ; 4        ; RESERVED_INPUT                           ;        ;              ;         ; Column I/O ;                 ; no       ; Off          ;
; 41       ; 44         ; 4        ; RESERVED_INPUT                           ;        ;              ;         ; Column I/O ;                 ; no       ; Off          ;
; 42       ; 45         ; 4        ; RESERVED_INPUT                           ;        ;              ;         ; Column I/O ;                 ; no       ; Off          ;
; 43       ; 46         ; 4        ; RESERVED_INPUT                           ;        ;              ;         ; Column I/O ;                 ; no       ; Off          ;
; 44       ; 47         ; 4        ; RESERVED_INPUT                           ;        ;              ;         ; Column I/O ;                 ; no       ; Off          ;
; 45       ; 48         ; 4        ; RESERVED_INPUT                           ;        ;              ;         ; Column I/O ;                 ; no       ; Off          ;
; 46       ;            ; 4        ; VCCIO4                                   ; power  ;              ; 3.3V    ; --         ;                 ; --       ; --           ;
; 47       ; 49         ; 4        ; RESERVED_INPUT                           ;        ;              ;         ; Column I/O ;                 ; no       ; Off          ;
; 48       ; 50         ; 4        ; RESERVED_INPUT                           ;        ;              ;         ; Column I/O ;                 ; no       ; Off          ;
; 49       ;            ;          ; GND                                      ; gnd    ;              ;         ; --         ;                 ; --       ; --           ;
; 50       ;            ;          ; VCCINT                                   ; power  ;              ; 1.2V    ; --         ;                 ; --       ; --           ;
; 51       ; 52         ; 4        ; RESERVED_INPUT                           ;        ;              ;         ; Column I/O ;                 ; --       ; --           ;
; 52       ; 53         ; 4        ; RESERVED_INPUT                           ;        ;              ;         ; Column I/O ;                 ; no       ; Off          ;
; 53       ; 57         ; 4        ; RESERVED_INPUT                           ;        ;              ;         ; Column I/O ;                 ; no       ; Off          ;
; 54       ;            ; 4        ; VCCIO4                                   ; power  ;              ; 3.3V    ; --         ;                 ; --       ; --           ;
; 55       ; 58         ; 4        ; RESERVED_INPUT                           ;        ;              ;         ; Column I/O ;                 ; no       ; Off          ;
; 56       ;            ;          ; GND                                      ; gnd    ;              ;         ; --         ;                 ; --       ; --           ;
; 57       ; 59         ; 4        ; RESERVED_INPUT                           ;        ;              ;         ; Column I/O ;                 ; no       ; Off          ;
; 58       ; 60         ; 4        ; RESERVED_INPUT                           ;        ;              ;         ; Column I/O ;                 ; no       ; Off          ;
; 59       ; 63         ; 4        ; RESERVED_INPUT                           ;        ;              ;         ; Column I/O ;                 ; no       ; Off          ;
; 60       ; 64         ; 4        ; RESERVED_INPUT                           ;        ;              ;         ; Column I/O ;                 ; no       ; Off          ;
; 61       ;            ;          ; GND                                      ; gnd    ;              ;         ; --         ;                 ; --       ; --           ;
; 62       ;            ;          ; VCCINT                                   ; power  ;              ; 1.2V    ; --         ;                 ; --       ; --           ;
; 63       ; 72         ; 4        ; RESERVED_INPUT                           ;        ;              ;         ; Column I/O ;                 ; --       ; --           ;
; 64       ; 75         ; 4        ; RESERVED_INPUT                           ;        ;              ;         ; Column I/O ;                 ; no       ; Off          ;
; 65       ; 76         ; 4        ; RESERVED_INPUT                           ;        ;              ;         ; Column I/O ;                 ; no       ; Off          ;
; 66       ;            ; 4        ; VCCIO4                                   ; power  ;              ; 3.3V    ; --         ;                 ; --       ; --           ;
; 67       ; 79         ; 4        ; RESERVED_INPUT                           ;        ;              ;         ; Column I/O ;                 ; no       ; Off          ;
; 68       ;            ;          ; GND                                      ; gnd    ;              ;         ; --         ;                 ; --       ; --           ;
; 69       ; 80         ; 4        ; RESERVED_INPUT                           ;        ;              ;         ; Column I/O ;                 ; no       ; Off          ;
; 70       ; 81         ; 4        ; RESERVED_INPUT                           ;        ;              ;         ; Column I/O ;                 ; no       ; Off          ;
; 71       ; 82         ; 4        ; RESERVED_INPUT                           ;        ;              ;         ; Column I/O ;                 ; no       ; Off          ;
; 72       ; 83         ; 4        ; RESERVED_INPUT                           ;        ;              ;         ; Column I/O ;                 ; no       ; Off          ;
; 73       ; 84         ; 3        ; RESERVED_INPUT                           ;        ;              ;         ; Row I/O    ;                 ; no       ; Off          ;
; 74       ; 85         ; 3        ; RESERVED_INPUT                           ;        ;              ;         ; Row I/O    ;                 ; no       ; Off          ;
; 75       ; 86         ; 3        ; RESERVED_INPUT                           ;        ;              ;         ; Row I/O    ;                 ; no       ; Off          ;
; 76       ; 87         ; 3        ; ~LVDS41p/nCEO~                           ; output ; 3.3-V LVTTL  ;         ; Row I/O    ; N               ; no       ; Off          ;
; 77       ;            ; 3        ; VCCIO3                                   ; power  ;              ; 3.3V    ; --         ;                 ; --       ; --           ;
; 78       ;            ;          ; GND                                      ; gnd    ;              ;         ; --         ;                 ; --       ; --           ;
; 79       ; 95         ; 3        ; RESERVED_INPUT                           ;        ;              ;         ; Row I/O    ;                 ; --       ; --           ;
; 80       ; 97         ; 3        ; RESERVED_INPUT                           ;        ;              ;         ; Row I/O    ;                 ; no       ; Off          ;
; 81       ; 98         ; 3        ; RESERVED_INPUT                           ;        ;              ;         ; Row I/O    ;                 ; no       ; Off          ;
; 82       ; 99         ; 3        ; ^nSTATUS                                 ;        ;              ;         ; --         ;                 ; --       ; --           ;
; 83       ; 100        ; 3        ; ^CONF_DONE                               ;        ;              ;         ; --         ;                 ; --       ; --           ;
; 84       ; 101        ; 3        ; ^MSEL1                                   ;        ;              ;         ; --         ;                 ; --       ; --           ;
; 85       ; 102        ; 3        ; ^MSEL0                                   ;        ;              ;         ; --         ;                 ; --       ; --           ;
; 86       ; 103        ; 3        ; RESERVED_INPUT                           ;        ;              ;         ; Row I/O    ;                 ; no       ; Off          ;
; 87       ; 104        ; 3        ; RESERVED_INPUT                           ;        ;              ;         ; Row I/O    ;                 ; no       ; Off          ;
; 88       ; 105        ; 3        ; reset_n                                  ; input  ; 3.3-V LVTTL  ;         ; Row I/O    ; Y               ; no       ; Off          ;
; 89       ; 106        ; 3        ; GND+                                     ;        ;              ;         ; Row I/O    ;                 ; --       ; --           ;
; 90       ; 107        ; 3        ; GND+                                     ;        ;              ;         ; Row I/O    ;                 ; --       ; --           ;
; 91       ; 108        ; 3        ; GND+                                     ;        ;              ;         ; Row I/O    ;                 ; --       ; --           ;
; 92       ; 109        ; 3        ; RESERVED_INPUT                           ;        ;              ;         ; Row I/O    ;                 ; no       ; Off          ;
; 93       ; 110        ; 3        ; lcd_data[0]                              ; bidir  ; 3.3-V LVTTL  ;         ; Row I/O    ; Y               ; no       ; Off          ;
; 94       ; 111        ; 3        ; lcd_data[1]                              ; bidir  ; 3.3-V LVTTL  ;         ; Row I/O    ; Y               ; no       ; Off          ;
; 95       ;            ; 3        ; VCCIO3                                   ; power  ;              ; 3.3V    ; --         ;                 ; --       ; --           ;
; 96       ; 112        ; 3        ; lcd_data[2]                              ; bidir  ; 3.3-V LVTTL  ;         ; Row I/O    ; Y               ; no       ; Off          ;
; 97       ; 113        ; 3        ; lcd_data[3]                              ; bidir  ; 3.3-V LVTTL  ;         ; Row I/O    ; Y               ; no       ; Off          ;
; 98       ;            ;          ; GND                                      ; gnd    ;              ;         ; --         ;                 ; --       ; --           ;
; 99       ; 119        ; 3        ; lcd_data[4]                              ; bidir  ; 3.3-V LVTTL  ;         ; Row I/O    ; Y               ; no       ; Off          ;
; 100      ; 120        ; 3        ; lcd_data[5]                              ; bidir  ; 3.3-V LVTTL  ;         ; Row I/O    ; Y               ; no       ; Off          ;
; 101      ; 121        ; 3        ; lcd_data[6]                              ; bidir  ; 3.3-V LVTTL  ;         ; Row I/O    ; Y               ; no       ; Off          ;
; 102      ;            ; 3        ; VCCIO3                                   ; power  ;              ; 3.3V    ; --         ;                 ; --       ; --           ;
; 103      ; 125        ; 3        ; lcd_data[7]                              ; bidir  ; 3.3-V LVTTL  ;         ; Row I/O    ; Y               ; no       ; Off          ;
; 104      ; 126        ; 3        ; lcd_data[8]                              ; bidir  ; 3.3-V LVTTL  ;         ; Row I/O    ; Y               ; no       ; Off          ;
; 105      ;            ;          ; GND                                      ; gnd    ;              ;         ; --         ;                 ; --       ; --           ;
; 106      ;            ;          ; GND_PLL2                                 ; gnd    ;              ;         ; --         ;                 ; --       ; --           ;
; 107      ;            ;          ; VCCD_PLL2                                ; power  ;              ; 1.2V    ; --         ;                 ; --       ; --           ;
; 108      ;            ;          ; GND_PLL2                                 ; gnd    ;              ;         ; --         ;                 ; --       ; --           ;
; 109      ;            ;          ; VCCA_PLL2                                ; power  ;              ; 1.2V    ; --         ;                 ; --       ; --           ;
; 110      ;            ;          ; GNDA_PLL2                                ; gnd    ;              ;         ; --         ;                 ; --       ; --           ;
; 111      ;            ;          ; GND                                      ; gnd    ;              ;         ; --         ;                 ; --       ; --           ;
; 112      ; 127        ; 2        ; lcd_data[9]                              ; bidir  ; 3.3-V LVTTL  ;         ; Column I/O ; Y               ; no       ; Off          ;
; 113      ; 128        ; 2        ; lcd_data[10]                             ; bidir  ; 3.3-V LVTTL  ;         ; Column I/O ; Y               ; no       ; Off          ;
; 114      ; 129        ; 2        ; lcd_data[11]                             ; bidir  ; 3.3-V LVTTL  ;         ; Column I/O ; Y               ; no       ; Off          ;
; 115      ; 130        ; 2        ; lcd_data[12]                             ; bidir  ; 3.3-V LVTTL  ;         ; Column I/O ; Y               ; no       ; Off          ;
; 116      ;            ; 2        ; VCCIO2                                   ; power  ;              ; 3.3V    ; --         ;                 ; --       ; --           ;
; 117      ;            ;          ; GND                                      ; gnd    ;              ;         ; --         ;                 ; --       ; --           ;
; 118      ; 134        ; 2        ; lcd_data[13]                             ; bidir  ; 3.3-V LVTTL  ;         ; Column I/O ; Y               ; no       ; Off          ;
; 119      ; 135        ; 2        ; lcd_data[14]                             ; bidir  ; 3.3-V LVTTL  ;         ; Column I/O ; Y               ; no       ; Off          ;
; 120      ; 137        ; 2        ; lcd_data[15]                             ; bidir  ; 3.3-V LVTTL  ;         ; Column I/O ; Y               ; no       ; Off          ;
; 121      ; 138        ; 2        ; lcd_cs_n                                 ; output ; 3.3-V LVTTL  ;         ; Column I/O ; Y               ; no       ; Off          ;
; 122      ; 139        ; 2        ; lcd_rs                                   ; output ; 3.3-V LVTTL  ;         ; Column I/O ; Y               ; no       ; Off          ;
; 123      ;            ;          ; GND                                      ; gnd    ;              ;         ; --         ;                 ; --       ; --           ;
; 124      ;            ;          ; VCCINT                                   ; power  ;              ; 1.2V    ; --         ;                 ; --       ; --           ;
; 125      ; 144        ; 2        ; lcd_wr_n                                 ; output ; 3.3-V LVTTL  ;         ; Column I/O ; Y               ; no       ; Off          ;
; 126      ; 145        ; 2        ; lcd_rd_n                                 ; output ; 3.3-V LVTTL  ;         ; Column I/O ; Y               ; no       ; Off          ;
; 127      ;            ; 2        ; VCCIO2                                   ; power  ;              ; 3.3V    ; --         ;                 ; --       ; --           ;
; 128      ;            ;          ; GND                                      ; gnd    ;              ;         ; --         ;                 ; --       ; --           ;
; 129      ; 148        ; 2        ; touch_irq_n                              ; input  ; 3.3-V LVTTL  ;         ; Column I/O ; Y               ; no       ; On           ;
; 130      ;            ;          ; GND                                      ; gnd    ;              ;         ; --         ;                 ; --       ; --           ;
; 131      ;            ;          ; VCCINT                                   ; power  ;              ; 1.2V    ; --         ;                 ; --       ; --           ;
; 132      ; 153        ; 2        ; lcd_rst_n                                ; output ; 3.3-V LVTTL  ;         ; Column I/O ; Y               ; no       ; Off          ;
; 133      ; 154        ; 2        ; touch_sclk                               ; output ; 3.3-V LVTTL  ;         ; Column I/O ; Y               ; no       ; Off          ;
; 134      ; 155        ; 2        ; touch_cs_n                               ; output ; 3.3-V LVTTL  ;         ; Column I/O ; Y               ; no       ; Off          ;
; 135      ; 162        ; 2        ; touch_miso                               ; input  ; 3.3-V LVTTL  ;         ; Column I/O ; Y               ; no       ; Off          ;
; 136      ; 163        ; 2        ; touch_mosi                               ; output ; 3.3-V LVTTL  ;         ; Column I/O ; Y               ; no       ; Off          ;
; 137      ; 164        ; 2        ; joystick_2_n                             ; input  ; 3.3-V LVTTL  ;         ; Column I/O ; Y               ; no       ; On           ;
; 138      ;            ; 2        ; VCCIO2                                   ; power  ;              ; 3.3V    ; --         ;                 ; --       ; --           ;
; 139      ; 165        ; 2        ; joystick_1_n                             ; input  ; 3.3-V LVTTL  ;         ; Column I/O ; Y               ; no       ; On           ;
; 140      ;            ;          ; GND                                      ; gnd    ;              ;         ; --         ;                 ; --       ; --           ;
; 141      ; 166        ; 2        ; joystick_4_n                             ; input  ; 3.3-V LVTTL  ;         ; Column I/O ; Y               ; no       ; On           ;
; 142      ; 167        ; 2        ; joystick_3_n                             ; input  ; 3.3-V LVTTL  ;         ; Column I/O ; Y               ; no       ; On           ;
; 143      ; 168        ; 2        ; joystick_press_n                         ; input  ; 3.3-V LVTTL  ;         ; Column I/O ; Y               ; no       ; On           ;
; 144      ; 169        ; 2        ; RESERVED_INPUT                           ;        ;              ;         ; Column I/O ;                 ; no       ; Off          ;
+----------+------------+----------+------------------------------------------+--------+--------------+---------+------------+-----------------+----------+--------------+
Note: Pin directions (input, output or bidir) are based on device operating in user mode.


+-------------------------------------------------------------------------------+
; Output Pin Default Load For Reported TCO                                      ;
+----------------------------------+-------+------------------------------------+
; I/O Standard                     ; Load  ; Termination Resistance             ;
+----------------------------------+-------+------------------------------------+
; 3.3-V LVTTL                      ; 0 pF  ; Not Available                      ;
; 3.3-V LVCMOS                     ; 0 pF  ; Not Available                      ;
; 2.5 V                            ; 0 pF  ; Not Available                      ;
; 1.8 V                            ; 0 pF  ; Not Available                      ;
; 1.5 V                            ; 0 pF  ; Not Available                      ;
; 3.3-V PCI                        ; 10 pF ; 25 Ohm (Parallel)                  ;
; 3.3-V PCI-X                      ; 10 pF ; 25 Ohm (Parallel)                  ;
; SSTL-2 Class I                   ; 0 pF  ; 50 Ohm (Parallel), 25 Ohm (Serial) ;
; SSTL-2 Class II                  ; 0 pF  ; 25 Ohm (Parallel), 25 Ohm (Serial) ;
; SSTL-18 Class I                  ; 0 pF  ; 50 Ohm (Parallel), 25 Ohm (Serial) ;
; SSTL-18 Class II                 ; 0 pF  ; 25 Ohm (Parallel), 25 Ohm (Serial) ;
; 1.5-V HSTL Class I               ; 0 pF  ; 50 Ohm (Parallel)                  ;
; 1.5-V HSTL Class II              ; 0 pF  ; 25 Ohm (Parallel)                  ;
; 1.8-V HSTL Class I               ; 0 pF  ; 50 Ohm (Parallel)                  ;
; 1.8-V HSTL Class II              ; 0 pF  ; 25 Ohm (Parallel)                  ;
; Differential SSTL-2              ; 0 pF  ; (See SSTL-2)                       ;
; Differential 2.5-V SSTL Class II ; 0 pF  ; (See SSTL-2 Class II)              ;
; Differential 1.8-V SSTL Class I  ; 0 pF  ; (See 1.8-V SSTL Class I)           ;
; Differential 1.8-V SSTL Class II ; 0 pF  ; (See 1.8-V SSTL Class II)          ;
; Differential 1.5-V HSTL Class I  ; 0 pF  ; (See 1.5-V HSTL Class I)           ;
; Differential 1.5-V HSTL Class II ; 0 pF  ; (See 1.5-V HSTL Class II)          ;
; Differential 1.8-V HSTL Class I  ; 0 pF  ; (See 1.8-V HSTL Class I)           ;
; Differential 1.8-V HSTL Class II ; 0 pF  ; (See 1.8-V HSTL Class II)          ;
; LVDS                             ; 0 pF  ; 100 Ohm (Differential)             ;
; mini-LVDS                        ; 0 pF  ; 100 Ohm (Differential)             ;
; RSDS                             ; 0 pF  ; 100 Ohm (Differential)             ;
; Simple RSDS                      ; 0 pF  ; Not Available                      ;
; Differential LVPECL              ; 0 pF  ; 100 Ohm (Differential)             ;
+----------------------------------+-------+------------------------------------+
Note: User assignments will override these defaults. The user specified values are listed in the Output Pins and Bidir Pins tables.


+-------------------------------------------------------------------------------------------------------------------------------------------------------------------------------------------------------------------------------------------------------------------------------------------------------------------------------------------------------------------------------------------------------------+
; Fitter Resource Utilization by Entity                                                                                                                                                                                                                                                                                                                                                                       ;
+----------------------------------------------+-------------+---------------------------+---------------+-------------+------+--------------+---------+-----------+------+--------------+--------------+-------------------+------------------+-----------------------------------------------------------------------------------------------------------------------------------------------+--------------+
; Compilation Hierarchy Node                   ; Logic Cells ; Dedicated Logic Registers ; I/O Registers ; Memory Bits ; M4Ks ; DSP Elements ; DSP 9x9 ; DSP 18x18 ; Pins ; Virtual Pins ; LUT-Only LCs ; Register-Only LCs ; LUT/Register LCs ; Full Hierarchy Name                                                                                                                           ; Library Name ;
+----------------------------------------------+-------------+---------------------------+---------------+-------------+------+--------------+---------+-----------+------+--------------+--------------+-------------------+------------------+-----------------------------------------------------------------------------------------------------------------------------------------------+--------------+
; |cyclone2_lcd_ml_hw                          ; 2326 (89)   ; 1093 (70)                 ; 0 (0)         ; 55888       ; 21   ; 5            ; 1       ; 2         ; 38   ; 0            ; 1233 (19)    ; 132 (4)           ; 961 (65)         ; |cyclone2_lcd_ml_hw                                                                                                                           ; work         ;
;    |lcd_live_writer:lcd_writer|              ; 330 (330)   ; 119 (119)                 ; 0 (0)         ; 0           ; 0    ; 0            ; 0       ; 0         ; 0    ; 0            ; 211 (211)    ; 2 (2)             ; 117 (117)        ; |cyclone2_lcd_ml_hw|lcd_live_writer:lcd_writer                                                                                                ; work         ;
;    |touch_ml_scanpipe_top:pipeline|          ; 1909 (0)    ; 904 (0)                   ; 0 (0)         ; 55888       ; 21   ; 5            ; 1       ; 2         ; 0    ; 0            ; 1003 (0)     ; 126 (0)           ; 780 (0)          ; |cyclone2_lcd_ml_hw|touch_ml_scanpipe_top:pipeline                                                                                            ; work         ;
;       |ml_inference_scanpipe:ml_path|        ; 1188 (1143) ; 598 (597)                 ; 0 (0)         ; 55888       ; 21   ; 5            ; 1       ; 2         ; 0    ; 0            ; 590 (545)    ; 125 (125)         ; 473 (473)        ; |cyclone2_lcd_ml_hw|touch_ml_scanpipe_top:pipeline|ml_inference_scanpipe:ml_path                                                              ; work         ;
;          |altsyncram:b1_rom|                 ; 0 (0)       ; 0 (0)                     ; 0 (0)         ; 1024        ; 1    ; 0            ; 0       ; 0         ; 0    ; 0            ; 0 (0)        ; 0 (0)             ; 0 (0)            ; |cyclone2_lcd_ml_hw|touch_ml_scanpipe_top:pipeline|ml_inference_scanpipe:ml_path|altsyncram:b1_rom                                            ; work         ;
;             |altsyncram_mct:auto_generated|  ; 0 (0)       ; 0 (0)                     ; 0 (0)         ; 1024        ; 1    ; 0            ; 0       ; 0         ; 0    ; 0            ; 0 (0)        ; 0 (0)             ; 0 (0)            ; |cyclone2_lcd_ml_hw|touch_ml_scanpipe_top:pipeline|ml_inference_scanpipe:ml_path|altsyncram:b1_rom|altsyncram_mct:auto_generated              ; work         ;
;          |altsyncram:b2_rom|                 ; 0 (0)       ; 0 (0)                     ; 0 (0)         ; 320         ; 1    ; 0            ; 0       ; 0         ; 0    ; 0            ; 0 (0)        ; 0 (0)             ; 0 (0)            ; |cyclone2_lcd_ml_hw|touch_ml_scanpipe_top:pipeline|ml_inference_scanpipe:ml_path|altsyncram:b2_rom                                            ; work         ;
;             |altsyncram_hct:auto_generated|  ; 0 (0)       ; 0 (0)                     ; 0 (0)         ; 320         ; 1    ; 0            ; 0       ; 0         ; 0    ; 0            ; 0 (0)        ; 0 (0)             ; 0 (0)            ; |cyclone2_lcd_ml_hw|touch_ml_scanpipe_top:pipeline|ml_inference_scanpipe:ml_path|altsyncram:b2_rom|altsyncram_hct:auto_generated              ; work         ;
;          |altsyncram:hidden_rtl_0|           ; 0 (0)       ; 0 (0)                     ; 0 (0)         ; 1024        ; 1    ; 0            ; 0       ; 0         ; 0    ; 0            ; 0 (0)        ; 0 (0)             ; 0 (0)            ; |cyclone2_lcd_ml_hw|touch_ml_scanpipe_top:pipeline|ml_inference_scanpipe:ml_path|altsyncram:hidden_rtl_0                                      ; work         ;
;             |altsyncram_sng1:auto_generated| ; 0 (0)       ; 0 (0)                     ; 0 (0)         ; 1024        ; 1    ; 0            ; 0       ; 0         ; 0    ; 0            ; 0 (0)        ; 0 (0)             ; 0 (0)            ; |cyclone2_lcd_ml_hw|touch_ml_scanpipe_top:pipeline|ml_inference_scanpipe:ml_path|altsyncram:hidden_rtl_0|altsyncram_sng1:auto_generated       ; work         ;
;          |altsyncram:input_mem_rtl_0|        ; 0 (0)       ; 0 (0)                     ; 0 (0)         ; 784         ; 1    ; 0            ; 0       ; 0         ; 0    ; 0            ; 0 (0)        ; 0 (0)             ; 0 (0)            ; |cyclone2_lcd_ml_hw|touch_ml_scanpipe_top:pipeline|ml_inference_scanpipe:ml_path|altsyncram:input_mem_rtl_0                                   ; work         ;
;             |altsyncram_mog1:auto_generated| ; 0 (0)       ; 0 (0)                     ; 0 (0)         ; 784         ; 1    ; 0            ; 0       ; 0         ; 0    ; 0            ; 0 (0)        ; 0 (0)             ; 0 (0)            ; |cyclone2_lcd_ml_hw|touch_ml_scanpipe_top:pipeline|ml_inference_scanpipe:ml_path|altsyncram:input_mem_rtl_0|altsyncram_mog1:auto_generated    ; work         ;
;          |altsyncram:l1_rom|                 ; 9 (0)       ; 1 (0)                     ; 0 (0)         ; 50176       ; 16   ; 0            ; 0       ; 0         ; 0    ; 0            ; 8 (0)        ; 0 (0)             ; 1 (0)            ; |cyclone2_lcd_ml_hw|touch_ml_scanpipe_top:pipeline|ml_inference_scanpipe:ml_path|altsyncram:l1_rom                                            ; work         ;
;             |altsyncram_vqt:auto_generated|  ; 9 (1)       ; 1 (1)                     ; 0 (0)         ; 50176       ; 16   ; 0            ; 0       ; 0         ; 0    ; 0            ; 8 (0)        ; 0 (0)             ; 1 (1)            ; |cyclone2_lcd_ml_hw|touch_ml_scanpipe_top:pipeline|ml_inference_scanpipe:ml_path|altsyncram:l1_rom|altsyncram_vqt:auto_generated              ; work         ;
;                |mux_hib:mux2|                ; 8 (8)       ; 0 (0)                     ; 0 (0)         ; 0           ; 0    ; 0            ; 0       ; 0         ; 0    ; 0            ; 8 (8)        ; 0 (0)             ; 0 (0)            ; |cyclone2_lcd_ml_hw|touch_ml_scanpipe_top:pipeline|ml_inference_scanpipe:ml_path|altsyncram:l1_rom|altsyncram_vqt:auto_generated|mux_hib:mux2 ; work         ;
;          |altsyncram:l2_rom|                 ; 0 (0)       ; 0 (0)                     ; 0 (0)         ; 2560        ; 1    ; 0            ; 0       ; 0         ; 0    ; 0            ; 0 (0)        ; 0 (0)             ; 0 (0)            ; |cyclone2_lcd_ml_hw|touch_ml_scanpipe_top:pipeline|ml_inference_scanpipe:ml_path|altsyncram:l2_rom                                            ; work         ;
;             |altsyncram_pnt:auto_generated|  ; 0 (0)       ; 0 (0)                     ; 0 (0)         ; 2560        ; 1    ; 0            ; 0       ; 0         ; 0    ; 0            ; 0 (0)        ; 0 (0)             ; 0 (0)            ; |cyclone2_lcd_ml_hw|touch_ml_scanpipe_top:pipeline|ml_inference_scanpipe:ml_path|altsyncram:l2_rom|altsyncram_pnt:auto_generated              ; work         ;
;          |lpm_mult:Mult0|                    ; 0 (0)       ; 0 (0)                     ; 0 (0)         ; 0           ; 0    ; 1            ; 1       ; 0         ; 0    ; 0            ; 0 (0)        ; 0 (0)             ; 0 (0)            ; |cyclone2_lcd_ml_hw|touch_ml_scanpipe_top:pipeline|ml_inference_scanpipe:ml_path|lpm_mult:Mult0                                               ; work         ;
;             |mult_fus:auto_generated|        ; 0 (0)       ; 0 (0)                     ; 0 (0)         ; 0           ; 0    ; 1            ; 1       ; 0         ; 0    ; 0            ; 0 (0)        ; 0 (0)             ; 0 (0)            ; |cyclone2_lcd_ml_hw|touch_ml_scanpipe_top:pipeline|ml_inference_scanpipe:ml_path|lpm_mult:Mult0|mult_fus:auto_generated                       ; work         ;
;          |lpm_mult:Mult1|                    ; 37 (0)      ; 0 (0)                     ; 0 (0)         ; 0           ; 0    ; 4            ; 0       ; 2         ; 0    ; 0            ; 37 (0)       ; 0 (0)             ; 0 (0)            ; |cyclone2_lcd_ml_hw|touch_ml_scanpipe_top:pipeline|ml_inference_scanpipe:ml_path|lpm_mult:Mult1                                               ; work         ;
;             |mult_vvs:auto_generated|        ; 37 (37)     ; 0 (0)                     ; 0 (0)         ; 0           ; 0    ; 4            ; 0       ; 2         ; 0    ; 0            ; 37 (37)      ; 0 (0)             ; 0 (0)            ; |cyclone2_lcd_ml_hw|touch_ml_scanpipe_top:pipeline|ml_inference_scanpipe:ml_path|lpm_mult:Mult1|mult_vvs:auto_generated                       ; work         ;
;       |touch_capture_top:touch_path|         ; 721 (0)     ; 306 (0)                   ; 0 (0)         ; 0           ; 0    ; 0            ; 0       ; 0         ; 0    ; 0            ; 413 (0)      ; 1 (0)             ; 307 (0)          ; |cyclone2_lcd_ml_hw|touch_ml_scanpipe_top:pipeline|touch_capture_top:touch_path                                                               ; work         ;
;          |touch_frame_adapter:frame|         ; 503 (503)   ; 216 (216)                 ; 0 (0)         ; 0           ; 0    ; 0            ; 0       ; 0         ; 0    ; 0            ; 286 (286)    ; 1 (1)             ; 216 (216)        ; |cyclone2_lcd_ml_hw|touch_ml_scanpipe_top:pipeline|touch_capture_top:touch_path|touch_frame_adapter:frame                                     ; work         ;
;          |xpt2046_calibrator:calibrator|     ; 123 (123)   ; 18 (18)                   ; 0 (0)         ; 0           ; 0    ; 0            ; 0       ; 0         ; 0    ; 0            ; 81 (81)      ; 0 (0)             ; 42 (42)          ; |cyclone2_lcd_ml_hw|touch_ml_scanpipe_top:pipeline|touch_capture_top:touch_path|xpt2046_calibrator:calibrator                                 ; work         ;
;          |xpt2046_reader:reader|             ; 119 (119)   ; 72 (72)                   ; 0 (0)         ; 0           ; 0    ; 0            ; 0       ; 0         ; 0    ; 0            ; 46 (46)      ; 0 (0)             ; 73 (73)          ; |cyclone2_lcd_ml_hw|touch_ml_scanpipe_top:pipeline|touch_capture_top:touch_path|xpt2046_reader:reader                                         ; work         ;
+----------------------------------------------+-------------+---------------------------+---------------+-------------+------+--------------+---------+-----------+------+--------------+--------------+-------------------+------------------+-----------------------------------------------------------------------------------------------------------------------------------------------+--------------+
Note: For table entries with two numbers listed, the numbers in parentheses indicate the number of resources of the given type used by the specific entity alone. The numbers listed outside of parentheses indicate the total resources of the given type used by the specific entity and all of its sub-entities in the hierarchy.


+-------------------------------------------------------------------------------------------+
; Delay Chain Summary                                                                       ;
+------------------+----------+---------------+---------------+-----------------------+-----+
; Name             ; Pin Type ; Pad to Core 0 ; Pad to Core 1 ; Pad to Input Register ; TCO ;
+------------------+----------+---------------+---------------+-----------------------+-----+
; lcd_data[0]      ; Bidir    ; (0) 171 ps    ; (0) 171 ps    ; --                    ; --  ;
; lcd_data[1]      ; Bidir    ; (0) 171 ps    ; (0) 171 ps    ; --                    ; --  ;
; lcd_data[2]      ; Bidir    ; (0) 171 ps    ; (0) 171 ps    ; --                    ; --  ;
; lcd_data[3]      ; Bidir    ; (0) 171 ps    ; (0) 171 ps    ; --                    ; --  ;
; lcd_data[4]      ; Bidir    ; (0) 171 ps    ; (0) 171 ps    ; --                    ; --  ;
; lcd_data[5]      ; Bidir    ; (0) 171 ps    ; (0) 171 ps    ; --                    ; --  ;
; lcd_data[6]      ; Bidir    ; (0) 171 ps    ; (0) 171 ps    ; --                    ; --  ;
; lcd_data[7]      ; Bidir    ; (0) 171 ps    ; (0) 171 ps    ; --                    ; --  ;
; lcd_data[8]      ; Bidir    ; (0) 171 ps    ; (0) 171 ps    ; --                    ; --  ;
; lcd_data[9]      ; Bidir    ; (0) 170 ps    ; (0) 170 ps    ; --                    ; --  ;
; lcd_data[10]     ; Bidir    ; (0) 170 ps    ; (0) 170 ps    ; --                    ; --  ;
; lcd_data[11]     ; Bidir    ; (0) 170 ps    ; (0) 170 ps    ; --                    ; --  ;
; lcd_data[12]     ; Bidir    ; (0) 170 ps    ; (0) 170 ps    ; --                    ; --  ;
; lcd_data[13]     ; Bidir    ; (0) 170 ps    ; (0) 170 ps    ; --                    ; --  ;
; lcd_data[14]     ; Bidir    ; (0) 170 ps    ; (0) 170 ps    ; --                    ; --  ;
; lcd_data[15]     ; Bidir    ; (0) 170 ps    ; (0) 170 ps    ; --                    ; --  ;
; touch_cs_n       ; Output   ; --            ; --            ; --                    ; --  ;
; touch_sclk       ; Output   ; --            ; --            ; --                    ; --  ;
; touch_mosi       ; Output   ; --            ; --            ; --                    ; --  ;
; lcd_cs_n         ; Output   ; --            ; --            ; --                    ; --  ;
; lcd_rs           ; Output   ; --            ; --            ; --                    ; --  ;
; lcd_wr_n         ; Output   ; --            ; --            ; --                    ; --  ;
; lcd_rd_n         ; Output   ; --            ; --            ; --                    ; --  ;
; lcd_rst_n        ; Output   ; --            ; --            ; --                    ; --  ;
; led[0]           ; Output   ; --            ; --            ; --                    ; --  ;
; led[1]           ; Output   ; --            ; --            ; --                    ; --  ;
; led[2]           ; Output   ; --            ; --            ; --                    ; --  ;
; led[3]           ; Output   ; --            ; --            ; --                    ; --  ;
; buzzer_n         ; Output   ; --            ; --            ; --                    ; --  ;
; reset_n          ; Input    ; (0) 171 ps    ; (0) 171 ps    ; --                    ; --  ;
; clk50            ; Input    ; (0) 171 ps    ; (0) 171 ps    ; --                    ; --  ;
; joystick_1_n     ; Input    ; (6) 2514 ps   ; (6) 2514 ps   ; --                    ; --  ;
; joystick_4_n     ; Input    ; (6) 2514 ps   ; (6) 2514 ps   ; --                    ; --  ;
; joystick_3_n     ; Input    ; (6) 2514 ps   ; (6) 2514 ps   ; --                    ; --  ;
; joystick_2_n     ; Input    ; (6) 2514 ps   ; (6) 2514 ps   ; --                    ; --  ;
; joystick_press_n ; Input    ; (6) 2514 ps   ; (6) 2514 ps   ; --                    ; --  ;
; touch_irq_n      ; Input    ; (6) 2514 ps   ; (6) 2514 ps   ; --                    ; --  ;
; touch_miso       ; Input    ; (6) 2514 ps   ; (6) 2514 ps   ; --                    ; --  ;
+------------------+----------+---------------+---------------+-----------------------+-----+


+-------------------------------------------------------+
; Pad To Core Delay Chain Fanout                        ;
+-------------------------+-------------------+---------+
; Source Pin / Fanout     ; Pad To Core Index ; Setting ;
+-------------------------+-------------------+---------+
; lcd_data[0]             ;                   ;         ;
; lcd_data[1]             ;                   ;         ;
; lcd_data[2]             ;                   ;         ;
; lcd_data[3]             ;                   ;         ;
; lcd_data[4]             ;                   ;         ;
; lcd_data[5]             ;                   ;         ;
; lcd_data[6]             ;                   ;         ;
; lcd_data[7]             ;                   ;         ;
; lcd_data[8]             ;                   ;         ;
; lcd_data[9]             ;                   ;         ;
; lcd_data[10]            ;                   ;         ;
; lcd_data[11]            ;                   ;         ;
; lcd_data[12]            ;                   ;         ;
; lcd_data[13]            ;                   ;         ;
; lcd_data[14]            ;                   ;         ;
; lcd_data[15]            ;                   ;         ;
; reset_n                 ;                   ;         ;
; clk50                   ;                   ;         ;
; joystick_1_n            ;                   ;         ;
;      - joy_meta[0]~0    ; 1                 ; 6       ;
; joystick_4_n            ;                   ;         ;
;      - joy_meta[3]~1    ; 1                 ; 6       ;
; joystick_3_n            ;                   ;         ;
;      - joy_meta[2]~2    ; 0                 ; 6       ;
; joystick_2_n            ;                   ;         ;
;      - joy_meta[1]~3    ; 0                 ; 6       ;
; joystick_press_n        ;                   ;         ;
;      - press_meta~0     ; 0                 ; 6       ;
; touch_irq_n             ;                   ;         ;
;      - irq_meta~0       ; 0                 ; 6       ;
; touch_miso              ;                   ;         ;
;      - miso_meta~feeder ; 0                 ; 6       ;
+-------------------------+-------------------+---------+


+-------------------------------------------------------------------------------------------------------------------------------------------------------------------------------------------------------------------------------------------------------+
; Control Signals                                                                                                                                                                                                                                       ;
+--------------------------------------------------------------------------------------------------------------+-------------------+---------+---------------------------+--------+----------------------+------------------+---------------------------+
; Name                                                                                                         ; Location          ; Fan-Out ; Usage                     ; Global ; Global Resource Used ; Global Line Name ; Enable Signal Source Name ;
+--------------------------------------------------------------------------------------------------------------+-------------------+---------+---------------------------+--------+----------------------+------------------+---------------------------+
; clk50                                                                                                        ; PIN_17            ; 4       ; Clock                     ; yes    ; Global Clock         ; GCLK2            ; --                        ;
; lcd_live_writer:lcd_writer|Selector47~1                                                                      ; LCCOMB_X7_Y7_N18  ; 2       ; Clock enable              ; no     ; --                   ; --               ; --                        ;
; lcd_live_writer:lcd_writer|WideOr14~0                                                                        ; LCCOMB_X7_Y7_N24  ; 18      ; Output enable             ; no     ; --                   ; --               ; --                        ;
; lcd_live_writer:lcd_writer|clear_index[8]~52                                                                 ; LCCOMB_X7_Y10_N8  ; 28      ; Clock enable              ; no     ; --                   ; --               ; --                        ;
; lcd_live_writer:lcd_writer|clear_x[9]~12                                                                     ; LCCOMB_X8_Y11_N14 ; 10      ; Sync. clear               ; no     ; --                   ; --               ; --                        ;
; lcd_live_writer:lcd_writer|clear_y[7]~11                                                                     ; LCCOMB_X7_Y10_N14 ; 9       ; Clock enable              ; no     ; --                   ; --               ; --                        ;
; lcd_live_writer:lcd_writer|delay_count[6]~34                                                                 ; LCCOMB_X7_Y7_N26  ; 32      ; Sync. clear               ; no     ; --                   ; --               ; --                        ;
; lcd_live_writer:lcd_writer|delay_count[6]~36                                                                 ; LCCOMB_X7_Y7_N12  ; 32      ; Clock enable              ; no     ; --                   ; --               ; --                        ;
; lcd_live_writer:lcd_writer|draw_dx[0]~1                                                                      ; LCCOMB_X8_Y7_N12  ; 4       ; Clock enable              ; no     ; --                   ; --               ; --                        ;
; lcd_live_writer:lcd_writer|draw_y[0]~0                                                                       ; LCCOMB_X8_Y7_N14  ; 17      ; Clock enable              ; no     ; --                   ; --               ; --                        ;
; lcd_live_writer:lcd_writer|init_index[2]~62                                                                  ; LCCOMB_X7_Y7_N0   ; 7       ; Clock enable              ; no     ; --                   ; --               ; --                        ;
; lcd_live_writer:lcd_writer|state.S_CLEAR_NEXT                                                                ; LCFF_X7_Y10_N15   ; 39      ; Sync. clear               ; no     ; --                   ; --               ; --                        ;
; lcd_live_writer:lcd_writer|state.S_INIT_NEXT                                                                 ; LCFF_X7_Y10_N23   ; 10      ; Sync. clear               ; no     ; --                   ; --               ; --                        ;
; proc_clk                                                                                                     ; LCFF_X27_Y7_N7    ; 1110    ; Clock                     ; yes    ; Global Clock         ; GCLK6            ; --                        ;
; reset_n                                                                                                      ; PIN_88            ; 70      ; Async. clear              ; yes    ; Global Clock         ; GCLK7            ; --                        ;
; result_ack_count[21]~24                                                                                      ; LCCOMB_X24_Y7_N0  ; 22      ; Clock enable              ; no     ; --                   ; --               ; --                        ;
; start_stream                                                                                                 ; LCCOMB_X14_Y5_N16 ; 23      ; Sync. load                ; no     ; --                   ; --               ; --                        ;
; submit_ack_count[18]~23                                                                                      ; LCCOMB_X17_Y4_N28 ; 21      ; Clock enable              ; no     ; --                   ; --               ; --                        ;
; touch_ml_scanpipe_top:pipeline|ml_inference_scanpipe:ml_path|Add0~14                                         ; LCCOMB_X17_Y9_N26 ; 17      ; Clock enable              ; no     ; --                   ; --               ; --                        ;
; touch_ml_scanpipe_top:pipeline|ml_inference_scanpipe:ml_path|Decoder0~10                                     ; LCCOMB_X18_Y6_N10 ; 33      ; Clock enable              ; no     ; --                   ; --               ; --                        ;
; touch_ml_scanpipe_top:pipeline|ml_inference_scanpipe:ml_path|Decoder0~11                                     ; LCCOMB_X18_Y6_N4  ; 33      ; Clock enable              ; no     ; --                   ; --               ; --                        ;
; touch_ml_scanpipe_top:pipeline|ml_inference_scanpipe:ml_path|Decoder0~12                                     ; LCCOMB_X18_Y6_N22 ; 33      ; Clock enable              ; no     ; --                   ; --               ; --                        ;
; touch_ml_scanpipe_top:pipeline|ml_inference_scanpipe:ml_path|Decoder0~13                                     ; LCCOMB_X18_Y6_N16 ; 33      ; Clock enable              ; no     ; --                   ; --               ; --                        ;
; touch_ml_scanpipe_top:pipeline|ml_inference_scanpipe:ml_path|Decoder0~3                                      ; LCCOMB_X18_Y6_N12 ; 33      ; Clock enable              ; no     ; --                   ; --               ; --                        ;
; touch_ml_scanpipe_top:pipeline|ml_inference_scanpipe:ml_path|Decoder0~5                                      ; LCCOMB_X18_Y6_N24 ; 33      ; Clock enable              ; no     ; --                   ; --               ; --                        ;
; touch_ml_scanpipe_top:pipeline|ml_inference_scanpipe:ml_path|Decoder0~6                                      ; LCCOMB_X18_Y6_N2  ; 33      ; Clock enable              ; no     ; --                   ; --               ; --                        ;
; touch_ml_scanpipe_top:pipeline|ml_inference_scanpipe:ml_path|Decoder0~7                                      ; LCCOMB_X18_Y6_N28 ; 33      ; Clock enable              ; no     ; --                   ; --               ; --                        ;
; touch_ml_scanpipe_top:pipeline|ml_inference_scanpipe:ml_path|Decoder0~8                                      ; LCCOMB_X18_Y6_N6  ; 33      ; Clock enable              ; no     ; --                   ; --               ; --                        ;
; touch_ml_scanpipe_top:pipeline|ml_inference_scanpipe:ml_path|Decoder0~9                                      ; LCCOMB_X18_Y6_N0  ; 33      ; Clock enable              ; no     ; --                   ; --               ; --                        ;
; touch_ml_scanpipe_top:pipeline|ml_inference_scanpipe:ml_path|acc[27]~8                                       ; LCCOMB_X17_Y6_N2  ; 40      ; Clock enable              ; no     ; --                   ; --               ; --                        ;
; touch_ml_scanpipe_top:pipeline|ml_inference_scanpipe:ml_path|input_mem~13                                    ; LCCOMB_X24_Y3_N10 ; 2       ; Write enable              ; no     ; --                   ; --               ; --                        ;
; touch_ml_scanpipe_top:pipeline|ml_inference_scanpipe:ml_path|output_n[30]~36                                 ; LCCOMB_X17_Y6_N0  ; 32      ; Sync. clear               ; no     ; --                   ; --               ; --                        ;
; touch_ml_scanpipe_top:pipeline|ml_inference_scanpipe:ml_path|output_n[30]~37                                 ; LCCOMB_X17_Y6_N18 ; 32      ; Clock enable              ; no     ; --                   ; --               ; --                        ;
; touch_ml_scanpipe_top:pipeline|ml_inference_scanpipe:ml_path|pixel_idx[22]~74                                ; LCCOMB_X18_Y4_N0  ; 24      ; Clock enable              ; no     ; --                   ; --               ; --                        ;
; touch_ml_scanpipe_top:pipeline|ml_inference_scanpipe:ml_path|result_valid                                    ; LCFF_X24_Y7_N1    ; 27      ; Clock enable, Sync. load  ; no     ; --                   ; --               ; --                        ;
; touch_ml_scanpipe_top:pipeline|ml_inference_scanpipe:ml_path|scan_best[32]~0                                 ; LCCOMB_X25_Y6_N22 ; 33      ; Clock enable              ; no     ; --                   ; --               ; --                        ;
; touch_ml_scanpipe_top:pipeline|ml_inference_scanpipe:ml_path|state.O_MAC                                     ; LCFF_X17_Y6_N15   ; 65      ; Sync. load                ; no     ; --                   ; --               ; --                        ;
; touch_ml_scanpipe_top:pipeline|ml_inference_scanpipe:ml_path|state~35                                        ; LCCOMB_X21_Y3_N8  ; 2       ; Write enable              ; no     ; --                   ; --               ; --                        ;
; touch_ml_scanpipe_top:pipeline|touch_capture_top:touch_path|touch_frame_adapter:frame|always1~0              ; LCCOMB_X18_Y4_N24 ; 199     ; Sync. load                ; no     ; --                   ; --               ; --                        ;
; touch_ml_scanpipe_top:pipeline|touch_capture_top:touch_path|touch_frame_adapter:frame|frame~9                ; LCCOMB_X18_Y4_N28 ; 196     ; Clock enable              ; no     ; --                   ; --               ; --                        ;
; touch_ml_scanpipe_top:pipeline|touch_capture_top:touch_path|touch_frame_adapter:frame|input_pixel_index[0]~0 ; LCCOMB_X18_Y4_N4  ; 308     ; Clock enable, Sync. clear ; no     ; --                   ; --               ; --                        ;
; touch_ml_scanpipe_top:pipeline|touch_capture_top:touch_path|touch_frame_adapter:frame|input_pixel_index[0]~0 ; LCCOMB_X18_Y4_N4  ; 191     ; Async. clear              ; yes    ; Global Clock         ; GCLK5            ; --                        ;
; touch_ml_scanpipe_top:pipeline|touch_capture_top:touch_path|touch_frame_adapter:frame|input_pixel_index[0]~2 ; LCCOMB_X19_Y3_N0  ; 8       ; Clock enable              ; no     ; --                   ; --               ; --                        ;
; touch_ml_scanpipe_top:pipeline|touch_capture_top:touch_path|touch_frame_adapter:frame|stream_index[0]~31     ; LCCOMB_X19_Y3_N4  ; 8       ; Sync. clear               ; no     ; --                   ; --               ; --                        ;
; touch_ml_scanpipe_top:pipeline|touch_capture_top:touch_path|touch_frame_adapter:frame|stream_index[0]~32     ; LCCOMB_X18_Y4_N22 ; 8       ; Clock enable              ; no     ; --                   ; --               ; --                        ;
; touch_ml_scanpipe_top:pipeline|touch_capture_top:touch_path|xpt2046_calibrator:calibrator|point_x[7]~0       ; LCCOMB_X10_Y8_N4  ; 17      ; Clock enable              ; no     ; --                   ; --               ; --                        ;
; touch_ml_scanpipe_top:pipeline|touch_capture_top:touch_path|xpt2046_reader:reader|command[0]~0               ; LCCOMB_X5_Y11_N18 ; 2       ; Clock enable              ; no     ; --                   ; --               ; --                        ;
; touch_ml_scanpipe_top:pipeline|touch_capture_top:touch_path|xpt2046_reader:reader|raw_x[11]~1                ; LCCOMB_X6_Y6_N16  ; 12      ; Clock enable              ; no     ; --                   ; --               ; --                        ;
; touch_ml_scanpipe_top:pipeline|touch_capture_top:touch_path|xpt2046_reader:reader|raw_y[11]~0                ; LCCOMB_X6_Y6_N22  ; 12      ; Clock enable              ; no     ; --                   ; --               ; --                        ;
; touch_ml_scanpipe_top:pipeline|touch_capture_top:touch_path|xpt2046_reader:reader|rx_shift[13]~2             ; LCCOMB_X6_Y6_N12  ; 15      ; Clock enable              ; no     ; --                   ; --               ; --                        ;
+--------------------------------------------------------------------------------------------------------------+-------------------+---------+---------------------------+--------+----------------------+------------------+---------------------------+


+-----------------------------------------------------------------------------------------------------------------------------------------------------------------------------------------------------------------+
; Global & Other Fast Signals                                                                                                                                                                                     ;
+--------------------------------------------------------------------------------------------------------------+------------------+---------+----------------------+------------------+---------------------------+
; Name                                                                                                         ; Location         ; Fan-Out ; Global Resource Used ; Global Line Name ; Enable Signal Source Name ;
+--------------------------------------------------------------------------------------------------------------+------------------+---------+----------------------+------------------+---------------------------+
; clk50                                                                                                        ; PIN_17           ; 4       ; Global Clock         ; GCLK2            ; --                        ;
; proc_clk                                                                                                     ; LCFF_X27_Y7_N7   ; 1110    ; Global Clock         ; GCLK6            ; --                        ;
; reset_n                                                                                                      ; PIN_88           ; 70      ; Global Clock         ; GCLK7            ; --                        ;
; touch_ml_scanpipe_top:pipeline|touch_capture_top:touch_path|touch_frame_adapter:frame|input_pixel_index[0]~0 ; LCCOMB_X18_Y4_N4 ; 191     ; Global Clock         ; GCLK5            ; --                        ;
+--------------------------------------------------------------------------------------------------------------+------------------+---------+----------------------+------------------+---------------------------+


+-----------------------------------------------------------------------------------------------------------------------------------------+
; Non-Global High Fan-Out Signals                                                                                                         ;
+-------------------------------------------------------------------------------------------------------------------------------+---------+
; Name                                                                                                                          ; Fan-Out ;
+-------------------------------------------------------------------------------------------------------------------------------+---------+
; touch_ml_scanpipe_top:pipeline|touch_capture_top:touch_path|touch_frame_adapter:frame|input_pixel_index[0]~0                  ; 307     ;
; touch_ml_scanpipe_top:pipeline|touch_capture_top:touch_path|touch_frame_adapter:frame|always1~0                               ; 199     ;
; touch_ml_scanpipe_top:pipeline|touch_capture_top:touch_path|touch_frame_adapter:frame|frame~9                                 ; 196     ;
; touch_ml_scanpipe_top:pipeline|ml_inference_scanpipe:ml_path|scan_index[1]                                                    ; 105     ;
; touch_ml_scanpipe_top:pipeline|ml_inference_scanpipe:ml_path|scan_index[0]                                                    ; 104     ;
; touch_ml_scanpipe_top:pipeline|ml_inference_scanpipe:ml_path|Mux8~0                                                           ; 85      ;
; touch_ml_scanpipe_top:pipeline|ml_inference_scanpipe:ml_path|state.SCAN_STEP                                                  ; 77      ;
; touch_ml_scanpipe_top:pipeline|ml_inference_scanpipe:ml_path|state.O_MAC                                                      ; 65      ;
; touch_ml_scanpipe_top:pipeline|ml_inference_scanpipe:ml_path|scan_index[3]                                                    ; 54      ;
; touch_ml_scanpipe_top:pipeline|ml_inference_scanpipe:ml_path|lpm_mult:Mult0|mult_fus:auto_generated|mac_out2~DATAOUT12        ; 53      ;
; touch_ml_scanpipe_top:pipeline|ml_inference_scanpipe:ml_path|Equal1~10                                                        ; 52      ;
; touch_ml_scanpipe_top:pipeline|ml_inference_scanpipe:ml_path|Mux8~1                                                           ; 52      ;
; shutdown_latched                                                                                                              ; 52      ;
; reset_n                                                                                                                       ; 51      ;
; lcd_live_writer:lcd_writer|init_index[3]                                                                                      ; 49      ;
; lcd_live_writer:lcd_writer|init_index[1]                                                                                      ; 47      ;
; lcd_live_writer:lcd_writer|init_index[4]                                                                                      ; 45      ;
; touch_ml_scanpipe_top:pipeline|touch_capture_top:touch_path|xpt2046_reader:reader|state.S_SPI                                 ; 43      ;
; lcd_live_writer:lcd_writer|init_index[2]                                                                                      ; 41      ;
; lcd_live_writer:lcd_writer|init_index[5]                                                                                      ; 41      ;
; touch_ml_scanpipe_top:pipeline|touch_capture_top:touch_path|touch_frame_adapter:frame|stream_index[1]                         ; 41      ;
; touch_ml_scanpipe_top:pipeline|ml_inference_scanpipe:ml_path|acc[27]~8                                                        ; 40      ;
; touch_ml_scanpipe_top:pipeline|touch_capture_top:touch_path|touch_frame_adapter:frame|stream_index[0]                         ; 40      ;
; lcd_live_writer:lcd_writer|state.S_CLEAR_NEXT                                                                                 ; 39      ;
; touch_ml_scanpipe_top:pipeline|touch_capture_top:touch_path|touch_frame_adapter:frame|stream_index[5]                         ; 39      ;
; touch_ml_scanpipe_top:pipeline|touch_capture_top:touch_path|touch_frame_adapter:frame|stream_index[4]                         ; 39      ;
; touch_ml_scanpipe_top:pipeline|ml_inference_scanpipe:ml_path|state.SCAN_INIT                                                  ; 38      ;
; touch_ml_scanpipe_top:pipeline|ml_inference_scanpipe:ml_path|Equal3~10                                                        ; 37      ;
; touch_ml_scanpipe_top:pipeline|ml_inference_scanpipe:ml_path|Decoder0~13                                                      ; 33      ;
; touch_ml_scanpipe_top:pipeline|ml_inference_scanpipe:ml_path|Decoder0~12                                                      ; 33      ;
; touch_ml_scanpipe_top:pipeline|ml_inference_scanpipe:ml_path|Decoder0~11                                                      ; 33      ;
; touch_ml_scanpipe_top:pipeline|ml_inference_scanpipe:ml_path|Decoder0~10                                                      ; 33      ;
; touch_ml_scanpipe_top:pipeline|ml_inference_scanpipe:ml_path|Decoder0~9                                                       ; 33      ;
; touch_ml_scanpipe_top:pipeline|ml_inference_scanpipe:ml_path|Decoder0~8                                                       ; 33      ;
; touch_ml_scanpipe_top:pipeline|ml_inference_scanpipe:ml_path|Decoder0~7                                                       ; 33      ;
; touch_ml_scanpipe_top:pipeline|ml_inference_scanpipe:ml_path|Decoder0~6                                                       ; 33      ;
; touch_ml_scanpipe_top:pipeline|ml_inference_scanpipe:ml_path|Decoder0~5                                                       ; 33      ;
; touch_ml_scanpipe_top:pipeline|ml_inference_scanpipe:ml_path|Decoder0~3                                                       ; 33      ;
; touch_ml_scanpipe_top:pipeline|ml_inference_scanpipe:ml_path|scan_best[32]~0                                                  ; 33      ;
; touch_ml_scanpipe_top:pipeline|ml_inference_scanpipe:ml_path|hidden~15                                                        ; 32      ;
; touch_ml_scanpipe_top:pipeline|ml_inference_scanpipe:ml_path|output_n[30]~37                                                  ; 32      ;
; touch_ml_scanpipe_top:pipeline|ml_inference_scanpipe:ml_path|output_n[30]~36                                                  ; 32      ;
; lcd_live_writer:lcd_writer|delay_count[6]~36                                                                                  ; 32      ;
; lcd_live_writer:lcd_writer|delay_count[6]~34                                                                                  ; 32      ;
; ~GND                                                                                                                          ; 31      ;
; touch_ml_scanpipe_top:pipeline|ml_inference_scanpipe:ml_path|state.H_MAC                                                      ; 30      ;
; lcd_live_writer:lcd_writer|init_index[6]                                                                                      ; 29      ;
; touch_ml_scanpipe_top:pipeline|ml_inference_scanpipe:ml_path|neuron[19]~2                                                     ; 28      ;
; lcd_live_writer:lcd_writer|clear_index[8]~52                                                                                  ; 28      ;
; touch_ml_scanpipe_top:pipeline|ml_inference_scanpipe:ml_path|neuron[31]~3                                                     ; 27      ;
; touch_ml_scanpipe_top:pipeline|ml_inference_scanpipe:ml_path|neuron[4]                                                        ; 27      ;
; touch_ml_scanpipe_top:pipeline|ml_inference_scanpipe:ml_path|result_valid                                                     ; 27      ;
; touch_ml_scanpipe_top:pipeline|touch_capture_top:touch_path|touch_frame_adapter:frame|frame~5                                 ; 26      ;
; touch_ml_scanpipe_top:pipeline|ml_inference_scanpipe:ml_path|neuron[3]                                                        ; 26      ;
; touch_ml_scanpipe_top:pipeline|ml_inference_scanpipe:ml_path|neuron[2]                                                        ; 26      ;
; touch_ml_scanpipe_top:pipeline|ml_inference_scanpipe:ml_path|neuron[1]                                                        ; 26      ;
; touch_ml_scanpipe_top:pipeline|ml_inference_scanpipe:ml_path|neuron[0]                                                        ; 26      ;
; touch_ml_scanpipe_top:pipeline|touch_capture_top:touch_path|touch_frame_adapter:frame|Add2~2                                  ; 26      ;
; touch_ml_scanpipe_top:pipeline|touch_capture_top:touch_path|touch_frame_adapter:frame|Add2~0                                  ; 26      ;
; touch_ml_scanpipe_top:pipeline|touch_capture_top:touch_path|touch_frame_adapter:frame|stream_index[3]                         ; 26      ;
; touch_ml_scanpipe_top:pipeline|touch_capture_top:touch_path|touch_frame_adapter:frame|stream_index[2]                         ; 25      ;
; touch_ml_scanpipe_top:pipeline|ml_inference_scanpipe:ml_path|pixel_idx[22]~74                                                 ; 24      ;
; touch_ml_scanpipe_top:pipeline|ml_inference_scanpipe:ml_path|Equal1~8                                                         ; 24      ;
; start_stream                                                                                                                  ; 23      ;
; touch_ml_scanpipe_top:pipeline|touch_capture_top:touch_path|xpt2046_reader:reader|touch_sclk                                  ; 23      ;
; result_ack_count[21]~24                                                                                                       ; 22      ;
; lcd_live_writer:lcd_writer|init_index[0]                                                                                      ; 22      ;
; submit_ack_count[18]~23                                                                                                       ; 21      ;
; lcd_live_writer:lcd_writer|state.S_DRAW_YP                                                                                    ; 19      ;
; touch_ml_scanpipe_top:pipeline|ml_inference_scanpipe:ml_path|Add4~64                                                          ; 19      ;
; touch_ml_scanpipe_top:pipeline|ml_inference_scanpipe:ml_path|next_acc~5                                                       ; 18      ;
; touch_ml_scanpipe_top:pipeline|ml_inference_scanpipe:ml_path|Equal1~9                                                         ; 18      ;
; lcd_live_writer:lcd_writer|WideOr14~0                                                                                         ; 18      ;
; touch_ml_scanpipe_top:pipeline|touch_capture_top:touch_path|xpt2046_calibrator:calibrator|point_x[7]~0                        ; 17      ;
; lcd_live_writer:lcd_writer|draw_y[0]~0                                                                                        ; 17      ;
; touch_ml_scanpipe_top:pipeline|touch_capture_top:touch_path|xpt2046_reader:reader|touch_sclk~0                                ; 17      ;
; touch_ml_scanpipe_top:pipeline|touch_capture_top:touch_path|touch_frame_adapter:frame|Add2~12                                 ; 17      ;
; touch_ml_scanpipe_top:pipeline|touch_capture_top:touch_path|touch_frame_adapter:frame|Add2~6                                  ; 17      ;
; touch_ml_scanpipe_top:pipeline|touch_capture_top:touch_path|touch_frame_adapter:frame|Add2~4                                  ; 17      ;
; touch_ml_scanpipe_top:pipeline|ml_inference_scanpipe:ml_path|Add0~14                                                          ; 17      ;
; touch_ml_scanpipe_top:pipeline|ml_inference_scanpipe:ml_path|Add0~12                                                          ; 16      ;
; touch_ml_scanpipe_top:pipeline|ml_inference_scanpipe:ml_path|Add0~10                                                          ; 16      ;
; touch_ml_scanpipe_top:pipeline|ml_inference_scanpipe:ml_path|Add0~8                                                           ; 16      ;
; touch_ml_scanpipe_top:pipeline|ml_inference_scanpipe:ml_path|Add0~6                                                           ; 16      ;
; touch_ml_scanpipe_top:pipeline|ml_inference_scanpipe:ml_path|Add0~4                                                           ; 16      ;
; touch_ml_scanpipe_top:pipeline|ml_inference_scanpipe:ml_path|Add0~2                                                           ; 16      ;
; touch_ml_scanpipe_top:pipeline|ml_inference_scanpipe:ml_path|Add0~0                                                           ; 16      ;
; touch_ml_scanpipe_top:pipeline|ml_inference_scanpipe:ml_path|Add5~78                                                          ; 16      ;
; touch_ml_scanpipe_top:pipeline|touch_capture_top:touch_path|xpt2046_calibrator:calibrator|point_x[5]                          ; 16      ;
; touch_ml_scanpipe_top:pipeline|touch_capture_top:touch_path|xpt2046_calibrator:calibrator|point_y[6]                          ; 16      ;
; touch_ml_scanpipe_top:pipeline|touch_capture_top:touch_path|xpt2046_reader:reader|rx_shift[13]~2                              ; 15      ;
; lcd_live_writer:lcd_writer|state.S_CLEAR_RAMP                                                                                 ; 15      ;
; touch_ml_scanpipe_top:pipeline|touch_capture_top:touch_path|xpt2046_calibrator:calibrator|point_x[6]                          ; 15      ;
; touch_ml_scanpipe_top:pipeline|touch_capture_top:touch_path|touch_frame_adapter:frame|frame~10                                ; 14      ;
; touch_ml_scanpipe_top:pipeline|touch_capture_top:touch_path|xpt2046_calibrator:calibrator|point_y[7]                          ; 14      ;
; lcd_live_writer:lcd_writer|bus_data[5]~7                                                                                      ; 14      ;
; lcd_live_writer:lcd_writer|state.S_DRAW_RAMP                                                                                  ; 14      ;
; lcd_live_writer:lcd_writer|bus_data[5]~4                                                                                      ; 14      ;
; touch_ml_scanpipe_top:pipeline|touch_capture_top:touch_path|touch_frame_adapter:frame|Add2~10                                 ; 14      ;
; touch_ml_scanpipe_top:pipeline|ml_inference_scanpipe:ml_path|output_n[1]                                                      ; 14      ;
; touch_ml_scanpipe_top:pipeline|ml_inference_scanpipe:ml_path|output_n[0]                                                      ; 14      ;
; touch_ml_scanpipe_top:pipeline|touch_capture_top:touch_path|touch_frame_adapter:frame|frame~182                               ; 13      ;
; touch_ml_scanpipe_top:pipeline|touch_capture_top:touch_path|touch_frame_adapter:frame|frame~114                               ; 13      ;
; touch_ml_scanpipe_top:pipeline|touch_capture_top:touch_path|touch_frame_adapter:frame|frame~111                               ; 13      ;
; touch_ml_scanpipe_top:pipeline|touch_capture_top:touch_path|touch_frame_adapter:frame|frame~107                               ; 13      ;
; touch_ml_scanpipe_top:pipeline|touch_capture_top:touch_path|touch_frame_adapter:frame|frame~105                               ; 13      ;
; touch_ml_scanpipe_top:pipeline|touch_capture_top:touch_path|touch_frame_adapter:frame|frame~43                                ; 13      ;
; touch_ml_scanpipe_top:pipeline|touch_capture_top:touch_path|touch_frame_adapter:frame|frame~36                                ; 13      ;
; touch_ml_scanpipe_top:pipeline|touch_capture_top:touch_path|touch_frame_adapter:frame|frame~33                                ; 13      ;
; touch_ml_scanpipe_top:pipeline|touch_capture_top:touch_path|touch_frame_adapter:frame|frame~6                                 ; 13      ;
; touch_ml_scanpipe_top:pipeline|touch_capture_top:touch_path|touch_frame_adapter:frame|frame~4                                 ; 13      ;
; touch_ml_scanpipe_top:pipeline|touch_capture_top:touch_path|xpt2046_calibrator:calibrator|point_y[3]                          ; 13      ;
; touch_ml_scanpipe_top:pipeline|touch_capture_top:touch_path|xpt2046_calibrator:calibrator|point_y[4]                          ; 13      ;
; touch_ml_scanpipe_top:pipeline|touch_capture_top:touch_path|touch_frame_adapter:frame|Add2~8                                  ; 13      ;
; touch_ml_scanpipe_top:pipeline|touch_capture_top:touch_path|touch_frame_adapter:frame|frame~199                               ; 12      ;
; touch_ml_scanpipe_top:pipeline|touch_capture_top:touch_path|touch_frame_adapter:frame|frame~197                               ; 12      ;
; touch_ml_scanpipe_top:pipeline|touch_capture_top:touch_path|touch_frame_adapter:frame|frame~177                               ; 12      ;
; touch_ml_scanpipe_top:pipeline|touch_capture_top:touch_path|touch_frame_adapter:frame|frame~55                                ; 12      ;
; touch_ml_scanpipe_top:pipeline|touch_capture_top:touch_path|touch_frame_adapter:frame|frame~13                                ; 12      ;
; touch_ml_scanpipe_top:pipeline|touch_capture_top:touch_path|touch_frame_adapter:frame|frame~11                                ; 12      ;
; touch_ml_scanpipe_top:pipeline|touch_capture_top:touch_path|touch_frame_adapter:frame|frame~7                                 ; 12      ;
; touch_ml_scanpipe_top:pipeline|touch_capture_top:touch_path|xpt2046_reader:reader|raw_x[11]~1                                 ; 12      ;
; touch_ml_scanpipe_top:pipeline|touch_capture_top:touch_path|xpt2046_reader:reader|raw_y[11]~0                                 ; 12      ;
; touch_ml_scanpipe_top:pipeline|touch_capture_top:touch_path|xpt2046_reader:reader|raw_x[9]                                    ; 12      ;
; touch_ml_scanpipe_top:pipeline|touch_capture_top:touch_path|xpt2046_reader:reader|raw_x[4]                                    ; 12      ;
; touch_ml_scanpipe_top:pipeline|touch_capture_top:touch_path|xpt2046_reader:reader|raw_y[9]                                    ; 12      ;
; touch_ml_scanpipe_top:pipeline|touch_capture_top:touch_path|xpt2046_reader:reader|raw_y[4]                                    ; 12      ;
; lcd_live_writer:lcd_writer|state.S_INIT_LOAD                                                                                  ; 12      ;
; touch_ml_scanpipe_top:pipeline|ml_inference_scanpipe:ml_path|output_n[2]                                                      ; 12      ;
; touch_ml_scanpipe_top:pipeline|touch_capture_top:touch_path|xpt2046_calibrator:calibrator|point_x[4]                          ; 12      ;
; touch_ml_scanpipe_top:pipeline|touch_capture_top:touch_path|xpt2046_calibrator:calibrator|point_x[8]                          ; 12      ;
; touch_ml_scanpipe_top:pipeline|touch_capture_top:touch_path|xpt2046_calibrator:calibrator|point_y[5]                          ; 12      ;
; touch_ml_scanpipe_top:pipeline|touch_capture_top:touch_path|touch_frame_adapter:frame|frame~59                                ; 11      ;
; touch_ml_scanpipe_top:pipeline|touch_capture_top:touch_path|touch_frame_adapter:frame|frame~56                                ; 11      ;
; touch_ml_scanpipe_top:pipeline|touch_capture_top:touch_path|touch_frame_adapter:frame|frame~50                                ; 11      ;
; touch_ml_scanpipe_top:pipeline|touch_capture_top:touch_path|touch_frame_adapter:frame|frame~45                                ; 11      ;
; touch_ml_scanpipe_top:pipeline|touch_capture_top:touch_path|touch_frame_adapter:frame|frame~41                                ; 11      ;
; touch_ml_scanpipe_top:pipeline|touch_capture_top:touch_path|touch_frame_adapter:frame|frame~39                                ; 11      ;
; touch_ml_scanpipe_top:pipeline|touch_capture_top:touch_path|touch_frame_adapter:frame|frame~37                                ; 11      ;
; touch_ml_scanpipe_top:pipeline|touch_capture_top:touch_path|touch_frame_adapter:frame|frame~34                                ; 11      ;
; touch_ml_scanpipe_top:pipeline|touch_capture_top:touch_path|touch_frame_adapter:frame|frame~15                                ; 11      ;
; touch_ml_scanpipe_top:pipeline|touch_capture_top:touch_path|touch_frame_adapter:frame|mapped_x[0]~23                          ; 11      ;
; touch_ml_scanpipe_top:pipeline|touch_capture_top:touch_path|xpt2046_reader:reader|raw_x[5]                                    ; 11      ;
; touch_ml_scanpipe_top:pipeline|touch_capture_top:touch_path|xpt2046_reader:reader|raw_x[2]                                    ; 11      ;
; touch_ml_scanpipe_top:pipeline|touch_capture_top:touch_path|xpt2046_reader:reader|raw_y[5]                                    ; 11      ;
; touch_ml_scanpipe_top:pipeline|touch_capture_top:touch_path|xpt2046_reader:reader|raw_y[2]                                    ; 11      ;
; touch_ml_scanpipe_top:pipeline|ml_inference_scanpipe:ml_path|Add8~98                                                          ; 11      ;
; touch_ml_scanpipe_top:pipeline|ml_inference_scanpipe:ml_path|Add8~97                                                          ; 11      ;
; touch_ml_scanpipe_top:pipeline|ml_inference_scanpipe:ml_path|Add8~96                                                          ; 11      ;
; touch_ml_scanpipe_top:pipeline|ml_inference_scanpipe:ml_path|Add8~95                                                          ; 11      ;
; touch_ml_scanpipe_top:pipeline|ml_inference_scanpipe:ml_path|Add8~86                                                          ; 11      ;
; touch_ml_scanpipe_top:pipeline|ml_inference_scanpipe:ml_path|Add8~85                                                          ; 11      ;
; touch_ml_scanpipe_top:pipeline|ml_inference_scanpipe:ml_path|Add8~84                                                          ; 11      ;
; touch_ml_scanpipe_top:pipeline|ml_inference_scanpipe:ml_path|Add8~83                                                          ; 11      ;
; touch_ml_scanpipe_top:pipeline|ml_inference_scanpipe:ml_path|Add8~82                                                          ; 11      ;
; touch_ml_scanpipe_top:pipeline|ml_inference_scanpipe:ml_path|Add8~81                                                          ; 11      ;
; touch_ml_scanpipe_top:pipeline|ml_inference_scanpipe:ml_path|Add8~80                                                          ; 11      ;
; touch_ml_scanpipe_top:pipeline|ml_inference_scanpipe:ml_path|Add8~79                                                          ; 11      ;
; touch_ml_scanpipe_top:pipeline|ml_inference_scanpipe:ml_path|Add8~78                                                          ; 11      ;
; touch_ml_scanpipe_top:pipeline|ml_inference_scanpipe:ml_path|Add8~77                                                          ; 11      ;
; touch_ml_scanpipe_top:pipeline|ml_inference_scanpipe:ml_path|Add8~76                                                          ; 11      ;
; touch_ml_scanpipe_top:pipeline|ml_inference_scanpipe:ml_path|Add8~75                                                          ; 11      ;
; touch_ml_scanpipe_top:pipeline|ml_inference_scanpipe:ml_path|Add8~74                                                          ; 11      ;
; touch_ml_scanpipe_top:pipeline|ml_inference_scanpipe:ml_path|Add8~73                                                          ; 11      ;
; touch_ml_scanpipe_top:pipeline|ml_inference_scanpipe:ml_path|Add8~72                                                          ; 11      ;
; touch_ml_scanpipe_top:pipeline|ml_inference_scanpipe:ml_path|Add8~71                                                          ; 11      ;
; touch_ml_scanpipe_top:pipeline|ml_inference_scanpipe:ml_path|Add8~70                                                          ; 11      ;
; touch_ml_scanpipe_top:pipeline|ml_inference_scanpipe:ml_path|Add8~69                                                          ; 11      ;
; touch_ml_scanpipe_top:pipeline|ml_inference_scanpipe:ml_path|Add8~68                                                          ; 11      ;
; touch_ml_scanpipe_top:pipeline|ml_inference_scanpipe:ml_path|Add8~67                                                          ; 11      ;
; touch_ml_scanpipe_top:pipeline|ml_inference_scanpipe:ml_path|Add8~66                                                          ; 11      ;
; touch_ml_scanpipe_top:pipeline|ml_inference_scanpipe:ml_path|Add8~65                                                          ; 11      ;
; touch_ml_scanpipe_top:pipeline|ml_inference_scanpipe:ml_path|Add8~64                                                          ; 11      ;
; touch_ml_scanpipe_top:pipeline|ml_inference_scanpipe:ml_path|Add8~63                                                          ; 11      ;
; touch_ml_scanpipe_top:pipeline|ml_inference_scanpipe:ml_path|Add8~62                                                          ; 11      ;
; touch_ml_scanpipe_top:pipeline|ml_inference_scanpipe:ml_path|Add8~61                                                          ; 11      ;
; touch_ml_scanpipe_top:pipeline|ml_inference_scanpipe:ml_path|Add8~58                                                          ; 11      ;
; touch_ml_scanpipe_top:pipeline|ml_inference_scanpipe:ml_path|Add8~55                                                          ; 11      ;
; touch_ml_scanpipe_top:pipeline|ml_inference_scanpipe:ml_path|Add8~54                                                          ; 11      ;
; lcd_live_writer:lcd_writer|WideOr12~0                                                                                         ; 11      ;
; lcd_live_writer:lcd_writer|state.S_DRAW_NEXT                                                                                  ; 11      ;
; lcd_live_writer:lcd_writer|bus_data[5]~5                                                                                      ; 11      ;
; touch_ml_scanpipe_top:pipeline|touch_capture_top:touch_path|xpt2046_calibrator:calibrator|point_y[2]                          ; 11      ;
; touch_ml_scanpipe_top:pipeline|touch_capture_top:touch_path|xpt2046_reader:reader|raw_x[10]                                   ; 10      ;
; touch_ml_scanpipe_top:pipeline|touch_capture_top:touch_path|xpt2046_reader:reader|raw_x[8]                                    ; 10      ;
; touch_ml_scanpipe_top:pipeline|touch_capture_top:touch_path|xpt2046_reader:reader|raw_x[3]                                    ; 10      ;
; touch_ml_scanpipe_top:pipeline|touch_capture_top:touch_path|xpt2046_reader:reader|raw_y[10]                                   ; 10      ;
; touch_ml_scanpipe_top:pipeline|touch_capture_top:touch_path|xpt2046_reader:reader|raw_y[8]                                    ; 10      ;
; touch_ml_scanpipe_top:pipeline|touch_capture_top:touch_path|xpt2046_reader:reader|raw_y[3]                                    ; 10      ;
; lcd_live_writer:lcd_writer|clear_x[9]~12                                                                                      ; 10      ;
; touch_ml_scanpipe_top:pipeline|touch_capture_top:touch_path|touch_frame_adapter:frame|stream_busy                             ; 10      ;
; touch_ml_scanpipe_top:pipeline|ml_inference_scanpipe:ml_path|scan_index[4]                                                    ; 10      ;
; lcd_live_writer:lcd_writer|state.S_INIT_NEXT                                                                                  ; 10      ;
; touch_ml_scanpipe_top:pipeline|ml_inference_scanpipe:ml_path|state.IDLE                                                       ; 10      ;
; touch_ml_scanpipe_top:pipeline|touch_capture_top:touch_path|xpt2046_calibrator:calibrator|point_x[7]                          ; 10      ;
; lcd_live_writer:lcd_writer|state.S_INIT_GAP                                                                                   ; 10      ;
; touch_ml_scanpipe_top:pipeline|touch_capture_top:touch_path|xpt2046_calibrator:calibrator|raw_to_cell~51                      ; 9       ;
; touch_ml_scanpipe_top:pipeline|touch_capture_top:touch_path|xpt2046_calibrator:calibrator|raw_to_cell~50                      ; 9       ;
; touch_ml_scanpipe_top:pipeline|touch_capture_top:touch_path|xpt2046_calibrator:calibrator|raw_to_cell~48                      ; 9       ;
; touch_ml_scanpipe_top:pipeline|touch_capture_top:touch_path|xpt2046_calibrator:calibrator|raw_to_cell~42                      ; 9       ;
; touch_ml_scanpipe_top:pipeline|touch_capture_top:touch_path|xpt2046_reader:reader|raw_x[11]                                   ; 9       ;
; touch_ml_scanpipe_top:pipeline|touch_capture_top:touch_path|xpt2046_reader:reader|raw_y[11]                                   ; 9       ;
; lcd_live_writer:lcd_writer|clear_y[7]~11                                                                                      ; 9       ;
; touch_ml_scanpipe_top:pipeline|touch_capture_top:touch_path|xpt2046_reader:reader|axis_y                                      ; 9       ;
; irq_sync                                                                                                                      ; 9       ;
; touch_ml_scanpipe_top:pipeline|touch_capture_top:touch_path|xpt2046_calibrator:calibrator|point_y[1]                          ; 9       ;
; touch_ml_scanpipe_top:pipeline|ml_inference_scanpipe:ml_path|pixel_idx~71                                                     ; 8       ;
; touch_ml_scanpipe_top:pipeline|touch_capture_top:touch_path|touch_frame_adapter:frame|stream_index[0]~32                      ; 8       ;
; touch_ml_scanpipe_top:pipeline|touch_capture_top:touch_path|touch_frame_adapter:frame|stream_index[0]~31                      ; 8       ;
; touch_ml_scanpipe_top:pipeline|ml_inference_scanpipe:ml_path|altsyncram:l1_rom|altsyncram_vqt:auto_generated|address_reg_a[0] ; 8       ;
; touch_ml_scanpipe_top:pipeline|ml_inference_scanpipe:ml_path|acc[0]~49                                                        ; 8       ;
; touch_ml_scanpipe_top:pipeline|ml_inference_scanpipe:ml_path|pixel_idx[22]~54                                                 ; 8       ;
; touch_ml_scanpipe_top:pipeline|touch_capture_top:touch_path|xpt2046_reader:reader|raw_x[1]                                    ; 8       ;
; touch_ml_scanpipe_top:pipeline|touch_capture_top:touch_path|xpt2046_reader:reader|raw_x[6]                                    ; 8       ;
; touch_ml_scanpipe_top:pipeline|touch_capture_top:touch_path|xpt2046_reader:reader|raw_x[7]                                    ; 8       ;
; touch_ml_scanpipe_top:pipeline|touch_capture_top:touch_path|xpt2046_reader:reader|raw_y[1]                                    ; 8       ;
; touch_ml_scanpipe_top:pipeline|touch_capture_top:touch_path|xpt2046_reader:reader|raw_y[6]                                    ; 8       ;
; touch_ml_scanpipe_top:pipeline|touch_capture_top:touch_path|xpt2046_reader:reader|raw_y[7]                                    ; 8       ;
; touch_ml_scanpipe_top:pipeline|ml_inference_scanpipe:ml_path|Decoder0~4                                                       ; 8       ;
; touch_ml_scanpipe_top:pipeline|touch_capture_top:touch_path|touch_frame_adapter:frame|LessThan22~0                            ; 8       ;
; touch_ml_scanpipe_top:pipeline|touch_capture_top:touch_path|touch_frame_adapter:frame|input_pixel_index[0]~2                  ; 8       ;
; touch_ml_scanpipe_top:pipeline|touch_capture_top:touch_path|xpt2046_reader:reader|raw_x[11]~0                                 ; 8       ;
; Equal1~0                                                                                                                      ; 8       ;
; touch_ml_scanpipe_top:pipeline|touch_capture_top:touch_path|xpt2046_calibrator:calibrator|point_x[2]                          ; 8       ;
; touch_ml_scanpipe_top:pipeline|touch_capture_top:touch_path|xpt2046_calibrator:calibrator|point_x[3]                          ; 8       ;
; touch_ml_scanpipe_top:pipeline|ml_inference_scanpipe:ml_path|pixel_idx~72                                                     ; 7       ;
; touch_ml_scanpipe_top:pipeline|touch_capture_top:touch_path|touch_frame_adapter:frame|mapped_y[0]~3                           ; 7       ;
; touch_ml_scanpipe_top:pipeline|ml_inference_scanpipe:ml_path|state.H_NEXT                                                     ; 7       ;
; touch_ml_scanpipe_top:pipeline|ml_inference_scanpipe:ml_path|Equal4~1                                                         ; 7       ;
; lcd_live_writer:lcd_writer|init_index[2]~62                                                                                   ; 7       ;
; touch_ml_scanpipe_top:pipeline|ml_inference_scanpipe:ml_path|scan_index[2]                                                    ; 7       ;
; touch_ml_scanpipe_top:pipeline|ml_inference_scanpipe:ml_path|state.SCAN_FINISH                                                ; 7       ;
; touch_ml_scanpipe_top:pipeline|touch_capture_top:touch_path|xpt2046_reader:reader|state.S_IDLE                                ; 7       ;
; touch_ml_scanpipe_top:pipeline|touch_capture_top:touch_path|xpt2046_reader:reader|Equal0~4                                    ; 7       ;
; lcd_live_writer:lcd_writer|state.S_DRAW_XP                                                                                    ; 7       ;
; lcd_live_writer:lcd_writer|state.S_IDLE                                                                                       ; 7       ;
; touch_ml_scanpipe_top:pipeline|touch_capture_top:touch_path|touch_frame_adapter:frame|map_y~7                                 ; 6       ;
; touch_ml_scanpipe_top:pipeline|ml_inference_scanpipe:ml_path|Equal2~0                                                         ; 6       ;
; touch_ml_scanpipe_top:pipeline|ml_inference_scanpipe:ml_path|pixel_idx[7]                                                     ; 6       ;
; touch_ml_scanpipe_top:pipeline|ml_inference_scanpipe:ml_path|pixel_idx[6]                                                     ; 6       ;
; touch_ml_scanpipe_top:pipeline|ml_inference_scanpipe:ml_path|pixel_idx[1]                                                     ; 6       ;
; touch_ml_scanpipe_top:pipeline|ml_inference_scanpipe:ml_path|pixel_idx[0]                                                     ; 6       ;
; touch_ml_scanpipe_top:pipeline|touch_capture_top:touch_path|xpt2046_calibrator:calibrator|raw_to_cell~25                      ; 6       ;
; touch_ml_scanpipe_top:pipeline|touch_capture_top:touch_path|xpt2046_calibrator:calibrator|raw_to_cell~24                      ; 6       ;
; touch_ml_scanpipe_top:pipeline|touch_capture_top:touch_path|xpt2046_calibrator:calibrator|raw_to_cell~22                      ; 6       ;
; touch_ml_scanpipe_top:pipeline|touch_capture_top:touch_path|xpt2046_calibrator:calibrator|raw_to_cell~16                      ; 6       ;
; touch_ml_scanpipe_top:pipeline|ml_inference_scanpipe:ml_path|Decoder0~2                                                       ; 6       ;
; touch_ml_scanpipe_top:pipeline|ml_inference_scanpipe:ml_path|neuron[5]                                                        ; 6       ;
; touch_ml_scanpipe_top:pipeline|ml_inference_scanpipe:ml_path|Equal5~10                                                        ; 6       ;
; lcd_live_writer:lcd_writer|LessThan0~1                                                                                        ; 6       ;
; touch_ml_scanpipe_top:pipeline|ml_inference_scanpipe:ml_path|Mux8~2                                                           ; 6       ;
; lcd_live_writer:lcd_writer|bus_data~26                                                                                        ; 6       ;
; touch_ml_scanpipe_top:pipeline|touch_capture_top:touch_path|xpt2046_reader:reader|bit_index[1]~1                              ; 6       ;
; lcd_live_writer:lcd_writer|always1~0                                                                                          ; 6       ;
; lcd_live_writer:lcd_writer|draw_dx[0]                                                                                         ; 6       ;
; lcd_live_writer:lcd_writer|draw_dx[1]                                                                                         ; 6       ;
; touch_ml_scanpipe_top:pipeline|touch_capture_top:touch_path|xpt2046_reader:reader|state.S_WAIT                                ; 6       ;
; touch_ml_scanpipe_top:pipeline|touch_capture_top:touch_path|xpt2046_reader:reader|bit_index[0]                                ; 6       ;
; joy_sync[0]                                                                                                                   ; 6       ;
; lcd_live_writer:lcd_writer|state.S_RESET                                                                                      ; 6       ;
; lcd_live_writer:lcd_writer|bus_data[11]~6                                                                                     ; 6       ;
; touch_ml_scanpipe_top:pipeline|touch_capture_top:touch_path|touch_frame_adapter:frame|input_pixel[0]                          ; 6       ;
; touch_ml_scanpipe_top:pipeline|ml_inference_scanpipe:ml_path|state.LOAD                                                       ; 6       ;
; touch_ml_scanpipe_top:pipeline|touch_capture_top:touch_path|touch_frame_adapter:frame|mapped_y[2]~12                          ; 5       ;
; touch_ml_scanpipe_top:pipeline|touch_capture_top:touch_path|touch_frame_adapter:frame|mapped_y[1]~10                          ; 5       ;
; touch_ml_scanpipe_top:pipeline|ml_inference_scanpipe:ml_path|pixel_idx[5]                                                     ; 5       ;
; touch_ml_scanpipe_top:pipeline|ml_inference_scanpipe:ml_path|pixel_idx[4]                                                     ; 5       ;
; touch_ml_scanpipe_top:pipeline|ml_inference_scanpipe:ml_path|pixel_idx[3]                                                     ; 5       ;
; touch_ml_scanpipe_top:pipeline|ml_inference_scanpipe:ml_path|pixel_idx[2]                                                     ; 5       ;
; touch_ml_scanpipe_top:pipeline|ml_inference_scanpipe:ml_path|neuron[19]~33                                                    ; 5       ;
; touch_ml_scanpipe_top:pipeline|ml_inference_scanpipe:ml_path|neuron~32                                                        ; 5       ;
; touch_ml_scanpipe_top:pipeline|ml_inference_scanpipe:ml_path|neuron~0                                                         ; 5       ;
; touch_ml_scanpipe_top:pipeline|ml_inference_scanpipe:ml_path|WideOr11~0                                                       ; 5       ;
; touch_ml_scanpipe_top:pipeline|touch_capture_top:touch_path|xpt2046_reader:reader|raw_x[0]                                    ; 5       ;
; touch_ml_scanpipe_top:pipeline|touch_capture_top:touch_path|xpt2046_reader:reader|raw_y[0]                                    ; 5       ;
; touch_ml_scanpipe_top:pipeline|ml_inference_scanpipe:ml_path|neuron[7]                                                        ; 5       ;
; touch_ml_scanpipe_top:pipeline|ml_inference_scanpipe:ml_path|neuron[6]                                                        ; 5       ;
; touch_ml_scanpipe_top:pipeline|touch_capture_top:touch_path|xpt2046_calibrator:calibrator|point_y[0]                          ; 5       ;
; touch_ml_scanpipe_top:pipeline|ml_inference_scanpipe:ml_path|Selector295~0                                                    ; 5       ;
; touch_ml_scanpipe_top:pipeline|ml_inference_scanpipe:ml_path|Mux24~5                                                          ; 5       ;
; touch_ml_scanpipe_top:pipeline|ml_inference_scanpipe:ml_path|Mux25~5                                                          ; 5       ;
; touch_ml_scanpipe_top:pipeline|ml_inference_scanpipe:ml_path|Mux17~5                                                          ; 5       ;
; touch_ml_scanpipe_top:pipeline|ml_inference_scanpipe:ml_path|Mux18~5                                                          ; 5       ;
; lcd_live_writer:lcd_writer|bus_data~27                                                                                        ; 5       ;
; touch_ml_scanpipe_top:pipeline|touch_capture_top:touch_path|xpt2046_calibrator:calibrator|point_valid                         ; 5       ;
; lcd_live_writer:lcd_writer|draw_dy[0]                                                                                         ; 5       ;
; lcd_live_writer:lcd_writer|draw_dx[2]                                                                                         ; 5       ;
; touch_ml_scanpipe_top:pipeline|touch_capture_top:touch_path|xpt2046_reader:reader|state.S_GAP                                 ; 5       ;
; touch_ml_scanpipe_top:pipeline|touch_capture_top:touch_path|xpt2046_reader:reader|Equal1~1                                    ; 5       ;
; touch_ml_scanpipe_top:pipeline|touch_capture_top:touch_path|xpt2046_reader:reader|bit_index[1]                                ; 5       ;
; touch_ml_scanpipe_top:pipeline|touch_capture_top:touch_path|xpt2046_reader:reader|bit_index[3]                                ; 5       ;
; lcd_live_writer:lcd_writer|state.S_CLEAR_XP                                                                                   ; 5       ;
; lcd_live_writer:lcd_writer|state.S_INIT_PULSE                                                                                 ; 5       ;
; touch_ml_scanpipe_top:pipeline|ml_inference_scanpipe:ml_path|output_n[3]                                                      ; 5       ;
; touch_ml_scanpipe_top:pipeline|touch_capture_top:touch_path|xpt2046_calibrator:calibrator|point_x[1]                          ; 5       ;
; touch_ml_scanpipe_top:pipeline|touch_capture_top:touch_path|touch_frame_adapter:frame|stream_index[7]                         ; 5       ;
; touch_ml_scanpipe_top:pipeline|touch_capture_top:touch_path|touch_frame_adapter:frame|input_frame_valid                       ; 5       ;
; touch_ml_scanpipe_top:pipeline|touch_capture_top:touch_path|touch_frame_adapter:frame|frame~254                               ; 4       ;
; touch_ml_scanpipe_top:pipeline|touch_capture_top:touch_path|touch_frame_adapter:frame|frame~249                               ; 4       ;
; touch_ml_scanpipe_top:pipeline|touch_capture_top:touch_path|touch_frame_adapter:frame|frame~207                               ; 4       ;
; touch_ml_scanpipe_top:pipeline|touch_capture_top:touch_path|touch_frame_adapter:frame|frame~203                               ; 4       ;
; touch_ml_scanpipe_top:pipeline|touch_capture_top:touch_path|touch_frame_adapter:frame|frame~193                               ; 4       ;
; touch_ml_scanpipe_top:pipeline|touch_capture_top:touch_path|touch_frame_adapter:frame|frame~184                               ; 4       ;
; touch_ml_scanpipe_top:pipeline|touch_capture_top:touch_path|touch_frame_adapter:frame|frame~125                               ; 4       ;
; touch_ml_scanpipe_top:pipeline|touch_capture_top:touch_path|touch_frame_adapter:frame|frame~115                               ; 4       ;
; touch_ml_scanpipe_top:pipeline|touch_capture_top:touch_path|touch_frame_adapter:frame|frame~112                               ; 4       ;
; touch_ml_scanpipe_top:pipeline|touch_capture_top:touch_path|touch_frame_adapter:frame|frame~90                                ; 4       ;
; touch_ml_scanpipe_top:pipeline|touch_capture_top:touch_path|touch_frame_adapter:frame|frame~53                                ; 4       ;
; touch_ml_scanpipe_top:pipeline|touch_capture_top:touch_path|touch_frame_adapter:frame|frame~52                                ; 4       ;
; touch_ml_scanpipe_top:pipeline|touch_capture_top:touch_path|touch_frame_adapter:frame|frame~47                                ; 4       ;
; touch_ml_scanpipe_top:pipeline|touch_capture_top:touch_path|touch_frame_adapter:frame|frame~44                                ; 4       ;
; touch_ml_scanpipe_top:pipeline|touch_capture_top:touch_path|touch_frame_adapter:frame|frame~27                                ; 4       ;
; touch_ml_scanpipe_top:pipeline|touch_capture_top:touch_path|touch_frame_adapter:frame|frame~21                                ; 4       ;
; touch_ml_scanpipe_top:pipeline|touch_capture_top:touch_path|touch_frame_adapter:frame|frame~19                                ; 4       ;
; touch_ml_scanpipe_top:pipeline|touch_capture_top:touch_path|touch_frame_adapter:frame|frame~18                                ; 4       ;
; touch_ml_scanpipe_top:pipeline|touch_capture_top:touch_path|touch_frame_adapter:frame|LessThan9~0                             ; 4       ;
; touch_ml_scanpipe_top:pipeline|ml_inference_scanpipe:ml_path|input_mem~8                                                      ; 4       ;
; touch_ml_scanpipe_top:pipeline|ml_inference_scanpipe:ml_path|input_mem_rtl_0_bypass[0]                                        ; 4       ;
; touch_ml_scanpipe_top:pipeline|ml_inference_scanpipe:ml_path|input_mem_rtl_0_bypass[17]                                       ; 4       ;
; touch_ml_scanpipe_top:pipeline|touch_capture_top:touch_path|xpt2046_calibrator:calibrator|LessThan7~2                         ; 4       ;
; touch_ml_scanpipe_top:pipeline|touch_capture_top:touch_path|xpt2046_calibrator:calibrator|LessThan20~2                        ; 4       ;
; touch_ml_scanpipe_top:pipeline|ml_inference_scanpipe:ml_path|neuron[12]                                                       ; 4       ;
; touch_ml_scanpipe_top:pipeline|ml_inference_scanpipe:ml_path|neuron[11]                                                       ; 4       ;
; touch_ml_scanpipe_top:pipeline|ml_inference_scanpipe:ml_path|neuron[10]                                                       ; 4       ;
; touch_ml_scanpipe_top:pipeline|ml_inference_scanpipe:ml_path|neuron[9]                                                        ; 4       ;
; touch_ml_scanpipe_top:pipeline|ml_inference_scanpipe:ml_path|neuron[8]                                                        ; 4       ;
; touch_ml_scanpipe_top:pipeline|ml_inference_scanpipe:ml_path|Selector295~2                                                    ; 4       ;
; touch_ml_scanpipe_top:pipeline|ml_inference_scanpipe:ml_path|Mux0~5                                                           ; 4       ;
; touch_ml_scanpipe_top:pipeline|ml_inference_scanpipe:ml_path|Mux35~5                                                          ; 4       ;
; touch_ml_scanpipe_top:pipeline|ml_inference_scanpipe:ml_path|Mux33~5                                                          ; 4       ;
; touch_ml_scanpipe_top:pipeline|ml_inference_scanpipe:ml_path|Mux28~5                                                          ; 4       ;
; touch_ml_scanpipe_top:pipeline|ml_inference_scanpipe:ml_path|Mux29~5                                                          ; 4       ;
; touch_ml_scanpipe_top:pipeline|ml_inference_scanpipe:ml_path|scan_best[14]                                                    ; 4       ;
; touch_ml_scanpipe_top:pipeline|ml_inference_scanpipe:ml_path|scan_best[13]                                                    ; 4       ;
; touch_ml_scanpipe_top:pipeline|ml_inference_scanpipe:ml_path|Mux26~5                                                          ; 4       ;
; touch_ml_scanpipe_top:pipeline|ml_inference_scanpipe:ml_path|Mux21~5                                                          ; 4       ;
; touch_ml_scanpipe_top:pipeline|ml_inference_scanpipe:ml_path|scan_best[21]                                                    ; 4       ;
; touch_ml_scanpipe_top:pipeline|ml_inference_scanpipe:ml_path|scan_best[20]                                                    ; 4       ;
; touch_ml_scanpipe_top:pipeline|ml_inference_scanpipe:ml_path|Mux19~5                                                          ; 4       ;
; touch_ml_scanpipe_top:pipeline|ml_inference_scanpipe:ml_path|Mux11~5                                                          ; 4       ;
; touch_ml_scanpipe_top:pipeline|ml_inference_scanpipe:ml_path|Mux13~5                                                          ; 4       ;
; touch_ml_scanpipe_top:pipeline|ml_inference_scanpipe:ml_path|Mux12~5                                                          ; 4       ;
; lcd_live_writer:lcd_writer|init_index~21                                                                                      ; 4       ;
; clear_frame                                                                                                                   ; 4       ;
; touch_ml_scanpipe_top:pipeline|ml_inference_scanpipe:ml_path|Equal6~10                                                        ; 4       ;
; lcd_live_writer:lcd_writer|draw_dx[0]~1                                                                                       ; 4       ;
; div_count[0]                                                                                                                  ; 4       ;
; div_count[1]                                                                                                                  ; 4       ;
; touch_ml_scanpipe_top:pipeline|touch_capture_top:touch_path|xpt2046_reader:reader|bit_index[1]~2                              ; 4       ;
; lcd_live_writer:lcd_writer|Equal2~2                                                                                           ; 4       ;
; lcd_live_writer:lcd_writer|draw_dy[1]                                                                                         ; 4       ;
; lcd_live_writer:lcd_writer|draw_dy[2]                                                                                         ; 4       ;
; touch_ml_scanpipe_top:pipeline|touch_capture_top:touch_path|xpt2046_reader:reader|state.S_START_Y                             ; 4       ;
; touch_ml_scanpipe_top:pipeline|touch_capture_top:touch_path|xpt2046_reader:reader|bit_index[2]                                ; 4       ;
; touch_ml_scanpipe_top:pipeline|touch_capture_top:touch_path|xpt2046_reader:reader|bit_index[4]                                ; 4       ;
; press_sync                                                                                                                    ; 4       ;
; led~0                                                                                                                         ; 4       ;
; joy_sync[1]                                                                                                                   ; 4       ;
; joy_sync[2]                                                                                                                   ; 4       ;
; joy_sync[3]                                                                                                                   ; 4       ;
; touch_ml_scanpipe_top:pipeline|touch_capture_top:touch_path|xpt2046_calibrator:calibrator|point_x[0]                          ; 4       ;
; touch_ml_scanpipe_top:pipeline|touch_capture_top:touch_path|touch_frame_adapter:frame|stream_index[6]                         ; 4       ;
; touch_ml_scanpipe_top:pipeline|touch_capture_top:touch_path|touch_frame_adapter:frame|frame~123                               ; 3       ;
; touch_ml_scanpipe_top:pipeline|touch_capture_top:touch_path|touch_frame_adapter:frame|frame~94                                ; 3       ;
; touch_ml_scanpipe_top:pipeline|touch_capture_top:touch_path|touch_frame_adapter:frame|frame~26                                ; 3       ;
; touch_ml_scanpipe_top:pipeline|touch_capture_top:touch_path|touch_frame_adapter:frame|Add0~4                                  ; 3       ;
; touch_ml_scanpipe_top:pipeline|touch_capture_top:touch_path|touch_frame_adapter:frame|LessThan8~0                             ; 3       ;
; touch_ml_scanpipe_top:pipeline|touch_capture_top:touch_path|touch_frame_adapter:frame|LessThan11~1                            ; 3       ;
; lcd_live_writer:lcd_writer|LessThan0~2                                                                                        ; 3       ;
; touch_ml_scanpipe_top:pipeline|touch_capture_top:touch_path|touch_frame_adapter:frame|LessThan5~2                             ; 3       ;
; touch_ml_scanpipe_top:pipeline|touch_capture_top:touch_path|touch_frame_adapter:frame|LessThan7~1                             ; 3       ;
; touch_ml_scanpipe_top:pipeline|touch_capture_top:touch_path|touch_frame_adapter:frame|LessThan7~0                             ; 3       ;
; touch_ml_scanpipe_top:pipeline|touch_capture_top:touch_path|touch_frame_adapter:frame|LessThan5~0                             ; 3       ;
; touch_ml_scanpipe_top:pipeline|touch_capture_top:touch_path|touch_frame_adapter:frame|LessThan24~1                            ; 3       ;
; touch_ml_scanpipe_top:pipeline|touch_capture_top:touch_path|touch_frame_adapter:frame|mapped_y[1]~5                           ; 3       ;
; touch_ml_scanpipe_top:pipeline|touch_capture_top:touch_path|touch_frame_adapter:frame|LessThan20~0                            ; 3       ;
; touch_ml_scanpipe_top:pipeline|touch_capture_top:touch_path|touch_frame_adapter:frame|LessThan16~0                            ; 3       ;
; touch_ml_scanpipe_top:pipeline|touch_capture_top:touch_path|touch_frame_adapter:frame|LessThan25~0                            ; 3       ;
; touch_ml_scanpipe_top:pipeline|touch_capture_top:touch_path|xpt2046_reader:reader|rx_shift[13]                                ; 3       ;
; touch_ml_scanpipe_top:pipeline|touch_capture_top:touch_path|xpt2046_reader:reader|rx_shift[11]                                ; 3       ;
; touch_ml_scanpipe_top:pipeline|touch_capture_top:touch_path|xpt2046_reader:reader|rx_shift[12]                                ; 3       ;
; touch_ml_scanpipe_top:pipeline|touch_capture_top:touch_path|xpt2046_reader:reader|rx_shift[8]                                 ; 3       ;
; touch_ml_scanpipe_top:pipeline|touch_capture_top:touch_path|xpt2046_reader:reader|rx_shift[6]                                 ; 3       ;
; touch_ml_scanpipe_top:pipeline|touch_capture_top:touch_path|xpt2046_reader:reader|rx_shift[7]                                 ; 3       ;
; touch_ml_scanpipe_top:pipeline|touch_capture_top:touch_path|xpt2046_reader:reader|rx_shift[5]                                 ; 3       ;
; touch_ml_scanpipe_top:pipeline|touch_capture_top:touch_path|xpt2046_reader:reader|rx_shift[4]                                 ; 3       ;
; touch_ml_scanpipe_top:pipeline|touch_capture_top:touch_path|xpt2046_reader:reader|rx_shift[3]                                 ; 3       ;
; touch_ml_scanpipe_top:pipeline|touch_capture_top:touch_path|xpt2046_reader:reader|rx_shift[9]                                 ; 3       ;
; touch_ml_scanpipe_top:pipeline|touch_capture_top:touch_path|xpt2046_reader:reader|rx_shift[10]                                ; 3       ;
; touch_ml_scanpipe_top:pipeline|touch_capture_top:touch_path|xpt2046_calibrator:calibrator|LessThan6~3                         ; 3       ;
; touch_ml_scanpipe_top:pipeline|touch_capture_top:touch_path|xpt2046_calibrator:calibrator|LessThan3~1                         ; 3       ;
; touch_ml_scanpipe_top:pipeline|touch_capture_top:touch_path|xpt2046_calibrator:calibrator|LessThan6~0                         ; 3       ;
; touch_ml_scanpipe_top:pipeline|touch_capture_top:touch_path|xpt2046_calibrator:calibrator|LessThan19~3                        ; 3       ;
; touch_ml_scanpipe_top:pipeline|touch_capture_top:touch_path|xpt2046_calibrator:calibrator|LessThan16~1                        ; 3       ;
; touch_ml_scanpipe_top:pipeline|touch_capture_top:touch_path|xpt2046_calibrator:calibrator|LessThan19~0                        ; 3       ;
; touch_ml_scanpipe_top:pipeline|ml_inference_scanpipe:ml_path|Equal3~8                                                         ; 3       ;
; touch_ml_scanpipe_top:pipeline|ml_inference_scanpipe:ml_path|neuron[31]                                                       ; 3       ;
; touch_ml_scanpipe_top:pipeline|ml_inference_scanpipe:ml_path|neuron[30]                                                       ; 3       ;
; touch_ml_scanpipe_top:pipeline|ml_inference_scanpipe:ml_path|neuron[29]                                                       ; 3       ;
; touch_ml_scanpipe_top:pipeline|ml_inference_scanpipe:ml_path|neuron[28]                                                       ; 3       ;
; touch_ml_scanpipe_top:pipeline|ml_inference_scanpipe:ml_path|neuron[27]                                                       ; 3       ;
; touch_ml_scanpipe_top:pipeline|ml_inference_scanpipe:ml_path|neuron[26]                                                       ; 3       ;
; touch_ml_scanpipe_top:pipeline|ml_inference_scanpipe:ml_path|neuron[25]                                                       ; 3       ;
; touch_ml_scanpipe_top:pipeline|ml_inference_scanpipe:ml_path|neuron[24]                                                       ; 3       ;
; touch_ml_scanpipe_top:pipeline|ml_inference_scanpipe:ml_path|neuron[23]                                                       ; 3       ;
; touch_ml_scanpipe_top:pipeline|ml_inference_scanpipe:ml_path|neuron[22]                                                       ; 3       ;
; touch_ml_scanpipe_top:pipeline|ml_inference_scanpipe:ml_path|neuron[21]                                                       ; 3       ;
; touch_ml_scanpipe_top:pipeline|ml_inference_scanpipe:ml_path|neuron[20]                                                       ; 3       ;
; touch_ml_scanpipe_top:pipeline|ml_inference_scanpipe:ml_path|neuron[19]                                                       ; 3       ;
; touch_ml_scanpipe_top:pipeline|ml_inference_scanpipe:ml_path|neuron[18]                                                       ; 3       ;
; touch_ml_scanpipe_top:pipeline|ml_inference_scanpipe:ml_path|neuron[17]                                                       ; 3       ;
; touch_ml_scanpipe_top:pipeline|ml_inference_scanpipe:ml_path|neuron[16]                                                       ; 3       ;
; touch_ml_scanpipe_top:pipeline|ml_inference_scanpipe:ml_path|neuron[15]                                                       ; 3       ;
; touch_ml_scanpipe_top:pipeline|ml_inference_scanpipe:ml_path|neuron[14]                                                       ; 3       ;
; touch_ml_scanpipe_top:pipeline|ml_inference_scanpipe:ml_path|neuron[13]                                                       ; 3       ;
; touch_ml_scanpipe_top:pipeline|ml_inference_scanpipe:ml_path|Mux9~5                                                           ; 3       ;
; touch_ml_scanpipe_top:pipeline|ml_inference_scanpipe:ml_path|Mux8~8                                                           ; 3       ;
; touch_ml_scanpipe_top:pipeline|ml_inference_scanpipe:ml_path|Mux7~5                                                           ; 3       ;
; touch_ml_scanpipe_top:pipeline|ml_inference_scanpipe:ml_path|scan_best[32]                                                    ; 3       ;
; touch_ml_scanpipe_top:pipeline|ml_inference_scanpipe:ml_path|Mux36~5                                                          ; 3       ;
; touch_ml_scanpipe_top:pipeline|ml_inference_scanpipe:ml_path|scan_best[3]                                                     ; 3       ;
; touch_ml_scanpipe_top:pipeline|ml_inference_scanpipe:ml_path|Mux31~5                                                          ; 3       ;
; touch_ml_scanpipe_top:pipeline|ml_inference_scanpipe:ml_path|Mux32~5                                                          ; 3       ;
; touch_ml_scanpipe_top:pipeline|ml_inference_scanpipe:ml_path|Mux34~5                                                          ; 3       ;
; touch_ml_scanpipe_top:pipeline|ml_inference_scanpipe:ml_path|scan_best[5]                                                     ; 3       ;
; touch_ml_scanpipe_top:pipeline|ml_inference_scanpipe:ml_path|scan_best[10]                                                    ; 3       ;
; touch_ml_scanpipe_top:pipeline|ml_inference_scanpipe:ml_path|scan_best[9]                                                     ; 3       ;
; touch_ml_scanpipe_top:pipeline|ml_inference_scanpipe:ml_path|LessThan3~27                                                     ; 3       ;
; touch_ml_scanpipe_top:pipeline|ml_inference_scanpipe:ml_path|Mux27~5                                                          ; 3       ;
; touch_ml_scanpipe_top:pipeline|ml_inference_scanpipe:ml_path|scan_best[12]                                                    ; 3       ;
; touch_ml_scanpipe_top:pipeline|ml_inference_scanpipe:ml_path|Mux30~5                                                          ; 3       ;
; touch_ml_scanpipe_top:pipeline|ml_inference_scanpipe:ml_path|scan_best[17]                                                    ; 3       ;
; touch_ml_scanpipe_top:pipeline|ml_inference_scanpipe:ml_path|Mux22~5                                                          ; 3       ;
; touch_ml_scanpipe_top:pipeline|ml_inference_scanpipe:ml_path|Mux23~5                                                          ; 3       ;
; touch_ml_scanpipe_top:pipeline|ml_inference_scanpipe:ml_path|LessThan3~19                                                     ; 3       ;
; touch_ml_scanpipe_top:pipeline|ml_inference_scanpipe:ml_path|Mux20~5                                                          ; 3       ;
; touch_ml_scanpipe_top:pipeline|ml_inference_scanpipe:ml_path|scan_best[19]                                                    ; 3       ;
; touch_ml_scanpipe_top:pipeline|ml_inference_scanpipe:ml_path|Mux16~5                                                          ; 3       ;
; touch_ml_scanpipe_top:pipeline|ml_inference_scanpipe:ml_path|Mux15~5                                                          ; 3       ;
; touch_ml_scanpipe_top:pipeline|ml_inference_scanpipe:ml_path|Mux14~5                                                          ; 3       ;
; touch_ml_scanpipe_top:pipeline|ml_inference_scanpipe:ml_path|Mux10~5                                                          ; 3       ;
; touch_ml_scanpipe_top:pipeline|ml_inference_scanpipe:ml_path|scan_best[27]                                                    ; 3       ;
; touch_ml_scanpipe_top:pipeline|ml_inference_scanpipe:ml_path|scan_best[25]                                                    ; 3       ;
; touch_ml_scanpipe_top:pipeline|ml_inference_scanpipe:ml_path|scan_best[26]                                                    ; 3       ;
; touch_ml_scanpipe_top:pipeline|touch_capture_top:touch_path|touch_frame_adapter:frame|Equal0~0                                ; 3       ;
; lcd_live_writer:lcd_writer|bus_data[10]~30                                                                                    ; 3       ;
; lcd_live_writer:lcd_writer|init_index~53                                                                                      ; 3       ;
; lcd_live_writer:lcd_writer|init_index~51                                                                                      ; 3       ;
; lcd_live_writer:lcd_writer|init_index~17                                                                                      ; 3       ;
; touch_ml_scanpipe_top:pipeline|ml_inference_scanpipe:ml_path|scan_index[10]                                                   ; 3       ;
; touch_ml_scanpipe_top:pipeline|ml_inference_scanpipe:ml_path|scan_index[11]                                                   ; 3       ;
; touch_ml_scanpipe_top:pipeline|ml_inference_scanpipe:ml_path|scan_index[12]                                                   ; 3       ;
; touch_ml_scanpipe_top:pipeline|ml_inference_scanpipe:ml_path|scan_index[13]                                                   ; 3       ;
; touch_ml_scanpipe_top:pipeline|ml_inference_scanpipe:ml_path|scan_index[14]                                                   ; 3       ;
; touch_ml_scanpipe_top:pipeline|ml_inference_scanpipe:ml_path|scan_index[15]                                                   ; 3       ;
; touch_ml_scanpipe_top:pipeline|ml_inference_scanpipe:ml_path|scan_index[16]                                                   ; 3       ;
; touch_ml_scanpipe_top:pipeline|ml_inference_scanpipe:ml_path|scan_index[17]                                                   ; 3       ;
; touch_ml_scanpipe_top:pipeline|ml_inference_scanpipe:ml_path|scan_index[18]                                                   ; 3       ;
; touch_ml_scanpipe_top:pipeline|ml_inference_scanpipe:ml_path|scan_index[19]                                                   ; 3       ;
; touch_ml_scanpipe_top:pipeline|ml_inference_scanpipe:ml_path|scan_index[20]                                                   ; 3       ;
; touch_ml_scanpipe_top:pipeline|ml_inference_scanpipe:ml_path|scan_index[21]                                                   ; 3       ;
; touch_ml_scanpipe_top:pipeline|ml_inference_scanpipe:ml_path|scan_index[22]                                                   ; 3       ;
; touch_ml_scanpipe_top:pipeline|ml_inference_scanpipe:ml_path|scan_index[23]                                                   ; 3       ;
; touch_ml_scanpipe_top:pipeline|ml_inference_scanpipe:ml_path|scan_index[24]                                                   ; 3       ;
; touch_ml_scanpipe_top:pipeline|ml_inference_scanpipe:ml_path|scan_index[25]                                                   ; 3       ;
; touch_ml_scanpipe_top:pipeline|ml_inference_scanpipe:ml_path|scan_index[26]                                                   ; 3       ;
; touch_ml_scanpipe_top:pipeline|ml_inference_scanpipe:ml_path|scan_index[27]                                                   ; 3       ;
; touch_ml_scanpipe_top:pipeline|ml_inference_scanpipe:ml_path|scan_index[28]                                                   ; 3       ;
; touch_ml_scanpipe_top:pipeline|ml_inference_scanpipe:ml_path|scan_index[29]                                                   ; 3       ;
; touch_ml_scanpipe_top:pipeline|ml_inference_scanpipe:ml_path|scan_index[30]                                                   ; 3       ;
; touch_ml_scanpipe_top:pipeline|ml_inference_scanpipe:ml_path|scan_index[31]                                                   ; 3       ;
; touch_ml_scanpipe_top:pipeline|ml_inference_scanpipe:ml_path|scan_index[5]                                                    ; 3       ;
; touch_ml_scanpipe_top:pipeline|ml_inference_scanpipe:ml_path|scan_index[6]                                                    ; 3       ;
; touch_ml_scanpipe_top:pipeline|ml_inference_scanpipe:ml_path|scan_index[7]                                                    ; 3       ;
; touch_ml_scanpipe_top:pipeline|ml_inference_scanpipe:ml_path|scan_index[8]                                                    ; 3       ;
; touch_ml_scanpipe_top:pipeline|ml_inference_scanpipe:ml_path|scan_index[9]                                                    ; 3       ;
; touch_ml_scanpipe_top:pipeline|touch_capture_top:touch_path|touch_frame_adapter:frame|input_pixel_index[5]                    ; 3       ;
; touch_ml_scanpipe_top:pipeline|touch_capture_top:touch_path|touch_frame_adapter:frame|input_pixel_index[4]                    ; 3       ;
; touch_ml_scanpipe_top:pipeline|touch_capture_top:touch_path|touch_frame_adapter:frame|input_pixel_index[7]                    ; 3       ;
; touch_ml_scanpipe_top:pipeline|touch_capture_top:touch_path|touch_frame_adapter:frame|input_pixel_index[6]                    ; 3       ;
; touch_ml_scanpipe_top:pipeline|touch_capture_top:touch_path|touch_frame_adapter:frame|input_pixel_index[3]                    ; 3       ;
; touch_ml_scanpipe_top:pipeline|touch_capture_top:touch_path|touch_frame_adapter:frame|input_pixel_index[2]                    ; 3       ;
; touch_ml_scanpipe_top:pipeline|touch_capture_top:touch_path|touch_frame_adapter:frame|input_pixel_index[1]                    ; 3       ;
; touch_ml_scanpipe_top:pipeline|touch_capture_top:touch_path|touch_frame_adapter:frame|input_pixel_index[0]                    ; 3       ;
; lcd_live_writer:lcd_writer|draw_dy[0]~2                                                                                       ; 3       ;
; div_count[2]                                                                                                                  ; 3       ;
; joy_prev[0]                                                                                                                   ; 3       ;
; lcd_live_writer:lcd_writer|Equal0~10                                                                                          ; 3       ;
; lcd_live_writer:lcd_writer|Equal3~5                                                                                           ; 3       ;
; touch_ml_scanpipe_top:pipeline|touch_capture_top:touch_path|xpt2046_reader:reader|Equal1~0                                    ; 3       ;
; touch_ml_scanpipe_top:pipeline|touch_capture_top:touch_path|xpt2046_reader:reader|divider[0]                                  ; 3       ;
; touch_ml_scanpipe_top:pipeline|touch_capture_top:touch_path|xpt2046_reader:reader|divider[2]                                  ; 3       ;
; touch_ml_scanpipe_top:pipeline|touch_capture_top:touch_path|xpt2046_reader:reader|divider[3]                                  ; 3       ;
; touch_ml_scanpipe_top:pipeline|touch_capture_top:touch_path|xpt2046_reader:reader|divider[1]                                  ; 3       ;
; touch_ml_scanpipe_top:pipeline|touch_capture_top:touch_path|xpt2046_reader:reader|divider[4]                                  ; 3       ;
; touch_ml_scanpipe_top:pipeline|touch_capture_top:touch_path|xpt2046_reader:reader|divider[5]                                  ; 3       ;
; touch_ml_scanpipe_top:pipeline|touch_capture_top:touch_path|xpt2046_reader:reader|divider[6]                                  ; 3       ;
; touch_ml_scanpipe_top:pipeline|touch_capture_top:touch_path|xpt2046_reader:reader|divider[7]                                  ; 3       ;
; touch_ml_scanpipe_top:pipeline|touch_capture_top:touch_path|xpt2046_reader:reader|divider[8]                                  ; 3       ;
; touch_ml_scanpipe_top:pipeline|touch_capture_top:touch_path|xpt2046_reader:reader|divider[9]                                  ; 3       ;
; touch_ml_scanpipe_top:pipeline|touch_capture_top:touch_path|xpt2046_reader:reader|divider[10]                                 ; 3       ;
; touch_ml_scanpipe_top:pipeline|touch_capture_top:touch_path|xpt2046_reader:reader|divider[11]                                 ; 3       ;
; touch_ml_scanpipe_top:pipeline|touch_capture_top:touch_path|xpt2046_reader:reader|divider[12]                                 ; 3       ;
; touch_ml_scanpipe_top:pipeline|touch_capture_top:touch_path|xpt2046_reader:reader|divider[13]                                 ; 3       ;
; touch_ml_scanpipe_top:pipeline|touch_capture_top:touch_path|xpt2046_reader:reader|divider[14]                                 ; 3       ;
; touch_ml_scanpipe_top:pipeline|touch_capture_top:touch_path|xpt2046_reader:reader|divider[15]                                 ; 3       ;
; Equal2~6                                                                                                                      ; 3       ;
; lcd_live_writer:lcd_writer|state.S_CLEAR_YP                                                                                   ; 3       ;
; touch_ml_scanpipe_top:pipeline|ml_inference_scanpipe:ml_path|output_n[8]                                                      ; 3       ;
; touch_ml_scanpipe_top:pipeline|ml_inference_scanpipe:ml_path|output_n[7]                                                      ; 3       ;
; touch_ml_scanpipe_top:pipeline|ml_inference_scanpipe:ml_path|output_n[6]                                                      ; 3       ;
; touch_ml_scanpipe_top:pipeline|ml_inference_scanpipe:ml_path|output_n[5]                                                      ; 3       ;
; touch_ml_scanpipe_top:pipeline|ml_inference_scanpipe:ml_path|output_n[4]                                                      ; 3       ;
; lcd_live_writer:lcd_writer|clear_x[9]                                                                                         ; 3       ;
; lcd_live_writer:lcd_writer|clear_x[8]                                                                                         ; 3       ;
; lcd_live_writer:lcd_writer|clear_x[7]                                                                                         ; 3       ;
; lcd_live_writer:lcd_writer|clear_x[6]                                                                                         ; 3       ;
; lcd_live_writer:lcd_writer|clear_x[5]                                                                                         ; 3       ;
; lcd_live_writer:lcd_writer|clear_x[4]                                                                                         ; 3       ;
; lcd_live_writer:lcd_writer|clear_x[3]                                                                                         ; 3       ;
; lcd_live_writer:lcd_writer|clear_x[2]                                                                                         ; 3       ;
; lcd_live_writer:lcd_writer|clear_x[1]                                                                                         ; 3       ;
; lcd_live_writer:lcd_writer|clear_x[0]                                                                                         ; 3       ;
; lcd_live_writer:lcd_writer|delay_count[10]                                                                                    ; 3       ;
; lcd_live_writer:lcd_writer|delay_count[9]                                                                                     ; 3       ;
; lcd_live_writer:lcd_writer|delay_count[13]                                                                                    ; 3       ;
; lcd_live_writer:lcd_writer|delay_count[11]                                                                                    ; 3       ;
; lcd_live_writer:lcd_writer|delay_count[14]                                                                                    ; 3       ;
; lcd_live_writer:lcd_writer|delay_count[7]                                                                                     ; 3       ;
; lcd_live_writer:lcd_writer|delay_count[4]                                                                                     ; 3       ;
; lcd_live_writer:lcd_writer|delay_count[3]                                                                                     ; 3       ;
; lcd_live_writer:lcd_writer|delay_count[6]                                                                                     ; 3       ;
; submit_ack_count[20]                                                                                                          ; 3       ;
; lcd_live_writer:lcd_writer|WideOr8~2                                                                                          ; 2       ;
; touch_ml_scanpipe_top:pipeline|touch_capture_top:touch_path|touch_frame_adapter:frame|frame~255                               ; 2       ;
; touch_ml_scanpipe_top:pipeline|touch_capture_top:touch_path|touch_frame_adapter:frame|LessThan13~4                            ; 2       ;
; touch_ml_scanpipe_top:pipeline|ml_inference_scanpipe:ml_path|input_mem~13                                                     ; 2       ;
; touch_ml_scanpipe_top:pipeline|ml_inference_scanpipe:ml_path|output_n[30]~100                                                 ; 2       ;
; touch_ml_scanpipe_top:pipeline|ml_inference_scanpipe:ml_path|Decoder0~14                                                      ; 2       ;
; touch_ml_scanpipe_top:pipeline|touch_capture_top:touch_path|touch_frame_adapter:frame|frame~92                                ; 2       ;
; touch_ml_scanpipe_top:pipeline|touch_capture_top:touch_path|touch_frame_adapter:frame|frame~85                                ; 2       ;
; touch_ml_scanpipe_top:pipeline|touch_capture_top:touch_path|touch_frame_adapter:frame|frame~29                                ; 2       ;
; touch_ml_scanpipe_top:pipeline|touch_capture_top:touch_path|touch_frame_adapter:frame|frame~22                                ; 2       ;
; touch_ml_scanpipe_top:pipeline|touch_capture_top:touch_path|touch_frame_adapter:frame|frame~17                                ; 2       ;
; touch_ml_scanpipe_top:pipeline|touch_capture_top:touch_path|touch_frame_adapter:frame|Add0~5                                  ; 2       ;
; touch_ml_scanpipe_top:pipeline|touch_capture_top:touch_path|touch_frame_adapter:frame|mapped_x[2]~7                           ; 2       ;
; touch_ml_scanpipe_top:pipeline|touch_capture_top:touch_path|touch_frame_adapter:frame|mapped_x[1]~6                           ; 2       ;
; touch_ml_scanpipe_top:pipeline|touch_capture_top:touch_path|touch_frame_adapter:frame|mapped_x[1]~5                           ; 2       ;
; touch_ml_scanpipe_top:pipeline|touch_capture_top:touch_path|touch_frame_adapter:frame|LessThan7~2                             ; 2       ;
; touch_ml_scanpipe_top:pipeline|touch_capture_top:touch_path|touch_frame_adapter:frame|mapped_x[2]~3                           ; 2       ;
; touch_ml_scanpipe_top:pipeline|touch_capture_top:touch_path|touch_frame_adapter:frame|mapped_x[1]~2                           ; 2       ;
; touch_ml_scanpipe_top:pipeline|touch_capture_top:touch_path|touch_frame_adapter:frame|LessThan5~1                             ; 2       ;
; touch_ml_scanpipe_top:pipeline|touch_capture_top:touch_path|touch_frame_adapter:frame|mapped_y[1]~9                           ; 2       ;
; touch_ml_scanpipe_top:pipeline|touch_capture_top:touch_path|touch_frame_adapter:frame|mapped_y[1]~0                           ; 2       ;
; touch_ml_scanpipe_top:pipeline|touch_capture_top:touch_path|touch_frame_adapter:frame|LessThan13~3                            ; 2       ;
; touch_ml_scanpipe_top:pipeline|touch_capture_top:touch_path|touch_frame_adapter:frame|LessThan13~2                            ; 2       ;
; touch_ml_scanpipe_top:pipeline|touch_capture_top:touch_path|touch_frame_adapter:frame|map_y~2                                 ; 2       ;
; touch_ml_scanpipe_top:pipeline|touch_capture_top:touch_path|touch_frame_adapter:frame|LessThan23~1                            ; 2       ;
; touch_ml_scanpipe_top:pipeline|touch_capture_top:touch_path|touch_frame_adapter:frame|LessThan23~0                            ; 2       ;
; touch_ml_scanpipe_top:pipeline|touch_capture_top:touch_path|touch_frame_adapter:frame|LessThan24~0                            ; 2       ;
; touch_ml_scanpipe_top:pipeline|ml_inference_scanpipe:ml_path|hidden~79                                                        ; 2       ;
; touch_ml_scanpipe_top:pipeline|ml_inference_scanpipe:ml_path|hidden~78                                                        ; 2       ;
; touch_ml_scanpipe_top:pipeline|ml_inference_scanpipe:ml_path|hidden~77                                                        ; 2       ;
; touch_ml_scanpipe_top:pipeline|ml_inference_scanpipe:ml_path|hidden~76                                                        ; 2       ;
; touch_ml_scanpipe_top:pipeline|ml_inference_scanpipe:ml_path|hidden~75                                                        ; 2       ;
; touch_ml_scanpipe_top:pipeline|ml_inference_scanpipe:ml_path|hidden~74                                                        ; 2       ;
; touch_ml_scanpipe_top:pipeline|ml_inference_scanpipe:ml_path|hidden~73                                                        ; 2       ;
; touch_ml_scanpipe_top:pipeline|ml_inference_scanpipe:ml_path|hidden~72                                                        ; 2       ;
; touch_ml_scanpipe_top:pipeline|ml_inference_scanpipe:ml_path|hidden~71                                                        ; 2       ;
; touch_ml_scanpipe_top:pipeline|ml_inference_scanpipe:ml_path|hidden~70                                                        ; 2       ;
; touch_ml_scanpipe_top:pipeline|ml_inference_scanpipe:ml_path|hidden~69                                                        ; 2       ;
; touch_ml_scanpipe_top:pipeline|ml_inference_scanpipe:ml_path|hidden~68                                                        ; 2       ;
; touch_ml_scanpipe_top:pipeline|ml_inference_scanpipe:ml_path|hidden~67                                                        ; 2       ;
; touch_ml_scanpipe_top:pipeline|ml_inference_scanpipe:ml_path|hidden~66                                                        ; 2       ;
; touch_ml_scanpipe_top:pipeline|ml_inference_scanpipe:ml_path|hidden~65                                                        ; 2       ;
; touch_ml_scanpipe_top:pipeline|ml_inference_scanpipe:ml_path|hidden~64                                                        ; 2       ;
; touch_ml_scanpipe_top:pipeline|ml_inference_scanpipe:ml_path|hidden~63                                                        ; 2       ;
; touch_ml_scanpipe_top:pipeline|ml_inference_scanpipe:ml_path|hidden~62                                                        ; 2       ;
; touch_ml_scanpipe_top:pipeline|ml_inference_scanpipe:ml_path|hidden~61                                                        ; 2       ;
; touch_ml_scanpipe_top:pipeline|ml_inference_scanpipe:ml_path|hidden~60                                                        ; 2       ;
; touch_ml_scanpipe_top:pipeline|ml_inference_scanpipe:ml_path|hidden~59                                                        ; 2       ;
; touch_ml_scanpipe_top:pipeline|ml_inference_scanpipe:ml_path|hidden~58                                                        ; 2       ;
; touch_ml_scanpipe_top:pipeline|ml_inference_scanpipe:ml_path|hidden~57                                                        ; 2       ;
; touch_ml_scanpipe_top:pipeline|ml_inference_scanpipe:ml_path|hidden~56                                                        ; 2       ;
; touch_ml_scanpipe_top:pipeline|ml_inference_scanpipe:ml_path|hidden~55                                                        ; 2       ;
; touch_ml_scanpipe_top:pipeline|ml_inference_scanpipe:ml_path|hidden~54                                                        ; 2       ;
; touch_ml_scanpipe_top:pipeline|ml_inference_scanpipe:ml_path|hidden~53                                                        ; 2       ;
; touch_ml_scanpipe_top:pipeline|ml_inference_scanpipe:ml_path|hidden~52                                                        ; 2       ;
; touch_ml_scanpipe_top:pipeline|ml_inference_scanpipe:ml_path|hidden~51                                                        ; 2       ;
; touch_ml_scanpipe_top:pipeline|ml_inference_scanpipe:ml_path|hidden~50                                                        ; 2       ;
; touch_ml_scanpipe_top:pipeline|ml_inference_scanpipe:ml_path|hidden~49                                                        ; 2       ;
; touch_ml_scanpipe_top:pipeline|ml_inference_scanpipe:ml_path|hidden~48                                                        ; 2       ;
; touch_ml_scanpipe_top:pipeline|ml_inference_scanpipe:ml_path|pixel_idx~70                                                     ; 2       ;
; touch_ml_scanpipe_top:pipeline|ml_inference_scanpipe:ml_path|pixel_idx~68                                                     ; 2       ;
; touch_ml_scanpipe_top:pipeline|ml_inference_scanpipe:ml_path|pixel_idx~66                                                     ; 2       ;
; touch_ml_scanpipe_top:pipeline|ml_inference_scanpipe:ml_path|pixel_idx~64                                                     ; 2       ;
; touch_ml_scanpipe_top:pipeline|ml_inference_scanpipe:ml_path|Selector2~1                                                      ; 2       ;
; touch_ml_scanpipe_top:pipeline|ml_inference_scanpipe:ml_path|pixel_idx~62                                                     ; 2       ;
; touch_ml_scanpipe_top:pipeline|ml_inference_scanpipe:ml_path|pixel_idx~60                                                     ; 2       ;
; touch_ml_scanpipe_top:pipeline|ml_inference_scanpipe:ml_path|pixel_idx~58                                                     ; 2       ;
; touch_ml_scanpipe_top:pipeline|ml_inference_scanpipe:ml_path|pixel_idx~56                                                     ; 2       ;
; touch_ml_scanpipe_top:pipeline|ml_inference_scanpipe:ml_path|state~35                                                         ; 2       ;
; touch_ml_scanpipe_top:pipeline|touch_capture_top:touch_path|xpt2046_reader:reader|rx_shift[14]                                ; 2       ;
; touch_ml_scanpipe_top:pipeline|ml_inference_scanpipe:ml_path|next_acc~4                                                       ; 2       ;
; touch_ml_scanpipe_top:pipeline|ml_inference_scanpipe:ml_path|next_acc~3                                                       ; 2       ;
; touch_ml_scanpipe_top:pipeline|ml_inference_scanpipe:ml_path|next_acc~2                                                       ; 2       ;
; touch_ml_scanpipe_top:pipeline|ml_inference_scanpipe:ml_path|hidden~11                                                        ; 2       ;
; touch_ml_scanpipe_top:pipeline|ml_inference_scanpipe:ml_path|hidden~10                                                        ; 2       ;
; touch_ml_scanpipe_top:pipeline|ml_inference_scanpipe:ml_path|hidden~9                                                         ; 2       ;
; touch_ml_scanpipe_top:pipeline|ml_inference_scanpipe:ml_path|hidden~8                                                         ; 2       ;
; touch_ml_scanpipe_top:pipeline|ml_inference_scanpipe:ml_path|hidden~7                                                         ; 2       ;
; touch_ml_scanpipe_top:pipeline|ml_inference_scanpipe:ml_path|hidden~6                                                         ; 2       ;
; touch_ml_scanpipe_top:pipeline|ml_inference_scanpipe:ml_path|hidden~5                                                         ; 2       ;
; touch_ml_scanpipe_top:pipeline|ml_inference_scanpipe:ml_path|hidden~4                                                         ; 2       ;
; touch_ml_scanpipe_top:pipeline|ml_inference_scanpipe:ml_path|hidden~3                                                         ; 2       ;
; touch_ml_scanpipe_top:pipeline|ml_inference_scanpipe:ml_path|hidden~2                                                         ; 2       ;
; touch_ml_scanpipe_top:pipeline|ml_inference_scanpipe:ml_path|hidden~1                                                         ; 2       ;
; touch_ml_scanpipe_top:pipeline|ml_inference_scanpipe:ml_path|hidden~0                                                         ; 2       ;
; touch_ml_scanpipe_top:pipeline|ml_inference_scanpipe:ml_path|pixel_idx[31]                                                    ; 2       ;
; touch_ml_scanpipe_top:pipeline|ml_inference_scanpipe:ml_path|pixel_idx[30]                                                    ; 2       ;
; touch_ml_scanpipe_top:pipeline|ml_inference_scanpipe:ml_path|pixel_idx[29]                                                    ; 2       ;
; touch_ml_scanpipe_top:pipeline|ml_inference_scanpipe:ml_path|pixel_idx[28]                                                    ; 2       ;
; touch_ml_scanpipe_top:pipeline|ml_inference_scanpipe:ml_path|pixel_idx[27]                                                    ; 2       ;
; touch_ml_scanpipe_top:pipeline|ml_inference_scanpipe:ml_path|pixel_idx[26]                                                    ; 2       ;
; touch_ml_scanpipe_top:pipeline|ml_inference_scanpipe:ml_path|pixel_idx[25]                                                    ; 2       ;
; touch_ml_scanpipe_top:pipeline|ml_inference_scanpipe:ml_path|pixel_idx[24]                                                    ; 2       ;
; touch_ml_scanpipe_top:pipeline|ml_inference_scanpipe:ml_path|pixel_idx[23]                                                    ; 2       ;
; touch_ml_scanpipe_top:pipeline|ml_inference_scanpipe:ml_path|pixel_idx[22]                                                    ; 2       ;
; touch_ml_scanpipe_top:pipeline|ml_inference_scanpipe:ml_path|pixel_idx[21]                                                    ; 2       ;
; touch_ml_scanpipe_top:pipeline|ml_inference_scanpipe:ml_path|pixel_idx[20]                                                    ; 2       ;
; touch_ml_scanpipe_top:pipeline|ml_inference_scanpipe:ml_path|pixel_idx[19]                                                    ; 2       ;
; touch_ml_scanpipe_top:pipeline|ml_inference_scanpipe:ml_path|pixel_idx[18]                                                    ; 2       ;
; touch_ml_scanpipe_top:pipeline|ml_inference_scanpipe:ml_path|pixel_idx[17]                                                    ; 2       ;
; touch_ml_scanpipe_top:pipeline|ml_inference_scanpipe:ml_path|pixel_idx[16]                                                    ; 2       ;
; touch_ml_scanpipe_top:pipeline|ml_inference_scanpipe:ml_path|pixel_idx[15]                                                    ; 2       ;
; touch_ml_scanpipe_top:pipeline|ml_inference_scanpipe:ml_path|pixel_idx[14]                                                    ; 2       ;
; touch_ml_scanpipe_top:pipeline|ml_inference_scanpipe:ml_path|pixel_idx[13]                                                    ; 2       ;
; touch_ml_scanpipe_top:pipeline|ml_inference_scanpipe:ml_path|pixel_idx[12]                                                    ; 2       ;
; touch_ml_scanpipe_top:pipeline|ml_inference_scanpipe:ml_path|pixel_idx[11]                                                    ; 2       ;
; touch_ml_scanpipe_top:pipeline|ml_inference_scanpipe:ml_path|pixel_idx[10]                                                    ; 2       ;
; touch_ml_scanpipe_top:pipeline|ml_inference_scanpipe:ml_path|pixel_idx[9]                                                     ; 2       ;
; touch_ml_scanpipe_top:pipeline|ml_inference_scanpipe:ml_path|pixel_idx[8]                                                     ; 2       ;
; touch_ml_scanpipe_top:pipeline|ml_inference_scanpipe:ml_path|neuron~38                                                        ; 2       ;
; touch_ml_scanpipe_top:pipeline|ml_inference_scanpipe:ml_path|neuron~37                                                        ; 2       ;
; touch_ml_scanpipe_top:pipeline|ml_inference_scanpipe:ml_path|neuron~36                                                        ; 2       ;
; touch_ml_scanpipe_top:pipeline|ml_inference_scanpipe:ml_path|neuron~35                                                        ; 2       ;
; touch_ml_scanpipe_top:pipeline|ml_inference_scanpipe:ml_path|neuron~34                                                        ; 2       ;
; touch_ml_scanpipe_top:pipeline|ml_inference_scanpipe:ml_path|neuron[19]~1                                                     ; 2       ;
; touch_ml_scanpipe_top:pipeline|touch_capture_top:touch_path|xpt2046_calibrator:calibrator|raw_to_cell~47                      ; 2       ;
; touch_ml_scanpipe_top:pipeline|touch_capture_top:touch_path|xpt2046_calibrator:calibrator|raw_to_cell~43                      ; 2       ;
; touch_ml_scanpipe_top:pipeline|touch_capture_top:touch_path|xpt2046_calibrator:calibrator|LessThan11~3                        ; 2       ;
; touch_ml_scanpipe_top:pipeline|touch_capture_top:touch_path|xpt2046_calibrator:calibrator|LessThan6~2                         ; 2       ;
; touch_ml_scanpipe_top:pipeline|touch_capture_top:touch_path|xpt2046_calibrator:calibrator|LessThan6~1                         ; 2       ;
; touch_ml_scanpipe_top:pipeline|touch_capture_top:touch_path|xpt2046_calibrator:calibrator|LessThan0~2                         ; 2       ;
; touch_ml_scanpipe_top:pipeline|touch_capture_top:touch_path|xpt2046_calibrator:calibrator|raw_to_cell~37                      ; 2       ;
; touch_ml_scanpipe_top:pipeline|touch_capture_top:touch_path|xpt2046_calibrator:calibrator|raw_to_cell~35                      ; 2       ;
; touch_ml_scanpipe_top:pipeline|touch_capture_top:touch_path|xpt2046_calibrator:calibrator|raw_to_cell~32                      ; 2       ;
; touch_ml_scanpipe_top:pipeline|touch_capture_top:touch_path|xpt2046_calibrator:calibrator|LessThan5~0                         ; 2       ;
; touch_ml_scanpipe_top:pipeline|touch_capture_top:touch_path|xpt2046_calibrator:calibrator|raw_to_cell~31                      ; 2       ;
; touch_ml_scanpipe_top:pipeline|touch_capture_top:touch_path|xpt2046_calibrator:calibrator|raw_to_cell~30                      ; 2       ;
; touch_ml_scanpipe_top:pipeline|touch_capture_top:touch_path|xpt2046_calibrator:calibrator|LessThan10~1                        ; 2       ;
; touch_ml_scanpipe_top:pipeline|touch_capture_top:touch_path|xpt2046_calibrator:calibrator|LessThan10~0                        ; 2       ;
; touch_ml_scanpipe_top:pipeline|touch_capture_top:touch_path|xpt2046_calibrator:calibrator|LessThan11~2                        ; 2       ;
; touch_ml_scanpipe_top:pipeline|touch_capture_top:touch_path|xpt2046_calibrator:calibrator|raw_to_cell~27                      ; 2       ;
; touch_ml_scanpipe_top:pipeline|touch_capture_top:touch_path|xpt2046_calibrator:calibrator|raw_to_cell~26                      ; 2       ;
; touch_ml_scanpipe_top:pipeline|touch_capture_top:touch_path|xpt2046_calibrator:calibrator|LessThan11~0                        ; 2       ;
; touch_ml_scanpipe_top:pipeline|touch_capture_top:touch_path|xpt2046_calibrator:calibrator|WideOr9~0                           ; 2       ;
; touch_ml_scanpipe_top:pipeline|touch_capture_top:touch_path|xpt2046_calibrator:calibrator|WideOr12~0                          ; 2       ;
; touch_ml_scanpipe_top:pipeline|touch_capture_top:touch_path|xpt2046_calibrator:calibrator|raw_to_cell~21                      ; 2       ;
; touch_ml_scanpipe_top:pipeline|touch_capture_top:touch_path|xpt2046_calibrator:calibrator|raw_to_cell~17                      ; 2       ;
; touch_ml_scanpipe_top:pipeline|touch_capture_top:touch_path|xpt2046_calibrator:calibrator|LessThan24~3                        ; 2       ;
; touch_ml_scanpipe_top:pipeline|touch_capture_top:touch_path|xpt2046_calibrator:calibrator|LessThan19~2                        ; 2       ;
; touch_ml_scanpipe_top:pipeline|touch_capture_top:touch_path|xpt2046_calibrator:calibrator|LessThan19~1                        ; 2       ;
; touch_ml_scanpipe_top:pipeline|touch_capture_top:touch_path|xpt2046_calibrator:calibrator|LessThan13~2                        ; 2       ;
; touch_ml_scanpipe_top:pipeline|touch_capture_top:touch_path|xpt2046_calibrator:calibrator|raw_to_cell~11                      ; 2       ;
; touch_ml_scanpipe_top:pipeline|touch_capture_top:touch_path|xpt2046_calibrator:calibrator|raw_to_cell~9                       ; 2       ;
; touch_ml_scanpipe_top:pipeline|touch_capture_top:touch_path|xpt2046_calibrator:calibrator|raw_to_cell~6                       ; 2       ;
; touch_ml_scanpipe_top:pipeline|touch_capture_top:touch_path|xpt2046_calibrator:calibrator|LessThan18~0                        ; 2       ;
; touch_ml_scanpipe_top:pipeline|touch_capture_top:touch_path|xpt2046_calibrator:calibrator|raw_to_cell~5                       ; 2       ;
; touch_ml_scanpipe_top:pipeline|touch_capture_top:touch_path|xpt2046_calibrator:calibrator|raw_to_cell~4                       ; 2       ;
; touch_ml_scanpipe_top:pipeline|touch_capture_top:touch_path|xpt2046_calibrator:calibrator|LessThan23~1                        ; 2       ;
; touch_ml_scanpipe_top:pipeline|touch_capture_top:touch_path|xpt2046_calibrator:calibrator|LessThan23~0                        ; 2       ;
; touch_ml_scanpipe_top:pipeline|touch_capture_top:touch_path|xpt2046_calibrator:calibrator|LessThan24~2                        ; 2       ;
; touch_ml_scanpipe_top:pipeline|touch_capture_top:touch_path|xpt2046_calibrator:calibrator|raw_to_cell~1                       ; 2       ;
; touch_ml_scanpipe_top:pipeline|touch_capture_top:touch_path|xpt2046_calibrator:calibrator|raw_to_cell~0                       ; 2       ;
; touch_ml_scanpipe_top:pipeline|touch_capture_top:touch_path|xpt2046_calibrator:calibrator|LessThan24~0                        ; 2       ;
; touch_ml_scanpipe_top:pipeline|ml_inference_scanpipe:ml_path|Equal4~0                                                         ; 2       ;
; touch_ml_scanpipe_top:pipeline|ml_inference_scanpipe:ml_path|Equal5~9                                                         ; 2       ;
; touch_ml_scanpipe_top:pipeline|ml_inference_scanpipe:ml_path|Equal5~8                                                         ; 2       ;
; lcd_live_writer:lcd_writer|LessThan0~0                                                                                        ; 2       ;
; lcd_live_writer:lcd_writer|Equal4~2                                                                                           ; 2       ;
; touch_ml_scanpipe_top:pipeline|ml_inference_scanpipe:ml_path|LessThan3~79                                                     ; 2       ;
; touch_ml_scanpipe_top:pipeline|ml_inference_scanpipe:ml_path|LessThan3~74                                                     ; 2       ;
; touch_ml_scanpipe_top:pipeline|ml_inference_scanpipe:ml_path|scan_best[29]                                                    ; 2       ;
; touch_ml_scanpipe_top:pipeline|ml_inference_scanpipe:ml_path|scores[0][29]                                                    ; 2       ;
; touch_ml_scanpipe_top:pipeline|ml_inference_scanpipe:ml_path|LessThan3~73                                                     ; 2       ;
; touch_ml_scanpipe_top:pipeline|ml_inference_scanpipe:ml_path|scan_best[30]                                                    ; 2       ;
; touch_ml_scanpipe_top:pipeline|ml_inference_scanpipe:ml_path|scores[0][30]                                                    ; 2       ;
; touch_ml_scanpipe_top:pipeline|ml_inference_scanpipe:ml_path|LessThan3~72                                                     ; 2       ;
; touch_ml_scanpipe_top:pipeline|ml_inference_scanpipe:ml_path|scores[0][31]                                                    ; 2       ;
; touch_ml_scanpipe_top:pipeline|ml_inference_scanpipe:ml_path|scan_best[31]                                                    ; 2       ;
; touch_ml_scanpipe_top:pipeline|ml_inference_scanpipe:ml_path|scores[0][32]                                                    ; 2       ;
; touch_ml_scanpipe_top:pipeline|ml_inference_scanpipe:ml_path|LessThan3~70                                                     ; 2       ;
; touch_ml_scanpipe_top:pipeline|ml_inference_scanpipe:ml_path|Mux38~5                                                          ; 2       ;
; touch_ml_scanpipe_top:pipeline|ml_inference_scanpipe:ml_path|scores[0][0]                                                     ; 2       ;
; touch_ml_scanpipe_top:pipeline|ml_inference_scanpipe:ml_path|Mux37~5                                                          ; 2       ;
; touch_ml_scanpipe_top:pipeline|ml_inference_scanpipe:ml_path|scores[0][1]                                                     ; 2       ;
; touch_ml_scanpipe_top:pipeline|ml_inference_scanpipe:ml_path|scan_best[2]                                                     ; 2       ;
; touch_ml_scanpipe_top:pipeline|ml_inference_scanpipe:ml_path|scores[0][2]                                                     ; 2       ;
; touch_ml_scanpipe_top:pipeline|ml_inference_scanpipe:ml_path|scores[0][3]                                                     ; 2       ;
; touch_ml_scanpipe_top:pipeline|ml_inference_scanpipe:ml_path|scores[0][7]                                                     ; 2       ;
; touch_ml_scanpipe_top:pipeline|ml_inference_scanpipe:ml_path|scan_best[7]                                                     ; 2       ;
; touch_ml_scanpipe_top:pipeline|ml_inference_scanpipe:ml_path|scores[0][6]                                                     ; 2       ;
; touch_ml_scanpipe_top:pipeline|ml_inference_scanpipe:ml_path|scan_best[6]                                                     ; 2       ;
; touch_ml_scanpipe_top:pipeline|ml_inference_scanpipe:ml_path|scores[0][4]                                                     ; 2       ;
; touch_ml_scanpipe_top:pipeline|ml_inference_scanpipe:ml_path|scan_best[4]                                                     ; 2       ;
; touch_ml_scanpipe_top:pipeline|ml_inference_scanpipe:ml_path|scores[0][5]                                                     ; 2       ;
; touch_ml_scanpipe_top:pipeline|ml_inference_scanpipe:ml_path|scan_best[8]                                                     ; 2       ;
; touch_ml_scanpipe_top:pipeline|ml_inference_scanpipe:ml_path|scores[0][10]                                                    ; 2       ;
; touch_ml_scanpipe_top:pipeline|ml_inference_scanpipe:ml_path|scores[0][9]                                                     ; 2       ;
; touch_ml_scanpipe_top:pipeline|ml_inference_scanpipe:ml_path|scores[0][14]                                                    ; 2       ;
; touch_ml_scanpipe_top:pipeline|ml_inference_scanpipe:ml_path|scores[0][13]                                                    ; 2       ;
; touch_ml_scanpipe_top:pipeline|ml_inference_scanpipe:ml_path|scores[0][11]                                                    ; 2       ;
; touch_ml_scanpipe_top:pipeline|ml_inference_scanpipe:ml_path|scan_best[11]                                                    ; 2       ;
; touch_ml_scanpipe_top:pipeline|ml_inference_scanpipe:ml_path|scores[0][12]                                                    ; 2       ;
; touch_ml_scanpipe_top:pipeline|ml_inference_scanpipe:ml_path|scores[0][8]                                                     ; 2       ;
; touch_ml_scanpipe_top:pipeline|ml_inference_scanpipe:ml_path|scores[0][17]                                                    ; 2       ;
; touch_ml_scanpipe_top:pipeline|ml_inference_scanpipe:ml_path|LessThan3~21                                                     ; 2       ;
; touch_ml_scanpipe_top:pipeline|ml_inference_scanpipe:ml_path|scores[0][16]                                                    ; 2       ;
; touch_ml_scanpipe_top:pipeline|ml_inference_scanpipe:ml_path|scan_best[16]                                                    ; 2       ;
; touch_ml_scanpipe_top:pipeline|ml_inference_scanpipe:ml_path|scores[0][15]                                                    ; 2       ;
; touch_ml_scanpipe_top:pipeline|ml_inference_scanpipe:ml_path|scan_best[15]                                                    ; 2       ;
; touch_ml_scanpipe_top:pipeline|ml_inference_scanpipe:ml_path|scores[0][21]                                                    ; 2       ;
; touch_ml_scanpipe_top:pipeline|ml_inference_scanpipe:ml_path|scores[0][20]                                                    ; 2       ;
; touch_ml_scanpipe_top:pipeline|ml_inference_scanpipe:ml_path|scores[0][18]                                                    ; 2       ;
; touch_ml_scanpipe_top:pipeline|ml_inference_scanpipe:ml_path|scan_best[18]                                                    ; 2       ;
; touch_ml_scanpipe_top:pipeline|ml_inference_scanpipe:ml_path|scores[0][19]                                                    ; 2       ;
; touch_ml_scanpipe_top:pipeline|ml_inference_scanpipe:ml_path|scan_best[22]                                                    ; 2       ;
; touch_ml_scanpipe_top:pipeline|ml_inference_scanpipe:ml_path|scores[0][22]                                                    ; 2       ;
; touch_ml_scanpipe_top:pipeline|ml_inference_scanpipe:ml_path|LessThan3~12                                                     ; 2       ;
; touch_ml_scanpipe_top:pipeline|ml_inference_scanpipe:ml_path|LessThan3~9                                                      ; 2       ;
; touch_ml_scanpipe_top:pipeline|ml_inference_scanpipe:ml_path|scan_best[23]                                                    ; 2       ;
; touch_ml_scanpipe_top:pipeline|ml_inference_scanpipe:ml_path|scores[0][23]                                                    ; 2       ;
; touch_ml_scanpipe_top:pipeline|ml_inference_scanpipe:ml_path|scan_best[24]                                                    ; 2       ;
; touch_ml_scanpipe_top:pipeline|ml_inference_scanpipe:ml_path|scores[0][24]                                                    ; 2       ;
; touch_ml_scanpipe_top:pipeline|ml_inference_scanpipe:ml_path|LessThan3~1                                                      ; 2       ;
; touch_ml_scanpipe_top:pipeline|ml_inference_scanpipe:ml_path|LessThan3~0                                                      ; 2       ;
; touch_ml_scanpipe_top:pipeline|ml_inference_scanpipe:ml_path|scores[0][28]                                                    ; 2       ;
; touch_ml_scanpipe_top:pipeline|ml_inference_scanpipe:ml_path|scan_best[28]                                                    ; 2       ;
; touch_ml_scanpipe_top:pipeline|ml_inference_scanpipe:ml_path|scores[0][27]                                                    ; 2       ;
; touch_ml_scanpipe_top:pipeline|ml_inference_scanpipe:ml_path|scores[0][25]                                                    ; 2       ;
; touch_ml_scanpipe_top:pipeline|ml_inference_scanpipe:ml_path|scores[0][26]                                                    ; 2       ;
; touch_ml_scanpipe_top:pipeline|touch_capture_top:touch_path|touch_frame_adapter:frame|input_frame_last~0                      ; 2       ;
; touch_ml_scanpipe_top:pipeline|touch_capture_top:touch_path|touch_frame_adapter:frame|Equal0~1                                ; 2       ;
; lcd_live_writer:lcd_writer|bus_data[13]~39                                                                                    ; 2       ;
; lcd_live_writer:lcd_writer|WideOr2~0                                                                                          ; 2       ;
; lcd_live_writer:lcd_writer|WideOr3~4                                                                                          ; 2       ;
; lcd_live_writer:lcd_writer|WideOr4~1                                                                                          ; 2       ;
; lcd_live_writer:lcd_writer|WideOr5~2                                                                                          ; 2       ;
; lcd_live_writer:lcd_writer|WideOr6~1                                                                                          ; 2       ;
; lcd_live_writer:lcd_writer|init_index~49                                                                                      ; 2       ;
; lcd_live_writer:lcd_writer|WideOr7~3                                                                                          ; 2       ;
; lcd_live_writer:lcd_writer|init_index~40                                                                                      ; 2       ;
; lcd_live_writer:lcd_writer|WideOr9~3                                                                                          ; 2       ;
; lcd_live_writer:lcd_writer|init_index~39                                                                                      ; 2       ;
; lcd_live_writer:lcd_writer|WideOr10~1                                                                                         ; 2       ;
; lcd_live_writer:lcd_writer|init_index~30                                                                                      ; 2       ;
; lcd_live_writer:lcd_writer|init_index~25                                                                                      ; 2       ;
; lcd_live_writer:lcd_writer|WideOr11~1                                                                                         ; 2       ;
; lcd_live_writer:lcd_writer|init_index~16                                                                                      ; 2       ;
; touch_ml_scanpipe_top:pipeline|ml_inference_scanpipe:ml_path|scan_digit[3]                                                    ; 2       ;
; touch_ml_scanpipe_top:pipeline|ml_inference_scanpipe:ml_path|scan_digit[2]                                                    ; 2       ;
; touch_ml_scanpipe_top:pipeline|ml_inference_scanpipe:ml_path|scan_digit[1]                                                    ; 2       ;
; touch_ml_scanpipe_top:pipeline|ml_inference_scanpipe:ml_path|scan_digit[0]                                                    ; 2       ;
; touch_ml_scanpipe_top:pipeline|ml_inference_scanpipe:ml_path|always0~0                                                        ; 2       ;
; touch_ml_scanpipe_top:pipeline|ml_inference_scanpipe:ml_path|Equal0~1                                                         ; 2       ;
; touch_ml_scanpipe_top:pipeline|ml_inference_scanpipe:ml_path|Equal0~0                                                         ; 2       ;
; lcd_live_writer:lcd_writer|Selector47~1                                                                                       ; 2       ;
; lcd_live_writer:lcd_writer|delay_count[6]~35                                                                                  ; 2       ;
; lcd_live_writer:lcd_writer|clear_index[8]~51                                                                                  ; 2       ;
; lcd_live_writer:lcd_writer|Equal1~1                                                                                           ; 2       ;
; lcd_live_writer:lcd_writer|Equal1~0                                                                                           ; 2       ;
; lcd_live_writer:lcd_writer|init_index[7]                                                                                      ; 2       ;
; touch_ml_scanpipe_top:pipeline|touch_capture_top:touch_path|xpt2046_reader:reader|sample_valid                                ; 2       ;
; touch_ml_scanpipe_top:pipeline|touch_capture_top:touch_path|xpt2046_reader:reader|command[0]~0                                ; 2       ;
; touch_ml_scanpipe_top:pipeline|touch_capture_top:touch_path|xpt2046_reader:reader|bit_index[1]~0                              ; 2       ;
; touch_ml_scanpipe_top:pipeline|touch_capture_top:touch_path|xpt2046_reader:reader|Selector15~0                                ; 2       ;
; lcd_live_writer:lcd_writer|state.S_DRAW_RAM                                                                                   ; 2       ;
; lcd_live_writer:lcd_writer|state.S_CLEAR_RAM                                                                                  ; 2       ;
; lcd_live_writer:lcd_writer|state.S_DRAW_Y                                                                                     ; 2       ;
; lcd_live_writer:lcd_writer|state.S_CLEAR_Y                                                                                    ; 2       ;
; lcd_live_writer:lcd_writer|Equal0~7                                                                                           ; 2       ;
; lcd_live_writer:lcd_writer|draw_dy[0]~0                                                                                       ; 2       ;
; touch_ml_scanpipe_top:pipeline|touch_capture_top:touch_path|xpt2046_reader:reader|Selector18~4                                ; 2       ;
; touch_ml_scanpipe_top:pipeline|touch_capture_top:touch_path|xpt2046_reader:reader|Add0~0                                      ; 2       ;
; touch_ml_scanpipe_top:pipeline|touch_capture_top:touch_path|xpt2046_reader:reader|Selector52~0                                ; 2       ;
; led~1                                                                                                                         ; 2       ;
; Equal3~5                                                                                                                      ; 2       ;
; Equal3~4                                                                                                                      ; 2       ;
; touch_ml_scanpipe_top:pipeline|touch_capture_top:touch_path|xpt2046_reader:reader|touch_mosi                                  ; 2       ;
; touch_ml_scanpipe_top:pipeline|touch_capture_top:touch_path|xpt2046_reader:reader|touch_cs_n                                  ; 2       ;
; touch_ml_scanpipe_top:pipeline|touch_capture_top:touch_path|touch_frame_adapter:frame|Add1~10                                 ; 2       ;
; touch_ml_scanpipe_top:pipeline|touch_capture_top:touch_path|touch_frame_adapter:frame|frame[195][3]                           ; 2       ;
; touch_ml_scanpipe_top:pipeline|touch_capture_top:touch_path|touch_frame_adapter:frame|frame[192][3]                           ; 2       ;
; touch_ml_scanpipe_top:pipeline|touch_capture_top:touch_path|touch_frame_adapter:frame|frame[193][3]                           ; 2       ;
; touch_ml_scanpipe_top:pipeline|touch_capture_top:touch_path|touch_frame_adapter:frame|frame[194][3]                           ; 2       ;
; touch_ml_scanpipe_top:pipeline|touch_capture_top:touch_path|touch_frame_adapter:frame|frame[63][0]                            ; 2       ;
; touch_ml_scanpipe_top:pipeline|touch_capture_top:touch_path|touch_frame_adapter:frame|frame[51][0]                            ; 2       ;
; touch_ml_scanpipe_top:pipeline|touch_capture_top:touch_path|touch_frame_adapter:frame|frame[55][0]                            ; 2       ;
; touch_ml_scanpipe_top:pipeline|touch_capture_top:touch_path|touch_frame_adapter:frame|frame[59][0]                            ; 2       ;
; touch_ml_scanpipe_top:pipeline|touch_capture_top:touch_path|touch_frame_adapter:frame|frame[60][0]                            ; 2       ;
; touch_ml_scanpipe_top:pipeline|touch_capture_top:touch_path|touch_frame_adapter:frame|frame[48][0]                            ; 2       ;
; touch_ml_scanpipe_top:pipeline|touch_capture_top:touch_path|touch_frame_adapter:frame|frame[56][0]                            ; 2       ;
; touch_ml_scanpipe_top:pipeline|touch_capture_top:touch_path|touch_frame_adapter:frame|frame[52][0]                            ; 2       ;
; touch_ml_scanpipe_top:pipeline|touch_capture_top:touch_path|touch_frame_adapter:frame|frame[62][0]                            ; 2       ;
; touch_ml_scanpipe_top:pipeline|touch_capture_top:touch_path|touch_frame_adapter:frame|frame[50][0]                            ; 2       ;
; touch_ml_scanpipe_top:pipeline|touch_capture_top:touch_path|touch_frame_adapter:frame|frame[58][0]                            ; 2       ;
; touch_ml_scanpipe_top:pipeline|touch_capture_top:touch_path|touch_frame_adapter:frame|frame[54][0]                            ; 2       ;
; touch_ml_scanpipe_top:pipeline|touch_capture_top:touch_path|touch_frame_adapter:frame|frame[61][0]                            ; 2       ;
; touch_ml_scanpipe_top:pipeline|touch_capture_top:touch_path|touch_frame_adapter:frame|frame[49][0]                            ; 2       ;
; touch_ml_scanpipe_top:pipeline|touch_capture_top:touch_path|touch_frame_adapter:frame|frame[53][0]                            ; 2       ;
; touch_ml_scanpipe_top:pipeline|touch_capture_top:touch_path|touch_frame_adapter:frame|frame[57][0]                            ; 2       ;
; touch_ml_scanpipe_top:pipeline|touch_capture_top:touch_path|touch_frame_adapter:frame|frame[15][0]                            ; 2       ;
; touch_ml_scanpipe_top:pipeline|touch_capture_top:touch_path|touch_frame_adapter:frame|frame[12][0]                            ; 2       ;
; touch_ml_scanpipe_top:pipeline|touch_capture_top:touch_path|touch_frame_adapter:frame|frame[14][0]                            ; 2       ;
; touch_ml_scanpipe_top:pipeline|touch_capture_top:touch_path|touch_frame_adapter:frame|frame[13][0]                            ; 2       ;
; touch_ml_scanpipe_top:pipeline|touch_capture_top:touch_path|touch_frame_adapter:frame|frame[3][0]                             ; 2       ;
; touch_ml_scanpipe_top:pipeline|touch_capture_top:touch_path|touch_frame_adapter:frame|frame[0][0]                             ; 2       ;
; touch_ml_scanpipe_top:pipeline|touch_capture_top:touch_path|touch_frame_adapter:frame|frame[1][0]                             ; 2       ;
; touch_ml_scanpipe_top:pipeline|touch_capture_top:touch_path|touch_frame_adapter:frame|frame[2][0]                             ; 2       ;
; touch_ml_scanpipe_top:pipeline|touch_capture_top:touch_path|touch_frame_adapter:frame|frame[11][0]                            ; 2       ;
; touch_ml_scanpipe_top:pipeline|touch_capture_top:touch_path|touch_frame_adapter:frame|frame[8][0]                             ; 2       ;
; touch_ml_scanpipe_top:pipeline|touch_capture_top:touch_path|touch_frame_adapter:frame|frame[9][0]                             ; 2       ;
; touch_ml_scanpipe_top:pipeline|touch_capture_top:touch_path|touch_frame_adapter:frame|frame[10][0]                            ; 2       ;
; touch_ml_scanpipe_top:pipeline|touch_capture_top:touch_path|touch_frame_adapter:frame|frame[7][0]                             ; 2       ;
; touch_ml_scanpipe_top:pipeline|touch_capture_top:touch_path|touch_frame_adapter:frame|frame[4][0]                             ; 2       ;
; touch_ml_scanpipe_top:pipeline|touch_capture_top:touch_path|touch_frame_adapter:frame|frame[6][0]                             ; 2       ;
; touch_ml_scanpipe_top:pipeline|touch_capture_top:touch_path|touch_frame_adapter:frame|frame[5][0]                             ; 2       ;
; touch_ml_scanpipe_top:pipeline|touch_capture_top:touch_path|touch_frame_adapter:frame|frame[31][0]                            ; 2       ;
; touch_ml_scanpipe_top:pipeline|touch_capture_top:touch_path|touch_frame_adapter:frame|frame[19][0]                            ; 2       ;
; touch_ml_scanpipe_top:pipeline|touch_capture_top:touch_path|touch_frame_adapter:frame|frame[27][0]                            ; 2       ;
; touch_ml_scanpipe_top:pipeline|touch_capture_top:touch_path|touch_frame_adapter:frame|frame[23][0]                            ; 2       ;
; touch_ml_scanpipe_top:pipeline|touch_capture_top:touch_path|touch_frame_adapter:frame|frame[28][0]                            ; 2       ;
; touch_ml_scanpipe_top:pipeline|touch_capture_top:touch_path|touch_frame_adapter:frame|frame[16][0]                            ; 2       ;
; touch_ml_scanpipe_top:pipeline|touch_capture_top:touch_path|touch_frame_adapter:frame|frame[20][0]                            ; 2       ;
; touch_ml_scanpipe_top:pipeline|touch_capture_top:touch_path|touch_frame_adapter:frame|frame[24][0]                            ; 2       ;
; touch_ml_scanpipe_top:pipeline|touch_capture_top:touch_path|touch_frame_adapter:frame|frame[29][0]                            ; 2       ;
; touch_ml_scanpipe_top:pipeline|touch_capture_top:touch_path|touch_frame_adapter:frame|frame[17][0]                            ; 2       ;
; touch_ml_scanpipe_top:pipeline|touch_capture_top:touch_path|touch_frame_adapter:frame|frame[25][0]                            ; 2       ;
; touch_ml_scanpipe_top:pipeline|touch_capture_top:touch_path|touch_frame_adapter:frame|frame[21][0]                            ; 2       ;
; touch_ml_scanpipe_top:pipeline|touch_capture_top:touch_path|touch_frame_adapter:frame|frame[30][0]                            ; 2       ;
; touch_ml_scanpipe_top:pipeline|touch_capture_top:touch_path|touch_frame_adapter:frame|frame[18][0]                            ; 2       ;
; touch_ml_scanpipe_top:pipeline|touch_capture_top:touch_path|touch_frame_adapter:frame|frame[22][0]                            ; 2       ;
; touch_ml_scanpipe_top:pipeline|touch_capture_top:touch_path|touch_frame_adapter:frame|frame[26][0]                            ; 2       ;
; touch_ml_scanpipe_top:pipeline|touch_capture_top:touch_path|touch_frame_adapter:frame|frame[47][0]                            ; 2       ;
; touch_ml_scanpipe_top:pipeline|touch_capture_top:touch_path|touch_frame_adapter:frame|frame[44][0]                            ; 2       ;
; touch_ml_scanpipe_top:pipeline|touch_capture_top:touch_path|touch_frame_adapter:frame|frame[45][0]                            ; 2       ;
; touch_ml_scanpipe_top:pipeline|touch_capture_top:touch_path|touch_frame_adapter:frame|frame[46][0]                            ; 2       ;
; touch_ml_scanpipe_top:pipeline|touch_capture_top:touch_path|touch_frame_adapter:frame|frame[35][0]                            ; 2       ;
; touch_ml_scanpipe_top:pipeline|touch_capture_top:touch_path|touch_frame_adapter:frame|frame[32][0]                            ; 2       ;
; touch_ml_scanpipe_top:pipeline|touch_capture_top:touch_path|touch_frame_adapter:frame|frame[34][0]                            ; 2       ;
; touch_ml_scanpipe_top:pipeline|touch_capture_top:touch_path|touch_frame_adapter:frame|frame[33][0]                            ; 2       ;
; touch_ml_scanpipe_top:pipeline|touch_capture_top:touch_path|touch_frame_adapter:frame|frame[39][0]                            ; 2       ;
; touch_ml_scanpipe_top:pipeline|touch_capture_top:touch_path|touch_frame_adapter:frame|frame[36][0]                            ; 2       ;
; touch_ml_scanpipe_top:pipeline|touch_capture_top:touch_path|touch_frame_adapter:frame|frame[37][0]                            ; 2       ;
; touch_ml_scanpipe_top:pipeline|touch_capture_top:touch_path|touch_frame_adapter:frame|frame[38][0]                            ; 2       ;
; touch_ml_scanpipe_top:pipeline|touch_capture_top:touch_path|touch_frame_adapter:frame|frame[43][0]                            ; 2       ;
; touch_ml_scanpipe_top:pipeline|touch_capture_top:touch_path|touch_frame_adapter:frame|frame[40][0]                            ; 2       ;
; touch_ml_scanpipe_top:pipeline|touch_capture_top:touch_path|touch_frame_adapter:frame|frame[42][0]                            ; 2       ;
; touch_ml_scanpipe_top:pipeline|touch_capture_top:touch_path|touch_frame_adapter:frame|frame[41][0]                            ; 2       ;
; touch_ml_scanpipe_top:pipeline|touch_capture_top:touch_path|touch_frame_adapter:frame|frame[127][0]                           ; 2       ;
; touch_ml_scanpipe_top:pipeline|touch_capture_top:touch_path|touch_frame_adapter:frame|frame[79][0]                            ; 2       ;
; touch_ml_scanpipe_top:pipeline|touch_capture_top:touch_path|touch_frame_adapter:frame|frame[95][0]                            ; 2       ;
; touch_ml_scanpipe_top:pipeline|touch_capture_top:touch_path|touch_frame_adapter:frame|frame[111][0]                           ; 2       ;
; touch_ml_scanpipe_top:pipeline|touch_capture_top:touch_path|touch_frame_adapter:frame|frame[115][0]                           ; 2       ;
; touch_ml_scanpipe_top:pipeline|touch_capture_top:touch_path|touch_frame_adapter:frame|frame[67][0]                            ; 2       ;
; touch_ml_scanpipe_top:pipeline|touch_capture_top:touch_path|touch_frame_adapter:frame|frame[99][0]                            ; 2       ;
; touch_ml_scanpipe_top:pipeline|touch_capture_top:touch_path|touch_frame_adapter:frame|frame[83][0]                            ; 2       ;
; touch_ml_scanpipe_top:pipeline|touch_capture_top:touch_path|touch_frame_adapter:frame|frame[119][0]                           ; 2       ;
; touch_ml_scanpipe_top:pipeline|touch_capture_top:touch_path|touch_frame_adapter:frame|frame[71][0]                            ; 2       ;
; touch_ml_scanpipe_top:pipeline|touch_capture_top:touch_path|touch_frame_adapter:frame|frame[87][0]                            ; 2       ;
; touch_ml_scanpipe_top:pipeline|touch_capture_top:touch_path|touch_frame_adapter:frame|frame[103][0]                           ; 2       ;
; touch_ml_scanpipe_top:pipeline|touch_capture_top:touch_path|touch_frame_adapter:frame|frame[123][0]                           ; 2       ;
; touch_ml_scanpipe_top:pipeline|touch_capture_top:touch_path|touch_frame_adapter:frame|frame[75][0]                            ; 2       ;
; touch_ml_scanpipe_top:pipeline|touch_capture_top:touch_path|touch_frame_adapter:frame|frame[107][0]                           ; 2       ;
; touch_ml_scanpipe_top:pipeline|touch_capture_top:touch_path|touch_frame_adapter:frame|frame[91][0]                            ; 2       ;
; touch_ml_scanpipe_top:pipeline|touch_capture_top:touch_path|touch_frame_adapter:frame|frame[124][0]                           ; 2       ;
; touch_ml_scanpipe_top:pipeline|touch_capture_top:touch_path|touch_frame_adapter:frame|frame[76][0]                            ; 2       ;
; touch_ml_scanpipe_top:pipeline|touch_capture_top:touch_path|touch_frame_adapter:frame|frame[92][0]                            ; 2       ;
; touch_ml_scanpipe_top:pipeline|touch_capture_top:touch_path|touch_frame_adapter:frame|frame[108][0]                           ; 2       ;
; touch_ml_scanpipe_top:pipeline|touch_capture_top:touch_path|touch_frame_adapter:frame|frame[112][0]                           ; 2       ;
; touch_ml_scanpipe_top:pipeline|touch_capture_top:touch_path|touch_frame_adapter:frame|frame[64][0]                            ; 2       ;
; touch_ml_scanpipe_top:pipeline|touch_capture_top:touch_path|touch_frame_adapter:frame|frame[96][0]                            ; 2       ;
; touch_ml_scanpipe_top:pipeline|touch_capture_top:touch_path|touch_frame_adapter:frame|frame[80][0]                            ; 2       ;
; touch_ml_scanpipe_top:pipeline|touch_capture_top:touch_path|touch_frame_adapter:frame|frame[120][0]                           ; 2       ;
; touch_ml_scanpipe_top:pipeline|touch_capture_top:touch_path|touch_frame_adapter:frame|frame[72][0]                            ; 2       ;
; touch_ml_scanpipe_top:pipeline|touch_capture_top:touch_path|touch_frame_adapter:frame|frame[104][0]                           ; 2       ;
; touch_ml_scanpipe_top:pipeline|touch_capture_top:touch_path|touch_frame_adapter:frame|frame[88][0]                            ; 2       ;
; touch_ml_scanpipe_top:pipeline|touch_capture_top:touch_path|touch_frame_adapter:frame|frame[116][0]                           ; 2       ;
; touch_ml_scanpipe_top:pipeline|touch_capture_top:touch_path|touch_frame_adapter:frame|frame[68][0]                            ; 2       ;
; touch_ml_scanpipe_top:pipeline|touch_capture_top:touch_path|touch_frame_adapter:frame|frame[84][0]                            ; 2       ;
; touch_ml_scanpipe_top:pipeline|touch_capture_top:touch_path|touch_frame_adapter:frame|frame[100][0]                           ; 2       ;
; touch_ml_scanpipe_top:pipeline|touch_capture_top:touch_path|touch_frame_adapter:frame|frame[126][0]                           ; 2       ;
; touch_ml_scanpipe_top:pipeline|touch_capture_top:touch_path|touch_frame_adapter:frame|frame[78][0]                            ; 2       ;
; touch_ml_scanpipe_top:pipeline|touch_capture_top:touch_path|touch_frame_adapter:frame|frame[94][0]                            ; 2       ;
; touch_ml_scanpipe_top:pipeline|touch_capture_top:touch_path|touch_frame_adapter:frame|frame[110][0]                           ; 2       ;
; touch_ml_scanpipe_top:pipeline|touch_capture_top:touch_path|touch_frame_adapter:frame|frame[114][0]                           ; 2       ;
; touch_ml_scanpipe_top:pipeline|touch_capture_top:touch_path|touch_frame_adapter:frame|frame[66][0]                            ; 2       ;
; touch_ml_scanpipe_top:pipeline|touch_capture_top:touch_path|touch_frame_adapter:frame|frame[98][0]                            ; 2       ;
; touch_ml_scanpipe_top:pipeline|touch_capture_top:touch_path|touch_frame_adapter:frame|frame[82][0]                            ; 2       ;
; touch_ml_scanpipe_top:pipeline|touch_capture_top:touch_path|touch_frame_adapter:frame|frame[122][0]                           ; 2       ;
; touch_ml_scanpipe_top:pipeline|touch_capture_top:touch_path|touch_frame_adapter:frame|frame[74][0]                            ; 2       ;
; touch_ml_scanpipe_top:pipeline|touch_capture_top:touch_path|touch_frame_adapter:frame|frame[106][0]                           ; 2       ;
; touch_ml_scanpipe_top:pipeline|touch_capture_top:touch_path|touch_frame_adapter:frame|frame[90][0]                            ; 2       ;
; touch_ml_scanpipe_top:pipeline|touch_capture_top:touch_path|touch_frame_adapter:frame|frame[118][0]                           ; 2       ;
; touch_ml_scanpipe_top:pipeline|touch_capture_top:touch_path|touch_frame_adapter:frame|frame[70][0]                            ; 2       ;
; touch_ml_scanpipe_top:pipeline|touch_capture_top:touch_path|touch_frame_adapter:frame|frame[86][0]                            ; 2       ;
; touch_ml_scanpipe_top:pipeline|touch_capture_top:touch_path|touch_frame_adapter:frame|frame[102][0]                           ; 2       ;
; touch_ml_scanpipe_top:pipeline|touch_capture_top:touch_path|touch_frame_adapter:frame|frame[125][0]                           ; 2       ;
; touch_ml_scanpipe_top:pipeline|touch_capture_top:touch_path|touch_frame_adapter:frame|frame[77][0]                            ; 2       ;
; touch_ml_scanpipe_top:pipeline|touch_capture_top:touch_path|touch_frame_adapter:frame|frame[93][0]                            ; 2       ;
; touch_ml_scanpipe_top:pipeline|touch_capture_top:touch_path|touch_frame_adapter:frame|frame[109][0]                           ; 2       ;
; touch_ml_scanpipe_top:pipeline|touch_capture_top:touch_path|touch_frame_adapter:frame|frame[113][0]                           ; 2       ;
; touch_ml_scanpipe_top:pipeline|touch_capture_top:touch_path|touch_frame_adapter:frame|frame[65][0]                            ; 2       ;
; touch_ml_scanpipe_top:pipeline|touch_capture_top:touch_path|touch_frame_adapter:frame|frame[97][0]                            ; 2       ;
; touch_ml_scanpipe_top:pipeline|touch_capture_top:touch_path|touch_frame_adapter:frame|frame[81][0]                            ; 2       ;
; touch_ml_scanpipe_top:pipeline|touch_capture_top:touch_path|touch_frame_adapter:frame|frame[117][0]                           ; 2       ;
; touch_ml_scanpipe_top:pipeline|touch_capture_top:touch_path|touch_frame_adapter:frame|frame[69][0]                            ; 2       ;
; touch_ml_scanpipe_top:pipeline|touch_capture_top:touch_path|touch_frame_adapter:frame|frame[85][0]                            ; 2       ;
; touch_ml_scanpipe_top:pipeline|touch_capture_top:touch_path|touch_frame_adapter:frame|frame[101][0]                           ; 2       ;
; touch_ml_scanpipe_top:pipeline|touch_capture_top:touch_path|touch_frame_adapter:frame|frame[121][0]                           ; 2       ;
; touch_ml_scanpipe_top:pipeline|touch_capture_top:touch_path|touch_frame_adapter:frame|frame[73][0]                            ; 2       ;
; touch_ml_scanpipe_top:pipeline|touch_capture_top:touch_path|touch_frame_adapter:frame|frame[105][0]                           ; 2       ;
; touch_ml_scanpipe_top:pipeline|touch_capture_top:touch_path|touch_frame_adapter:frame|frame[89][0]                            ; 2       ;
; touch_ml_scanpipe_top:pipeline|touch_capture_top:touch_path|touch_frame_adapter:frame|frame[191][3]                           ; 2       ;
; touch_ml_scanpipe_top:pipeline|touch_capture_top:touch_path|touch_frame_adapter:frame|frame[143][0]                           ; 2       ;
; touch_ml_scanpipe_top:pipeline|touch_capture_top:touch_path|touch_frame_adapter:frame|frame[175][0]                           ; 2       ;
; touch_ml_scanpipe_top:pipeline|touch_capture_top:touch_path|touch_frame_adapter:frame|frame[159][0]                           ; 2       ;
; touch_ml_scanpipe_top:pipeline|touch_capture_top:touch_path|touch_frame_adapter:frame|frame[188][0]                           ; 2       ;
; touch_ml_scanpipe_top:pipeline|touch_capture_top:touch_path|touch_frame_adapter:frame|frame[140][0]                           ; 2       ;
; touch_ml_scanpipe_top:pipeline|touch_capture_top:touch_path|touch_frame_adapter:frame|frame[156][0]                           ; 2       ;
; touch_ml_scanpipe_top:pipeline|touch_capture_top:touch_path|touch_frame_adapter:frame|frame[172][0]                           ; 2       ;
; touch_ml_scanpipe_top:pipeline|touch_capture_top:touch_path|touch_frame_adapter:frame|frame[189][0]                           ; 2       ;
; touch_ml_scanpipe_top:pipeline|touch_capture_top:touch_path|touch_frame_adapter:frame|frame[141][0]                           ; 2       ;
; touch_ml_scanpipe_top:pipeline|touch_capture_top:touch_path|touch_frame_adapter:frame|frame[173][0]                           ; 2       ;
; touch_ml_scanpipe_top:pipeline|touch_capture_top:touch_path|touch_frame_adapter:frame|frame[157][0]                           ; 2       ;
; touch_ml_scanpipe_top:pipeline|touch_capture_top:touch_path|touch_frame_adapter:frame|frame[190][0]                           ; 2       ;
; touch_ml_scanpipe_top:pipeline|touch_capture_top:touch_path|touch_frame_adapter:frame|frame[142][0]                           ; 2       ;
; touch_ml_scanpipe_top:pipeline|touch_capture_top:touch_path|touch_frame_adapter:frame|frame[158][0]                           ; 2       ;
; touch_ml_scanpipe_top:pipeline|touch_capture_top:touch_path|touch_frame_adapter:frame|frame[174][0]                           ; 2       ;
; touch_ml_scanpipe_top:pipeline|touch_capture_top:touch_path|touch_frame_adapter:frame|frame[179][0]                           ; 2       ;
; touch_ml_scanpipe_top:pipeline|touch_capture_top:touch_path|touch_frame_adapter:frame|frame[176][0]                           ; 2       ;
; touch_ml_scanpipe_top:pipeline|touch_capture_top:touch_path|touch_frame_adapter:frame|frame[178][0]                           ; 2       ;
; touch_ml_scanpipe_top:pipeline|touch_capture_top:touch_path|touch_frame_adapter:frame|frame[177][0]                           ; 2       ;
; touch_ml_scanpipe_top:pipeline|touch_capture_top:touch_path|touch_frame_adapter:frame|frame[131][0]                           ; 2       ;
; touch_ml_scanpipe_top:pipeline|touch_capture_top:touch_path|touch_frame_adapter:frame|frame[128][0]                           ; 2       ;
; touch_ml_scanpipe_top:pipeline|touch_capture_top:touch_path|touch_frame_adapter:frame|frame[129][0]                           ; 2       ;
; touch_ml_scanpipe_top:pipeline|touch_capture_top:touch_path|touch_frame_adapter:frame|frame[130][0]                           ; 2       ;
; touch_ml_scanpipe_top:pipeline|touch_capture_top:touch_path|touch_frame_adapter:frame|frame[163][0]                           ; 2       ;
; touch_ml_scanpipe_top:pipeline|touch_capture_top:touch_path|touch_frame_adapter:frame|frame[160][0]                           ; 2       ;
; touch_ml_scanpipe_top:pipeline|touch_capture_top:touch_path|touch_frame_adapter:frame|frame[161][0]                           ; 2       ;
; touch_ml_scanpipe_top:pipeline|touch_capture_top:touch_path|touch_frame_adapter:frame|frame[162][0]                           ; 2       ;
; touch_ml_scanpipe_top:pipeline|touch_capture_top:touch_path|touch_frame_adapter:frame|frame[147][0]                           ; 2       ;
; touch_ml_scanpipe_top:pipeline|touch_capture_top:touch_path|touch_frame_adapter:frame|frame[144][0]                           ; 2       ;
; touch_ml_scanpipe_top:pipeline|touch_capture_top:touch_path|touch_frame_adapter:frame|frame[146][0]                           ; 2       ;
; touch_ml_scanpipe_top:pipeline|touch_capture_top:touch_path|touch_frame_adapter:frame|frame[145][0]                           ; 2       ;
; touch_ml_scanpipe_top:pipeline|touch_capture_top:touch_path|touch_frame_adapter:frame|frame[183][0]                           ; 2       ;
; touch_ml_scanpipe_top:pipeline|touch_capture_top:touch_path|touch_frame_adapter:frame|frame[180][0]                           ; 2       ;
; touch_ml_scanpipe_top:pipeline|touch_capture_top:touch_path|touch_frame_adapter:frame|frame[182][0]                           ; 2       ;
; touch_ml_scanpipe_top:pipeline|touch_capture_top:touch_path|touch_frame_adapter:frame|frame[181][0]                           ; 2       ;
; touch_ml_scanpipe_top:pipeline|touch_capture_top:touch_path|touch_frame_adapter:frame|frame[135][0]                           ; 2       ;
; touch_ml_scanpipe_top:pipeline|touch_capture_top:touch_path|touch_frame_adapter:frame|frame[132][0]                           ; 2       ;
; touch_ml_scanpipe_top:pipeline|touch_capture_top:touch_path|touch_frame_adapter:frame|frame[133][0]                           ; 2       ;
; touch_ml_scanpipe_top:pipeline|touch_capture_top:touch_path|touch_frame_adapter:frame|frame[134][0]                           ; 2       ;
; touch_ml_scanpipe_top:pipeline|touch_capture_top:touch_path|touch_frame_adapter:frame|frame[151][0]                           ; 2       ;
; touch_ml_scanpipe_top:pipeline|touch_capture_top:touch_path|touch_frame_adapter:frame|frame[148][0]                           ; 2       ;
; touch_ml_scanpipe_top:pipeline|touch_capture_top:touch_path|touch_frame_adapter:frame|frame[150][0]                           ; 2       ;
; touch_ml_scanpipe_top:pipeline|touch_capture_top:touch_path|touch_frame_adapter:frame|frame[149][0]                           ; 2       ;
; touch_ml_scanpipe_top:pipeline|touch_capture_top:touch_path|touch_frame_adapter:frame|frame[167][0]                           ; 2       ;
; touch_ml_scanpipe_top:pipeline|touch_capture_top:touch_path|touch_frame_adapter:frame|frame[164][0]                           ; 2       ;
; touch_ml_scanpipe_top:pipeline|touch_capture_top:touch_path|touch_frame_adapter:frame|frame[165][0]                           ; 2       ;
; touch_ml_scanpipe_top:pipeline|touch_capture_top:touch_path|touch_frame_adapter:frame|frame[166][0]                           ; 2       ;
; touch_ml_scanpipe_top:pipeline|touch_capture_top:touch_path|touch_frame_adapter:frame|frame[187][0]                           ; 2       ;
; touch_ml_scanpipe_top:pipeline|touch_capture_top:touch_path|touch_frame_adapter:frame|frame[184][0]                           ; 2       ;
; touch_ml_scanpipe_top:pipeline|touch_capture_top:touch_path|touch_frame_adapter:frame|frame[186][0]                           ; 2       ;
; touch_ml_scanpipe_top:pipeline|touch_capture_top:touch_path|touch_frame_adapter:frame|frame[185][0]                           ; 2       ;
; touch_ml_scanpipe_top:pipeline|touch_capture_top:touch_path|touch_frame_adapter:frame|frame[139][0]                           ; 2       ;
; touch_ml_scanpipe_top:pipeline|touch_capture_top:touch_path|touch_frame_adapter:frame|frame[136][0]                           ; 2       ;
; touch_ml_scanpipe_top:pipeline|touch_capture_top:touch_path|touch_frame_adapter:frame|frame[137][0]                           ; 2       ;
; touch_ml_scanpipe_top:pipeline|touch_capture_top:touch_path|touch_frame_adapter:frame|frame[138][0]                           ; 2       ;
; touch_ml_scanpipe_top:pipeline|touch_capture_top:touch_path|touch_frame_adapter:frame|frame[171][0]                           ; 2       ;
; touch_ml_scanpipe_top:pipeline|touch_capture_top:touch_path|touch_frame_adapter:frame|frame[168][0]                           ; 2       ;
; touch_ml_scanpipe_top:pipeline|touch_capture_top:touch_path|touch_frame_adapter:frame|frame[169][0]                           ; 2       ;
; touch_ml_scanpipe_top:pipeline|touch_capture_top:touch_path|touch_frame_adapter:frame|frame[170][0]                           ; 2       ;
; touch_ml_scanpipe_top:pipeline|touch_capture_top:touch_path|touch_frame_adapter:frame|frame[155][0]                           ; 2       ;
; touch_ml_scanpipe_top:pipeline|touch_capture_top:touch_path|touch_frame_adapter:frame|frame[152][0]                           ; 2       ;
; touch_ml_scanpipe_top:pipeline|touch_capture_top:touch_path|touch_frame_adapter:frame|frame[154][0]                           ; 2       ;
; touch_ml_scanpipe_top:pipeline|touch_capture_top:touch_path|touch_frame_adapter:frame|frame[153][0]                           ; 2       ;
; touch_ml_scanpipe_top:pipeline|ml_inference_scanpipe:ml_path|altsyncram:l2_rom|altsyncram_pnt:auto_generated|q_a[1]           ; 2       ;
; touch_ml_scanpipe_top:pipeline|ml_inference_scanpipe:ml_path|altsyncram:l2_rom|altsyncram_pnt:auto_generated|q_a[2]           ; 2       ;
+-------------------------------------------------------------------------------------------------------------------------------+---------+


+-------------------------------------------------------------------------------------------------------------------------------------------------------------------------------------------------------------------------------------------------------------------------------------------------------------------------------------------------------------------------------------------------------------------------------------------------------------------------------------------------------------------------------------------------------------------------------------------------------------------------------------------------------------------------------------------------------------------------------------------------------------------------------------------------------------+
; Fitter RAM Summary                                                                                                                                                                                                                                                                                                                                                                                                                                                                                                                                                                                                                                                                                                                                                                                          ;
+-----------------------------------------------------------------------------------------------------------------------------------+------+------------------+--------------+--------------+--------------+--------------+--------------+------------------------+-------------------------+------------------------+-------------------------+-------+-----------------------------+-----------------------------+-----------------------------+-----------------------------+---------------------+------+--------------------------------+-----------------------------------------------------------------------------------------------------------------------------------------------------------------------------------------------------+----------------------+-----------------+-----------------+
; Name                                                                                                                              ; Type ; Mode             ; Clock Mode   ; Port A Depth ; Port A Width ; Port B Depth ; Port B Width ; Port A Input Registers ; Port A Output Registers ; Port B Input Registers ; Port B Output Registers ; Size  ; Implementation Port A Depth ; Implementation Port A Width ; Implementation Port B Depth ; Implementation Port B Width ; Implementation Bits ; M4Ks ; MIF                            ; Location                                                                                                                                                                                            ; Mixed Width RDW Mode ; Port A RDW Mode ; Port B RDW Mode ;
+-----------------------------------------------------------------------------------------------------------------------------------+------+------------------+--------------+--------------+--------------+--------------+--------------+------------------------+-------------------------+------------------------+-------------------------+-------+-----------------------------+-----------------------------+-----------------------------+-----------------------------+---------------------+------+--------------------------------+-----------------------------------------------------------------------------------------------------------------------------------------------------------------------------------------------------+----------------------+-----------------+-----------------+
; touch_ml_scanpipe_top:pipeline|ml_inference_scanpipe:ml_path|altsyncram:b1_rom|altsyncram_mct:auto_generated|ALTSYNCRAM           ; AUTO ; ROM              ; Single Clock ; 32           ; 32           ; --           ; --           ; yes                    ; no                      ; --                     ; --                      ; 1024  ; 32                          ; 32                          ; --                          ; --                          ; 1024                ; 1    ; ../../artifacts/bias_l1.mif    ; M4K_X11_Y12                                                                                                                                                                                         ; Don't care           ; Don't care      ; Don't care      ;
; touch_ml_scanpipe_top:pipeline|ml_inference_scanpipe:ml_path|altsyncram:b2_rom|altsyncram_hct:auto_generated|ALTSYNCRAM           ; AUTO ; ROM              ; Single Clock ; 10           ; 32           ; --           ; --           ; yes                    ; no                      ; --                     ; --                      ; 320   ; 10                          ; 32                          ; --                          ; --                          ; 320                 ; 1    ; ../../artifacts/bias_l2.mif    ; M4K_X23_Y12                                                                                                                                                                                         ; Don't care           ; Don't care      ; Don't care      ;
; touch_ml_scanpipe_top:pipeline|ml_inference_scanpipe:ml_path|altsyncram:hidden_rtl_0|altsyncram_sng1:auto_generated|ALTSYNCRAM    ; AUTO ; Simple Dual Port ; Single Clock ; 32           ; 32           ; 32           ; 32           ; yes                    ; no                      ; yes                    ; no                      ; 1024  ; 32                          ; 32                          ; 32                          ; 32                          ; 1024                ; 1    ; None                           ; M4K_X11_Y10                                                                                                                                                                                         ; Old data             ; Don't care      ; Don't care      ;
; touch_ml_scanpipe_top:pipeline|ml_inference_scanpipe:ml_path|altsyncram:input_mem_rtl_0|altsyncram_mog1:auto_generated|ALTSYNCRAM ; AUTO ; Simple Dual Port ; Single Clock ; 196          ; 4            ; 196          ; 4            ; yes                    ; no                      ; yes                    ; no                      ; 784   ; 196                         ; 4                           ; 196                         ; 4                           ; 784                 ; 1    ; None                           ; M4K_X23_Y3                                                                                                                                                                                          ; Old data             ; Don't care      ; Don't care      ;
; touch_ml_scanpipe_top:pipeline|ml_inference_scanpipe:ml_path|altsyncram:l1_rom|altsyncram_vqt:auto_generated|ALTSYNCRAM           ; AUTO ; ROM              ; Single Clock ; 6272         ; 8            ; --           ; --           ; yes                    ; no                      ; --                     ; --                      ; 50176 ; 6272                        ; 8                           ; --                          ; --                          ; 50176               ; 16   ; ../../artifacts/weights_l1.mif ; M4K_X23_Y6, M4K_X11_Y11, M4K_X11_Y8, M4K_X23_Y11, M4K_X11_Y7, M4K_X11_Y9, M4K_X23_Y7, M4K_X11_Y6, M4K_X23_Y4, M4K_X23_Y5, M4K_X11_Y13, M4K_X23_Y9, M4K_X23_Y10, M4K_X11_Y4, M4K_X11_Y5, M4K_X23_Y13 ; Don't care           ; Don't care      ; Don't care      ;
; touch_ml_scanpipe_top:pipeline|ml_inference_scanpipe:ml_path|altsyncram:l2_rom|altsyncram_pnt:auto_generated|ALTSYNCRAM           ; AUTO ; ROM              ; Single Clock ; 320          ; 8            ; --           ; --           ; yes                    ; no                      ; --                     ; --                      ; 2560  ; 320                         ; 8                           ; --                          ; --                          ; 2560                ; 1    ; ../../artifacts/weights_l2.mif ; M4K_X23_Y8                                                                                                                                                                                          ; Don't care           ; Don't care      ; Don't care      ;
+-----------------------------------------------------------------------------------------------------------------------------------+------+------------------+--------------+--------------+--------------+--------------+--------------+------------------------+-------------------------+------------------------+-------------------------+-------+-----------------------------+-----------------------------+-----------------------------+-----------------------------+---------------------+------+--------------------------------+-----------------------------------------------------------------------------------------------------------------------------------------------------------------------------------------------------+----------------------+-----------------+-----------------+
Note: Fitter may spread logical memories into multiple blocks to improve timing. The actual required RAM blocks can be found in the Fitter Resource Usage section.


+-----------------------------------------------------------------------------------------------+
; Fitter DSP Block Usage Summary                                                                ;
+---------------------------------------+-------------+---------------------+-------------------+
; Statistic                             ; Number Used ; Available per Block ; Maximum Available ;
+---------------------------------------+-------------+---------------------+-------------------+
; Simple Multipliers (9-bit)            ; 1           ; 2                   ; 26                ;
; Simple Multipliers (18-bit)           ; 2           ; 1                   ; 13                ;
; Embedded Multiplier Blocks            ; 3           ; --                  ; 13                ;
; Embedded Multiplier 9-bit elements    ; 5           ; 2                   ; 26                ;
; Signed Embedded Multipliers           ; 2           ; --                  ; --                ;
; Unsigned Embedded Multipliers         ; 0           ; --                  ; --                ;
; Mixed Sign Embedded Multipliers       ; 1           ; --                  ; --                ;
; Variable Sign Embedded Multipliers    ; 0           ; --                  ; --                ;
; Dedicated Input Shift Register Chains ; 0           ; --                  ; --                ;
+---------------------------------------+-------------+---------------------+-------------------+


+-----------------------------------------------------------------------------------------------------------------------------------------------------------------------------------------------------------------------------------------------------------------------------------------------------------------+
; DSP Block Details                                                                                                                                                                                                                                                                                               ;
+------------------------------------------------------------------------------------------------------------------+----------------------------+--------------------+---------------------+--------------------------------+-----------------------+-----------------------+-------------------+-----------------+
; Name                                                                                                             ; Mode                       ; Location           ; Sign Representation ; Has Input Shift Register Chain ; Data A Input Register ; Data B Input Register ; Pipeline Register ; Output Register ;
+------------------------------------------------------------------------------------------------------------------+----------------------------+--------------------+---------------------+--------------------------------+-----------------------+-----------------------+-------------------+-----------------+
; touch_ml_scanpipe_top:pipeline|ml_inference_scanpipe:ml_path|lpm_mult:Mult1|mult_vvs:auto_generated|mac_out4     ; Simple Multiplier (18-bit) ; DSPOUT_X16_Y11_N2  ;                     ; No                             ;                       ;                       ;                   ; no              ;
;    touch_ml_scanpipe_top:pipeline|ml_inference_scanpipe:ml_path|lpm_mult:Mult1|mult_vvs:auto_generated|mac_mult3 ;                            ; DSPMULT_X16_Y11_N0 ; Signed              ;                                ; no                    ; no                    ; no                ;                 ;
; touch_ml_scanpipe_top:pipeline|ml_inference_scanpipe:ml_path|lpm_mult:Mult1|mult_vvs:auto_generated|w254w[0]     ; Simple Multiplier (18-bit) ; DSPOUT_X16_Y12_N2  ;                     ; No                             ;                       ;                       ;                   ; no              ;
;    touch_ml_scanpipe_top:pipeline|ml_inference_scanpipe:ml_path|lpm_mult:Mult1|mult_vvs:auto_generated|mac_mult1 ;                            ; DSPMULT_X16_Y12_N0 ; Variable            ;                                ; no                    ; no                    ; no                ;                 ;
; touch_ml_scanpipe_top:pipeline|ml_inference_scanpipe:ml_path|lpm_mult:Mult0|mult_fus:auto_generated|mac_out2     ; Simple Multiplier (9-bit)  ; DSPOUT_X16_Y13_N2  ;                     ; No                             ;                       ;                       ;                   ; no              ;
;    touch_ml_scanpipe_top:pipeline|ml_inference_scanpipe:ml_path|lpm_mult:Mult0|mult_fus:auto_generated|mac_mult1 ;                            ; DSPMULT_X16_Y13_N0 ; Signed              ;                                ; no                    ; no                    ; no                ;                 ;
+------------------------------------------------------------------------------------------------------------------+----------------------------+--------------------+---------------------+--------------------------------+-----------------------+-----------------------+-------------------+-----------------+


+-------------------------------------------------------+
; Other Routing Usage Summary                           ;
+-----------------------------+-------------------------+
; Other Routing Resource Type ; Usage                   ;
+-----------------------------+-------------------------+
; Block interconnects         ; 3,186 / 15,666 ( 20 % ) ;
; C16 interconnects           ; 10 / 812 ( 1 % )        ;
; C4 interconnects            ; 1,500 / 11,424 ( 13 % ) ;
; Direct links                ; 524 / 15,666 ( 3 % )    ;
; Global clocks               ; 4 / 8 ( 50 % )          ;
; Local interconnects         ; 1,253 / 4,608 ( 27 % )  ;
; R24 interconnects           ; 19 / 652 ( 3 % )        ;
; R4 interconnects            ; 1,816 / 13,328 ( 14 % ) ;
+-----------------------------+-------------------------+


+-----------------------------------------------------------------------------+
; LAB Logic Elements                                                          ;
+---------------------------------------------+-------------------------------+
; Number of Logic Elements  (Average = 13.76) ; Number of LABs  (Total = 169) ;
+---------------------------------------------+-------------------------------+
; 1                                           ; 4                             ;
; 2                                           ; 1                             ;
; 3                                           ; 2                             ;
; 4                                           ; 3                             ;
; 5                                           ; 3                             ;
; 6                                           ; 0                             ;
; 7                                           ; 0                             ;
; 8                                           ; 3                             ;
; 9                                           ; 4                             ;
; 10                                          ; 3                             ;
; 11                                          ; 5                             ;
; 12                                          ; 7                             ;
; 13                                          ; 3                             ;
; 14                                          ; 22                            ;
; 15                                          ; 33                            ;
; 16                                          ; 76                            ;
+---------------------------------------------+-------------------------------+


+--------------------------------------------------------------------+
; LAB-wide Signals                                                   ;
+------------------------------------+-------------------------------+
; LAB-wide Signals  (Average = 1.90) ; Number of LABs  (Total = 169) ;
+------------------------------------+-------------------------------+
; 1 Async. clear                     ; 36                            ;
; 1 Clock                            ; 133                           ;
; 1 Clock enable                     ; 69                            ;
; 1 Sync. clear                      ; 44                            ;
; 1 Sync. load                       ; 5                             ;
; 2 Async. clears                    ; 2                             ;
; 2 Clock enables                    ; 32                            ;
+------------------------------------+-------------------------------+


+------------------------------------------------------------------------------+
; LAB Signals Sourced                                                          ;
+----------------------------------------------+-------------------------------+
; Number of Signals Sourced  (Average = 19.74) ; Number of LABs  (Total = 169) ;
+----------------------------------------------+-------------------------------+
; 0                                            ; 0                             ;
; 1                                            ; 0                             ;
; 2                                            ; 5                             ;
; 3                                            ; 0                             ;
; 4                                            ; 0                             ;
; 5                                            ; 1                             ;
; 6                                            ; 1                             ;
; 7                                            ; 3                             ;
; 8                                            ; 5                             ;
; 9                                            ; 2                             ;
; 10                                           ; 0                             ;
; 11                                           ; 2                             ;
; 12                                           ; 2                             ;
; 13                                           ; 3                             ;
; 14                                           ; 6                             ;
; 15                                           ; 6                             ;
; 16                                           ; 21                            ;
; 17                                           ; 2                             ;
; 18                                           ; 13                            ;
; 19                                           ; 5                             ;
; 20                                           ; 5                             ;
; 21                                           ; 6                             ;
; 22                                           ; 8                             ;
; 23                                           ; 14                            ;
; 24                                           ; 10                            ;
; 25                                           ; 16                            ;
; 26                                           ; 15                            ;
; 27                                           ; 3                             ;
; 28                                           ; 8                             ;
; 29                                           ; 0                             ;
; 30                                           ; 2                             ;
; 31                                           ; 1                             ;
; 32                                           ; 4                             ;
+----------------------------------------------+-------------------------------+


+---------------------------------------------------------------------------------+
; LAB Signals Sourced Out                                                         ;
+-------------------------------------------------+-------------------------------+
; Number of Signals Sourced Out  (Average = 8.53) ; Number of LABs  (Total = 169) ;
+-------------------------------------------------+-------------------------------+
; 0                                               ; 0                             ;
; 1                                               ; 9                             ;
; 2                                               ; 11                            ;
; 3                                               ; 16                            ;
; 4                                               ; 10                            ;
; 5                                               ; 11                            ;
; 6                                               ; 7                             ;
; 7                                               ; 5                             ;
; 8                                               ; 13                            ;
; 9                                               ; 15                            ;
; 10                                              ; 8                             ;
; 11                                              ; 9                             ;
; 12                                              ; 17                            ;
; 13                                              ; 9                             ;
; 14                                              ; 4                             ;
; 15                                              ; 6                             ;
; 16                                              ; 18                            ;
; 17                                              ; 0                             ;
; 18                                              ; 1                             ;
+-------------------------------------------------+-------------------------------+


+------------------------------------------------------------------------------+
; LAB Distinct Inputs                                                          ;
+----------------------------------------------+-------------------------------+
; Number of Distinct Inputs  (Average = 15.95) ; Number of LABs  (Total = 169) ;
+----------------------------------------------+-------------------------------+
; 0                                            ; 0                             ;
; 1                                            ; 0                             ;
; 2                                            ; 1                             ;
; 3                                            ; 5                             ;
; 4                                            ; 3                             ;
; 5                                            ; 5                             ;
; 6                                            ; 4                             ;
; 7                                            ; 5                             ;
; 8                                            ; 3                             ;
; 9                                            ; 5                             ;
; 10                                           ; 8                             ;
; 11                                           ; 5                             ;
; 12                                           ; 6                             ;
; 13                                           ; 9                             ;
; 14                                           ; 8                             ;
; 15                                           ; 8                             ;
; 16                                           ; 12                            ;
; 17                                           ; 10                            ;
; 18                                           ; 16                            ;
; 19                                           ; 8                             ;
; 20                                           ; 13                            ;
; 21                                           ; 5                             ;
; 22                                           ; 4                             ;
; 23                                           ; 4                             ;
; 24                                           ; 4                             ;
; 25                                           ; 2                             ;
; 26                                           ; 2                             ;
; 27                                           ; 1                             ;
; 28                                           ; 3                             ;
; 29                                           ; 5                             ;
; 30                                           ; 2                             ;
; 31                                           ; 1                             ;
; 32                                           ; 0                             ;
; 33                                           ; 2                             ;
+----------------------------------------------+-------------------------------+


+-------------------------------------------------------------------------+
; Fitter Device Options                                                   ;
+----------------------------------------------+--------------------------+
; Option                                       ; Setting                  ;
+----------------------------------------------+--------------------------+
; Enable user-supplied start-up clock (CLKUSR) ; Off                      ;
; Enable device-wide reset (DEV_CLRn)          ; Off                      ;
; Enable device-wide output enable (DEV_OE)    ; Off                      ;
; Enable INIT_DONE output                      ; Off                      ;
; Configuration scheme                         ; Active Serial            ;
; Error detection CRC                          ; Off                      ;
; nCEO                                         ; As output driving ground ;
; ASDO,nCSO                                    ; As input tri-stated      ;
; Reserve all unused pins                      ; As input tri-stated      ;
; Base pin-out file on sameframe device        ; Off                      ;
+----------------------------------------------+--------------------------+


+------------------------------------+
; Operating Settings and Conditions  ;
+---------------------------+--------+
; Setting                   ; Value  ;
+---------------------------+--------+
; Nominal Core Voltage      ; 1.20 V ;
; Low Junction Temperature  ; 0 °C   ;
; High Junction Temperature ; 85 °C  ;
+---------------------------+--------+


+-----------------+
; Fitter Messages ;
+-----------------+
Info (20032): Parallel compilation is enabled and will use up to 2 processors
Info (119006): Selected device EP2C5T144C8 for design "cyclone2_lcd_ml_hw"
Info (171003): Fitter is performing an Auto Fit compilation, which may decrease Fitter effort to reduce compilation time
Warning (292013): Feature LogicLock is only available with a valid subscription license. You can purchase a software subscription to gain full access to this feature.
Info (176444): Device migration not selected. If you intend to use device migration later, you may need to change the pin assignments as they may be incompatible with other devices
    Info (176445): Device EP2C5T144I8 is compatible
    Info (176445): Device EP2C8T144C8 is compatible
    Info (176445): Device EP2C8T144I8 is compatible
Info (169124): Fitter converted 3 user pins into dedicated programming pins
    Info (169125): Pin ~ASDO~ is reserved at location 1
    Info (169125): Pin ~nCSO~ is reserved at location 2
    Info (169125): Pin ~LVDS41p/nCEO~ is reserved at location 76
Info (176045): Design uses memory blocks. Violating setup or hold times of memory block address registers for either read or write operations could cause memory contents to be corrupted. Make sure that all memory block address registers meet the setup and hold time requirements.
Info (332104): Reading SDC File: 'cyclone2_lcd_ml_hw.sdc'
Info (332129): Detected timing requirements -- optimizing circuit to achieve only the specified requirements
Info (332111): Found 2 clocks
    Info (332111):   Period   Clock Name
    Info (332111): ======== ============
    Info (332111):   20.000        clk50
    Info (332111):  200.000     proc_clk
Info (176353): Automatically promoted node clk50 (placed in PIN 17 (CLK0, LVDSCLK0p, Input))
    Info (176355): Automatically promoted destinations to use location or clock signal Global Clock CLKCTRL_G2
Info (176353): Automatically promoted node proc_clk 
    Info (176355): Automatically promoted destinations to use location or clock signal Global Clock
    Info (176356): Following destination nodes may be non-global or may not use global or regional clocks
        Info (176357): Destination node proc_clk~0
Info (176353): Automatically promoted node reset_n (placed in PIN 88 (CLK7, LVDSCLK3n, Input))
    Info (176355): Automatically promoted destinations to use location or clock signal Global Clock CLKCTRL_G7
    Info (176356): Following destination nodes may be non-global or may not use global or regional clocks
        Info (176357): Destination node touch_ml_scanpipe_top:pipeline|touch_capture_top:touch_path|touch_frame_adapter:frame|input_pixel_index[0]~0
        Info (176357): Destination node touch_ml_scanpipe_top:pipeline|touch_capture_top:touch_path|xpt2046_calibrator:calibrator|point_valid~0
        Info (176357): Destination node touch_ml_scanpipe_top:pipeline|touch_capture_top:touch_path|touch_frame_adapter:frame|input_pixel_index~1
        Info (176357): Destination node touch_ml_scanpipe_top:pipeline|touch_capture_top:touch_path|touch_frame_adapter:frame|input_pixel_index[0]~2
        Info (176357): Destination node touch_ml_scanpipe_top:pipeline|touch_capture_top:touch_path|touch_frame_adapter:frame|input_pixel_index~3
        Info (176357): Destination node touch_ml_scanpipe_top:pipeline|touch_capture_top:touch_path|touch_frame_adapter:frame|input_pixel_index~4
        Info (176357): Destination node touch_ml_scanpipe_top:pipeline|touch_capture_top:touch_path|touch_frame_adapter:frame|input_pixel_index~5
        Info (176357): Destination node touch_ml_scanpipe_top:pipeline|touch_capture_top:touch_path|touch_frame_adapter:frame|input_pixel_index~6
        Info (176357): Destination node touch_ml_scanpipe_top:pipeline|touch_capture_top:touch_path|touch_frame_adapter:frame|input_pixel_index~7
        Info (176357): Destination node touch_ml_scanpipe_top:pipeline|touch_capture_top:touch_path|touch_frame_adapter:frame|input_pixel_index~8
        Info (176358): Non-global destination nodes limited to 10 nodes
Info (176353): Automatically promoted node touch_ml_scanpipe_top:pipeline|touch_capture_top:touch_path|touch_frame_adapter:frame|input_pixel_index[0]~0 
    Info (176355): Automatically promoted destinations to use location or clock signal Global Clock
    Info (176356): Following destination nodes may be non-global or may not use global or regional clocks
        Info (176357): Destination node touch_ml_scanpipe_top:pipeline|touch_capture_top:touch_path|touch_frame_adapter:frame|input_frame_valid
        Info (176357): Destination node touch_ml_scanpipe_top:pipeline|ml_inference_scanpipe:ml_path|result_valid
        Info (176357): Destination node touch_ml_scanpipe_top:pipeline|ml_inference_scanpipe:ml_path|result_digit[0]
        Info (176357): Destination node touch_ml_scanpipe_top:pipeline|ml_inference_scanpipe:ml_path|result_digit[1]
        Info (176357): Destination node touch_ml_scanpipe_top:pipeline|ml_inference_scanpipe:ml_path|result_digit[2]
        Info (176357): Destination node touch_ml_scanpipe_top:pipeline|ml_inference_scanpipe:ml_path|result_digit[3]
        Info (176357): Destination node touch_ml_scanpipe_top:pipeline|ml_inference_scanpipe:ml_path|state.SCAN_STEP
        Info (176357): Destination node touch_ml_scanpipe_top:pipeline|ml_inference_scanpipe:ml_path|state.LOAD
        Info (176357): Destination node touch_ml_scanpipe_top:pipeline|touch_capture_top:touch_path|touch_frame_adapter:frame|input_frame_last
        Info (176357): Destination node touch_ml_scanpipe_top:pipeline|touch_capture_top:touch_path|xpt2046_calibrator:calibrator|point_y[5]
        Info (176358): Non-global destination nodes limited to 10 nodes
Info (176233): Starting register packing
Info (176235): Finished register packing
    Extra Info (176219): No registers were packed into other blocks
Info (171121): Fitter preparation operations ending: elapsed time is 00:00:01
Info (170189): Fitter placement preparation operations beginning
Info (170190): Fitter placement preparation operations ending: elapsed time is 00:00:01
Info (170191): Fitter placement operations beginning
Info (170137): Fitter placement was successful
Info (170192): Fitter placement operations ending: elapsed time is 00:00:01
Info (170193): Fitter routing operations beginning
Info (170195): Router estimated average interconnect usage is 12% of the available device resources
    Info (170196): Router estimated peak interconnect usage is 15% of the available device resources in the region that extends from location X14_Y0 to location X28_Y14
Info (170194): Fitter routing operations ending: elapsed time is 00:00:02
Info (170199): The Fitter performed an Auto Fit compilation.  Optimizations were skipped to reduce compilation time.
    Info (170201): Optimizations that may affect the design's routability were skipped
    Info (170200): Optimizations that may affect the design's timing were skipped
Info (11888): Total time spent on timing analysis during the Fitter is 1.47 seconds.
Info (306004): Started post-fitting delay annotation
Warning (306006): Found 29 output pins without output pin load capacitance assignment
    Info (306007): Pin "lcd_data[0]" has no specified output pin load capacitance -- assuming default load capacitance of 0 pF for timing analysis
    Info (306007): Pin "lcd_data[1]" has no specified output pin load capacitance -- assuming default load capacitance of 0 pF for timing analysis
    Info (306007): Pin "lcd_data[2]" has no specified output pin load capacitance -- assuming default load capacitance of 0 pF for timing analysis
    Info (306007): Pin "lcd_data[3]" has no specified output pin load capacitance -- assuming default load capacitance of 0 pF for timing analysis
    Info (306007): Pin "lcd_data[4]" has no specified output pin load capacitance -- assuming default load capacitance of 0 pF for timing analysis
    Info (306007): Pin "lcd_data[5]" has no specified output pin load capacitance -- assuming default load capacitance of 0 pF for timing analysis
    Info (306007): Pin "lcd_data[6]" has no specified output pin load capacitance -- assuming default load capacitance of 0 pF for timing analysis
    Info (306007): Pin "lcd_data[7]" has no specified output pin load capacitance -- assuming default load capacitance of 0 pF for timing analysis
    Info (306007): Pin "lcd_data[8]" has no specified output pin load capacitance -- assuming default load capacitance of 0 pF for timing analysis
    Info (306007): Pin "lcd_data[9]" has no specified output pin load capacitance -- assuming default load capacitance of 0 pF for timing analysis
    Info (306007): Pin "lcd_data[10]" has no specified output pin load capacitance -- assuming default load capacitance of 0 pF for timing analysis
    Info (306007): Pin "lcd_data[11]" has no specified output pin load capacitance -- assuming default load capacitance of 0 pF for timing analysis
    Info (306007): Pin "lcd_data[12]" has no specified output pin load capacitance -- assuming default load capacitance of 0 pF for timing analysis
    Info (306007): Pin "lcd_data[13]" has no specified output pin load capacitance -- assuming default load capacitance of 0 pF for timing analysis
    Info (306007): Pin "lcd_data[14]" has no specified output pin load capacitance -- assuming default load capacitance of 0 pF for timing analysis
    Info (306007): Pin "lcd_data[15]" has no specified output pin load capacitance -- assuming default load capacitance of 0 pF for timing analysis
    Info (306007): Pin "touch_cs_n" has no specified output pin load capacitance -- assuming default load capacitance of 0 pF for timing analysis
    Info (306007): Pin "touch_sclk" has no specified output pin load capacitance -- assuming default load capacitance of 0 pF for timing analysis
    Info (306007): Pin "touch_mosi" has no specified output pin load capacitance -- assuming default load capacitance of 0 pF for timing analysis
    Info (306007): Pin "lcd_cs_n" has no specified output pin load capacitance -- assuming default load capacitance of 0 pF for timing analysis
    Info (306007): Pin "lcd_rs" has no specified output pin load capacitance -- assuming default load capacitance of 0 pF for timing analysis
    Info (306007): Pin "lcd_wr_n" has no specified output pin load capacitance -- assuming default load capacitance of 0 pF for timing analysis
    Info (306007): Pin "lcd_rd_n" has no specified output pin load capacitance -- assuming default load capacitance of 0 pF for timing analysis
    Info (306007): Pin "lcd_rst_n" has no specified output pin load capacitance -- assuming default load capacitance of 0 pF for timing analysis
    Info (306007): Pin "led[0]" has no specified output pin load capacitance -- assuming default load capacitance of 0 pF for timing analysis
    Info (306007): Pin "led[1]" has no specified output pin load capacitance -- assuming default load capacitance of 0 pF for timing analysis
    Info (306007): Pin "led[2]" has no specified output pin load capacitance -- assuming default load capacitance of 0 pF for timing analysis
    Info (306007): Pin "led[3]" has no specified output pin load capacitance -- assuming default load capacitance of 0 pF for timing analysis
    Info (306007): Pin "buzzer_n" has no specified output pin load capacitance -- assuming default load capacitance of 0 pF for timing analysis
Info (306005): Delay annotation completed successfully
Info (306004): Started post-fitting delay annotation
Info (306005): Delay annotation completed successfully
Info (11218): Fitter post-fit operations ending: elapsed time is 00:00:01
Info (176045): Design uses memory blocks. Violating setup or hold times of memory block address registers for either read or write operations could cause memory contents to be corrupted. Make sure that all memory block address registers meet the setup and hold time requirements.
Info (144001): Generated suppressed messages file D:/fpga/cyclone2-lcd-ml-direct/rtl/output_files_hw/cyclone2_lcd_ml_hw.fit.smsg
Info: Quartus II 64-Bit Fitter was successful. 0 errors, 2 warnings
    Info: Peak virtual memory: 4943 megabytes
    Info: Processing ended: Tue Oct 06 09:26:08 2026
    Info: Elapsed time: 00:00:09
    Info: Total CPU time (on all processors): 00:00:10


+----------------------------+
; Fitter Suppressed Messages ;
+----------------------------+
The suppressed messages can be found in D:/fpga/cyclone2-lcd-ml-direct/rtl/output_files_hw/cyclone2_lcd_ml_hw.fit.smsg.


