TimeQuest Timing Analyzer report for cyclone2_lcd_ml_hw
Tue Oct 06 09:37:54 2026
Quartus II 64-Bit Version 13.0.1 Build 232 06/12/2013 Service Pack 1 SJ Web Edition


---------------------
; Table of Contents ;
---------------------
  1. Legal Notice
  2. TimeQuest Timing Analyzer Summary
  3. Parallel Compilation
  4. SDC File List
  5. Clocks
  6. Slow Model Fmax Summary
  7. Slow Model Setup Summary
  8. Slow Model Hold Summary
  9. Slow Model Recovery Summary
 10. Slow Model Removal Summary
 11. Slow Model Minimum Pulse Width Summary
 12. Slow Model Setup: 'clk50'
 13. Slow Model Setup: 'proc_clk'
 14. Slow Model Hold: 'clk50'
 15. Slow Model Hold: 'proc_clk'
 16. Slow Model Recovery: 'proc_clk'
 17. Slow Model Removal: 'proc_clk'
 18. Slow Model Minimum Pulse Width: 'clk50'
 19. Slow Model Minimum Pulse Width: 'proc_clk'
 20. Setup Times
 21. Hold Times
 22. Clock to Output Times
 23. Minimum Clock to Output Times
 24. Output Enable Times
 25. Minimum Output Enable Times
 26. Output Disable Times
 27. Minimum Output Disable Times
 28. Fast Model Setup Summary
 29. Fast Model Hold Summary
 30. Fast Model Recovery Summary
 31. Fast Model Removal Summary
 32. Fast Model Minimum Pulse Width Summary
 33. Fast Model Setup: 'clk50'
 34. Fast Model Setup: 'proc_clk'
 35. Fast Model Hold: 'clk50'
 36. Fast Model Hold: 'proc_clk'
 37. Fast Model Recovery: 'proc_clk'
 38. Fast Model Removal: 'proc_clk'
 39. Fast Model Minimum Pulse Width: 'clk50'
 40. Fast Model Minimum Pulse Width: 'proc_clk'
 41. Setup Times
 42. Hold Times
 43. Clock to Output Times
 44. Minimum Clock to Output Times
 45. Output Enable Times
 46. Minimum Output Enable Times
 47. Output Disable Times
 48. Minimum Output Disable Times
 49. Multicorner Timing Analysis Summary
 50. Setup Times
 51. Hold Times
 52. Clock to Output Times
 53. Minimum Clock to Output Times
 54. Setup Transfers
 55. Hold Transfers
 56. Recovery Transfers
 57. Removal Transfers
 58. Report TCCS
 59. Report RSKM
 60. Unconstrained Paths
 61. TimeQuest Timing Analyzer Messages



----------------
; Legal Notice ;
----------------
Copyright (C) 1991-2013 Altera Corporation
Your use of Altera Corporation's design tools, logic functions 
and other software and tools, and its AMPP partner logic 
functions, and any output files from any of the foregoing 
(including device programming or simulation files), and any 
associated documentation or information are expressly subject 
to the terms and conditions of the Altera Program License 
Subscription Agreement, Altera MegaCore Function License 
Agreement, or other applicable license agreement, including, 
without limitation, that your use is for the sole purpose of 
programming logic devices manufactured by Altera and sold by 
Altera or its authorized distributors.  Please refer to the 
applicable agreement for further details.



+----------------------------------------------------------------------------------------+
; TimeQuest Timing Analyzer Summary                                                      ;
+--------------------+-------------------------------------------------------------------+
; Quartus II Version ; Version 13.0.1 Build 232 06/12/2013 Service Pack 1 SJ Web Edition ;
; Revision Name      ; cyclone2_lcd_ml_hw                                                ;
; Device Family      ; Cyclone II                                                        ;
; Device Name        ; EP2C5T144C8                                                       ;
; Timing Models      ; Final                                                             ;
; Delay Model        ; Combined                                                          ;
; Rise/Fall Delays   ; Unavailable                                                       ;
+--------------------+-------------------------------------------------------------------+


+------------------------------------------+
; Parallel Compilation                     ;
+----------------------------+-------------+
; Processors                 ; Number      ;
+----------------------------+-------------+
; Number detected on machine ; 6           ;
; Maximum allowed            ; 2           ;
;                            ;             ;
; Average used               ; 1.00        ;
; Maximum used               ; 1           ;
;                            ;             ;
; Usage by Processor         ; % Time Used ;
;     Processor 1            ; 100.0%      ;
;     Processors 2-6         ;   0.0%      ;
+----------------------------+-------------+


+------------------------------------------------------------+
; SDC File List                                              ;
+------------------------+--------+--------------------------+
; SDC File Path          ; Status ; Read at                  ;
+------------------------+--------+--------------------------+
; cyclone2_lcd_ml_hw.sdc ; OK     ; Tue Oct 06 09:37:53 2026 ;
+------------------------+--------+--------------------------+


+----------------------------------------------------------------------------------------------------------------------------------------------------------------------------------------------------+
; Clocks                                                                                                                                                                                             ;
+------------+-----------+---------+-----------+-------+---------+------------+-----------+-------------+-------+--------+-----------+------------+----------+--------+--------+---------------------+
; Clock Name ; Type      ; Period  ; Frequency ; Rise  ; Fall    ; Duty Cycle ; Divide by ; Multiply by ; Phase ; Offset ; Edge List ; Edge Shift ; Inverted ; Master ; Source ; Targets             ;
+------------+-----------+---------+-----------+-------+---------+------------+-----------+-------------+-------+--------+-----------+------------+----------+--------+--------+---------------------+
; clk50      ; Base      ; 20.000  ; 50.0 MHz  ; 0.000 ; 10.000  ;            ;           ;             ;       ;        ;           ;            ;          ;        ;        ; { clk50 }           ;
; proc_clk   ; Generated ; 200.000 ; 5.0 MHz   ; 0.000 ; 100.000 ;            ; 10        ; 1           ;       ;        ;           ;            ; false    ; clk50  ; clk50  ; { proc_clk|regout } ;
+------------+-----------+---------+-----------+-------+---------+------------+-----------+-------------+-------+--------+-----------+------------+----------+--------+--------+---------------------+


+-----------------------------------------------------------------------------------------------------------+
; Slow Model Fmax Summary                                                                                   ;
+------------+-----------------+------------+---------------------------------------------------------------+
; Fmax       ; Restricted Fmax ; Clock Name ; Note                                                          ;
+------------+-----------------+------------+---------------------------------------------------------------+
; 34.88 MHz  ; 34.88 MHz       ; proc_clk   ;                                                               ;
; 660.94 MHz ; 340.02 MHz      ; clk50      ; limit due to minimum period restriction (max I/O toggle rate) ;
+------------+-----------------+------------+---------------------------------------------------------------+
This panel reports FMAX for every clock in the design, regardless of the user-specified clock periods.  FMAX is only computed for paths where the source and destination registers or ports are driven by the same clock.  Paths of different clocks, including generated clocks, are ignored.  For paths between a clock and its inversion, FMAX is computed as if the rising and falling edges are scaled along with FMAX, such that the duty cycle (in terms of a percentage) is maintained. Altera recommends that you always use clock constraints and other slack reports for sign-off analysis.


+------------------------------------+
; Slow Model Setup Summary           ;
+----------+---------+---------------+
; Clock    ; Slack   ; End Point TNS ;
+----------+---------+---------------+
; clk50    ; 18.487  ; 0.000         ;
; proc_clk ; 171.328 ; 0.000         ;
+----------+---------+---------------+


+----------------------------------+
; Slow Model Hold Summary          ;
+----------+-------+---------------+
; Clock    ; Slack ; End Point TNS ;
+----------+-------+---------------+
; clk50    ; 0.499 ; 0.000         ;
; proc_clk ; 0.499 ; 0.000         ;
+----------+-------+---------------+


+------------------------------------+
; Slow Model Recovery Summary        ;
+----------+---------+---------------+
; Clock    ; Slack   ; End Point TNS ;
+----------+---------+---------------+
; proc_clk ; 193.739 ; 0.000         ;
+----------+---------+---------------+


+----------------------------------+
; Slow Model Removal Summary       ;
+----------+-------+---------------+
; Clock    ; Slack ; End Point TNS ;
+----------+-------+---------------+
; proc_clk ; 5.557 ; 0.000         ;
+----------+-------+---------------+


+----------------------------------------+
; Slow Model Minimum Pulse Width Summary ;
+----------+--------+--------------------+
; Clock    ; Slack  ; End Point TNS      ;
+----------+--------+--------------------+
; clk50    ; 8.758  ; 0.000              ;
; proc_clk ; 96.933 ; 0.000              ;
+----------+--------+--------------------+


+---------------------------------------------------------------------------------------------------------------+
; Slow Model Setup: 'clk50'                                                                                     ;
+--------+-----------------+--------------+--------------+-------------+--------------+------------+------------+
; Slack  ; From Node       ; To Node      ; Launch Clock ; Latch Clock ; Relationship ; Clock Skew ; Data Delay ;
+--------+-----------------+--------------+--------------+-------------+--------------+------------+------------+
; 18.487 ; div_count[0]    ; div_count[2] ; clk50        ; clk50       ; 20.000       ; 0.000      ; 1.553      ;
; 18.488 ; div_count[0]    ; proc_clk     ; clk50        ; clk50       ; 20.000       ; 0.000      ; 1.552      ;
; 18.565 ; div_count[2]    ; proc_clk     ; clk50        ; clk50       ; 20.000       ; 0.000      ; 1.475      ;
; 18.610 ; div_count[2]    ; div_count[0] ; clk50        ; clk50       ; 20.000       ; 0.000      ; 1.430      ;
; 18.964 ; div_count[1]    ; div_count[2] ; clk50        ; clk50       ; 20.000       ; 0.000      ; 1.076      ;
; 18.965 ; div_count[1]    ; proc_clk     ; clk50        ; clk50       ; 20.000       ; 0.000      ; 1.075      ;
; 18.965 ; div_count[1]    ; div_count[0] ; clk50        ; clk50       ; 20.000       ; 0.000      ; 1.075      ;
; 18.966 ; div_count[0]    ; div_count[1] ; clk50        ; clk50       ; 20.000       ; 0.000      ; 1.074      ;
; 19.235 ; div_count[2]    ; div_count[2] ; clk50        ; clk50       ; 20.000       ; 0.000      ; 0.805      ;
; 19.235 ; div_count[0]    ; div_count[0] ; clk50        ; clk50       ; 20.000       ; 0.000      ; 0.805      ;
; 19.235 ; div_count[1]    ; div_count[1] ; clk50        ; clk50       ; 20.000       ; 0.000      ; 0.805      ;
; 19.235 ; proc_clk|regout ; proc_clk     ; proc_clk     ; clk50       ; 20.000       ; -0.304     ; 0.501      ;
; 19.235 ; proc_clk|regout ; proc_clk     ; proc_clk     ; clk50       ; 20.000       ; -0.304     ; 0.501      ;
+--------+-----------------+--------------+--------------+-------------+--------------+------------+------------+


+------------------------------------------------------------------------------------------------------------------------------------------------------------------------------------------------------------------------------------------------------------------------------------------------------------------+
; Slow Model Setup: 'proc_clk'                                                                                                                                                                                                                                                                                     ;
+---------+-----------------------------------------------------------------------------------------------------------------------------------------------------+----------------------------------------------------------------------------+--------------+-------------+--------------+------------+------------+
; Slack   ; From Node                                                                                                                                           ; To Node                                                                    ; Launch Clock ; Latch Clock ; Relationship ; Clock Skew ; Data Delay ;
+---------+-----------------------------------------------------------------------------------------------------------------------------------------------------+----------------------------------------------------------------------------+--------------+-------------+--------------+------------+------------+
; 171.328 ; touch_ml_scanpipe_top:pipeline|ml_inference_scanpipe:ml_path|neuron[2]                                                                              ; touch_ml_scanpipe_top:pipeline|ml_inference_scanpipe:ml_path|scores[1][32] ; proc_clk     ; proc_clk    ; 200.000      ; -0.012     ; 28.700     ;
; 171.516 ; touch_ml_scanpipe_top:pipeline|ml_inference_scanpipe:ml_path|neuron[2]                                                                              ; touch_ml_scanpipe_top:pipeline|ml_inference_scanpipe:ml_path|scores[9][32] ; proc_clk     ; proc_clk    ; 200.000      ; -0.014     ; 28.510     ;
; 171.642 ; touch_ml_scanpipe_top:pipeline|ml_inference_scanpipe:ml_path|neuron[2]                                                                              ; touch_ml_scanpipe_top:pipeline|ml_inference_scanpipe:ml_path|scores[5][31] ; proc_clk     ; proc_clk    ; 200.000      ; -0.019     ; 28.379     ;
; 171.642 ; touch_ml_scanpipe_top:pipeline|ml_inference_scanpipe:ml_path|neuron[2]                                                                              ; touch_ml_scanpipe_top:pipeline|ml_inference_scanpipe:ml_path|scores[7][31] ; proc_clk     ; proc_clk    ; 200.000      ; -0.019     ; 28.379     ;
; 171.787 ; touch_ml_scanpipe_top:pipeline|ml_inference_scanpipe:ml_path|neuron[2]                                                                              ; touch_ml_scanpipe_top:pipeline|ml_inference_scanpipe:ml_path|scores[6][30] ; proc_clk     ; proc_clk    ; 200.000      ; -0.003     ; 28.250     ;
; 171.790 ; touch_ml_scanpipe_top:pipeline|ml_inference_scanpipe:ml_path|neuron[2]                                                                              ; touch_ml_scanpipe_top:pipeline|ml_inference_scanpipe:ml_path|scores[4][30] ; proc_clk     ; proc_clk    ; 200.000      ; -0.003     ; 28.247     ;
; 171.790 ; touch_ml_scanpipe_top:pipeline|ml_inference_scanpipe:ml_path|scan_index[1]                                                                          ; touch_ml_scanpipe_top:pipeline|ml_inference_scanpipe:ml_path|scan_best[18] ; proc_clk     ; proc_clk    ; 200.000      ; -0.019     ; 28.231     ;
; 171.790 ; touch_ml_scanpipe_top:pipeline|ml_inference_scanpipe:ml_path|scan_index[1]                                                                          ; touch_ml_scanpipe_top:pipeline|ml_inference_scanpipe:ml_path|scan_best[21] ; proc_clk     ; proc_clk    ; 200.000      ; -0.019     ; 28.231     ;
; 171.790 ; touch_ml_scanpipe_top:pipeline|ml_inference_scanpipe:ml_path|scan_index[1]                                                                          ; touch_ml_scanpipe_top:pipeline|ml_inference_scanpipe:ml_path|scan_best[20] ; proc_clk     ; proc_clk    ; 200.000      ; -0.019     ; 28.231     ;
; 171.790 ; touch_ml_scanpipe_top:pipeline|ml_inference_scanpipe:ml_path|scan_index[1]                                                                          ; touch_ml_scanpipe_top:pipeline|ml_inference_scanpipe:ml_path|scan_best[19] ; proc_clk     ; proc_clk    ; 200.000      ; -0.019     ; 28.231     ;
; 171.790 ; touch_ml_scanpipe_top:pipeline|ml_inference_scanpipe:ml_path|scan_index[1]                                                                          ; touch_ml_scanpipe_top:pipeline|ml_inference_scanpipe:ml_path|scan_best[8]  ; proc_clk     ; proc_clk    ; 200.000      ; -0.019     ; 28.231     ;
; 171.793 ; touch_ml_scanpipe_top:pipeline|ml_inference_scanpipe:ml_path|neuron[2]                                                                              ; touch_ml_scanpipe_top:pipeline|ml_inference_scanpipe:ml_path|scores[5][30] ; proc_clk     ; proc_clk    ; 200.000      ; -0.004     ; 28.243     ;
; 171.795 ; touch_ml_scanpipe_top:pipeline|ml_inference_scanpipe:ml_path|neuron[2]                                                                              ; touch_ml_scanpipe_top:pipeline|ml_inference_scanpipe:ml_path|scores[7][30] ; proc_clk     ; proc_clk    ; 200.000      ; -0.004     ; 28.241     ;
; 171.826 ; touch_ml_scanpipe_top:pipeline|ml_inference_scanpipe:ml_path|neuron[2]                                                                              ; touch_ml_scanpipe_top:pipeline|ml_inference_scanpipe:ml_path|scores[6][27] ; proc_clk     ; proc_clk    ; 200.000      ; -0.003     ; 28.211     ;
; 171.827 ; touch_ml_scanpipe_top:pipeline|ml_inference_scanpipe:ml_path|neuron[2]                                                                              ; touch_ml_scanpipe_top:pipeline|ml_inference_scanpipe:ml_path|scores[4][27] ; proc_clk     ; proc_clk    ; 200.000      ; -0.003     ; 28.210     ;
; 171.833 ; touch_ml_scanpipe_top:pipeline|ml_inference_scanpipe:ml_path|neuron[2]                                                                              ; touch_ml_scanpipe_top:pipeline|ml_inference_scanpipe:ml_path|acc[37]       ; proc_clk     ; proc_clk    ; 200.000      ; 0.001      ; 28.208     ;
; 171.909 ; touch_ml_scanpipe_top:pipeline|ml_inference_scanpipe:ml_path|neuron[2]                                                                              ; touch_ml_scanpipe_top:pipeline|ml_inference_scanpipe:ml_path|scores[0][32] ; proc_clk     ; proc_clk    ; 200.000      ; -0.012     ; 28.119     ;
; 172.035 ; touch_ml_scanpipe_top:pipeline|ml_inference_scanpipe:ml_path|neuron[2]                                                                              ; touch_ml_scanpipe_top:pipeline|ml_inference_scanpipe:ml_path|scores[0][31] ; proc_clk     ; proc_clk    ; 200.000      ; -0.012     ; 27.993     ;
; 172.041 ; touch_ml_scanpipe_top:pipeline|ml_inference_scanpipe:ml_path|neuron[2]                                                                              ; touch_ml_scanpipe_top:pipeline|ml_inference_scanpipe:ml_path|scores[1][31] ; proc_clk     ; proc_clk    ; 200.000      ; -0.012     ; 27.987     ;
; 172.043 ; touch_ml_scanpipe_top:pipeline|ml_inference_scanpipe:ml_path|neuron[2]                                                                              ; touch_ml_scanpipe_top:pipeline|ml_inference_scanpipe:ml_path|scores[9][30] ; proc_clk     ; proc_clk    ; 200.000      ; -0.014     ; 27.983     ;
; 172.066 ; touch_ml_scanpipe_top:pipeline|ml_inference_scanpipe:ml_path|neuron[2]                                                                              ; touch_ml_scanpipe_top:pipeline|ml_inference_scanpipe:ml_path|scores[3][31] ; proc_clk     ; proc_clk    ; 200.000      ; -0.011     ; 27.963     ;
; 172.066 ; touch_ml_scanpipe_top:pipeline|ml_inference_scanpipe:ml_path|neuron[2]                                                                              ; touch_ml_scanpipe_top:pipeline|ml_inference_scanpipe:ml_path|scores[8][31] ; proc_clk     ; proc_clk    ; 200.000      ; -0.011     ; 27.963     ;
; 172.128 ; touch_ml_scanpipe_top:pipeline|ml_inference_scanpipe:ml_path|neuron[2]                                                                              ; touch_ml_scanpipe_top:pipeline|ml_inference_scanpipe:ml_path|scores[8][30] ; proc_clk     ; proc_clk    ; 200.000      ; 0.000      ; 27.912     ;
; 172.128 ; touch_ml_scanpipe_top:pipeline|ml_inference_scanpipe:ml_path|neuron[2]                                                                              ; touch_ml_scanpipe_top:pipeline|ml_inference_scanpipe:ml_path|scores[2][30] ; proc_clk     ; proc_clk    ; 200.000      ; 0.000      ; 27.912     ;
; 172.167 ; touch_ml_scanpipe_top:pipeline|ml_inference_scanpipe:ml_path|scan_index[1]                                                                          ; touch_ml_scanpipe_top:pipeline|ml_inference_scanpipe:ml_path|scan_best[25] ; proc_clk     ; proc_clk    ; 200.000      ; -0.032     ; 27.841     ;
; 172.167 ; touch_ml_scanpipe_top:pipeline|ml_inference_scanpipe:ml_path|scan_index[1]                                                                          ; touch_ml_scanpipe_top:pipeline|ml_inference_scanpipe:ml_path|scan_best[28] ; proc_clk     ; proc_clk    ; 200.000      ; -0.032     ; 27.841     ;
; 172.167 ; touch_ml_scanpipe_top:pipeline|ml_inference_scanpipe:ml_path|scan_index[1]                                                                          ; touch_ml_scanpipe_top:pipeline|ml_inference_scanpipe:ml_path|scan_best[27] ; proc_clk     ; proc_clk    ; 200.000      ; -0.032     ; 27.841     ;
; 172.185 ; touch_ml_scanpipe_top:pipeline|ml_inference_scanpipe:ml_path|scan_index[1]                                                                          ; touch_ml_scanpipe_top:pipeline|ml_inference_scanpipe:ml_path|scan_best[30] ; proc_clk     ; proc_clk    ; 200.000      ; -0.027     ; 27.828     ;
; 172.185 ; touch_ml_scanpipe_top:pipeline|ml_inference_scanpipe:ml_path|scan_index[1]                                                                          ; touch_ml_scanpipe_top:pipeline|ml_inference_scanpipe:ml_path|scan_best[31] ; proc_clk     ; proc_clk    ; 200.000      ; -0.027     ; 27.828     ;
; 172.185 ; touch_ml_scanpipe_top:pipeline|ml_inference_scanpipe:ml_path|scan_index[1]                                                                          ; touch_ml_scanpipe_top:pipeline|ml_inference_scanpipe:ml_path|scan_best[32] ; proc_clk     ; proc_clk    ; 200.000      ; -0.027     ; 27.828     ;
; 172.185 ; touch_ml_scanpipe_top:pipeline|ml_inference_scanpipe:ml_path|scan_index[1]                                                                          ; touch_ml_scanpipe_top:pipeline|ml_inference_scanpipe:ml_path|scan_best[29] ; proc_clk     ; proc_clk    ; 200.000      ; -0.027     ; 27.828     ;
; 172.185 ; touch_ml_scanpipe_top:pipeline|ml_inference_scanpipe:ml_path|scan_index[1]                                                                          ; touch_ml_scanpipe_top:pipeline|ml_inference_scanpipe:ml_path|scan_best[22] ; proc_clk     ; proc_clk    ; 200.000      ; -0.030     ; 27.825     ;
; 172.185 ; touch_ml_scanpipe_top:pipeline|ml_inference_scanpipe:ml_path|scan_index[1]                                                                          ; touch_ml_scanpipe_top:pipeline|ml_inference_scanpipe:ml_path|scan_best[24] ; proc_clk     ; proc_clk    ; 200.000      ; -0.030     ; 27.825     ;
; 172.185 ; touch_ml_scanpipe_top:pipeline|ml_inference_scanpipe:ml_path|scan_index[1]                                                                          ; touch_ml_scanpipe_top:pipeline|ml_inference_scanpipe:ml_path|scan_best[23] ; proc_clk     ; proc_clk    ; 200.000      ; -0.030     ; 27.825     ;
; 172.185 ; touch_ml_scanpipe_top:pipeline|ml_inference_scanpipe:ml_path|scan_index[1]                                                                          ; touch_ml_scanpipe_top:pipeline|ml_inference_scanpipe:ml_path|scan_best[26] ; proc_clk     ; proc_clk    ; 200.000      ; -0.030     ; 27.825     ;
; 172.198 ; touch_ml_scanpipe_top:pipeline|ml_inference_scanpipe:ml_path|scan_index[1]                                                                          ; touch_ml_scanpipe_top:pipeline|ml_inference_scanpipe:ml_path|scan_best[15] ; proc_clk     ; proc_clk    ; 200.000      ; -0.037     ; 27.805     ;
; 172.198 ; touch_ml_scanpipe_top:pipeline|ml_inference_scanpipe:ml_path|scan_index[1]                                                                          ; touch_ml_scanpipe_top:pipeline|ml_inference_scanpipe:ml_path|scan_best[16] ; proc_clk     ; proc_clk    ; 200.000      ; -0.037     ; 27.805     ;
; 172.198 ; touch_ml_scanpipe_top:pipeline|ml_inference_scanpipe:ml_path|scan_index[1]                                                                          ; touch_ml_scanpipe_top:pipeline|ml_inference_scanpipe:ml_path|scan_best[17] ; proc_clk     ; proc_clk    ; 200.000      ; -0.037     ; 27.805     ;
; 172.250 ; touch_ml_scanpipe_top:pipeline|ml_inference_scanpipe:ml_path|neuron[2]                                                                              ; touch_ml_scanpipe_top:pipeline|ml_inference_scanpipe:ml_path|acc[39]       ; proc_clk     ; proc_clk    ; 200.000      ; -0.014     ; 27.776     ;
; 172.267 ; touch_ml_scanpipe_top:pipeline|ml_inference_scanpipe:ml_path|neuron[2]                                                                              ; touch_ml_scanpipe_top:pipeline|ml_inference_scanpipe:ml_path|acc[36]       ; proc_clk     ; proc_clk    ; 200.000      ; 0.001      ; 27.774     ;
; 172.276 ; touch_ml_scanpipe_top:pipeline|ml_inference_scanpipe:ml_path|altsyncram:hidden_rtl_0|altsyncram_sng1:auto_generated|ram_block1a0~portb_address_reg0 ; touch_ml_scanpipe_top:pipeline|ml_inference_scanpipe:ml_path|scores[1][32] ; proc_clk     ; proc_clk    ; 200.000      ; -0.155     ; 27.609     ;
; 172.276 ; touch_ml_scanpipe_top:pipeline|ml_inference_scanpipe:ml_path|altsyncram:hidden_rtl_0|altsyncram_sng1:auto_generated|ram_block1a0~portb_address_reg1 ; touch_ml_scanpipe_top:pipeline|ml_inference_scanpipe:ml_path|scores[1][32] ; proc_clk     ; proc_clk    ; 200.000      ; -0.155     ; 27.609     ;
; 172.276 ; touch_ml_scanpipe_top:pipeline|ml_inference_scanpipe:ml_path|altsyncram:hidden_rtl_0|altsyncram_sng1:auto_generated|ram_block1a0~portb_address_reg2 ; touch_ml_scanpipe_top:pipeline|ml_inference_scanpipe:ml_path|scores[1][32] ; proc_clk     ; proc_clk    ; 200.000      ; -0.155     ; 27.609     ;
; 172.276 ; touch_ml_scanpipe_top:pipeline|ml_inference_scanpipe:ml_path|altsyncram:hidden_rtl_0|altsyncram_sng1:auto_generated|ram_block1a0~portb_address_reg3 ; touch_ml_scanpipe_top:pipeline|ml_inference_scanpipe:ml_path|scores[1][32] ; proc_clk     ; proc_clk    ; 200.000      ; -0.155     ; 27.609     ;
; 172.276 ; touch_ml_scanpipe_top:pipeline|ml_inference_scanpipe:ml_path|altsyncram:hidden_rtl_0|altsyncram_sng1:auto_generated|ram_block1a0~portb_address_reg4 ; touch_ml_scanpipe_top:pipeline|ml_inference_scanpipe:ml_path|scores[1][32] ; proc_clk     ; proc_clk    ; 200.000      ; -0.155     ; 27.609     ;
; 172.293 ; touch_ml_scanpipe_top:pipeline|ml_inference_scanpipe:ml_path|neuron[2]                                                                              ; touch_ml_scanpipe_top:pipeline|ml_inference_scanpipe:ml_path|acc[34]       ; proc_clk     ; proc_clk    ; 200.000      ; 0.004      ; 27.751     ;
; 172.392 ; touch_ml_scanpipe_top:pipeline|ml_inference_scanpipe:ml_path|neuron[2]                                                                              ; touch_ml_scanpipe_top:pipeline|ml_inference_scanpipe:ml_path|scores[8][32] ; proc_clk     ; proc_clk    ; 200.000      ; 0.000      ; 27.648     ;
; 172.392 ; touch_ml_scanpipe_top:pipeline|ml_inference_scanpipe:ml_path|neuron[2]                                                                              ; touch_ml_scanpipe_top:pipeline|ml_inference_scanpipe:ml_path|scores[2][32] ; proc_clk     ; proc_clk    ; 200.000      ; 0.000      ; 27.648     ;
; 172.403 ; touch_ml_scanpipe_top:pipeline|ml_inference_scanpipe:ml_path|neuron[2]                                                                              ; touch_ml_scanpipe_top:pipeline|ml_inference_scanpipe:ml_path|scores[4][22] ; proc_clk     ; proc_clk    ; 200.000      ; -0.010     ; 27.627     ;
; 172.404 ; touch_ml_scanpipe_top:pipeline|ml_inference_scanpipe:ml_path|neuron[2]                                                                              ; touch_ml_scanpipe_top:pipeline|ml_inference_scanpipe:ml_path|scores[6][22] ; proc_clk     ; proc_clk    ; 200.000      ; -0.010     ; 27.626     ;
; 172.433 ; touch_ml_scanpipe_top:pipeline|ml_inference_scanpipe:ml_path|scan_index[1]                                                                          ; touch_ml_scanpipe_top:pipeline|ml_inference_scanpipe:ml_path|scan_best[7]  ; proc_clk     ; proc_clk    ; 200.000      ; -0.023     ; 27.584     ;
; 172.433 ; touch_ml_scanpipe_top:pipeline|ml_inference_scanpipe:ml_path|scan_index[1]                                                                          ; touch_ml_scanpipe_top:pipeline|ml_inference_scanpipe:ml_path|scan_best[6]  ; proc_clk     ; proc_clk    ; 200.000      ; -0.023     ; 27.584     ;
; 172.433 ; touch_ml_scanpipe_top:pipeline|ml_inference_scanpipe:ml_path|scan_index[1]                                                                          ; touch_ml_scanpipe_top:pipeline|ml_inference_scanpipe:ml_path|scan_best[5]  ; proc_clk     ; proc_clk    ; 200.000      ; -0.023     ; 27.584     ;
; 172.433 ; touch_ml_scanpipe_top:pipeline|ml_inference_scanpipe:ml_path|scan_index[1]                                                                          ; touch_ml_scanpipe_top:pipeline|ml_inference_scanpipe:ml_path|scan_best[4]  ; proc_clk     ; proc_clk    ; 200.000      ; -0.023     ; 27.584     ;
; 172.433 ; touch_ml_scanpipe_top:pipeline|ml_inference_scanpipe:ml_path|scan_index[1]                                                                          ; touch_ml_scanpipe_top:pipeline|ml_inference_scanpipe:ml_path|scan_best[13] ; proc_clk     ; proc_clk    ; 200.000      ; -0.023     ; 27.584     ;
; 172.437 ; touch_ml_scanpipe_top:pipeline|ml_inference_scanpipe:ml_path|neuron[2]                                                                              ; touch_ml_scanpipe_top:pipeline|ml_inference_scanpipe:ml_path|scores[2][28] ; proc_clk     ; proc_clk    ; 200.000      ; -0.025     ; 27.578     ;
; 172.438 ; touch_ml_scanpipe_top:pipeline|ml_inference_scanpipe:ml_path|neuron[2]                                                                              ; touch_ml_scanpipe_top:pipeline|ml_inference_scanpipe:ml_path|scores[3][28] ; proc_clk     ; proc_clk    ; 200.000      ; -0.025     ; 27.577     ;
; 172.464 ; touch_ml_scanpipe_top:pipeline|ml_inference_scanpipe:ml_path|altsyncram:hidden_rtl_0|altsyncram_sng1:auto_generated|ram_block1a0~portb_address_reg0 ; touch_ml_scanpipe_top:pipeline|ml_inference_scanpipe:ml_path|scores[9][32] ; proc_clk     ; proc_clk    ; 200.000      ; -0.157     ; 27.419     ;
; 172.464 ; touch_ml_scanpipe_top:pipeline|ml_inference_scanpipe:ml_path|altsyncram:hidden_rtl_0|altsyncram_sng1:auto_generated|ram_block1a0~portb_address_reg1 ; touch_ml_scanpipe_top:pipeline|ml_inference_scanpipe:ml_path|scores[9][32] ; proc_clk     ; proc_clk    ; 200.000      ; -0.157     ; 27.419     ;
; 172.464 ; touch_ml_scanpipe_top:pipeline|ml_inference_scanpipe:ml_path|altsyncram:hidden_rtl_0|altsyncram_sng1:auto_generated|ram_block1a0~portb_address_reg2 ; touch_ml_scanpipe_top:pipeline|ml_inference_scanpipe:ml_path|scores[9][32] ; proc_clk     ; proc_clk    ; 200.000      ; -0.157     ; 27.419     ;
; 172.464 ; touch_ml_scanpipe_top:pipeline|ml_inference_scanpipe:ml_path|altsyncram:hidden_rtl_0|altsyncram_sng1:auto_generated|ram_block1a0~portb_address_reg3 ; touch_ml_scanpipe_top:pipeline|ml_inference_scanpipe:ml_path|scores[9][32] ; proc_clk     ; proc_clk    ; 200.000      ; -0.157     ; 27.419     ;
; 172.464 ; touch_ml_scanpipe_top:pipeline|ml_inference_scanpipe:ml_path|altsyncram:hidden_rtl_0|altsyncram_sng1:auto_generated|ram_block1a0~portb_address_reg4 ; touch_ml_scanpipe_top:pipeline|ml_inference_scanpipe:ml_path|scores[9][32] ; proc_clk     ; proc_clk    ; 200.000      ; -0.157     ; 27.419     ;
; 172.503 ; touch_ml_scanpipe_top:pipeline|ml_inference_scanpipe:ml_path|neuron[2]                                                                              ; touch_ml_scanpipe_top:pipeline|ml_inference_scanpipe:ml_path|scores[9][31] ; proc_clk     ; proc_clk    ; 200.000      ; -0.007     ; 27.530     ;
; 172.504 ; touch_ml_scanpipe_top:pipeline|ml_inference_scanpipe:ml_path|neuron[2]                                                                              ; touch_ml_scanpipe_top:pipeline|ml_inference_scanpipe:ml_path|scores[3][29] ; proc_clk     ; proc_clk    ; 200.000      ; -0.025     ; 27.511     ;
; 172.535 ; touch_ml_scanpipe_top:pipeline|ml_inference_scanpipe:ml_path|neuron[2]                                                                              ; touch_ml_scanpipe_top:pipeline|ml_inference_scanpipe:ml_path|scores[5][26] ; proc_clk     ; proc_clk    ; 200.000      ; -0.008     ; 27.497     ;
; 172.535 ; touch_ml_scanpipe_top:pipeline|ml_inference_scanpipe:ml_path|neuron[2]                                                                              ; touch_ml_scanpipe_top:pipeline|ml_inference_scanpipe:ml_path|scores[7][26] ; proc_clk     ; proc_clk    ; 200.000      ; -0.008     ; 27.497     ;
; 172.560 ; touch_ml_scanpipe_top:pipeline|ml_inference_scanpipe:ml_path|neuron[2]                                                                              ; touch_ml_scanpipe_top:pipeline|ml_inference_scanpipe:ml_path|scores[4][29] ; proc_clk     ; proc_clk    ; 200.000      ; -0.003     ; 27.477     ;
; 172.560 ; touch_ml_scanpipe_top:pipeline|ml_inference_scanpipe:ml_path|neuron[2]                                                                              ; touch_ml_scanpipe_top:pipeline|ml_inference_scanpipe:ml_path|scores[6][29] ; proc_clk     ; proc_clk    ; 200.000      ; -0.003     ; 27.477     ;
; 172.564 ; touch_ml_scanpipe_top:pipeline|ml_inference_scanpipe:ml_path|neuron[2]                                                                              ; touch_ml_scanpipe_top:pipeline|ml_inference_scanpipe:ml_path|scores[3][32] ; proc_clk     ; proc_clk    ; 200.000      ; -0.012     ; 27.464     ;
; 172.590 ; touch_ml_scanpipe_top:pipeline|ml_inference_scanpipe:ml_path|altsyncram:hidden_rtl_0|altsyncram_sng1:auto_generated|ram_block1a0~portb_address_reg0 ; touch_ml_scanpipe_top:pipeline|ml_inference_scanpipe:ml_path|scores[5][31] ; proc_clk     ; proc_clk    ; 200.000      ; -0.162     ; 27.288     ;
; 172.590 ; touch_ml_scanpipe_top:pipeline|ml_inference_scanpipe:ml_path|altsyncram:hidden_rtl_0|altsyncram_sng1:auto_generated|ram_block1a0~portb_address_reg0 ; touch_ml_scanpipe_top:pipeline|ml_inference_scanpipe:ml_path|scores[7][31] ; proc_clk     ; proc_clk    ; 200.000      ; -0.162     ; 27.288     ;
; 172.590 ; touch_ml_scanpipe_top:pipeline|ml_inference_scanpipe:ml_path|altsyncram:hidden_rtl_0|altsyncram_sng1:auto_generated|ram_block1a0~portb_address_reg1 ; touch_ml_scanpipe_top:pipeline|ml_inference_scanpipe:ml_path|scores[5][31] ; proc_clk     ; proc_clk    ; 200.000      ; -0.162     ; 27.288     ;
; 172.590 ; touch_ml_scanpipe_top:pipeline|ml_inference_scanpipe:ml_path|altsyncram:hidden_rtl_0|altsyncram_sng1:auto_generated|ram_block1a0~portb_address_reg2 ; touch_ml_scanpipe_top:pipeline|ml_inference_scanpipe:ml_path|scores[5][31] ; proc_clk     ; proc_clk    ; 200.000      ; -0.162     ; 27.288     ;
; 172.590 ; touch_ml_scanpipe_top:pipeline|ml_inference_scanpipe:ml_path|altsyncram:hidden_rtl_0|altsyncram_sng1:auto_generated|ram_block1a0~portb_address_reg3 ; touch_ml_scanpipe_top:pipeline|ml_inference_scanpipe:ml_path|scores[5][31] ; proc_clk     ; proc_clk    ; 200.000      ; -0.162     ; 27.288     ;
; 172.590 ; touch_ml_scanpipe_top:pipeline|ml_inference_scanpipe:ml_path|altsyncram:hidden_rtl_0|altsyncram_sng1:auto_generated|ram_block1a0~portb_address_reg4 ; touch_ml_scanpipe_top:pipeline|ml_inference_scanpipe:ml_path|scores[5][31] ; proc_clk     ; proc_clk    ; 200.000      ; -0.162     ; 27.288     ;
; 172.590 ; touch_ml_scanpipe_top:pipeline|ml_inference_scanpipe:ml_path|altsyncram:hidden_rtl_0|altsyncram_sng1:auto_generated|ram_block1a0~portb_address_reg1 ; touch_ml_scanpipe_top:pipeline|ml_inference_scanpipe:ml_path|scores[7][31] ; proc_clk     ; proc_clk    ; 200.000      ; -0.162     ; 27.288     ;
; 172.590 ; touch_ml_scanpipe_top:pipeline|ml_inference_scanpipe:ml_path|altsyncram:hidden_rtl_0|altsyncram_sng1:auto_generated|ram_block1a0~portb_address_reg2 ; touch_ml_scanpipe_top:pipeline|ml_inference_scanpipe:ml_path|scores[7][31] ; proc_clk     ; proc_clk    ; 200.000      ; -0.162     ; 27.288     ;
; 172.590 ; touch_ml_scanpipe_top:pipeline|ml_inference_scanpipe:ml_path|altsyncram:hidden_rtl_0|altsyncram_sng1:auto_generated|ram_block1a0~portb_address_reg3 ; touch_ml_scanpipe_top:pipeline|ml_inference_scanpipe:ml_path|scores[7][31] ; proc_clk     ; proc_clk    ; 200.000      ; -0.162     ; 27.288     ;
; 172.590 ; touch_ml_scanpipe_top:pipeline|ml_inference_scanpipe:ml_path|altsyncram:hidden_rtl_0|altsyncram_sng1:auto_generated|ram_block1a0~portb_address_reg4 ; touch_ml_scanpipe_top:pipeline|ml_inference_scanpipe:ml_path|scores[7][31] ; proc_clk     ; proc_clk    ; 200.000      ; -0.162     ; 27.288     ;
; 172.602 ; touch_ml_scanpipe_top:pipeline|ml_inference_scanpipe:ml_path|neuron[2]                                                                              ; touch_ml_scanpipe_top:pipeline|ml_inference_scanpipe:ml_path|scores[6][26] ; proc_clk     ; proc_clk    ; 200.000      ; -0.003     ; 27.435     ;
; 172.606 ; touch_ml_scanpipe_top:pipeline|ml_inference_scanpipe:ml_path|neuron[2]                                                                              ; touch_ml_scanpipe_top:pipeline|ml_inference_scanpipe:ml_path|scores[4][26] ; proc_clk     ; proc_clk    ; 200.000      ; -0.003     ; 27.431     ;
; 172.618 ; touch_ml_scanpipe_top:pipeline|ml_inference_scanpipe:ml_path|scan_index[1]                                                                          ; touch_ml_scanpipe_top:pipeline|ml_inference_scanpipe:ml_path|scan_best[12] ; proc_clk     ; proc_clk    ; 200.000      ; -0.018     ; 27.404     ;
; 172.618 ; touch_ml_scanpipe_top:pipeline|ml_inference_scanpipe:ml_path|scan_index[1]                                                                          ; touch_ml_scanpipe_top:pipeline|ml_inference_scanpipe:ml_path|scan_best[14] ; proc_clk     ; proc_clk    ; 200.000      ; -0.018     ; 27.404     ;
; 172.618 ; touch_ml_scanpipe_top:pipeline|ml_inference_scanpipe:ml_path|scan_index[1]                                                                          ; touch_ml_scanpipe_top:pipeline|ml_inference_scanpipe:ml_path|scan_best[11] ; proc_clk     ; proc_clk    ; 200.000      ; -0.018     ; 27.404     ;
; 172.623 ; touch_ml_scanpipe_top:pipeline|ml_inference_scanpipe:ml_path|scan_index[1]                                                                          ; touch_ml_scanpipe_top:pipeline|ml_inference_scanpipe:ml_path|scan_best[10] ; proc_clk     ; proc_clk    ; 200.000      ; -0.018     ; 27.399     ;
; 172.634 ; touch_ml_scanpipe_top:pipeline|ml_inference_scanpipe:ml_path|neuron[2]                                                                              ; touch_ml_scanpipe_top:pipeline|ml_inference_scanpipe:ml_path|scores[9][29] ; proc_clk     ; proc_clk    ; 200.000      ; -0.014     ; 27.392     ;
; 172.650 ; touch_ml_scanpipe_top:pipeline|ml_inference_scanpipe:ml_path|neuron[2]                                                                              ; touch_ml_scanpipe_top:pipeline|ml_inference_scanpipe:ml_path|scores[7][29] ; proc_clk     ; proc_clk    ; 200.000      ; -0.004     ; 27.386     ;
; 172.651 ; touch_ml_scanpipe_top:pipeline|ml_inference_scanpipe:ml_path|neuron[2]                                                                              ; touch_ml_scanpipe_top:pipeline|ml_inference_scanpipe:ml_path|scores[5][29] ; proc_clk     ; proc_clk    ; 200.000      ; -0.004     ; 27.385     ;
; 172.723 ; touch_ml_scanpipe_top:pipeline|ml_inference_scanpipe:ml_path|neuron[4]                                                                              ; touch_ml_scanpipe_top:pipeline|ml_inference_scanpipe:ml_path|scores[1][32] ; proc_clk     ; proc_clk    ; 200.000      ; -0.012     ; 27.305     ;
; 172.735 ; touch_ml_scanpipe_top:pipeline|ml_inference_scanpipe:ml_path|altsyncram:hidden_rtl_0|altsyncram_sng1:auto_generated|ram_block1a0~portb_address_reg0 ; touch_ml_scanpipe_top:pipeline|ml_inference_scanpipe:ml_path|scores[6][30] ; proc_clk     ; proc_clk    ; 200.000      ; -0.146     ; 27.159     ;
; 172.735 ; touch_ml_scanpipe_top:pipeline|ml_inference_scanpipe:ml_path|altsyncram:hidden_rtl_0|altsyncram_sng1:auto_generated|ram_block1a0~portb_address_reg1 ; touch_ml_scanpipe_top:pipeline|ml_inference_scanpipe:ml_path|scores[6][30] ; proc_clk     ; proc_clk    ; 200.000      ; -0.146     ; 27.159     ;
; 172.735 ; touch_ml_scanpipe_top:pipeline|ml_inference_scanpipe:ml_path|altsyncram:hidden_rtl_0|altsyncram_sng1:auto_generated|ram_block1a0~portb_address_reg2 ; touch_ml_scanpipe_top:pipeline|ml_inference_scanpipe:ml_path|scores[6][30] ; proc_clk     ; proc_clk    ; 200.000      ; -0.146     ; 27.159     ;
; 172.735 ; touch_ml_scanpipe_top:pipeline|ml_inference_scanpipe:ml_path|altsyncram:hidden_rtl_0|altsyncram_sng1:auto_generated|ram_block1a0~portb_address_reg3 ; touch_ml_scanpipe_top:pipeline|ml_inference_scanpipe:ml_path|scores[6][30] ; proc_clk     ; proc_clk    ; 200.000      ; -0.146     ; 27.159     ;
; 172.735 ; touch_ml_scanpipe_top:pipeline|ml_inference_scanpipe:ml_path|altsyncram:hidden_rtl_0|altsyncram_sng1:auto_generated|ram_block1a0~portb_address_reg4 ; touch_ml_scanpipe_top:pipeline|ml_inference_scanpipe:ml_path|scores[6][30] ; proc_clk     ; proc_clk    ; 200.000      ; -0.146     ; 27.159     ;
; 172.738 ; touch_ml_scanpipe_top:pipeline|ml_inference_scanpipe:ml_path|altsyncram:hidden_rtl_0|altsyncram_sng1:auto_generated|ram_block1a0~portb_address_reg0 ; touch_ml_scanpipe_top:pipeline|ml_inference_scanpipe:ml_path|scores[4][30] ; proc_clk     ; proc_clk    ; 200.000      ; -0.146     ; 27.156     ;
; 172.738 ; touch_ml_scanpipe_top:pipeline|ml_inference_scanpipe:ml_path|altsyncram:hidden_rtl_0|altsyncram_sng1:auto_generated|ram_block1a0~portb_address_reg1 ; touch_ml_scanpipe_top:pipeline|ml_inference_scanpipe:ml_path|scores[4][30] ; proc_clk     ; proc_clk    ; 200.000      ; -0.146     ; 27.156     ;
; 172.738 ; touch_ml_scanpipe_top:pipeline|ml_inference_scanpipe:ml_path|altsyncram:hidden_rtl_0|altsyncram_sng1:auto_generated|ram_block1a0~portb_address_reg2 ; touch_ml_scanpipe_top:pipeline|ml_inference_scanpipe:ml_path|scores[4][30] ; proc_clk     ; proc_clk    ; 200.000      ; -0.146     ; 27.156     ;
; 172.738 ; touch_ml_scanpipe_top:pipeline|ml_inference_scanpipe:ml_path|altsyncram:hidden_rtl_0|altsyncram_sng1:auto_generated|ram_block1a0~portb_address_reg3 ; touch_ml_scanpipe_top:pipeline|ml_inference_scanpipe:ml_path|scores[4][30] ; proc_clk     ; proc_clk    ; 200.000      ; -0.146     ; 27.156     ;
; 172.738 ; touch_ml_scanpipe_top:pipeline|ml_inference_scanpipe:ml_path|altsyncram:hidden_rtl_0|altsyncram_sng1:auto_generated|ram_block1a0~portb_address_reg4 ; touch_ml_scanpipe_top:pipeline|ml_inference_scanpipe:ml_path|scores[4][30] ; proc_clk     ; proc_clk    ; 200.000      ; -0.146     ; 27.156     ;
; 172.741 ; touch_ml_scanpipe_top:pipeline|ml_inference_scanpipe:ml_path|altsyncram:hidden_rtl_0|altsyncram_sng1:auto_generated|ram_block1a0~portb_address_reg0 ; touch_ml_scanpipe_top:pipeline|ml_inference_scanpipe:ml_path|scores[5][30] ; proc_clk     ; proc_clk    ; 200.000      ; -0.147     ; 27.152     ;
+---------+-----------------------------------------------------------------------------------------------------------------------------------------------------+----------------------------------------------------------------------------+--------------+-------------+--------------+------------+------------+


+--------------------------------------------------------------------------------------------------------------+
; Slow Model Hold: 'clk50'                                                                                     ;
+-------+-----------------+--------------+--------------+-------------+--------------+------------+------------+
; Slack ; From Node       ; To Node      ; Launch Clock ; Latch Clock ; Relationship ; Clock Skew ; Data Delay ;
+-------+-----------------+--------------+--------------+-------------+--------------+------------+------------+
; 0.499 ; div_count[2]    ; div_count[2] ; clk50        ; clk50       ; 0.000        ; 0.000      ; 0.805      ;
; 0.499 ; div_count[0]    ; div_count[0] ; clk50        ; clk50       ; 0.000        ; 0.000      ; 0.805      ;
; 0.499 ; div_count[1]    ; div_count[1] ; clk50        ; clk50       ; 0.000        ; 0.000      ; 0.805      ;
; 0.499 ; proc_clk|regout ; proc_clk     ; proc_clk     ; clk50       ; 0.000        ; -0.304     ; 0.501      ;
; 0.499 ; proc_clk|regout ; proc_clk     ; proc_clk     ; clk50       ; 0.000        ; -0.304     ; 0.501      ;
; 0.768 ; div_count[0]    ; div_count[1] ; clk50        ; clk50       ; 0.000        ; 0.000      ; 1.074      ;
; 0.769 ; div_count[1]    ; proc_clk     ; clk50        ; clk50       ; 0.000        ; 0.000      ; 1.075      ;
; 0.769 ; div_count[1]    ; div_count[0] ; clk50        ; clk50       ; 0.000        ; 0.000      ; 1.075      ;
; 0.770 ; div_count[1]    ; div_count[2] ; clk50        ; clk50       ; 0.000        ; 0.000      ; 1.076      ;
; 1.124 ; div_count[2]    ; div_count[0] ; clk50        ; clk50       ; 0.000        ; 0.000      ; 1.430      ;
; 1.169 ; div_count[2]    ; proc_clk     ; clk50        ; clk50       ; 0.000        ; 0.000      ; 1.475      ;
; 1.246 ; div_count[0]    ; proc_clk     ; clk50        ; clk50       ; 0.000        ; 0.000      ; 1.552      ;
; 1.247 ; div_count[0]    ; div_count[2] ; clk50        ; clk50       ; 0.000        ; 0.000      ; 1.553      ;
+-------+-----------------+--------------+--------------+-------------+--------------+------------+------------+


+-------------------------------------------------------------------------------------------------------------------------------------------------------------------------------------------------------------------------------------------------------------------------------+
; Slow Model Hold: 'proc_clk'                                                                                                                                                                                                                                                   ;
+-------+------------------------------------------------------------------------------------------------+------------------------------------------------------------------------------------------------+--------------+-------------+--------------+------------+------------+
; Slack ; From Node                                                                                      ; To Node                                                                                        ; Launch Clock ; Latch Clock ; Relationship ; Clock Skew ; Data Delay ;
+-------+------------------------------------------------------------------------------------------------+------------------------------------------------------------------------------------------------+--------------+-------------+--------------+------------+------------+
; 0.499 ; shutdown_latched                                                                               ; shutdown_latched                                                                               ; proc_clk     ; proc_clk    ; 0.000        ; 0.000      ; 0.805      ;
; 0.499 ; touch_ml_scanpipe_top:pipeline|ml_inference_scanpipe:ml_path|state.IDLE                        ; touch_ml_scanpipe_top:pipeline|ml_inference_scanpipe:ml_path|state.IDLE                        ; proc_clk     ; proc_clk    ; 0.000        ; 0.000      ; 0.805      ;
; 0.499 ; touch_ml_scanpipe_top:pipeline|ml_inference_scanpipe:ml_path|state.LOAD                        ; touch_ml_scanpipe_top:pipeline|ml_inference_scanpipe:ml_path|state.LOAD                        ; proc_clk     ; proc_clk    ; 0.000        ; 0.000      ; 0.805      ;
; 0.499 ; touch_ml_scanpipe_top:pipeline|ml_inference_scanpipe:ml_path|pixel_idx[4]                      ; touch_ml_scanpipe_top:pipeline|ml_inference_scanpipe:ml_path|pixel_idx[4]                      ; proc_clk     ; proc_clk    ; 0.000        ; 0.000      ; 0.805      ;
; 0.499 ; touch_ml_scanpipe_top:pipeline|ml_inference_scanpipe:ml_path|pixel_idx[5]                      ; touch_ml_scanpipe_top:pipeline|ml_inference_scanpipe:ml_path|pixel_idx[5]                      ; proc_clk     ; proc_clk    ; 0.000        ; 0.000      ; 0.805      ;
; 0.499 ; touch_ml_scanpipe_top:pipeline|ml_inference_scanpipe:ml_path|pixel_idx[6]                      ; touch_ml_scanpipe_top:pipeline|ml_inference_scanpipe:ml_path|pixel_idx[6]                      ; proc_clk     ; proc_clk    ; 0.000        ; 0.000      ; 0.805      ;
; 0.499 ; touch_ml_scanpipe_top:pipeline|ml_inference_scanpipe:ml_path|pixel_idx[7]                      ; touch_ml_scanpipe_top:pipeline|ml_inference_scanpipe:ml_path|pixel_idx[7]                      ; proc_clk     ; proc_clk    ; 0.000        ; 0.000      ; 0.805      ;
; 0.499 ; touch_ml_scanpipe_top:pipeline|ml_inference_scanpipe:ml_path|neuron[1]                         ; touch_ml_scanpipe_top:pipeline|ml_inference_scanpipe:ml_path|neuron[1]                         ; proc_clk     ; proc_clk    ; 0.000        ; 0.000      ; 0.805      ;
; 0.499 ; touch_ml_scanpipe_top:pipeline|ml_inference_scanpipe:ml_path|neuron[2]                         ; touch_ml_scanpipe_top:pipeline|ml_inference_scanpipe:ml_path|neuron[2]                         ; proc_clk     ; proc_clk    ; 0.000        ; 0.000      ; 0.805      ;
; 0.499 ; touch_ml_scanpipe_top:pipeline|ml_inference_scanpipe:ml_path|neuron[3]                         ; touch_ml_scanpipe_top:pipeline|ml_inference_scanpipe:ml_path|neuron[3]                         ; proc_clk     ; proc_clk    ; 0.000        ; 0.000      ; 0.805      ;
; 0.499 ; touch_ml_scanpipe_top:pipeline|ml_inference_scanpipe:ml_path|neuron[4]                         ; touch_ml_scanpipe_top:pipeline|ml_inference_scanpipe:ml_path|neuron[4]                         ; proc_clk     ; proc_clk    ; 0.000        ; 0.000      ; 0.805      ;
; 0.499 ; touch_ml_scanpipe_top:pipeline|ml_inference_scanpipe:ml_path|neuron[5]                         ; touch_ml_scanpipe_top:pipeline|ml_inference_scanpipe:ml_path|neuron[5]                         ; proc_clk     ; proc_clk    ; 0.000        ; 0.000      ; 0.805      ;
; 0.499 ; touch_ml_scanpipe_top:pipeline|ml_inference_scanpipe:ml_path|neuron[6]                         ; touch_ml_scanpipe_top:pipeline|ml_inference_scanpipe:ml_path|neuron[6]                         ; proc_clk     ; proc_clk    ; 0.000        ; 0.000      ; 0.805      ;
; 0.499 ; touch_ml_scanpipe_top:pipeline|ml_inference_scanpipe:ml_path|neuron[7]                         ; touch_ml_scanpipe_top:pipeline|ml_inference_scanpipe:ml_path|neuron[7]                         ; proc_clk     ; proc_clk    ; 0.000        ; 0.000      ; 0.805      ;
; 0.499 ; touch_ml_scanpipe_top:pipeline|ml_inference_scanpipe:ml_path|neuron[8]                         ; touch_ml_scanpipe_top:pipeline|ml_inference_scanpipe:ml_path|neuron[8]                         ; proc_clk     ; proc_clk    ; 0.000        ; 0.000      ; 0.805      ;
; 0.499 ; touch_ml_scanpipe_top:pipeline|ml_inference_scanpipe:ml_path|neuron[9]                         ; touch_ml_scanpipe_top:pipeline|ml_inference_scanpipe:ml_path|neuron[9]                         ; proc_clk     ; proc_clk    ; 0.000        ; 0.000      ; 0.805      ;
; 0.499 ; touch_ml_scanpipe_top:pipeline|ml_inference_scanpipe:ml_path|neuron[10]                        ; touch_ml_scanpipe_top:pipeline|ml_inference_scanpipe:ml_path|neuron[10]                        ; proc_clk     ; proc_clk    ; 0.000        ; 0.000      ; 0.805      ;
; 0.499 ; touch_ml_scanpipe_top:pipeline|ml_inference_scanpipe:ml_path|neuron[11]                        ; touch_ml_scanpipe_top:pipeline|ml_inference_scanpipe:ml_path|neuron[11]                        ; proc_clk     ; proc_clk    ; 0.000        ; 0.000      ; 0.805      ;
; 0.499 ; touch_ml_scanpipe_top:pipeline|ml_inference_scanpipe:ml_path|neuron[12]                        ; touch_ml_scanpipe_top:pipeline|ml_inference_scanpipe:ml_path|neuron[12]                        ; proc_clk     ; proc_clk    ; 0.000        ; 0.000      ; 0.805      ;
; 0.499 ; touch_ml_scanpipe_top:pipeline|ml_inference_scanpipe:ml_path|neuron[13]                        ; touch_ml_scanpipe_top:pipeline|ml_inference_scanpipe:ml_path|neuron[13]                        ; proc_clk     ; proc_clk    ; 0.000        ; 0.000      ; 0.805      ;
; 0.499 ; touch_ml_scanpipe_top:pipeline|ml_inference_scanpipe:ml_path|neuron[14]                        ; touch_ml_scanpipe_top:pipeline|ml_inference_scanpipe:ml_path|neuron[14]                        ; proc_clk     ; proc_clk    ; 0.000        ; 0.000      ; 0.805      ;
; 0.499 ; touch_ml_scanpipe_top:pipeline|ml_inference_scanpipe:ml_path|neuron[15]                        ; touch_ml_scanpipe_top:pipeline|ml_inference_scanpipe:ml_path|neuron[15]                        ; proc_clk     ; proc_clk    ; 0.000        ; 0.000      ; 0.805      ;
; 0.499 ; touch_ml_scanpipe_top:pipeline|ml_inference_scanpipe:ml_path|neuron[16]                        ; touch_ml_scanpipe_top:pipeline|ml_inference_scanpipe:ml_path|neuron[16]                        ; proc_clk     ; proc_clk    ; 0.000        ; 0.000      ; 0.805      ;
; 0.499 ; touch_ml_scanpipe_top:pipeline|ml_inference_scanpipe:ml_path|neuron[17]                        ; touch_ml_scanpipe_top:pipeline|ml_inference_scanpipe:ml_path|neuron[17]                        ; proc_clk     ; proc_clk    ; 0.000        ; 0.000      ; 0.805      ;
; 0.499 ; touch_ml_scanpipe_top:pipeline|ml_inference_scanpipe:ml_path|neuron[18]                        ; touch_ml_scanpipe_top:pipeline|ml_inference_scanpipe:ml_path|neuron[18]                        ; proc_clk     ; proc_clk    ; 0.000        ; 0.000      ; 0.805      ;
; 0.499 ; touch_ml_scanpipe_top:pipeline|ml_inference_scanpipe:ml_path|neuron[19]                        ; touch_ml_scanpipe_top:pipeline|ml_inference_scanpipe:ml_path|neuron[19]                        ; proc_clk     ; proc_clk    ; 0.000        ; 0.000      ; 0.805      ;
; 0.499 ; touch_ml_scanpipe_top:pipeline|ml_inference_scanpipe:ml_path|neuron[20]                        ; touch_ml_scanpipe_top:pipeline|ml_inference_scanpipe:ml_path|neuron[20]                        ; proc_clk     ; proc_clk    ; 0.000        ; 0.000      ; 0.805      ;
; 0.499 ; touch_ml_scanpipe_top:pipeline|ml_inference_scanpipe:ml_path|neuron[21]                        ; touch_ml_scanpipe_top:pipeline|ml_inference_scanpipe:ml_path|neuron[21]                        ; proc_clk     ; proc_clk    ; 0.000        ; 0.000      ; 0.805      ;
; 0.499 ; touch_ml_scanpipe_top:pipeline|ml_inference_scanpipe:ml_path|neuron[22]                        ; touch_ml_scanpipe_top:pipeline|ml_inference_scanpipe:ml_path|neuron[22]                        ; proc_clk     ; proc_clk    ; 0.000        ; 0.000      ; 0.805      ;
; 0.499 ; touch_ml_scanpipe_top:pipeline|ml_inference_scanpipe:ml_path|neuron[23]                        ; touch_ml_scanpipe_top:pipeline|ml_inference_scanpipe:ml_path|neuron[23]                        ; proc_clk     ; proc_clk    ; 0.000        ; 0.000      ; 0.805      ;
; 0.499 ; touch_ml_scanpipe_top:pipeline|ml_inference_scanpipe:ml_path|neuron[24]                        ; touch_ml_scanpipe_top:pipeline|ml_inference_scanpipe:ml_path|neuron[24]                        ; proc_clk     ; proc_clk    ; 0.000        ; 0.000      ; 0.805      ;
; 0.499 ; touch_ml_scanpipe_top:pipeline|ml_inference_scanpipe:ml_path|neuron[25]                        ; touch_ml_scanpipe_top:pipeline|ml_inference_scanpipe:ml_path|neuron[25]                        ; proc_clk     ; proc_clk    ; 0.000        ; 0.000      ; 0.805      ;
; 0.499 ; touch_ml_scanpipe_top:pipeline|ml_inference_scanpipe:ml_path|neuron[26]                        ; touch_ml_scanpipe_top:pipeline|ml_inference_scanpipe:ml_path|neuron[26]                        ; proc_clk     ; proc_clk    ; 0.000        ; 0.000      ; 0.805      ;
; 0.499 ; touch_ml_scanpipe_top:pipeline|ml_inference_scanpipe:ml_path|neuron[27]                        ; touch_ml_scanpipe_top:pipeline|ml_inference_scanpipe:ml_path|neuron[27]                        ; proc_clk     ; proc_clk    ; 0.000        ; 0.000      ; 0.805      ;
; 0.499 ; touch_ml_scanpipe_top:pipeline|ml_inference_scanpipe:ml_path|neuron[28]                        ; touch_ml_scanpipe_top:pipeline|ml_inference_scanpipe:ml_path|neuron[28]                        ; proc_clk     ; proc_clk    ; 0.000        ; 0.000      ; 0.805      ;
; 0.499 ; touch_ml_scanpipe_top:pipeline|ml_inference_scanpipe:ml_path|neuron[29]                        ; touch_ml_scanpipe_top:pipeline|ml_inference_scanpipe:ml_path|neuron[29]                        ; proc_clk     ; proc_clk    ; 0.000        ; 0.000      ; 0.805      ;
; 0.499 ; touch_ml_scanpipe_top:pipeline|ml_inference_scanpipe:ml_path|neuron[30]                        ; touch_ml_scanpipe_top:pipeline|ml_inference_scanpipe:ml_path|neuron[30]                        ; proc_clk     ; proc_clk    ; 0.000        ; 0.000      ; 0.805      ;
; 0.499 ; touch_ml_scanpipe_top:pipeline|ml_inference_scanpipe:ml_path|neuron[31]                        ; touch_ml_scanpipe_top:pipeline|ml_inference_scanpipe:ml_path|neuron[31]                        ; proc_clk     ; proc_clk    ; 0.000        ; 0.000      ; 0.805      ;
; 0.499 ; touch_ml_scanpipe_top:pipeline|ml_inference_scanpipe:ml_path|neuron[0]                         ; touch_ml_scanpipe_top:pipeline|ml_inference_scanpipe:ml_path|neuron[0]                         ; proc_clk     ; proc_clk    ; 0.000        ; 0.000      ; 0.805      ;
; 0.499 ; touch_ml_scanpipe_top:pipeline|ml_inference_scanpipe:ml_path|scan_index[2]                     ; touch_ml_scanpipe_top:pipeline|ml_inference_scanpipe:ml_path|scan_index[2]                     ; proc_clk     ; proc_clk    ; 0.000        ; 0.000      ; 0.805      ;
; 0.499 ; touch_ml_scanpipe_top:pipeline|ml_inference_scanpipe:ml_path|scan_index[3]                     ; touch_ml_scanpipe_top:pipeline|ml_inference_scanpipe:ml_path|scan_index[3]                     ; proc_clk     ; proc_clk    ; 0.000        ; 0.000      ; 0.805      ;
; 0.499 ; touch_ml_scanpipe_top:pipeline|ml_inference_scanpipe:ml_path|scan_index[4]                     ; touch_ml_scanpipe_top:pipeline|ml_inference_scanpipe:ml_path|scan_index[4]                     ; proc_clk     ; proc_clk    ; 0.000        ; 0.000      ; 0.805      ;
; 0.499 ; touch_ml_scanpipe_top:pipeline|ml_inference_scanpipe:ml_path|scan_index[5]                     ; touch_ml_scanpipe_top:pipeline|ml_inference_scanpipe:ml_path|scan_index[5]                     ; proc_clk     ; proc_clk    ; 0.000        ; 0.000      ; 0.805      ;
; 0.499 ; touch_ml_scanpipe_top:pipeline|ml_inference_scanpipe:ml_path|scan_index[6]                     ; touch_ml_scanpipe_top:pipeline|ml_inference_scanpipe:ml_path|scan_index[6]                     ; proc_clk     ; proc_clk    ; 0.000        ; 0.000      ; 0.805      ;
; 0.499 ; touch_ml_scanpipe_top:pipeline|ml_inference_scanpipe:ml_path|scan_index[7]                     ; touch_ml_scanpipe_top:pipeline|ml_inference_scanpipe:ml_path|scan_index[7]                     ; proc_clk     ; proc_clk    ; 0.000        ; 0.000      ; 0.805      ;
; 0.499 ; touch_ml_scanpipe_top:pipeline|ml_inference_scanpipe:ml_path|scan_index[8]                     ; touch_ml_scanpipe_top:pipeline|ml_inference_scanpipe:ml_path|scan_index[8]                     ; proc_clk     ; proc_clk    ; 0.000        ; 0.000      ; 0.805      ;
; 0.499 ; touch_ml_scanpipe_top:pipeline|ml_inference_scanpipe:ml_path|scan_index[9]                     ; touch_ml_scanpipe_top:pipeline|ml_inference_scanpipe:ml_path|scan_index[9]                     ; proc_clk     ; proc_clk    ; 0.000        ; 0.000      ; 0.805      ;
; 0.499 ; touch_ml_scanpipe_top:pipeline|ml_inference_scanpipe:ml_path|scan_index[10]                    ; touch_ml_scanpipe_top:pipeline|ml_inference_scanpipe:ml_path|scan_index[10]                    ; proc_clk     ; proc_clk    ; 0.000        ; 0.000      ; 0.805      ;
; 0.499 ; touch_ml_scanpipe_top:pipeline|ml_inference_scanpipe:ml_path|scan_index[11]                    ; touch_ml_scanpipe_top:pipeline|ml_inference_scanpipe:ml_path|scan_index[11]                    ; proc_clk     ; proc_clk    ; 0.000        ; 0.000      ; 0.805      ;
; 0.499 ; touch_ml_scanpipe_top:pipeline|ml_inference_scanpipe:ml_path|scan_index[12]                    ; touch_ml_scanpipe_top:pipeline|ml_inference_scanpipe:ml_path|scan_index[12]                    ; proc_clk     ; proc_clk    ; 0.000        ; 0.000      ; 0.805      ;
; 0.499 ; touch_ml_scanpipe_top:pipeline|ml_inference_scanpipe:ml_path|scan_index[13]                    ; touch_ml_scanpipe_top:pipeline|ml_inference_scanpipe:ml_path|scan_index[13]                    ; proc_clk     ; proc_clk    ; 0.000        ; 0.000      ; 0.805      ;
; 0.499 ; touch_ml_scanpipe_top:pipeline|ml_inference_scanpipe:ml_path|scan_index[14]                    ; touch_ml_scanpipe_top:pipeline|ml_inference_scanpipe:ml_path|scan_index[14]                    ; proc_clk     ; proc_clk    ; 0.000        ; 0.000      ; 0.805      ;
; 0.499 ; touch_ml_scanpipe_top:pipeline|ml_inference_scanpipe:ml_path|scan_index[15]                    ; touch_ml_scanpipe_top:pipeline|ml_inference_scanpipe:ml_path|scan_index[15]                    ; proc_clk     ; proc_clk    ; 0.000        ; 0.000      ; 0.805      ;
; 0.499 ; touch_ml_scanpipe_top:pipeline|ml_inference_scanpipe:ml_path|scan_index[16]                    ; touch_ml_scanpipe_top:pipeline|ml_inference_scanpipe:ml_path|scan_index[16]                    ; proc_clk     ; proc_clk    ; 0.000        ; 0.000      ; 0.805      ;
; 0.499 ; touch_ml_scanpipe_top:pipeline|ml_inference_scanpipe:ml_path|scan_index[17]                    ; touch_ml_scanpipe_top:pipeline|ml_inference_scanpipe:ml_path|scan_index[17]                    ; proc_clk     ; proc_clk    ; 0.000        ; 0.000      ; 0.805      ;
; 0.499 ; touch_ml_scanpipe_top:pipeline|ml_inference_scanpipe:ml_path|scan_index[18]                    ; touch_ml_scanpipe_top:pipeline|ml_inference_scanpipe:ml_path|scan_index[18]                    ; proc_clk     ; proc_clk    ; 0.000        ; 0.000      ; 0.805      ;
; 0.499 ; touch_ml_scanpipe_top:pipeline|ml_inference_scanpipe:ml_path|scan_index[19]                    ; touch_ml_scanpipe_top:pipeline|ml_inference_scanpipe:ml_path|scan_index[19]                    ; proc_clk     ; proc_clk    ; 0.000        ; 0.000      ; 0.805      ;
; 0.499 ; touch_ml_scanpipe_top:pipeline|ml_inference_scanpipe:ml_path|scan_index[20]                    ; touch_ml_scanpipe_top:pipeline|ml_inference_scanpipe:ml_path|scan_index[20]                    ; proc_clk     ; proc_clk    ; 0.000        ; 0.000      ; 0.805      ;
; 0.499 ; touch_ml_scanpipe_top:pipeline|ml_inference_scanpipe:ml_path|scan_index[21]                    ; touch_ml_scanpipe_top:pipeline|ml_inference_scanpipe:ml_path|scan_index[21]                    ; proc_clk     ; proc_clk    ; 0.000        ; 0.000      ; 0.805      ;
; 0.499 ; touch_ml_scanpipe_top:pipeline|ml_inference_scanpipe:ml_path|scan_index[22]                    ; touch_ml_scanpipe_top:pipeline|ml_inference_scanpipe:ml_path|scan_index[22]                    ; proc_clk     ; proc_clk    ; 0.000        ; 0.000      ; 0.805      ;
; 0.499 ; touch_ml_scanpipe_top:pipeline|ml_inference_scanpipe:ml_path|scan_index[23]                    ; touch_ml_scanpipe_top:pipeline|ml_inference_scanpipe:ml_path|scan_index[23]                    ; proc_clk     ; proc_clk    ; 0.000        ; 0.000      ; 0.805      ;
; 0.499 ; touch_ml_scanpipe_top:pipeline|ml_inference_scanpipe:ml_path|scan_index[24]                    ; touch_ml_scanpipe_top:pipeline|ml_inference_scanpipe:ml_path|scan_index[24]                    ; proc_clk     ; proc_clk    ; 0.000        ; 0.000      ; 0.805      ;
; 0.499 ; touch_ml_scanpipe_top:pipeline|ml_inference_scanpipe:ml_path|scan_index[25]                    ; touch_ml_scanpipe_top:pipeline|ml_inference_scanpipe:ml_path|scan_index[25]                    ; proc_clk     ; proc_clk    ; 0.000        ; 0.000      ; 0.805      ;
; 0.499 ; touch_ml_scanpipe_top:pipeline|ml_inference_scanpipe:ml_path|scan_index[26]                    ; touch_ml_scanpipe_top:pipeline|ml_inference_scanpipe:ml_path|scan_index[26]                    ; proc_clk     ; proc_clk    ; 0.000        ; 0.000      ; 0.805      ;
; 0.499 ; touch_ml_scanpipe_top:pipeline|ml_inference_scanpipe:ml_path|scan_index[27]                    ; touch_ml_scanpipe_top:pipeline|ml_inference_scanpipe:ml_path|scan_index[27]                    ; proc_clk     ; proc_clk    ; 0.000        ; 0.000      ; 0.805      ;
; 0.499 ; touch_ml_scanpipe_top:pipeline|ml_inference_scanpipe:ml_path|scan_index[28]                    ; touch_ml_scanpipe_top:pipeline|ml_inference_scanpipe:ml_path|scan_index[28]                    ; proc_clk     ; proc_clk    ; 0.000        ; 0.000      ; 0.805      ;
; 0.499 ; touch_ml_scanpipe_top:pipeline|ml_inference_scanpipe:ml_path|scan_index[29]                    ; touch_ml_scanpipe_top:pipeline|ml_inference_scanpipe:ml_path|scan_index[29]                    ; proc_clk     ; proc_clk    ; 0.000        ; 0.000      ; 0.805      ;
; 0.499 ; touch_ml_scanpipe_top:pipeline|ml_inference_scanpipe:ml_path|scan_index[30]                    ; touch_ml_scanpipe_top:pipeline|ml_inference_scanpipe:ml_path|scan_index[30]                    ; proc_clk     ; proc_clk    ; 0.000        ; 0.000      ; 0.805      ;
; 0.499 ; touch_ml_scanpipe_top:pipeline|ml_inference_scanpipe:ml_path|scan_index[31]                    ; touch_ml_scanpipe_top:pipeline|ml_inference_scanpipe:ml_path|scan_index[31]                    ; proc_clk     ; proc_clk    ; 0.000        ; 0.000      ; 0.805      ;
; 0.499 ; touch_ml_scanpipe_top:pipeline|ml_inference_scanpipe:ml_path|state.SCAN_STEP                   ; touch_ml_scanpipe_top:pipeline|ml_inference_scanpipe:ml_path|state.SCAN_STEP                   ; proc_clk     ; proc_clk    ; 0.000        ; 0.000      ; 0.805      ;
; 0.499 ; lcd_live_writer:lcd_writer|state.S_RESET                                                       ; lcd_live_writer:lcd_writer|state.S_RESET                                                       ; proc_clk     ; proc_clk    ; 0.000        ; 0.000      ; 0.805      ;
; 0.499 ; touch_ml_scanpipe_top:pipeline|touch_capture_top:touch_path|xpt2046_reader:reader|state.S_GAP  ; touch_ml_scanpipe_top:pipeline|touch_capture_top:touch_path|xpt2046_reader:reader|state.S_GAP  ; proc_clk     ; proc_clk    ; 0.000        ; 0.000      ; 0.805      ;
; 0.499 ; touch_ml_scanpipe_top:pipeline|touch_capture_top:touch_path|xpt2046_reader:reader|state.S_IDLE ; touch_ml_scanpipe_top:pipeline|touch_capture_top:touch_path|xpt2046_reader:reader|state.S_IDLE ; proc_clk     ; proc_clk    ; 0.000        ; 0.000      ; 0.805      ;
; 0.499 ; touch_ml_scanpipe_top:pipeline|touch_capture_top:touch_path|xpt2046_reader:reader|axis_y       ; touch_ml_scanpipe_top:pipeline|touch_capture_top:touch_path|xpt2046_reader:reader|axis_y       ; proc_clk     ; proc_clk    ; 0.000        ; 0.000      ; 0.805      ;
; 0.499 ; touch_ml_scanpipe_top:pipeline|touch_capture_top:touch_path|xpt2046_reader:reader|state.S_SPI  ; touch_ml_scanpipe_top:pipeline|touch_capture_top:touch_path|xpt2046_reader:reader|state.S_SPI  ; proc_clk     ; proc_clk    ; 0.000        ; 0.000      ; 0.805      ;
; 0.499 ; touch_ml_scanpipe_top:pipeline|touch_capture_top:touch_path|xpt2046_reader:reader|divider[0]   ; touch_ml_scanpipe_top:pipeline|touch_capture_top:touch_path|xpt2046_reader:reader|divider[0]   ; proc_clk     ; proc_clk    ; 0.000        ; 0.000      ; 0.805      ;
; 0.499 ; touch_ml_scanpipe_top:pipeline|touch_capture_top:touch_path|xpt2046_reader:reader|divider[1]   ; touch_ml_scanpipe_top:pipeline|touch_capture_top:touch_path|xpt2046_reader:reader|divider[1]   ; proc_clk     ; proc_clk    ; 0.000        ; 0.000      ; 0.805      ;
; 0.499 ; touch_ml_scanpipe_top:pipeline|touch_capture_top:touch_path|xpt2046_reader:reader|divider[2]   ; touch_ml_scanpipe_top:pipeline|touch_capture_top:touch_path|xpt2046_reader:reader|divider[2]   ; proc_clk     ; proc_clk    ; 0.000        ; 0.000      ; 0.805      ;
; 0.499 ; touch_ml_scanpipe_top:pipeline|touch_capture_top:touch_path|xpt2046_reader:reader|divider[3]   ; touch_ml_scanpipe_top:pipeline|touch_capture_top:touch_path|xpt2046_reader:reader|divider[3]   ; proc_clk     ; proc_clk    ; 0.000        ; 0.000      ; 0.805      ;
; 0.499 ; touch_ml_scanpipe_top:pipeline|touch_capture_top:touch_path|xpt2046_reader:reader|divider[4]   ; touch_ml_scanpipe_top:pipeline|touch_capture_top:touch_path|xpt2046_reader:reader|divider[4]   ; proc_clk     ; proc_clk    ; 0.000        ; 0.000      ; 0.805      ;
; 0.499 ; touch_ml_scanpipe_top:pipeline|touch_capture_top:touch_path|xpt2046_reader:reader|divider[5]   ; touch_ml_scanpipe_top:pipeline|touch_capture_top:touch_path|xpt2046_reader:reader|divider[5]   ; proc_clk     ; proc_clk    ; 0.000        ; 0.000      ; 0.805      ;
; 0.499 ; touch_ml_scanpipe_top:pipeline|touch_capture_top:touch_path|xpt2046_reader:reader|divider[6]   ; touch_ml_scanpipe_top:pipeline|touch_capture_top:touch_path|xpt2046_reader:reader|divider[6]   ; proc_clk     ; proc_clk    ; 0.000        ; 0.000      ; 0.805      ;
; 0.499 ; touch_ml_scanpipe_top:pipeline|touch_capture_top:touch_path|xpt2046_reader:reader|divider[7]   ; touch_ml_scanpipe_top:pipeline|touch_capture_top:touch_path|xpt2046_reader:reader|divider[7]   ; proc_clk     ; proc_clk    ; 0.000        ; 0.000      ; 0.805      ;
; 0.499 ; touch_ml_scanpipe_top:pipeline|touch_capture_top:touch_path|xpt2046_reader:reader|divider[8]   ; touch_ml_scanpipe_top:pipeline|touch_capture_top:touch_path|xpt2046_reader:reader|divider[8]   ; proc_clk     ; proc_clk    ; 0.000        ; 0.000      ; 0.805      ;
; 0.499 ; touch_ml_scanpipe_top:pipeline|touch_capture_top:touch_path|xpt2046_reader:reader|divider[9]   ; touch_ml_scanpipe_top:pipeline|touch_capture_top:touch_path|xpt2046_reader:reader|divider[9]   ; proc_clk     ; proc_clk    ; 0.000        ; 0.000      ; 0.805      ;
; 0.499 ; touch_ml_scanpipe_top:pipeline|touch_capture_top:touch_path|xpt2046_reader:reader|divider[10]  ; touch_ml_scanpipe_top:pipeline|touch_capture_top:touch_path|xpt2046_reader:reader|divider[10]  ; proc_clk     ; proc_clk    ; 0.000        ; 0.000      ; 0.805      ;
; 0.499 ; touch_ml_scanpipe_top:pipeline|touch_capture_top:touch_path|xpt2046_reader:reader|divider[11]  ; touch_ml_scanpipe_top:pipeline|touch_capture_top:touch_path|xpt2046_reader:reader|divider[11]  ; proc_clk     ; proc_clk    ; 0.000        ; 0.000      ; 0.805      ;
; 0.499 ; touch_ml_scanpipe_top:pipeline|touch_capture_top:touch_path|xpt2046_reader:reader|divider[12]  ; touch_ml_scanpipe_top:pipeline|touch_capture_top:touch_path|xpt2046_reader:reader|divider[12]  ; proc_clk     ; proc_clk    ; 0.000        ; 0.000      ; 0.805      ;
; 0.499 ; touch_ml_scanpipe_top:pipeline|touch_capture_top:touch_path|xpt2046_reader:reader|divider[13]  ; touch_ml_scanpipe_top:pipeline|touch_capture_top:touch_path|xpt2046_reader:reader|divider[13]  ; proc_clk     ; proc_clk    ; 0.000        ; 0.000      ; 0.805      ;
; 0.499 ; touch_ml_scanpipe_top:pipeline|touch_capture_top:touch_path|xpt2046_reader:reader|divider[14]  ; touch_ml_scanpipe_top:pipeline|touch_capture_top:touch_path|xpt2046_reader:reader|divider[14]  ; proc_clk     ; proc_clk    ; 0.000        ; 0.000      ; 0.805      ;
; 0.499 ; touch_ml_scanpipe_top:pipeline|touch_capture_top:touch_path|xpt2046_reader:reader|divider[15]  ; touch_ml_scanpipe_top:pipeline|touch_capture_top:touch_path|xpt2046_reader:reader|divider[15]  ; proc_clk     ; proc_clk    ; 0.000        ; 0.000      ; 0.805      ;
; 0.499 ; touch_ml_scanpipe_top:pipeline|touch_capture_top:touch_path|xpt2046_reader:reader|touch_sclk   ; touch_ml_scanpipe_top:pipeline|touch_capture_top:touch_path|xpt2046_reader:reader|touch_sclk   ; proc_clk     ; proc_clk    ; 0.000        ; 0.000      ; 0.805      ;
; 0.499 ; touch_ml_scanpipe_top:pipeline|touch_capture_top:touch_path|xpt2046_reader:reader|bit_index[0] ; touch_ml_scanpipe_top:pipeline|touch_capture_top:touch_path|xpt2046_reader:reader|bit_index[0] ; proc_clk     ; proc_clk    ; 0.000        ; 0.000      ; 0.805      ;
; 0.499 ; touch_ml_scanpipe_top:pipeline|touch_capture_top:touch_path|xpt2046_reader:reader|bit_index[1] ; touch_ml_scanpipe_top:pipeline|touch_capture_top:touch_path|xpt2046_reader:reader|bit_index[1] ; proc_clk     ; proc_clk    ; 0.000        ; 0.000      ; 0.805      ;
; 0.499 ; touch_ml_scanpipe_top:pipeline|touch_capture_top:touch_path|xpt2046_reader:reader|bit_index[2] ; touch_ml_scanpipe_top:pipeline|touch_capture_top:touch_path|xpt2046_reader:reader|bit_index[2] ; proc_clk     ; proc_clk    ; 0.000        ; 0.000      ; 0.805      ;
; 0.499 ; touch_ml_scanpipe_top:pipeline|touch_capture_top:touch_path|xpt2046_reader:reader|bit_index[3] ; touch_ml_scanpipe_top:pipeline|touch_capture_top:touch_path|xpt2046_reader:reader|bit_index[3] ; proc_clk     ; proc_clk    ; 0.000        ; 0.000      ; 0.805      ;
; 0.499 ; touch_ml_scanpipe_top:pipeline|touch_capture_top:touch_path|xpt2046_reader:reader|bit_index[4] ; touch_ml_scanpipe_top:pipeline|touch_capture_top:touch_path|xpt2046_reader:reader|bit_index[4] ; proc_clk     ; proc_clk    ; 0.000        ; 0.000      ; 0.805      ;
; 0.499 ; lcd_live_writer:lcd_writer|draw_dx[2]                                                          ; lcd_live_writer:lcd_writer|draw_dx[2]                                                          ; proc_clk     ; proc_clk    ; 0.000        ; 0.000      ; 0.805      ;
; 0.499 ; lcd_live_writer:lcd_writer|draw_dx[0]                                                          ; lcd_live_writer:lcd_writer|draw_dx[0]                                                          ; proc_clk     ; proc_clk    ; 0.000        ; 0.000      ; 0.805      ;
; 0.499 ; lcd_live_writer:lcd_writer|draw_dx[1]                                                          ; lcd_live_writer:lcd_writer|draw_dx[1]                                                          ; proc_clk     ; proc_clk    ; 0.000        ; 0.000      ; 0.805      ;
+-------+------------------------------------------------------------------------------------------------+------------------------------------------------------------------------------------------------+--------------+-------------+--------------+------------+------------+


+------------------------------------------------------------------------------------------------------------------------------------------------------------------------------------------------------+
; Slow Model Recovery: 'proc_clk'                                                                                                                                                                      ;
+---------+------------------+---------------------------------------------------------------------------------------------------+--------------+-------------+--------------+------------+------------+
; Slack   ; From Node        ; To Node                                                                                           ; Launch Clock ; Latch Clock ; Relationship ; Clock Skew ; Data Delay ;
+---------+------------------+---------------------------------------------------------------------------------------------------+--------------+-------------+--------------+------------+------------+
; 193.739 ; shutdown_latched ; touch_ml_scanpipe_top:pipeline|touch_capture_top:touch_path|xpt2046_reader:reader|state.S_START_Y ; proc_clk     ; proc_clk    ; 200.000      ; 0.010      ; 6.311      ;
; 193.739 ; shutdown_latched ; touch_ml_scanpipe_top:pipeline|touch_capture_top:touch_path|xpt2046_reader:reader|state.S_GAP     ; proc_clk     ; proc_clk    ; 200.000      ; 0.010      ; 6.311      ;
; 193.739 ; shutdown_latched ; touch_ml_scanpipe_top:pipeline|touch_capture_top:touch_path|xpt2046_reader:reader|state.S_WAIT    ; proc_clk     ; proc_clk    ; 200.000      ; 0.010      ; 6.311      ;
; 193.739 ; shutdown_latched ; touch_ml_scanpipe_top:pipeline|touch_capture_top:touch_path|xpt2046_reader:reader|state.S_IDLE    ; proc_clk     ; proc_clk    ; 200.000      ; 0.010      ; 6.311      ;
; 193.739 ; shutdown_latched ; touch_ml_scanpipe_top:pipeline|touch_capture_top:touch_path|xpt2046_reader:reader|axis_y          ; proc_clk     ; proc_clk    ; 200.000      ; 0.010      ; 6.311      ;
; 193.739 ; shutdown_latched ; touch_ml_scanpipe_top:pipeline|touch_capture_top:touch_path|xpt2046_reader:reader|state.S_SPI     ; proc_clk     ; proc_clk    ; 200.000      ; 0.010      ; 6.311      ;
; 193.739 ; shutdown_latched ; touch_ml_scanpipe_top:pipeline|touch_capture_top:touch_path|xpt2046_reader:reader|sample_valid    ; proc_clk     ; proc_clk    ; 200.000      ; 0.010      ; 6.311      ;
; 193.739 ; shutdown_latched ; touch_ml_scanpipe_top:pipeline|touch_capture_top:touch_path|xpt2046_reader:reader|touch_cs_n      ; proc_clk     ; proc_clk    ; 200.000      ; 0.010      ; 6.311      ;
; 194.176 ; shutdown_latched ; lcd_live_writer:lcd_writer|state.S_RESET                                                          ; proc_clk     ; proc_clk    ; 200.000      ; 0.028      ; 5.892      ;
; 194.176 ; shutdown_latched ; lcd_live_writer:lcd_writer|state.S_INIT_GAP                                                       ; proc_clk     ; proc_clk    ; 200.000      ; 0.028      ; 5.892      ;
; 194.176 ; shutdown_latched ; lcd_live_writer:lcd_writer|state.S_INIT_DONE_WAIT                                                 ; proc_clk     ; proc_clk    ; 200.000      ; 0.028      ; 5.892      ;
; 194.177 ; shutdown_latched ; lcd_live_writer:lcd_writer|init_index[2]                                                          ; proc_clk     ; proc_clk    ; 200.000      ; 0.026      ; 5.889      ;
; 194.177 ; shutdown_latched ; lcd_live_writer:lcd_writer|init_index[3]                                                          ; proc_clk     ; proc_clk    ; 200.000      ; 0.026      ; 5.889      ;
; 194.177 ; shutdown_latched ; lcd_live_writer:lcd_writer|init_index[4]                                                          ; proc_clk     ; proc_clk    ; 200.000      ; 0.026      ; 5.889      ;
; 194.177 ; shutdown_latched ; lcd_live_writer:lcd_writer|init_index[5]                                                          ; proc_clk     ; proc_clk    ; 200.000      ; 0.026      ; 5.889      ;
; 194.177 ; shutdown_latched ; lcd_live_writer:lcd_writer|init_index[6]                                                          ; proc_clk     ; proc_clk    ; 200.000      ; 0.026      ; 5.889      ;
; 194.177 ; shutdown_latched ; lcd_live_writer:lcd_writer|init_index[7]                                                          ; proc_clk     ; proc_clk    ; 200.000      ; 0.026      ; 5.889      ;
; 194.177 ; shutdown_latched ; lcd_live_writer:lcd_writer|clear_index[0]                                                         ; proc_clk     ; proc_clk    ; 200.000      ; 0.022      ; 5.885      ;
; 194.177 ; shutdown_latched ; lcd_live_writer:lcd_writer|clear_index[1]                                                         ; proc_clk     ; proc_clk    ; 200.000      ; 0.022      ; 5.885      ;
; 194.177 ; shutdown_latched ; lcd_live_writer:lcd_writer|clear_index[2]                                                         ; proc_clk     ; proc_clk    ; 200.000      ; 0.022      ; 5.885      ;
; 194.177 ; shutdown_latched ; lcd_live_writer:lcd_writer|clear_index[3]                                                         ; proc_clk     ; proc_clk    ; 200.000      ; 0.022      ; 5.885      ;
; 194.177 ; shutdown_latched ; lcd_live_writer:lcd_writer|clear_index[4]                                                         ; proc_clk     ; proc_clk    ; 200.000      ; 0.022      ; 5.885      ;
; 194.177 ; shutdown_latched ; lcd_live_writer:lcd_writer|clear_index[5]                                                         ; proc_clk     ; proc_clk    ; 200.000      ; 0.022      ; 5.885      ;
; 194.177 ; shutdown_latched ; lcd_live_writer:lcd_writer|clear_index[6]                                                         ; proc_clk     ; proc_clk    ; 200.000      ; 0.022      ; 5.885      ;
; 194.177 ; shutdown_latched ; lcd_live_writer:lcd_writer|clear_index[7]                                                         ; proc_clk     ; proc_clk    ; 200.000      ; 0.022      ; 5.885      ;
; 194.177 ; shutdown_latched ; lcd_live_writer:lcd_writer|clear_index[8]                                                         ; proc_clk     ; proc_clk    ; 200.000      ; 0.021      ; 5.884      ;
; 194.177 ; shutdown_latched ; lcd_live_writer:lcd_writer|clear_index[9]                                                         ; proc_clk     ; proc_clk    ; 200.000      ; 0.021      ; 5.884      ;
; 194.177 ; shutdown_latched ; lcd_live_writer:lcd_writer|clear_index[10]                                                        ; proc_clk     ; proc_clk    ; 200.000      ; 0.021      ; 5.884      ;
; 194.177 ; shutdown_latched ; lcd_live_writer:lcd_writer|clear_index[11]                                                        ; proc_clk     ; proc_clk    ; 200.000      ; 0.021      ; 5.884      ;
; 194.177 ; shutdown_latched ; lcd_live_writer:lcd_writer|clear_index[12]                                                        ; proc_clk     ; proc_clk    ; 200.000      ; 0.021      ; 5.884      ;
; 194.177 ; shutdown_latched ; lcd_live_writer:lcd_writer|clear_index[13]                                                        ; proc_clk     ; proc_clk    ; 200.000      ; 0.021      ; 5.884      ;
; 194.177 ; shutdown_latched ; lcd_live_writer:lcd_writer|clear_index[14]                                                        ; proc_clk     ; proc_clk    ; 200.000      ; 0.021      ; 5.884      ;
; 194.177 ; shutdown_latched ; lcd_live_writer:lcd_writer|clear_index[15]                                                        ; proc_clk     ; proc_clk    ; 200.000      ; 0.021      ; 5.884      ;
; 194.177 ; shutdown_latched ; lcd_live_writer:lcd_writer|delay_count[0]                                                         ; proc_clk     ; proc_clk    ; 200.000      ; 0.022      ; 5.885      ;
; 194.177 ; shutdown_latched ; lcd_live_writer:lcd_writer|delay_count[1]                                                         ; proc_clk     ; proc_clk    ; 200.000      ; 0.022      ; 5.885      ;
; 194.177 ; shutdown_latched ; lcd_live_writer:lcd_writer|delay_count[2]                                                         ; proc_clk     ; proc_clk    ; 200.000      ; 0.022      ; 5.885      ;
; 194.177 ; shutdown_latched ; lcd_live_writer:lcd_writer|delay_count[3]                                                         ; proc_clk     ; proc_clk    ; 200.000      ; 0.022      ; 5.885      ;
; 194.177 ; shutdown_latched ; lcd_live_writer:lcd_writer|delay_count[4]                                                         ; proc_clk     ; proc_clk    ; 200.000      ; 0.022      ; 5.885      ;
; 194.177 ; shutdown_latched ; lcd_live_writer:lcd_writer|delay_count[5]                                                         ; proc_clk     ; proc_clk    ; 200.000      ; 0.022      ; 5.885      ;
; 194.177 ; shutdown_latched ; lcd_live_writer:lcd_writer|delay_count[6]                                                         ; proc_clk     ; proc_clk    ; 200.000      ; 0.022      ; 5.885      ;
; 194.177 ; shutdown_latched ; lcd_live_writer:lcd_writer|delay_count[7]                                                         ; proc_clk     ; proc_clk    ; 200.000      ; 0.022      ; 5.885      ;
; 194.177 ; shutdown_latched ; lcd_live_writer:lcd_writer|delay_count[8]                                                         ; proc_clk     ; proc_clk    ; 200.000      ; 0.022      ; 5.885      ;
; 194.177 ; shutdown_latched ; lcd_live_writer:lcd_writer|delay_count[9]                                                         ; proc_clk     ; proc_clk    ; 200.000      ; 0.022      ; 5.885      ;
; 194.177 ; shutdown_latched ; lcd_live_writer:lcd_writer|delay_count[10]                                                        ; proc_clk     ; proc_clk    ; 200.000      ; 0.022      ; 5.885      ;
; 194.177 ; shutdown_latched ; lcd_live_writer:lcd_writer|delay_count[11]                                                        ; proc_clk     ; proc_clk    ; 200.000      ; 0.022      ; 5.885      ;
; 194.177 ; shutdown_latched ; lcd_live_writer:lcd_writer|delay_count[12]                                                        ; proc_clk     ; proc_clk    ; 200.000      ; 0.022      ; 5.885      ;
; 194.177 ; shutdown_latched ; lcd_live_writer:lcd_writer|delay_count[13]                                                        ; proc_clk     ; proc_clk    ; 200.000      ; 0.022      ; 5.885      ;
; 194.177 ; shutdown_latched ; lcd_live_writer:lcd_writer|delay_count[14]                                                        ; proc_clk     ; proc_clk    ; 200.000      ; 0.022      ; 5.885      ;
; 194.177 ; shutdown_latched ; lcd_live_writer:lcd_writer|delay_count[16]                                                        ; proc_clk     ; proc_clk    ; 200.000      ; 0.017      ; 5.880      ;
; 194.177 ; shutdown_latched ; lcd_live_writer:lcd_writer|delay_count[17]                                                        ; proc_clk     ; proc_clk    ; 200.000      ; 0.017      ; 5.880      ;
; 194.177 ; shutdown_latched ; lcd_live_writer:lcd_writer|delay_count[18]                                                        ; proc_clk     ; proc_clk    ; 200.000      ; 0.017      ; 5.880      ;
; 194.177 ; shutdown_latched ; lcd_live_writer:lcd_writer|delay_count[20]                                                        ; proc_clk     ; proc_clk    ; 200.000      ; 0.017      ; 5.880      ;
; 194.177 ; shutdown_latched ; lcd_live_writer:lcd_writer|delay_count[21]                                                        ; proc_clk     ; proc_clk    ; 200.000      ; 0.017      ; 5.880      ;
; 194.177 ; shutdown_latched ; lcd_live_writer:lcd_writer|delay_count[22]                                                        ; proc_clk     ; proc_clk    ; 200.000      ; 0.017      ; 5.880      ;
; 194.177 ; shutdown_latched ; lcd_live_writer:lcd_writer|delay_count[23]                                                        ; proc_clk     ; proc_clk    ; 200.000      ; 0.017      ; 5.880      ;
; 194.177 ; shutdown_latched ; lcd_live_writer:lcd_writer|delay_count[24]                                                        ; proc_clk     ; proc_clk    ; 200.000      ; 0.017      ; 5.880      ;
; 194.177 ; shutdown_latched ; lcd_live_writer:lcd_writer|delay_count[25]                                                        ; proc_clk     ; proc_clk    ; 200.000      ; 0.017      ; 5.880      ;
; 194.177 ; shutdown_latched ; lcd_live_writer:lcd_writer|delay_count[26]                                                        ; proc_clk     ; proc_clk    ; 200.000      ; 0.017      ; 5.880      ;
; 194.177 ; shutdown_latched ; lcd_live_writer:lcd_writer|delay_count[27]                                                        ; proc_clk     ; proc_clk    ; 200.000      ; 0.017      ; 5.880      ;
; 194.177 ; shutdown_latched ; lcd_live_writer:lcd_writer|delay_count[28]                                                        ; proc_clk     ; proc_clk    ; 200.000      ; 0.017      ; 5.880      ;
; 194.177 ; shutdown_latched ; lcd_live_writer:lcd_writer|delay_count[29]                                                        ; proc_clk     ; proc_clk    ; 200.000      ; 0.017      ; 5.880      ;
; 194.177 ; shutdown_latched ; lcd_live_writer:lcd_writer|delay_count[30]                                                        ; proc_clk     ; proc_clk    ; 200.000      ; 0.017      ; 5.880      ;
; 194.177 ; shutdown_latched ; lcd_live_writer:lcd_writer|delay_count[31]                                                        ; proc_clk     ; proc_clk    ; 200.000      ; 0.017      ; 5.880      ;
; 194.177 ; shutdown_latched ; lcd_live_writer:lcd_writer|delay_count[19]                                                        ; proc_clk     ; proc_clk    ; 200.000      ; 0.017      ; 5.880      ;
; 194.177 ; shutdown_latched ; lcd_live_writer:lcd_writer|state.S_CLEAR_X                                                        ; proc_clk     ; proc_clk    ; 200.000      ; 0.025      ; 5.888      ;
; 194.177 ; shutdown_latched ; lcd_live_writer:lcd_writer|state.S_CLEAR_XP                                                       ; proc_clk     ; proc_clk    ; 200.000      ; 0.024      ; 5.887      ;
; 194.177 ; shutdown_latched ; lcd_live_writer:lcd_writer|state.S_CLEAR_Y                                                        ; proc_clk     ; proc_clk    ; 200.000      ; 0.024      ; 5.887      ;
; 194.177 ; shutdown_latched ; lcd_live_writer:lcd_writer|state.S_CLEAR_YP                                                       ; proc_clk     ; proc_clk    ; 200.000      ; 0.024      ; 5.887      ;
; 194.177 ; shutdown_latched ; lcd_live_writer:lcd_writer|state.S_CLEAR_RAM                                                      ; proc_clk     ; proc_clk    ; 200.000      ; 0.024      ; 5.887      ;
; 194.177 ; shutdown_latched ; lcd_live_writer:lcd_writer|state.S_CLEAR_RAMP                                                     ; proc_clk     ; proc_clk    ; 200.000      ; 0.024      ; 5.887      ;
; 194.177 ; shutdown_latched ; lcd_live_writer:lcd_writer|state.S_CLEAR_NEXT                                                     ; proc_clk     ; proc_clk    ; 200.000      ; 0.029      ; 5.892      ;
; 194.177 ; shutdown_latched ; touch_ml_scanpipe_top:pipeline|touch_capture_top:touch_path|xpt2046_reader:reader|divider[0]      ; proc_clk     ; proc_clk    ; 200.000      ; 0.024      ; 5.887      ;
; 194.177 ; shutdown_latched ; touch_ml_scanpipe_top:pipeline|touch_capture_top:touch_path|xpt2046_reader:reader|divider[1]      ; proc_clk     ; proc_clk    ; 200.000      ; 0.024      ; 5.887      ;
; 194.177 ; shutdown_latched ; touch_ml_scanpipe_top:pipeline|touch_capture_top:touch_path|xpt2046_reader:reader|divider[2]      ; proc_clk     ; proc_clk    ; 200.000      ; 0.024      ; 5.887      ;
; 194.177 ; shutdown_latched ; touch_ml_scanpipe_top:pipeline|touch_capture_top:touch_path|xpt2046_reader:reader|divider[3]      ; proc_clk     ; proc_clk    ; 200.000      ; 0.024      ; 5.887      ;
; 194.177 ; shutdown_latched ; touch_ml_scanpipe_top:pipeline|touch_capture_top:touch_path|xpt2046_reader:reader|divider[4]      ; proc_clk     ; proc_clk    ; 200.000      ; 0.024      ; 5.887      ;
; 194.177 ; shutdown_latched ; touch_ml_scanpipe_top:pipeline|touch_capture_top:touch_path|xpt2046_reader:reader|divider[5]      ; proc_clk     ; proc_clk    ; 200.000      ; 0.024      ; 5.887      ;
; 194.177 ; shutdown_latched ; touch_ml_scanpipe_top:pipeline|touch_capture_top:touch_path|xpt2046_reader:reader|divider[6]      ; proc_clk     ; proc_clk    ; 200.000      ; 0.024      ; 5.887      ;
; 194.177 ; shutdown_latched ; touch_ml_scanpipe_top:pipeline|touch_capture_top:touch_path|xpt2046_reader:reader|divider[7]      ; proc_clk     ; proc_clk    ; 200.000      ; 0.024      ; 5.887      ;
; 194.177 ; shutdown_latched ; touch_ml_scanpipe_top:pipeline|touch_capture_top:touch_path|xpt2046_reader:reader|divider[8]      ; proc_clk     ; proc_clk    ; 200.000      ; 0.024      ; 5.887      ;
; 194.177 ; shutdown_latched ; touch_ml_scanpipe_top:pipeline|touch_capture_top:touch_path|xpt2046_reader:reader|divider[9]      ; proc_clk     ; proc_clk    ; 200.000      ; 0.024      ; 5.887      ;
; 194.177 ; shutdown_latched ; touch_ml_scanpipe_top:pipeline|touch_capture_top:touch_path|xpt2046_reader:reader|divider[10]     ; proc_clk     ; proc_clk    ; 200.000      ; 0.024      ; 5.887      ;
; 194.177 ; shutdown_latched ; touch_ml_scanpipe_top:pipeline|touch_capture_top:touch_path|xpt2046_reader:reader|divider[11]     ; proc_clk     ; proc_clk    ; 200.000      ; 0.024      ; 5.887      ;
; 194.177 ; shutdown_latched ; touch_ml_scanpipe_top:pipeline|touch_capture_top:touch_path|xpt2046_reader:reader|divider[12]     ; proc_clk     ; proc_clk    ; 200.000      ; 0.024      ; 5.887      ;
; 194.177 ; shutdown_latched ; touch_ml_scanpipe_top:pipeline|touch_capture_top:touch_path|xpt2046_reader:reader|divider[13]     ; proc_clk     ; proc_clk    ; 200.000      ; 0.024      ; 5.887      ;
; 194.177 ; shutdown_latched ; touch_ml_scanpipe_top:pipeline|touch_capture_top:touch_path|xpt2046_reader:reader|divider[14]     ; proc_clk     ; proc_clk    ; 200.000      ; 0.024      ; 5.887      ;
; 194.177 ; shutdown_latched ; touch_ml_scanpipe_top:pipeline|touch_capture_top:touch_path|xpt2046_reader:reader|divider[15]     ; proc_clk     ; proc_clk    ; 200.000      ; 0.024      ; 5.887      ;
; 194.177 ; shutdown_latched ; touch_ml_scanpipe_top:pipeline|touch_capture_top:touch_path|xpt2046_reader:reader|touch_sclk      ; proc_clk     ; proc_clk    ; 200.000      ; 0.013      ; 5.876      ;
; 194.177 ; shutdown_latched ; touch_ml_scanpipe_top:pipeline|touch_capture_top:touch_path|xpt2046_reader:reader|bit_index[0]    ; proc_clk     ; proc_clk    ; 200.000      ; 0.010      ; 5.873      ;
; 194.177 ; shutdown_latched ; touch_ml_scanpipe_top:pipeline|touch_capture_top:touch_path|xpt2046_reader:reader|bit_index[1]    ; proc_clk     ; proc_clk    ; 200.000      ; 0.010      ; 5.873      ;
; 194.177 ; shutdown_latched ; touch_ml_scanpipe_top:pipeline|touch_capture_top:touch_path|xpt2046_reader:reader|bit_index[2]    ; proc_clk     ; proc_clk    ; 200.000      ; 0.010      ; 5.873      ;
; 194.177 ; shutdown_latched ; touch_ml_scanpipe_top:pipeline|touch_capture_top:touch_path|xpt2046_reader:reader|bit_index[3]    ; proc_clk     ; proc_clk    ; 200.000      ; 0.010      ; 5.873      ;
; 194.177 ; shutdown_latched ; touch_ml_scanpipe_top:pipeline|touch_capture_top:touch_path|xpt2046_reader:reader|bit_index[4]    ; proc_clk     ; proc_clk    ; 200.000      ; 0.010      ; 5.873      ;
; 194.177 ; shutdown_latched ; lcd_live_writer:lcd_writer|state.S_DRAW_X                                                         ; proc_clk     ; proc_clk    ; 200.000      ; 0.018      ; 5.881      ;
; 194.177 ; shutdown_latched ; lcd_live_writer:lcd_writer|state.S_DRAW_XP                                                        ; proc_clk     ; proc_clk    ; 200.000      ; 0.020      ; 5.883      ;
; 194.177 ; shutdown_latched ; lcd_live_writer:lcd_writer|state.S_DRAW_Y                                                         ; proc_clk     ; proc_clk    ; 200.000      ; 0.024      ; 5.887      ;
; 194.177 ; shutdown_latched ; lcd_live_writer:lcd_writer|state.S_DRAW_YP                                                        ; proc_clk     ; proc_clk    ; 200.000      ; 0.012      ; 5.875      ;
; 194.177 ; shutdown_latched ; lcd_live_writer:lcd_writer|state.S_DRAW_RAM                                                       ; proc_clk     ; proc_clk    ; 200.000      ; 0.024      ; 5.887      ;
; 194.177 ; shutdown_latched ; lcd_live_writer:lcd_writer|state.S_DRAW_RAMP                                                      ; proc_clk     ; proc_clk    ; 200.000      ; 0.024      ; 5.887      ;
; 194.177 ; shutdown_latched ; lcd_live_writer:lcd_writer|state.S_DRAW_NEXT                                                      ; proc_clk     ; proc_clk    ; 200.000      ; 0.018      ; 5.881      ;
+---------+------------------+---------------------------------------------------------------------------------------------------+--------------+-------------+--------------+------------+------------+


+-------------------------------------------------------------------------------------------------------------------------------------------------------------------------------------------------+
; Slow Model Removal: 'proc_clk'                                                                                                                                                                  ;
+-------+------------------+------------------------------------------------------------------------------------------------+--------------+-------------+--------------+------------+------------+
; Slack ; From Node        ; To Node                                                                                        ; Launch Clock ; Latch Clock ; Relationship ; Clock Skew ; Data Delay ;
+-------+------------------+------------------------------------------------------------------------------------------------+--------------+-------------+--------------+------------+------------+
; 5.557 ; shutdown_latched ; lcd_live_writer:lcd_writer|init_index[2]                                                       ; proc_clk     ; proc_clk    ; 0.000        ; 0.026      ; 5.889      ;
; 5.557 ; shutdown_latched ; lcd_live_writer:lcd_writer|init_index[3]                                                       ; proc_clk     ; proc_clk    ; 0.000        ; 0.026      ; 5.889      ;
; 5.557 ; shutdown_latched ; lcd_live_writer:lcd_writer|init_index[4]                                                       ; proc_clk     ; proc_clk    ; 0.000        ; 0.026      ; 5.889      ;
; 5.557 ; shutdown_latched ; lcd_live_writer:lcd_writer|init_index[5]                                                       ; proc_clk     ; proc_clk    ; 0.000        ; 0.026      ; 5.889      ;
; 5.557 ; shutdown_latched ; lcd_live_writer:lcd_writer|init_index[6]                                                       ; proc_clk     ; proc_clk    ; 0.000        ; 0.026      ; 5.889      ;
; 5.557 ; shutdown_latched ; lcd_live_writer:lcd_writer|init_index[7]                                                       ; proc_clk     ; proc_clk    ; 0.000        ; 0.026      ; 5.889      ;
; 5.557 ; shutdown_latched ; lcd_live_writer:lcd_writer|clear_index[0]                                                      ; proc_clk     ; proc_clk    ; 0.000        ; 0.022      ; 5.885      ;
; 5.557 ; shutdown_latched ; lcd_live_writer:lcd_writer|clear_index[1]                                                      ; proc_clk     ; proc_clk    ; 0.000        ; 0.022      ; 5.885      ;
; 5.557 ; shutdown_latched ; lcd_live_writer:lcd_writer|clear_index[2]                                                      ; proc_clk     ; proc_clk    ; 0.000        ; 0.022      ; 5.885      ;
; 5.557 ; shutdown_latched ; lcd_live_writer:lcd_writer|clear_index[3]                                                      ; proc_clk     ; proc_clk    ; 0.000        ; 0.022      ; 5.885      ;
; 5.557 ; shutdown_latched ; lcd_live_writer:lcd_writer|clear_index[4]                                                      ; proc_clk     ; proc_clk    ; 0.000        ; 0.022      ; 5.885      ;
; 5.557 ; shutdown_latched ; lcd_live_writer:lcd_writer|clear_index[5]                                                      ; proc_clk     ; proc_clk    ; 0.000        ; 0.022      ; 5.885      ;
; 5.557 ; shutdown_latched ; lcd_live_writer:lcd_writer|clear_index[6]                                                      ; proc_clk     ; proc_clk    ; 0.000        ; 0.022      ; 5.885      ;
; 5.557 ; shutdown_latched ; lcd_live_writer:lcd_writer|clear_index[7]                                                      ; proc_clk     ; proc_clk    ; 0.000        ; 0.022      ; 5.885      ;
; 5.557 ; shutdown_latched ; lcd_live_writer:lcd_writer|clear_index[8]                                                      ; proc_clk     ; proc_clk    ; 0.000        ; 0.021      ; 5.884      ;
; 5.557 ; shutdown_latched ; lcd_live_writer:lcd_writer|clear_index[9]                                                      ; proc_clk     ; proc_clk    ; 0.000        ; 0.021      ; 5.884      ;
; 5.557 ; shutdown_latched ; lcd_live_writer:lcd_writer|clear_index[10]                                                     ; proc_clk     ; proc_clk    ; 0.000        ; 0.021      ; 5.884      ;
; 5.557 ; shutdown_latched ; lcd_live_writer:lcd_writer|clear_index[11]                                                     ; proc_clk     ; proc_clk    ; 0.000        ; 0.021      ; 5.884      ;
; 5.557 ; shutdown_latched ; lcd_live_writer:lcd_writer|clear_index[12]                                                     ; proc_clk     ; proc_clk    ; 0.000        ; 0.021      ; 5.884      ;
; 5.557 ; shutdown_latched ; lcd_live_writer:lcd_writer|clear_index[13]                                                     ; proc_clk     ; proc_clk    ; 0.000        ; 0.021      ; 5.884      ;
; 5.557 ; shutdown_latched ; lcd_live_writer:lcd_writer|clear_index[14]                                                     ; proc_clk     ; proc_clk    ; 0.000        ; 0.021      ; 5.884      ;
; 5.557 ; shutdown_latched ; lcd_live_writer:lcd_writer|clear_index[15]                                                     ; proc_clk     ; proc_clk    ; 0.000        ; 0.021      ; 5.884      ;
; 5.557 ; shutdown_latched ; lcd_live_writer:lcd_writer|delay_count[0]                                                      ; proc_clk     ; proc_clk    ; 0.000        ; 0.022      ; 5.885      ;
; 5.557 ; shutdown_latched ; lcd_live_writer:lcd_writer|delay_count[1]                                                      ; proc_clk     ; proc_clk    ; 0.000        ; 0.022      ; 5.885      ;
; 5.557 ; shutdown_latched ; lcd_live_writer:lcd_writer|delay_count[2]                                                      ; proc_clk     ; proc_clk    ; 0.000        ; 0.022      ; 5.885      ;
; 5.557 ; shutdown_latched ; lcd_live_writer:lcd_writer|delay_count[3]                                                      ; proc_clk     ; proc_clk    ; 0.000        ; 0.022      ; 5.885      ;
; 5.557 ; shutdown_latched ; lcd_live_writer:lcd_writer|delay_count[4]                                                      ; proc_clk     ; proc_clk    ; 0.000        ; 0.022      ; 5.885      ;
; 5.557 ; shutdown_latched ; lcd_live_writer:lcd_writer|delay_count[5]                                                      ; proc_clk     ; proc_clk    ; 0.000        ; 0.022      ; 5.885      ;
; 5.557 ; shutdown_latched ; lcd_live_writer:lcd_writer|delay_count[6]                                                      ; proc_clk     ; proc_clk    ; 0.000        ; 0.022      ; 5.885      ;
; 5.557 ; shutdown_latched ; lcd_live_writer:lcd_writer|delay_count[7]                                                      ; proc_clk     ; proc_clk    ; 0.000        ; 0.022      ; 5.885      ;
; 5.557 ; shutdown_latched ; lcd_live_writer:lcd_writer|delay_count[8]                                                      ; proc_clk     ; proc_clk    ; 0.000        ; 0.022      ; 5.885      ;
; 5.557 ; shutdown_latched ; lcd_live_writer:lcd_writer|delay_count[9]                                                      ; proc_clk     ; proc_clk    ; 0.000        ; 0.022      ; 5.885      ;
; 5.557 ; shutdown_latched ; lcd_live_writer:lcd_writer|delay_count[10]                                                     ; proc_clk     ; proc_clk    ; 0.000        ; 0.022      ; 5.885      ;
; 5.557 ; shutdown_latched ; lcd_live_writer:lcd_writer|delay_count[11]                                                     ; proc_clk     ; proc_clk    ; 0.000        ; 0.022      ; 5.885      ;
; 5.557 ; shutdown_latched ; lcd_live_writer:lcd_writer|delay_count[12]                                                     ; proc_clk     ; proc_clk    ; 0.000        ; 0.022      ; 5.885      ;
; 5.557 ; shutdown_latched ; lcd_live_writer:lcd_writer|delay_count[13]                                                     ; proc_clk     ; proc_clk    ; 0.000        ; 0.022      ; 5.885      ;
; 5.557 ; shutdown_latched ; lcd_live_writer:lcd_writer|delay_count[14]                                                     ; proc_clk     ; proc_clk    ; 0.000        ; 0.022      ; 5.885      ;
; 5.557 ; shutdown_latched ; lcd_live_writer:lcd_writer|delay_count[16]                                                     ; proc_clk     ; proc_clk    ; 0.000        ; 0.017      ; 5.880      ;
; 5.557 ; shutdown_latched ; lcd_live_writer:lcd_writer|delay_count[17]                                                     ; proc_clk     ; proc_clk    ; 0.000        ; 0.017      ; 5.880      ;
; 5.557 ; shutdown_latched ; lcd_live_writer:lcd_writer|delay_count[18]                                                     ; proc_clk     ; proc_clk    ; 0.000        ; 0.017      ; 5.880      ;
; 5.557 ; shutdown_latched ; lcd_live_writer:lcd_writer|delay_count[20]                                                     ; proc_clk     ; proc_clk    ; 0.000        ; 0.017      ; 5.880      ;
; 5.557 ; shutdown_latched ; lcd_live_writer:lcd_writer|delay_count[21]                                                     ; proc_clk     ; proc_clk    ; 0.000        ; 0.017      ; 5.880      ;
; 5.557 ; shutdown_latched ; lcd_live_writer:lcd_writer|delay_count[22]                                                     ; proc_clk     ; proc_clk    ; 0.000        ; 0.017      ; 5.880      ;
; 5.557 ; shutdown_latched ; lcd_live_writer:lcd_writer|delay_count[23]                                                     ; proc_clk     ; proc_clk    ; 0.000        ; 0.017      ; 5.880      ;
; 5.557 ; shutdown_latched ; lcd_live_writer:lcd_writer|delay_count[24]                                                     ; proc_clk     ; proc_clk    ; 0.000        ; 0.017      ; 5.880      ;
; 5.557 ; shutdown_latched ; lcd_live_writer:lcd_writer|delay_count[25]                                                     ; proc_clk     ; proc_clk    ; 0.000        ; 0.017      ; 5.880      ;
; 5.557 ; shutdown_latched ; lcd_live_writer:lcd_writer|delay_count[26]                                                     ; proc_clk     ; proc_clk    ; 0.000        ; 0.017      ; 5.880      ;
; 5.557 ; shutdown_latched ; lcd_live_writer:lcd_writer|delay_count[27]                                                     ; proc_clk     ; proc_clk    ; 0.000        ; 0.017      ; 5.880      ;
; 5.557 ; shutdown_latched ; lcd_live_writer:lcd_writer|delay_count[28]                                                     ; proc_clk     ; proc_clk    ; 0.000        ; 0.017      ; 5.880      ;
; 5.557 ; shutdown_latched ; lcd_live_writer:lcd_writer|delay_count[29]                                                     ; proc_clk     ; proc_clk    ; 0.000        ; 0.017      ; 5.880      ;
; 5.557 ; shutdown_latched ; lcd_live_writer:lcd_writer|delay_count[30]                                                     ; proc_clk     ; proc_clk    ; 0.000        ; 0.017      ; 5.880      ;
; 5.557 ; shutdown_latched ; lcd_live_writer:lcd_writer|delay_count[31]                                                     ; proc_clk     ; proc_clk    ; 0.000        ; 0.017      ; 5.880      ;
; 5.557 ; shutdown_latched ; lcd_live_writer:lcd_writer|delay_count[19]                                                     ; proc_clk     ; proc_clk    ; 0.000        ; 0.017      ; 5.880      ;
; 5.557 ; shutdown_latched ; lcd_live_writer:lcd_writer|state.S_CLEAR_X                                                     ; proc_clk     ; proc_clk    ; 0.000        ; 0.025      ; 5.888      ;
; 5.557 ; shutdown_latched ; lcd_live_writer:lcd_writer|state.S_CLEAR_XP                                                    ; proc_clk     ; proc_clk    ; 0.000        ; 0.024      ; 5.887      ;
; 5.557 ; shutdown_latched ; lcd_live_writer:lcd_writer|state.S_CLEAR_Y                                                     ; proc_clk     ; proc_clk    ; 0.000        ; 0.024      ; 5.887      ;
; 5.557 ; shutdown_latched ; lcd_live_writer:lcd_writer|state.S_CLEAR_YP                                                    ; proc_clk     ; proc_clk    ; 0.000        ; 0.024      ; 5.887      ;
; 5.557 ; shutdown_latched ; lcd_live_writer:lcd_writer|state.S_CLEAR_RAM                                                   ; proc_clk     ; proc_clk    ; 0.000        ; 0.024      ; 5.887      ;
; 5.557 ; shutdown_latched ; lcd_live_writer:lcd_writer|state.S_CLEAR_RAMP                                                  ; proc_clk     ; proc_clk    ; 0.000        ; 0.024      ; 5.887      ;
; 5.557 ; shutdown_latched ; lcd_live_writer:lcd_writer|state.S_CLEAR_NEXT                                                  ; proc_clk     ; proc_clk    ; 0.000        ; 0.029      ; 5.892      ;
; 5.557 ; shutdown_latched ; touch_ml_scanpipe_top:pipeline|touch_capture_top:touch_path|xpt2046_reader:reader|divider[0]   ; proc_clk     ; proc_clk    ; 0.000        ; 0.024      ; 5.887      ;
; 5.557 ; shutdown_latched ; touch_ml_scanpipe_top:pipeline|touch_capture_top:touch_path|xpt2046_reader:reader|divider[1]   ; proc_clk     ; proc_clk    ; 0.000        ; 0.024      ; 5.887      ;
; 5.557 ; shutdown_latched ; touch_ml_scanpipe_top:pipeline|touch_capture_top:touch_path|xpt2046_reader:reader|divider[2]   ; proc_clk     ; proc_clk    ; 0.000        ; 0.024      ; 5.887      ;
; 5.557 ; shutdown_latched ; touch_ml_scanpipe_top:pipeline|touch_capture_top:touch_path|xpt2046_reader:reader|divider[3]   ; proc_clk     ; proc_clk    ; 0.000        ; 0.024      ; 5.887      ;
; 5.557 ; shutdown_latched ; touch_ml_scanpipe_top:pipeline|touch_capture_top:touch_path|xpt2046_reader:reader|divider[4]   ; proc_clk     ; proc_clk    ; 0.000        ; 0.024      ; 5.887      ;
; 5.557 ; shutdown_latched ; touch_ml_scanpipe_top:pipeline|touch_capture_top:touch_path|xpt2046_reader:reader|divider[5]   ; proc_clk     ; proc_clk    ; 0.000        ; 0.024      ; 5.887      ;
; 5.557 ; shutdown_latched ; touch_ml_scanpipe_top:pipeline|touch_capture_top:touch_path|xpt2046_reader:reader|divider[6]   ; proc_clk     ; proc_clk    ; 0.000        ; 0.024      ; 5.887      ;
; 5.557 ; shutdown_latched ; touch_ml_scanpipe_top:pipeline|touch_capture_top:touch_path|xpt2046_reader:reader|divider[7]   ; proc_clk     ; proc_clk    ; 0.000        ; 0.024      ; 5.887      ;
; 5.557 ; shutdown_latched ; touch_ml_scanpipe_top:pipeline|touch_capture_top:touch_path|xpt2046_reader:reader|divider[8]   ; proc_clk     ; proc_clk    ; 0.000        ; 0.024      ; 5.887      ;
; 5.557 ; shutdown_latched ; touch_ml_scanpipe_top:pipeline|touch_capture_top:touch_path|xpt2046_reader:reader|divider[9]   ; proc_clk     ; proc_clk    ; 0.000        ; 0.024      ; 5.887      ;
; 5.557 ; shutdown_latched ; touch_ml_scanpipe_top:pipeline|touch_capture_top:touch_path|xpt2046_reader:reader|divider[10]  ; proc_clk     ; proc_clk    ; 0.000        ; 0.024      ; 5.887      ;
; 5.557 ; shutdown_latched ; touch_ml_scanpipe_top:pipeline|touch_capture_top:touch_path|xpt2046_reader:reader|divider[11]  ; proc_clk     ; proc_clk    ; 0.000        ; 0.024      ; 5.887      ;
; 5.557 ; shutdown_latched ; touch_ml_scanpipe_top:pipeline|touch_capture_top:touch_path|xpt2046_reader:reader|divider[12]  ; proc_clk     ; proc_clk    ; 0.000        ; 0.024      ; 5.887      ;
; 5.557 ; shutdown_latched ; touch_ml_scanpipe_top:pipeline|touch_capture_top:touch_path|xpt2046_reader:reader|divider[13]  ; proc_clk     ; proc_clk    ; 0.000        ; 0.024      ; 5.887      ;
; 5.557 ; shutdown_latched ; touch_ml_scanpipe_top:pipeline|touch_capture_top:touch_path|xpt2046_reader:reader|divider[14]  ; proc_clk     ; proc_clk    ; 0.000        ; 0.024      ; 5.887      ;
; 5.557 ; shutdown_latched ; touch_ml_scanpipe_top:pipeline|touch_capture_top:touch_path|xpt2046_reader:reader|divider[15]  ; proc_clk     ; proc_clk    ; 0.000        ; 0.024      ; 5.887      ;
; 5.557 ; shutdown_latched ; touch_ml_scanpipe_top:pipeline|touch_capture_top:touch_path|xpt2046_reader:reader|touch_sclk   ; proc_clk     ; proc_clk    ; 0.000        ; 0.013      ; 5.876      ;
; 5.557 ; shutdown_latched ; touch_ml_scanpipe_top:pipeline|touch_capture_top:touch_path|xpt2046_reader:reader|bit_index[0] ; proc_clk     ; proc_clk    ; 0.000        ; 0.010      ; 5.873      ;
; 5.557 ; shutdown_latched ; touch_ml_scanpipe_top:pipeline|touch_capture_top:touch_path|xpt2046_reader:reader|bit_index[1] ; proc_clk     ; proc_clk    ; 0.000        ; 0.010      ; 5.873      ;
; 5.557 ; shutdown_latched ; touch_ml_scanpipe_top:pipeline|touch_capture_top:touch_path|xpt2046_reader:reader|bit_index[2] ; proc_clk     ; proc_clk    ; 0.000        ; 0.010      ; 5.873      ;
; 5.557 ; shutdown_latched ; touch_ml_scanpipe_top:pipeline|touch_capture_top:touch_path|xpt2046_reader:reader|bit_index[3] ; proc_clk     ; proc_clk    ; 0.000        ; 0.010      ; 5.873      ;
; 5.557 ; shutdown_latched ; touch_ml_scanpipe_top:pipeline|touch_capture_top:touch_path|xpt2046_reader:reader|bit_index[4] ; proc_clk     ; proc_clk    ; 0.000        ; 0.010      ; 5.873      ;
; 5.557 ; shutdown_latched ; lcd_live_writer:lcd_writer|state.S_DRAW_X                                                      ; proc_clk     ; proc_clk    ; 0.000        ; 0.018      ; 5.881      ;
; 5.557 ; shutdown_latched ; lcd_live_writer:lcd_writer|state.S_DRAW_XP                                                     ; proc_clk     ; proc_clk    ; 0.000        ; 0.020      ; 5.883      ;
; 5.557 ; shutdown_latched ; lcd_live_writer:lcd_writer|state.S_DRAW_Y                                                      ; proc_clk     ; proc_clk    ; 0.000        ; 0.024      ; 5.887      ;
; 5.557 ; shutdown_latched ; lcd_live_writer:lcd_writer|state.S_DRAW_YP                                                     ; proc_clk     ; proc_clk    ; 0.000        ; 0.012      ; 5.875      ;
; 5.557 ; shutdown_latched ; lcd_live_writer:lcd_writer|state.S_DRAW_RAM                                                    ; proc_clk     ; proc_clk    ; 0.000        ; 0.024      ; 5.887      ;
; 5.557 ; shutdown_latched ; lcd_live_writer:lcd_writer|state.S_DRAW_RAMP                                                   ; proc_clk     ; proc_clk    ; 0.000        ; 0.024      ; 5.887      ;
; 5.557 ; shutdown_latched ; lcd_live_writer:lcd_writer|state.S_DRAW_NEXT                                                   ; proc_clk     ; proc_clk    ; 0.000        ; 0.018      ; 5.881      ;
; 5.557 ; shutdown_latched ; lcd_live_writer:lcd_writer|draw_dx[2]                                                          ; proc_clk     ; proc_clk    ; 0.000        ; 0.018      ; 5.881      ;
; 5.557 ; shutdown_latched ; lcd_live_writer:lcd_writer|draw_dx[0]                                                          ; proc_clk     ; proc_clk    ; 0.000        ; 0.018      ; 5.881      ;
; 5.557 ; shutdown_latched ; lcd_live_writer:lcd_writer|draw_dx[1]                                                          ; proc_clk     ; proc_clk    ; 0.000        ; 0.018      ; 5.881      ;
; 5.557 ; shutdown_latched ; lcd_live_writer:lcd_writer|draw_dy[0]                                                          ; proc_clk     ; proc_clk    ; 0.000        ; 0.018      ; 5.881      ;
; 5.557 ; shutdown_latched ; lcd_live_writer:lcd_writer|draw_dy[1]                                                          ; proc_clk     ; proc_clk    ; 0.000        ; 0.018      ; 5.881      ;
; 5.557 ; shutdown_latched ; lcd_live_writer:lcd_writer|draw_dy[2]                                                          ; proc_clk     ; proc_clk    ; 0.000        ; 0.018      ; 5.881      ;
; 5.557 ; shutdown_latched ; lcd_live_writer:lcd_writer|state.S_IDLE                                                        ; proc_clk     ; proc_clk    ; 0.000        ; 0.029      ; 5.892      ;
; 5.557 ; shutdown_latched ; lcd_live_writer:lcd_writer|init_index[0]                                                       ; proc_clk     ; proc_clk    ; 0.000        ; 0.027      ; 5.890      ;
; 5.557 ; shutdown_latched ; lcd_live_writer:lcd_writer|state.S_INIT_LOAD                                                   ; proc_clk     ; proc_clk    ; 0.000        ; 0.027      ; 5.890      ;
; 5.557 ; shutdown_latched ; lcd_live_writer:lcd_writer|state.S_INIT_PULSE                                                  ; proc_clk     ; proc_clk    ; 0.000        ; 0.027      ; 5.890      ;
; 5.557 ; shutdown_latched ; lcd_live_writer:lcd_writer|state.S_INIT_NEXT                                                   ; proc_clk     ; proc_clk    ; 0.000        ; 0.027      ; 5.890      ;
+-------+------------------+------------------------------------------------------------------------------------------------+--------------+-------------+--------------+------------+------------+


+---------------------------------------------------------------------------------------------------------+
; Slow Model Minimum Pulse Width: 'clk50'                                                                 ;
+--------+--------------+----------------+------------------+-------+------------+------------------------+
; Slack  ; Actual Width ; Required Width ; Type             ; Clock ; Clock Edge ; Target                 ;
+--------+--------------+----------------+------------------+-------+------------+------------------------+
; 8.758  ; 10.000       ; 1.242          ; High Pulse Width ; clk50 ; Rise       ; div_count[0]           ;
; 8.758  ; 10.000       ; 1.242          ; Low Pulse Width  ; clk50 ; Rise       ; div_count[0]           ;
; 8.758  ; 10.000       ; 1.242          ; High Pulse Width ; clk50 ; Rise       ; div_count[1]           ;
; 8.758  ; 10.000       ; 1.242          ; Low Pulse Width  ; clk50 ; Rise       ; div_count[1]           ;
; 8.758  ; 10.000       ; 1.242          ; High Pulse Width ; clk50 ; Rise       ; div_count[2]           ;
; 8.758  ; 10.000       ; 1.242          ; Low Pulse Width  ; clk50 ; Rise       ; div_count[2]           ;
; 8.758  ; 10.000       ; 1.242          ; High Pulse Width ; clk50 ; Rise       ; proc_clk               ;
; 8.758  ; 10.000       ; 1.242          ; Low Pulse Width  ; clk50 ; Rise       ; proc_clk               ;
; 10.000 ; 10.000       ; 0.000          ; High Pulse Width ; clk50 ; Rise       ; clk50|combout          ;
; 10.000 ; 10.000       ; 0.000          ; Low Pulse Width  ; clk50 ; Rise       ; clk50|combout          ;
; 10.000 ; 10.000       ; 0.000          ; High Pulse Width ; clk50 ; Rise       ; clk50~clkctrl|inclk[0] ;
; 10.000 ; 10.000       ; 0.000          ; Low Pulse Width  ; clk50 ; Rise       ; clk50~clkctrl|inclk[0] ;
; 10.000 ; 10.000       ; 0.000          ; High Pulse Width ; clk50 ; Rise       ; clk50~clkctrl|outclk   ;
; 10.000 ; 10.000       ; 0.000          ; Low Pulse Width  ; clk50 ; Rise       ; clk50~clkctrl|outclk   ;
; 10.000 ; 10.000       ; 0.000          ; High Pulse Width ; clk50 ; Rise       ; div_count[0]|clk       ;
; 10.000 ; 10.000       ; 0.000          ; Low Pulse Width  ; clk50 ; Rise       ; div_count[0]|clk       ;
; 10.000 ; 10.000       ; 0.000          ; High Pulse Width ; clk50 ; Rise       ; div_count[1]|clk       ;
; 10.000 ; 10.000       ; 0.000          ; Low Pulse Width  ; clk50 ; Rise       ; div_count[1]|clk       ;
; 10.000 ; 10.000       ; 0.000          ; High Pulse Width ; clk50 ; Rise       ; div_count[2]|clk       ;
; 10.000 ; 10.000       ; 0.000          ; Low Pulse Width  ; clk50 ; Rise       ; div_count[2]|clk       ;
; 10.000 ; 10.000       ; 0.000          ; High Pulse Width ; clk50 ; Rise       ; proc_clk|clk           ;
; 10.000 ; 10.000       ; 0.000          ; Low Pulse Width  ; clk50 ; Rise       ; proc_clk|clk           ;
; 17.059 ; 20.000       ; 2.941          ; Port Rate        ; clk50 ; Rise       ; clk50                  ;
+--------+--------------+----------------+------------------+-------+------------+------------------------+


+-----------------------------------------------------------------------------------------------------------------------------------------------------------------------------------------------------------------------------------------+
; Slow Model Minimum Pulse Width: 'proc_clk'                                                                                                                                                                                              ;
+--------+--------------+----------------+------------------+----------+------------+-----------------------------------------------------------------------------------------------------------------------------------------------------+
; Slack  ; Actual Width ; Required Width ; Type             ; Clock    ; Clock Edge ; Target                                                                                                                                              ;
+--------+--------------+----------------+------------------+----------+------------+-----------------------------------------------------------------------------------------------------------------------------------------------------+
; 96.933 ; 100.000      ; 3.067          ; High Pulse Width ; proc_clk ; Rise       ; touch_ml_scanpipe_top:pipeline|ml_inference_scanpipe:ml_path|altsyncram:hidden_rtl_0|altsyncram_sng1:auto_generated|ram_block1a0~porta_address_reg0 ;
; 96.933 ; 100.000      ; 3.067          ; Low Pulse Width  ; proc_clk ; Rise       ; touch_ml_scanpipe_top:pipeline|ml_inference_scanpipe:ml_path|altsyncram:hidden_rtl_0|altsyncram_sng1:auto_generated|ram_block1a0~porta_address_reg0 ;
; 96.933 ; 100.000      ; 3.067          ; High Pulse Width ; proc_clk ; Rise       ; touch_ml_scanpipe_top:pipeline|ml_inference_scanpipe:ml_path|altsyncram:hidden_rtl_0|altsyncram_sng1:auto_generated|ram_block1a0~porta_address_reg1 ;
; 96.933 ; 100.000      ; 3.067          ; Low Pulse Width  ; proc_clk ; Rise       ; touch_ml_scanpipe_top:pipeline|ml_inference_scanpipe:ml_path|altsyncram:hidden_rtl_0|altsyncram_sng1:auto_generated|ram_block1a0~porta_address_reg1 ;
; 96.933 ; 100.000      ; 3.067          ; High Pulse Width ; proc_clk ; Rise       ; touch_ml_scanpipe_top:pipeline|ml_inference_scanpipe:ml_path|altsyncram:hidden_rtl_0|altsyncram_sng1:auto_generated|ram_block1a0~porta_address_reg2 ;
; 96.933 ; 100.000      ; 3.067          ; Low Pulse Width  ; proc_clk ; Rise       ; touch_ml_scanpipe_top:pipeline|ml_inference_scanpipe:ml_path|altsyncram:hidden_rtl_0|altsyncram_sng1:auto_generated|ram_block1a0~porta_address_reg2 ;
; 96.933 ; 100.000      ; 3.067          ; High Pulse Width ; proc_clk ; Rise       ; touch_ml_scanpipe_top:pipeline|ml_inference_scanpipe:ml_path|altsyncram:hidden_rtl_0|altsyncram_sng1:auto_generated|ram_block1a0~porta_address_reg3 ;
; 96.933 ; 100.000      ; 3.067          ; Low Pulse Width  ; proc_clk ; Rise       ; touch_ml_scanpipe_top:pipeline|ml_inference_scanpipe:ml_path|altsyncram:hidden_rtl_0|altsyncram_sng1:auto_generated|ram_block1a0~porta_address_reg3 ;
; 96.933 ; 100.000      ; 3.067          ; High Pulse Width ; proc_clk ; Rise       ; touch_ml_scanpipe_top:pipeline|ml_inference_scanpipe:ml_path|altsyncram:hidden_rtl_0|altsyncram_sng1:auto_generated|ram_block1a0~porta_address_reg4 ;
; 96.933 ; 100.000      ; 3.067          ; Low Pulse Width  ; proc_clk ; Rise       ; touch_ml_scanpipe_top:pipeline|ml_inference_scanpipe:ml_path|altsyncram:hidden_rtl_0|altsyncram_sng1:auto_generated|ram_block1a0~porta_address_reg4 ;
; 96.933 ; 100.000      ; 3.067          ; High Pulse Width ; proc_clk ; Rise       ; touch_ml_scanpipe_top:pipeline|ml_inference_scanpipe:ml_path|altsyncram:hidden_rtl_0|altsyncram_sng1:auto_generated|ram_block1a0~porta_datain_reg0  ;
; 96.933 ; 100.000      ; 3.067          ; Low Pulse Width  ; proc_clk ; Rise       ; touch_ml_scanpipe_top:pipeline|ml_inference_scanpipe:ml_path|altsyncram:hidden_rtl_0|altsyncram_sng1:auto_generated|ram_block1a0~porta_datain_reg0  ;
; 96.933 ; 100.000      ; 3.067          ; High Pulse Width ; proc_clk ; Rise       ; touch_ml_scanpipe_top:pipeline|ml_inference_scanpipe:ml_path|altsyncram:hidden_rtl_0|altsyncram_sng1:auto_generated|ram_block1a0~porta_datain_reg1  ;
; 96.933 ; 100.000      ; 3.067          ; Low Pulse Width  ; proc_clk ; Rise       ; touch_ml_scanpipe_top:pipeline|ml_inference_scanpipe:ml_path|altsyncram:hidden_rtl_0|altsyncram_sng1:auto_generated|ram_block1a0~porta_datain_reg1  ;
; 96.933 ; 100.000      ; 3.067          ; High Pulse Width ; proc_clk ; Rise       ; touch_ml_scanpipe_top:pipeline|ml_inference_scanpipe:ml_path|altsyncram:hidden_rtl_0|altsyncram_sng1:auto_generated|ram_block1a0~porta_datain_reg10 ;
; 96.933 ; 100.000      ; 3.067          ; Low Pulse Width  ; proc_clk ; Rise       ; touch_ml_scanpipe_top:pipeline|ml_inference_scanpipe:ml_path|altsyncram:hidden_rtl_0|altsyncram_sng1:auto_generated|ram_block1a0~porta_datain_reg10 ;
; 96.933 ; 100.000      ; 3.067          ; High Pulse Width ; proc_clk ; Rise       ; touch_ml_scanpipe_top:pipeline|ml_inference_scanpipe:ml_path|altsyncram:hidden_rtl_0|altsyncram_sng1:auto_generated|ram_block1a0~porta_datain_reg11 ;
; 96.933 ; 100.000      ; 3.067          ; Low Pulse Width  ; proc_clk ; Rise       ; touch_ml_scanpipe_top:pipeline|ml_inference_scanpipe:ml_path|altsyncram:hidden_rtl_0|altsyncram_sng1:auto_generated|ram_block1a0~porta_datain_reg11 ;
; 96.933 ; 100.000      ; 3.067          ; High Pulse Width ; proc_clk ; Rise       ; touch_ml_scanpipe_top:pipeline|ml_inference_scanpipe:ml_path|altsyncram:hidden_rtl_0|altsyncram_sng1:auto_generated|ram_block1a0~porta_datain_reg12 ;
; 96.933 ; 100.000      ; 3.067          ; Low Pulse Width  ; proc_clk ; Rise       ; touch_ml_scanpipe_top:pipeline|ml_inference_scanpipe:ml_path|altsyncram:hidden_rtl_0|altsyncram_sng1:auto_generated|ram_block1a0~porta_datain_reg12 ;
; 96.933 ; 100.000      ; 3.067          ; High Pulse Width ; proc_clk ; Rise       ; touch_ml_scanpipe_top:pipeline|ml_inference_scanpipe:ml_path|altsyncram:hidden_rtl_0|altsyncram_sng1:auto_generated|ram_block1a0~porta_datain_reg13 ;
; 96.933 ; 100.000      ; 3.067          ; Low Pulse Width  ; proc_clk ; Rise       ; touch_ml_scanpipe_top:pipeline|ml_inference_scanpipe:ml_path|altsyncram:hidden_rtl_0|altsyncram_sng1:auto_generated|ram_block1a0~porta_datain_reg13 ;
; 96.933 ; 100.000      ; 3.067          ; High Pulse Width ; proc_clk ; Rise       ; touch_ml_scanpipe_top:pipeline|ml_inference_scanpipe:ml_path|altsyncram:hidden_rtl_0|altsyncram_sng1:auto_generated|ram_block1a0~porta_datain_reg14 ;
; 96.933 ; 100.000      ; 3.067          ; Low Pulse Width  ; proc_clk ; Rise       ; touch_ml_scanpipe_top:pipeline|ml_inference_scanpipe:ml_path|altsyncram:hidden_rtl_0|altsyncram_sng1:auto_generated|ram_block1a0~porta_datain_reg14 ;
; 96.933 ; 100.000      ; 3.067          ; High Pulse Width ; proc_clk ; Rise       ; touch_ml_scanpipe_top:pipeline|ml_inference_scanpipe:ml_path|altsyncram:hidden_rtl_0|altsyncram_sng1:auto_generated|ram_block1a0~porta_datain_reg15 ;
; 96.933 ; 100.000      ; 3.067          ; Low Pulse Width  ; proc_clk ; Rise       ; touch_ml_scanpipe_top:pipeline|ml_inference_scanpipe:ml_path|altsyncram:hidden_rtl_0|altsyncram_sng1:auto_generated|ram_block1a0~porta_datain_reg15 ;
; 96.933 ; 100.000      ; 3.067          ; High Pulse Width ; proc_clk ; Rise       ; touch_ml_scanpipe_top:pipeline|ml_inference_scanpipe:ml_path|altsyncram:hidden_rtl_0|altsyncram_sng1:auto_generated|ram_block1a0~porta_datain_reg16 ;
; 96.933 ; 100.000      ; 3.067          ; Low Pulse Width  ; proc_clk ; Rise       ; touch_ml_scanpipe_top:pipeline|ml_inference_scanpipe:ml_path|altsyncram:hidden_rtl_0|altsyncram_sng1:auto_generated|ram_block1a0~porta_datain_reg16 ;
; 96.933 ; 100.000      ; 3.067          ; High Pulse Width ; proc_clk ; Rise       ; touch_ml_scanpipe_top:pipeline|ml_inference_scanpipe:ml_path|altsyncram:hidden_rtl_0|altsyncram_sng1:auto_generated|ram_block1a0~porta_datain_reg17 ;
; 96.933 ; 100.000      ; 3.067          ; Low Pulse Width  ; proc_clk ; Rise       ; touch_ml_scanpipe_top:pipeline|ml_inference_scanpipe:ml_path|altsyncram:hidden_rtl_0|altsyncram_sng1:auto_generated|ram_block1a0~porta_datain_reg17 ;
; 96.933 ; 100.000      ; 3.067          ; High Pulse Width ; proc_clk ; Rise       ; touch_ml_scanpipe_top:pipeline|ml_inference_scanpipe:ml_path|altsyncram:hidden_rtl_0|altsyncram_sng1:auto_generated|ram_block1a0~porta_datain_reg18 ;
; 96.933 ; 100.000      ; 3.067          ; Low Pulse Width  ; proc_clk ; Rise       ; touch_ml_scanpipe_top:pipeline|ml_inference_scanpipe:ml_path|altsyncram:hidden_rtl_0|altsyncram_sng1:auto_generated|ram_block1a0~porta_datain_reg18 ;
; 96.933 ; 100.000      ; 3.067          ; High Pulse Width ; proc_clk ; Rise       ; touch_ml_scanpipe_top:pipeline|ml_inference_scanpipe:ml_path|altsyncram:hidden_rtl_0|altsyncram_sng1:auto_generated|ram_block1a0~porta_datain_reg19 ;
; 96.933 ; 100.000      ; 3.067          ; Low Pulse Width  ; proc_clk ; Rise       ; touch_ml_scanpipe_top:pipeline|ml_inference_scanpipe:ml_path|altsyncram:hidden_rtl_0|altsyncram_sng1:auto_generated|ram_block1a0~porta_datain_reg19 ;
; 96.933 ; 100.000      ; 3.067          ; High Pulse Width ; proc_clk ; Rise       ; touch_ml_scanpipe_top:pipeline|ml_inference_scanpipe:ml_path|altsyncram:hidden_rtl_0|altsyncram_sng1:auto_generated|ram_block1a0~porta_datain_reg2  ;
; 96.933 ; 100.000      ; 3.067          ; Low Pulse Width  ; proc_clk ; Rise       ; touch_ml_scanpipe_top:pipeline|ml_inference_scanpipe:ml_path|altsyncram:hidden_rtl_0|altsyncram_sng1:auto_generated|ram_block1a0~porta_datain_reg2  ;
; 96.933 ; 100.000      ; 3.067          ; High Pulse Width ; proc_clk ; Rise       ; touch_ml_scanpipe_top:pipeline|ml_inference_scanpipe:ml_path|altsyncram:hidden_rtl_0|altsyncram_sng1:auto_generated|ram_block1a0~porta_datain_reg20 ;
; 96.933 ; 100.000      ; 3.067          ; Low Pulse Width  ; proc_clk ; Rise       ; touch_ml_scanpipe_top:pipeline|ml_inference_scanpipe:ml_path|altsyncram:hidden_rtl_0|altsyncram_sng1:auto_generated|ram_block1a0~porta_datain_reg20 ;
; 96.933 ; 100.000      ; 3.067          ; High Pulse Width ; proc_clk ; Rise       ; touch_ml_scanpipe_top:pipeline|ml_inference_scanpipe:ml_path|altsyncram:hidden_rtl_0|altsyncram_sng1:auto_generated|ram_block1a0~porta_datain_reg21 ;
; 96.933 ; 100.000      ; 3.067          ; Low Pulse Width  ; proc_clk ; Rise       ; touch_ml_scanpipe_top:pipeline|ml_inference_scanpipe:ml_path|altsyncram:hidden_rtl_0|altsyncram_sng1:auto_generated|ram_block1a0~porta_datain_reg21 ;
; 96.933 ; 100.000      ; 3.067          ; High Pulse Width ; proc_clk ; Rise       ; touch_ml_scanpipe_top:pipeline|ml_inference_scanpipe:ml_path|altsyncram:hidden_rtl_0|altsyncram_sng1:auto_generated|ram_block1a0~porta_datain_reg22 ;
; 96.933 ; 100.000      ; 3.067          ; Low Pulse Width  ; proc_clk ; Rise       ; touch_ml_scanpipe_top:pipeline|ml_inference_scanpipe:ml_path|altsyncram:hidden_rtl_0|altsyncram_sng1:auto_generated|ram_block1a0~porta_datain_reg22 ;
; 96.933 ; 100.000      ; 3.067          ; High Pulse Width ; proc_clk ; Rise       ; touch_ml_scanpipe_top:pipeline|ml_inference_scanpipe:ml_path|altsyncram:hidden_rtl_0|altsyncram_sng1:auto_generated|ram_block1a0~porta_datain_reg23 ;
; 96.933 ; 100.000      ; 3.067          ; Low Pulse Width  ; proc_clk ; Rise       ; touch_ml_scanpipe_top:pipeline|ml_inference_scanpipe:ml_path|altsyncram:hidden_rtl_0|altsyncram_sng1:auto_generated|ram_block1a0~porta_datain_reg23 ;
; 96.933 ; 100.000      ; 3.067          ; High Pulse Width ; proc_clk ; Rise       ; touch_ml_scanpipe_top:pipeline|ml_inference_scanpipe:ml_path|altsyncram:hidden_rtl_0|altsyncram_sng1:auto_generated|ram_block1a0~porta_datain_reg24 ;
; 96.933 ; 100.000      ; 3.067          ; Low Pulse Width  ; proc_clk ; Rise       ; touch_ml_scanpipe_top:pipeline|ml_inference_scanpipe:ml_path|altsyncram:hidden_rtl_0|altsyncram_sng1:auto_generated|ram_block1a0~porta_datain_reg24 ;
; 96.933 ; 100.000      ; 3.067          ; High Pulse Width ; proc_clk ; Rise       ; touch_ml_scanpipe_top:pipeline|ml_inference_scanpipe:ml_path|altsyncram:hidden_rtl_0|altsyncram_sng1:auto_generated|ram_block1a0~porta_datain_reg25 ;
; 96.933 ; 100.000      ; 3.067          ; Low Pulse Width  ; proc_clk ; Rise       ; touch_ml_scanpipe_top:pipeline|ml_inference_scanpipe:ml_path|altsyncram:hidden_rtl_0|altsyncram_sng1:auto_generated|ram_block1a0~porta_datain_reg25 ;
; 96.933 ; 100.000      ; 3.067          ; High Pulse Width ; proc_clk ; Rise       ; touch_ml_scanpipe_top:pipeline|ml_inference_scanpipe:ml_path|altsyncram:hidden_rtl_0|altsyncram_sng1:auto_generated|ram_block1a0~porta_datain_reg26 ;
; 96.933 ; 100.000      ; 3.067          ; Low Pulse Width  ; proc_clk ; Rise       ; touch_ml_scanpipe_top:pipeline|ml_inference_scanpipe:ml_path|altsyncram:hidden_rtl_0|altsyncram_sng1:auto_generated|ram_block1a0~porta_datain_reg26 ;
; 96.933 ; 100.000      ; 3.067          ; High Pulse Width ; proc_clk ; Rise       ; touch_ml_scanpipe_top:pipeline|ml_inference_scanpipe:ml_path|altsyncram:hidden_rtl_0|altsyncram_sng1:auto_generated|ram_block1a0~porta_datain_reg27 ;
; 96.933 ; 100.000      ; 3.067          ; Low Pulse Width  ; proc_clk ; Rise       ; touch_ml_scanpipe_top:pipeline|ml_inference_scanpipe:ml_path|altsyncram:hidden_rtl_0|altsyncram_sng1:auto_generated|ram_block1a0~porta_datain_reg27 ;
; 96.933 ; 100.000      ; 3.067          ; High Pulse Width ; proc_clk ; Rise       ; touch_ml_scanpipe_top:pipeline|ml_inference_scanpipe:ml_path|altsyncram:hidden_rtl_0|altsyncram_sng1:auto_generated|ram_block1a0~porta_datain_reg28 ;
; 96.933 ; 100.000      ; 3.067          ; Low Pulse Width  ; proc_clk ; Rise       ; touch_ml_scanpipe_top:pipeline|ml_inference_scanpipe:ml_path|altsyncram:hidden_rtl_0|altsyncram_sng1:auto_generated|ram_block1a0~porta_datain_reg28 ;
; 96.933 ; 100.000      ; 3.067          ; High Pulse Width ; proc_clk ; Rise       ; touch_ml_scanpipe_top:pipeline|ml_inference_scanpipe:ml_path|altsyncram:hidden_rtl_0|altsyncram_sng1:auto_generated|ram_block1a0~porta_datain_reg29 ;
; 96.933 ; 100.000      ; 3.067          ; Low Pulse Width  ; proc_clk ; Rise       ; touch_ml_scanpipe_top:pipeline|ml_inference_scanpipe:ml_path|altsyncram:hidden_rtl_0|altsyncram_sng1:auto_generated|ram_block1a0~porta_datain_reg29 ;
; 96.933 ; 100.000      ; 3.067          ; High Pulse Width ; proc_clk ; Rise       ; touch_ml_scanpipe_top:pipeline|ml_inference_scanpipe:ml_path|altsyncram:hidden_rtl_0|altsyncram_sng1:auto_generated|ram_block1a0~porta_datain_reg3  ;
; 96.933 ; 100.000      ; 3.067          ; Low Pulse Width  ; proc_clk ; Rise       ; touch_ml_scanpipe_top:pipeline|ml_inference_scanpipe:ml_path|altsyncram:hidden_rtl_0|altsyncram_sng1:auto_generated|ram_block1a0~porta_datain_reg3  ;
; 96.933 ; 100.000      ; 3.067          ; High Pulse Width ; proc_clk ; Rise       ; touch_ml_scanpipe_top:pipeline|ml_inference_scanpipe:ml_path|altsyncram:hidden_rtl_0|altsyncram_sng1:auto_generated|ram_block1a0~porta_datain_reg30 ;
; 96.933 ; 100.000      ; 3.067          ; Low Pulse Width  ; proc_clk ; Rise       ; touch_ml_scanpipe_top:pipeline|ml_inference_scanpipe:ml_path|altsyncram:hidden_rtl_0|altsyncram_sng1:auto_generated|ram_block1a0~porta_datain_reg30 ;
; 96.933 ; 100.000      ; 3.067          ; High Pulse Width ; proc_clk ; Rise       ; touch_ml_scanpipe_top:pipeline|ml_inference_scanpipe:ml_path|altsyncram:hidden_rtl_0|altsyncram_sng1:auto_generated|ram_block1a0~porta_datain_reg31 ;
; 96.933 ; 100.000      ; 3.067          ; Low Pulse Width  ; proc_clk ; Rise       ; touch_ml_scanpipe_top:pipeline|ml_inference_scanpipe:ml_path|altsyncram:hidden_rtl_0|altsyncram_sng1:auto_generated|ram_block1a0~porta_datain_reg31 ;
; 96.933 ; 100.000      ; 3.067          ; High Pulse Width ; proc_clk ; Rise       ; touch_ml_scanpipe_top:pipeline|ml_inference_scanpipe:ml_path|altsyncram:hidden_rtl_0|altsyncram_sng1:auto_generated|ram_block1a0~porta_datain_reg4  ;
; 96.933 ; 100.000      ; 3.067          ; Low Pulse Width  ; proc_clk ; Rise       ; touch_ml_scanpipe_top:pipeline|ml_inference_scanpipe:ml_path|altsyncram:hidden_rtl_0|altsyncram_sng1:auto_generated|ram_block1a0~porta_datain_reg4  ;
; 96.933 ; 100.000      ; 3.067          ; High Pulse Width ; proc_clk ; Rise       ; touch_ml_scanpipe_top:pipeline|ml_inference_scanpipe:ml_path|altsyncram:hidden_rtl_0|altsyncram_sng1:auto_generated|ram_block1a0~porta_datain_reg5  ;
; 96.933 ; 100.000      ; 3.067          ; Low Pulse Width  ; proc_clk ; Rise       ; touch_ml_scanpipe_top:pipeline|ml_inference_scanpipe:ml_path|altsyncram:hidden_rtl_0|altsyncram_sng1:auto_generated|ram_block1a0~porta_datain_reg5  ;
; 96.933 ; 100.000      ; 3.067          ; High Pulse Width ; proc_clk ; Rise       ; touch_ml_scanpipe_top:pipeline|ml_inference_scanpipe:ml_path|altsyncram:hidden_rtl_0|altsyncram_sng1:auto_generated|ram_block1a0~porta_datain_reg6  ;
; 96.933 ; 100.000      ; 3.067          ; Low Pulse Width  ; proc_clk ; Rise       ; touch_ml_scanpipe_top:pipeline|ml_inference_scanpipe:ml_path|altsyncram:hidden_rtl_0|altsyncram_sng1:auto_generated|ram_block1a0~porta_datain_reg6  ;
; 96.933 ; 100.000      ; 3.067          ; High Pulse Width ; proc_clk ; Rise       ; touch_ml_scanpipe_top:pipeline|ml_inference_scanpipe:ml_path|altsyncram:hidden_rtl_0|altsyncram_sng1:auto_generated|ram_block1a0~porta_datain_reg7  ;
; 96.933 ; 100.000      ; 3.067          ; Low Pulse Width  ; proc_clk ; Rise       ; touch_ml_scanpipe_top:pipeline|ml_inference_scanpipe:ml_path|altsyncram:hidden_rtl_0|altsyncram_sng1:auto_generated|ram_block1a0~porta_datain_reg7  ;
; 96.933 ; 100.000      ; 3.067          ; High Pulse Width ; proc_clk ; Rise       ; touch_ml_scanpipe_top:pipeline|ml_inference_scanpipe:ml_path|altsyncram:hidden_rtl_0|altsyncram_sng1:auto_generated|ram_block1a0~porta_datain_reg8  ;
; 96.933 ; 100.000      ; 3.067          ; Low Pulse Width  ; proc_clk ; Rise       ; touch_ml_scanpipe_top:pipeline|ml_inference_scanpipe:ml_path|altsyncram:hidden_rtl_0|altsyncram_sng1:auto_generated|ram_block1a0~porta_datain_reg8  ;
; 96.933 ; 100.000      ; 3.067          ; High Pulse Width ; proc_clk ; Rise       ; touch_ml_scanpipe_top:pipeline|ml_inference_scanpipe:ml_path|altsyncram:hidden_rtl_0|altsyncram_sng1:auto_generated|ram_block1a0~porta_datain_reg9  ;
; 96.933 ; 100.000      ; 3.067          ; Low Pulse Width  ; proc_clk ; Rise       ; touch_ml_scanpipe_top:pipeline|ml_inference_scanpipe:ml_path|altsyncram:hidden_rtl_0|altsyncram_sng1:auto_generated|ram_block1a0~porta_datain_reg9  ;
; 96.933 ; 100.000      ; 3.067          ; High Pulse Width ; proc_clk ; Rise       ; touch_ml_scanpipe_top:pipeline|ml_inference_scanpipe:ml_path|altsyncram:hidden_rtl_0|altsyncram_sng1:auto_generated|ram_block1a0~porta_memory_reg0  ;
; 96.933 ; 100.000      ; 3.067          ; Low Pulse Width  ; proc_clk ; Rise       ; touch_ml_scanpipe_top:pipeline|ml_inference_scanpipe:ml_path|altsyncram:hidden_rtl_0|altsyncram_sng1:auto_generated|ram_block1a0~porta_memory_reg0  ;
; 96.933 ; 100.000      ; 3.067          ; High Pulse Width ; proc_clk ; Rise       ; touch_ml_scanpipe_top:pipeline|ml_inference_scanpipe:ml_path|altsyncram:hidden_rtl_0|altsyncram_sng1:auto_generated|ram_block1a0~porta_we_reg       ;
; 96.933 ; 100.000      ; 3.067          ; Low Pulse Width  ; proc_clk ; Rise       ; touch_ml_scanpipe_top:pipeline|ml_inference_scanpipe:ml_path|altsyncram:hidden_rtl_0|altsyncram_sng1:auto_generated|ram_block1a0~porta_we_reg       ;
; 96.933 ; 100.000      ; 3.067          ; High Pulse Width ; proc_clk ; Rise       ; touch_ml_scanpipe_top:pipeline|ml_inference_scanpipe:ml_path|altsyncram:hidden_rtl_0|altsyncram_sng1:auto_generated|ram_block1a0~portb_address_reg0 ;
; 96.933 ; 100.000      ; 3.067          ; Low Pulse Width  ; proc_clk ; Rise       ; touch_ml_scanpipe_top:pipeline|ml_inference_scanpipe:ml_path|altsyncram:hidden_rtl_0|altsyncram_sng1:auto_generated|ram_block1a0~portb_address_reg0 ;
; 96.933 ; 100.000      ; 3.067          ; High Pulse Width ; proc_clk ; Rise       ; touch_ml_scanpipe_top:pipeline|ml_inference_scanpipe:ml_path|altsyncram:hidden_rtl_0|altsyncram_sng1:auto_generated|ram_block1a0~portb_address_reg1 ;
; 96.933 ; 100.000      ; 3.067          ; Low Pulse Width  ; proc_clk ; Rise       ; touch_ml_scanpipe_top:pipeline|ml_inference_scanpipe:ml_path|altsyncram:hidden_rtl_0|altsyncram_sng1:auto_generated|ram_block1a0~portb_address_reg1 ;
; 96.933 ; 100.000      ; 3.067          ; High Pulse Width ; proc_clk ; Rise       ; touch_ml_scanpipe_top:pipeline|ml_inference_scanpipe:ml_path|altsyncram:hidden_rtl_0|altsyncram_sng1:auto_generated|ram_block1a0~portb_address_reg2 ;
; 96.933 ; 100.000      ; 3.067          ; Low Pulse Width  ; proc_clk ; Rise       ; touch_ml_scanpipe_top:pipeline|ml_inference_scanpipe:ml_path|altsyncram:hidden_rtl_0|altsyncram_sng1:auto_generated|ram_block1a0~portb_address_reg2 ;
; 96.933 ; 100.000      ; 3.067          ; High Pulse Width ; proc_clk ; Rise       ; touch_ml_scanpipe_top:pipeline|ml_inference_scanpipe:ml_path|altsyncram:hidden_rtl_0|altsyncram_sng1:auto_generated|ram_block1a0~portb_address_reg3 ;
; 96.933 ; 100.000      ; 3.067          ; Low Pulse Width  ; proc_clk ; Rise       ; touch_ml_scanpipe_top:pipeline|ml_inference_scanpipe:ml_path|altsyncram:hidden_rtl_0|altsyncram_sng1:auto_generated|ram_block1a0~portb_address_reg3 ;
; 96.933 ; 100.000      ; 3.067          ; High Pulse Width ; proc_clk ; Rise       ; touch_ml_scanpipe_top:pipeline|ml_inference_scanpipe:ml_path|altsyncram:hidden_rtl_0|altsyncram_sng1:auto_generated|ram_block1a0~portb_address_reg4 ;
; 96.933 ; 100.000      ; 3.067          ; Low Pulse Width  ; proc_clk ; Rise       ; touch_ml_scanpipe_top:pipeline|ml_inference_scanpipe:ml_path|altsyncram:hidden_rtl_0|altsyncram_sng1:auto_generated|ram_block1a0~portb_address_reg4 ;
; 96.933 ; 100.000      ; 3.067          ; High Pulse Width ; proc_clk ; Rise       ; touch_ml_scanpipe_top:pipeline|ml_inference_scanpipe:ml_path|altsyncram:hidden_rtl_0|altsyncram_sng1:auto_generated|ram_block1a10~porta_memory_reg0 ;
; 96.933 ; 100.000      ; 3.067          ; Low Pulse Width  ; proc_clk ; Rise       ; touch_ml_scanpipe_top:pipeline|ml_inference_scanpipe:ml_path|altsyncram:hidden_rtl_0|altsyncram_sng1:auto_generated|ram_block1a10~porta_memory_reg0 ;
; 96.933 ; 100.000      ; 3.067          ; High Pulse Width ; proc_clk ; Rise       ; touch_ml_scanpipe_top:pipeline|ml_inference_scanpipe:ml_path|altsyncram:hidden_rtl_0|altsyncram_sng1:auto_generated|ram_block1a11~porta_memory_reg0 ;
; 96.933 ; 100.000      ; 3.067          ; Low Pulse Width  ; proc_clk ; Rise       ; touch_ml_scanpipe_top:pipeline|ml_inference_scanpipe:ml_path|altsyncram:hidden_rtl_0|altsyncram_sng1:auto_generated|ram_block1a11~porta_memory_reg0 ;
; 96.933 ; 100.000      ; 3.067          ; High Pulse Width ; proc_clk ; Rise       ; touch_ml_scanpipe_top:pipeline|ml_inference_scanpipe:ml_path|altsyncram:hidden_rtl_0|altsyncram_sng1:auto_generated|ram_block1a12~porta_memory_reg0 ;
; 96.933 ; 100.000      ; 3.067          ; Low Pulse Width  ; proc_clk ; Rise       ; touch_ml_scanpipe_top:pipeline|ml_inference_scanpipe:ml_path|altsyncram:hidden_rtl_0|altsyncram_sng1:auto_generated|ram_block1a12~porta_memory_reg0 ;
; 96.933 ; 100.000      ; 3.067          ; High Pulse Width ; proc_clk ; Rise       ; touch_ml_scanpipe_top:pipeline|ml_inference_scanpipe:ml_path|altsyncram:hidden_rtl_0|altsyncram_sng1:auto_generated|ram_block1a13~porta_memory_reg0 ;
; 96.933 ; 100.000      ; 3.067          ; Low Pulse Width  ; proc_clk ; Rise       ; touch_ml_scanpipe_top:pipeline|ml_inference_scanpipe:ml_path|altsyncram:hidden_rtl_0|altsyncram_sng1:auto_generated|ram_block1a13~porta_memory_reg0 ;
; 96.933 ; 100.000      ; 3.067          ; High Pulse Width ; proc_clk ; Rise       ; touch_ml_scanpipe_top:pipeline|ml_inference_scanpipe:ml_path|altsyncram:hidden_rtl_0|altsyncram_sng1:auto_generated|ram_block1a14~porta_memory_reg0 ;
; 96.933 ; 100.000      ; 3.067          ; Low Pulse Width  ; proc_clk ; Rise       ; touch_ml_scanpipe_top:pipeline|ml_inference_scanpipe:ml_path|altsyncram:hidden_rtl_0|altsyncram_sng1:auto_generated|ram_block1a14~porta_memory_reg0 ;
; 96.933 ; 100.000      ; 3.067          ; High Pulse Width ; proc_clk ; Rise       ; touch_ml_scanpipe_top:pipeline|ml_inference_scanpipe:ml_path|altsyncram:hidden_rtl_0|altsyncram_sng1:auto_generated|ram_block1a15~porta_memory_reg0 ;
; 96.933 ; 100.000      ; 3.067          ; Low Pulse Width  ; proc_clk ; Rise       ; touch_ml_scanpipe_top:pipeline|ml_inference_scanpipe:ml_path|altsyncram:hidden_rtl_0|altsyncram_sng1:auto_generated|ram_block1a15~porta_memory_reg0 ;
+--------+--------------+----------------+------------------+----------+------------+-----------------------------------------------------------------------------------------------------------------------------------------------------+


+------------------------------------------------------------------------------+
; Setup Times                                                                  ;
+------------------+------------+-------+-------+------------+-----------------+
; Data Port        ; Clock Port ; Rise  ; Fall  ; Clock Edge ; Clock Reference ;
+------------------+------------+-------+-------+------------+-----------------+
; joystick_1_n     ; clk50      ; 2.553 ; 2.553 ; Rise       ; proc_clk        ;
; joystick_2_n     ; clk50      ; 2.436 ; 2.436 ; Rise       ; proc_clk        ;
; joystick_3_n     ; clk50      ; 1.953 ; 1.953 ; Rise       ; proc_clk        ;
; joystick_4_n     ; clk50      ; 1.782 ; 1.782 ; Rise       ; proc_clk        ;
; joystick_press_n ; clk50      ; 1.990 ; 1.990 ; Rise       ; proc_clk        ;
; reset_n          ; clk50      ; 6.895 ; 6.895 ; Rise       ; proc_clk        ;
; touch_irq_n      ; clk50      ; 3.018 ; 3.018 ; Rise       ; proc_clk        ;
; touch_miso       ; clk50      ; 2.806 ; 2.806 ; Rise       ; proc_clk        ;
+------------------+------------+-------+-------+------------+-----------------+


+--------------------------------------------------------------------------------+
; Hold Times                                                                     ;
+------------------+------------+--------+--------+------------+-----------------+
; Data Port        ; Clock Port ; Rise   ; Fall   ; Clock Edge ; Clock Reference ;
+------------------+------------+--------+--------+------------+-----------------+
; joystick_1_n     ; clk50      ; -2.287 ; -2.287 ; Rise       ; proc_clk        ;
; joystick_2_n     ; clk50      ; -2.170 ; -2.170 ; Rise       ; proc_clk        ;
; joystick_3_n     ; clk50      ; -1.687 ; -1.687 ; Rise       ; proc_clk        ;
; joystick_4_n     ; clk50      ; -1.516 ; -1.516 ; Rise       ; proc_clk        ;
; joystick_press_n ; clk50      ; -1.724 ; -1.724 ; Rise       ; proc_clk        ;
; reset_n          ; clk50      ; 2.461  ; 2.461  ; Rise       ; proc_clk        ;
; touch_irq_n      ; clk50      ; -2.752 ; -2.752 ; Rise       ; proc_clk        ;
; touch_miso       ; clk50      ; -2.540 ; -2.540 ; Rise       ; proc_clk        ;
+------------------+------------+--------+--------+------------+-----------------+


+-----------------------------------------------------------------------------+
; Clock to Output Times                                                       ;
+---------------+------------+--------+--------+------------+-----------------+
; Data Port     ; Clock Port ; Rise   ; Fall   ; Clock Edge ; Clock Reference ;
+---------------+------------+--------+--------+------------+-----------------+
; lcd_cs_n      ; clk50      ; 10.171 ; 10.171 ; Rise       ; proc_clk        ;
; lcd_data[*]   ; clk50      ; 23.809 ; 23.809 ; Rise       ; proc_clk        ;
;  lcd_data[0]  ; clk50      ; 22.165 ; 22.165 ; Rise       ; proc_clk        ;
;  lcd_data[1]  ; clk50      ; 22.831 ; 22.831 ; Rise       ; proc_clk        ;
;  lcd_data[2]  ; clk50      ; 22.341 ; 22.341 ; Rise       ; proc_clk        ;
;  lcd_data[3]  ; clk50      ; 23.444 ; 23.444 ; Rise       ; proc_clk        ;
;  lcd_data[4]  ; clk50      ; 22.602 ; 22.602 ; Rise       ; proc_clk        ;
;  lcd_data[5]  ; clk50      ; 23.809 ; 23.809 ; Rise       ; proc_clk        ;
;  lcd_data[6]  ; clk50      ; 22.071 ; 22.071 ; Rise       ; proc_clk        ;
;  lcd_data[7]  ; clk50      ; 21.967 ; 21.967 ; Rise       ; proc_clk        ;
;  lcd_data[8]  ; clk50      ; 19.953 ; 19.953 ; Rise       ; proc_clk        ;
;  lcd_data[9]  ; clk50      ; 16.665 ; 16.665 ; Rise       ; proc_clk        ;
;  lcd_data[10] ; clk50      ; 17.078 ; 17.078 ; Rise       ; proc_clk        ;
;  lcd_data[11] ; clk50      ; 15.963 ; 15.963 ; Rise       ; proc_clk        ;
;  lcd_data[12] ; clk50      ; 16.061 ; 16.061 ; Rise       ; proc_clk        ;
;  lcd_data[13] ; clk50      ; 15.683 ; 15.683 ; Rise       ; proc_clk        ;
;  lcd_data[14] ; clk50      ; 12.876 ; 12.876 ; Rise       ; proc_clk        ;
;  lcd_data[15] ; clk50      ; 15.691 ; 15.691 ; Rise       ; proc_clk        ;
; lcd_rs        ; clk50      ; 15.169 ; 15.169 ; Rise       ; proc_clk        ;
; lcd_rst_n     ; clk50      ; 10.929 ; 10.929 ; Rise       ; proc_clk        ;
; lcd_wr_n      ; clk50      ; 15.176 ; 15.176 ; Rise       ; proc_clk        ;
; led[*]        ; clk50      ; 19.076 ; 19.076 ; Rise       ; proc_clk        ;
;  led[0]       ; clk50      ; 18.960 ; 18.960 ; Rise       ; proc_clk        ;
;  led[1]       ; clk50      ; 18.809 ; 18.809 ; Rise       ; proc_clk        ;
;  led[2]       ; clk50      ; 19.076 ; 19.076 ; Rise       ; proc_clk        ;
;  led[3]       ; clk50      ; 18.523 ; 18.523 ; Rise       ; proc_clk        ;
; touch_cs_n    ; clk50      ; 12.264 ; 12.264 ; Rise       ; proc_clk        ;
; touch_mosi    ; clk50      ; 12.724 ; 12.724 ; Rise       ; proc_clk        ;
; touch_sclk    ; clk50      ; 12.209 ; 12.209 ; Rise       ; proc_clk        ;
+---------------+------------+--------+--------+------------+-----------------+


+-----------------------------------------------------------------------------+
; Minimum Clock to Output Times                                               ;
+---------------+------------+--------+--------+------------+-----------------+
; Data Port     ; Clock Port ; Rise   ; Fall   ; Clock Edge ; Clock Reference ;
+---------------+------------+--------+--------+------------+-----------------+
; lcd_cs_n      ; clk50      ; 10.171 ; 10.171 ; Rise       ; proc_clk        ;
; lcd_data[*]   ; clk50      ; 11.382 ; 11.382 ; Rise       ; proc_clk        ;
;  lcd_data[0]  ; clk50      ; 11.382 ; 11.382 ; Rise       ; proc_clk        ;
;  lcd_data[1]  ; clk50      ; 12.319 ; 12.319 ; Rise       ; proc_clk        ;
;  lcd_data[2]  ; clk50      ; 11.796 ; 11.796 ; Rise       ; proc_clk        ;
;  lcd_data[3]  ; clk50      ; 12.756 ; 12.756 ; Rise       ; proc_clk        ;
;  lcd_data[4]  ; clk50      ; 11.729 ; 11.729 ; Rise       ; proc_clk        ;
;  lcd_data[5]  ; clk50      ; 11.685 ; 11.685 ; Rise       ; proc_clk        ;
;  lcd_data[6]  ; clk50      ; 11.663 ; 11.663 ; Rise       ; proc_clk        ;
;  lcd_data[7]  ; clk50      ; 12.302 ; 12.302 ; Rise       ; proc_clk        ;
;  lcd_data[8]  ; clk50      ; 11.508 ; 11.508 ; Rise       ; proc_clk        ;
;  lcd_data[9]  ; clk50      ; 12.165 ; 12.165 ; Rise       ; proc_clk        ;
;  lcd_data[10] ; clk50      ; 11.838 ; 11.838 ; Rise       ; proc_clk        ;
;  lcd_data[11] ; clk50      ; 12.849 ; 12.849 ; Rise       ; proc_clk        ;
;  lcd_data[12] ; clk50      ; 11.899 ; 11.899 ; Rise       ; proc_clk        ;
;  lcd_data[13] ; clk50      ; 11.664 ; 11.664 ; Rise       ; proc_clk        ;
;  lcd_data[14] ; clk50      ; 11.527 ; 11.527 ; Rise       ; proc_clk        ;
;  lcd_data[15] ; clk50      ; 11.672 ; 11.672 ; Rise       ; proc_clk        ;
; lcd_rs        ; clk50      ; 10.445 ; 10.445 ; Rise       ; proc_clk        ;
; lcd_rst_n     ; clk50      ; 10.929 ; 10.929 ; Rise       ; proc_clk        ;
; lcd_wr_n      ; clk50      ; 11.155 ; 11.155 ; Rise       ; proc_clk        ;
; led[*]        ; clk50      ; 10.884 ; 10.884 ; Rise       ; proc_clk        ;
;  led[0]       ; clk50      ; 10.965 ; 10.965 ; Rise       ; proc_clk        ;
;  led[1]       ; clk50      ; 10.884 ; 10.884 ; Rise       ; proc_clk        ;
;  led[2]       ; clk50      ; 11.115 ; 11.115 ; Rise       ; proc_clk        ;
;  led[3]       ; clk50      ; 11.459 ; 11.459 ; Rise       ; proc_clk        ;
; touch_cs_n    ; clk50      ; 12.264 ; 12.264 ; Rise       ; proc_clk        ;
; touch_mosi    ; clk50      ; 12.724 ; 12.724 ; Rise       ; proc_clk        ;
; touch_sclk    ; clk50      ; 12.209 ; 12.209 ; Rise       ; proc_clk        ;
+---------------+------------+--------+--------+------------+-----------------+


+---------------------------------------------------------------------------+
; Output Enable Times                                                       ;
+---------------+------------+--------+------+------------+-----------------+
; Data Port     ; Clock Port ; Rise   ; Fall ; Clock Edge ; Clock Reference ;
+---------------+------------+--------+------+------------+-----------------+
; lcd_data[*]   ; clk50      ; 11.329 ;      ; Rise       ; proc_clk        ;
;  lcd_data[0]  ; clk50      ; 12.532 ;      ; Rise       ; proc_clk        ;
;  lcd_data[1]  ; clk50      ; 12.122 ;      ; Rise       ; proc_clk        ;
;  lcd_data[2]  ; clk50      ; 12.112 ;      ; Rise       ; proc_clk        ;
;  lcd_data[3]  ; clk50      ; 12.112 ;      ; Rise       ; proc_clk        ;
;  lcd_data[4]  ; clk50      ; 12.041 ;      ; Rise       ; proc_clk        ;
;  lcd_data[5]  ; clk50      ; 12.051 ;      ; Rise       ; proc_clk        ;
;  lcd_data[6]  ; clk50      ; 12.051 ;      ; Rise       ; proc_clk        ;
;  lcd_data[7]  ; clk50      ; 12.088 ;      ; Rise       ; proc_clk        ;
;  lcd_data[8]  ; clk50      ; 12.088 ;      ; Rise       ; proc_clk        ;
;  lcd_data[9]  ; clk50      ; 12.085 ;      ; Rise       ; proc_clk        ;
;  lcd_data[10] ; clk50      ; 12.085 ;      ; Rise       ; proc_clk        ;
;  lcd_data[11] ; clk50      ; 12.085 ;      ; Rise       ; proc_clk        ;
;  lcd_data[12] ; clk50      ; 12.071 ;      ; Rise       ; proc_clk        ;
;  lcd_data[13] ; clk50      ; 11.693 ;      ; Rise       ; proc_clk        ;
;  lcd_data[14] ; clk50      ; 11.703 ;      ; Rise       ; proc_clk        ;
;  lcd_data[15] ; clk50      ; 11.329 ;      ; Rise       ; proc_clk        ;
+---------------+------------+--------+------+------------+-----------------+


+---------------------------------------------------------------------------+
; Minimum Output Enable Times                                               ;
+---------------+------------+--------+------+------------+-----------------+
; Data Port     ; Clock Port ; Rise   ; Fall ; Clock Edge ; Clock Reference ;
+---------------+------------+--------+------+------------+-----------------+
; lcd_data[*]   ; clk50      ; 10.885 ;      ; Rise       ; proc_clk        ;
;  lcd_data[0]  ; clk50      ; 12.088 ;      ; Rise       ; proc_clk        ;
;  lcd_data[1]  ; clk50      ; 11.678 ;      ; Rise       ; proc_clk        ;
;  lcd_data[2]  ; clk50      ; 11.668 ;      ; Rise       ; proc_clk        ;
;  lcd_data[3]  ; clk50      ; 11.668 ;      ; Rise       ; proc_clk        ;
;  lcd_data[4]  ; clk50      ; 11.597 ;      ; Rise       ; proc_clk        ;
;  lcd_data[5]  ; clk50      ; 11.607 ;      ; Rise       ; proc_clk        ;
;  lcd_data[6]  ; clk50      ; 11.607 ;      ; Rise       ; proc_clk        ;
;  lcd_data[7]  ; clk50      ; 11.644 ;      ; Rise       ; proc_clk        ;
;  lcd_data[8]  ; clk50      ; 11.644 ;      ; Rise       ; proc_clk        ;
;  lcd_data[9]  ; clk50      ; 11.641 ;      ; Rise       ; proc_clk        ;
;  lcd_data[10] ; clk50      ; 11.641 ;      ; Rise       ; proc_clk        ;
;  lcd_data[11] ; clk50      ; 11.641 ;      ; Rise       ; proc_clk        ;
;  lcd_data[12] ; clk50      ; 11.627 ;      ; Rise       ; proc_clk        ;
;  lcd_data[13] ; clk50      ; 11.249 ;      ; Rise       ; proc_clk        ;
;  lcd_data[14] ; clk50      ; 11.259 ;      ; Rise       ; proc_clk        ;
;  lcd_data[15] ; clk50      ; 10.885 ;      ; Rise       ; proc_clk        ;
+---------------+------------+--------+------+------------+-----------------+


+-----------------------------------------------------------------------------------+
; Output Disable Times                                                              ;
+---------------+------------+-----------+-----------+------------+-----------------+
; Data Port     ; Clock Port ; 0 to Hi-Z ; 1 to Hi-Z ; Clock Edge ; Clock Reference ;
+---------------+------------+-----------+-----------+------------+-----------------+
; lcd_data[*]   ; clk50      ; 11.329    ;           ; Rise       ; proc_clk        ;
;  lcd_data[0]  ; clk50      ; 12.532    ;           ; Rise       ; proc_clk        ;
;  lcd_data[1]  ; clk50      ; 12.122    ;           ; Rise       ; proc_clk        ;
;  lcd_data[2]  ; clk50      ; 12.112    ;           ; Rise       ; proc_clk        ;
;  lcd_data[3]  ; clk50      ; 12.112    ;           ; Rise       ; proc_clk        ;
;  lcd_data[4]  ; clk50      ; 12.041    ;           ; Rise       ; proc_clk        ;
;  lcd_data[5]  ; clk50      ; 12.051    ;           ; Rise       ; proc_clk        ;
;  lcd_data[6]  ; clk50      ; 12.051    ;           ; Rise       ; proc_clk        ;
;  lcd_data[7]  ; clk50      ; 12.088    ;           ; Rise       ; proc_clk        ;
;  lcd_data[8]  ; clk50      ; 12.088    ;           ; Rise       ; proc_clk        ;
;  lcd_data[9]  ; clk50      ; 12.085    ;           ; Rise       ; proc_clk        ;
;  lcd_data[10] ; clk50      ; 12.085    ;           ; Rise       ; proc_clk        ;
;  lcd_data[11] ; clk50      ; 12.085    ;           ; Rise       ; proc_clk        ;
;  lcd_data[12] ; clk50      ; 12.071    ;           ; Rise       ; proc_clk        ;
;  lcd_data[13] ; clk50      ; 11.693    ;           ; Rise       ; proc_clk        ;
;  lcd_data[14] ; clk50      ; 11.703    ;           ; Rise       ; proc_clk        ;
;  lcd_data[15] ; clk50      ; 11.329    ;           ; Rise       ; proc_clk        ;
+---------------+------------+-----------+-----------+------------+-----------------+


+-----------------------------------------------------------------------------------+
; Minimum Output Disable Times                                                      ;
+---------------+------------+-----------+-----------+------------+-----------------+
; Data Port     ; Clock Port ; 0 to Hi-Z ; 1 to Hi-Z ; Clock Edge ; Clock Reference ;
+---------------+------------+-----------+-----------+------------+-----------------+
; lcd_data[*]   ; clk50      ; 10.885    ;           ; Rise       ; proc_clk        ;
;  lcd_data[0]  ; clk50      ; 12.088    ;           ; Rise       ; proc_clk        ;
;  lcd_data[1]  ; clk50      ; 11.678    ;           ; Rise       ; proc_clk        ;
;  lcd_data[2]  ; clk50      ; 11.668    ;           ; Rise       ; proc_clk        ;
;  lcd_data[3]  ; clk50      ; 11.668    ;           ; Rise       ; proc_clk        ;
;  lcd_data[4]  ; clk50      ; 11.597    ;           ; Rise       ; proc_clk        ;
;  lcd_data[5]  ; clk50      ; 11.607    ;           ; Rise       ; proc_clk        ;
;  lcd_data[6]  ; clk50      ; 11.607    ;           ; Rise       ; proc_clk        ;
;  lcd_data[7]  ; clk50      ; 11.644    ;           ; Rise       ; proc_clk        ;
;  lcd_data[8]  ; clk50      ; 11.644    ;           ; Rise       ; proc_clk        ;
;  lcd_data[9]  ; clk50      ; 11.641    ;           ; Rise       ; proc_clk        ;
;  lcd_data[10] ; clk50      ; 11.641    ;           ; Rise       ; proc_clk        ;
;  lcd_data[11] ; clk50      ; 11.641    ;           ; Rise       ; proc_clk        ;
;  lcd_data[12] ; clk50      ; 11.627    ;           ; Rise       ; proc_clk        ;
;  lcd_data[13] ; clk50      ; 11.249    ;           ; Rise       ; proc_clk        ;
;  lcd_data[14] ; clk50      ; 11.259    ;           ; Rise       ; proc_clk        ;
;  lcd_data[15] ; clk50      ; 10.885    ;           ; Rise       ; proc_clk        ;
+---------------+------------+-----------+-----------+------------+-----------------+


+------------------------------------+
; Fast Model Setup Summary           ;
+----------+---------+---------------+
; Clock    ; Slack   ; End Point TNS ;
+----------+---------+---------------+
; clk50    ; 19.497  ; 0.000         ;
; proc_clk ; 191.037 ; 0.000         ;
+----------+---------+---------------+


+----------------------------------+
; Fast Model Hold Summary          ;
+----------+-------+---------------+
; Clock    ; Slack ; End Point TNS ;
+----------+-------+---------------+
; clk50    ; 0.215 ; 0.000         ;
; proc_clk ; 0.215 ; 0.000         ;
+----------+-------+---------------+


+------------------------------------+
; Fast Model Recovery Summary        ;
+----------+---------+---------------+
; Clock    ; Slack   ; End Point TNS ;
+----------+---------+---------------+
; proc_clk ; 197.448 ; 0.000         ;
+----------+---------+---------------+


+----------------------------------+
; Fast Model Removal Summary       ;
+----------+-------+---------------+
; Clock    ; Slack ; End Point TNS ;
+----------+-------+---------------+
; proc_clk ; 2.294 ; 0.000         ;
+----------+-------+---------------+


+----------------------------------------+
; Fast Model Minimum Pulse Width Summary ;
+----------+--------+--------------------+
; Clock    ; Slack  ; End Point TNS      ;
+----------+--------+--------------------+
; clk50    ; 9.000  ; 0.000              ;
; proc_clk ; 97.873 ; 0.000              ;
+----------+--------+--------------------+


+---------------------------------------------------------------------------------------------------------------+
; Fast Model Setup: 'clk50'                                                                                     ;
+--------+-----------------+--------------+--------------+-------------+--------------+------------+------------+
; Slack  ; From Node       ; To Node      ; Launch Clock ; Latch Clock ; Relationship ; Clock Skew ; Data Delay ;
+--------+-----------------+--------------+--------------+-------------+--------------+------------+------------+
; 19.497 ; div_count[0]    ; div_count[2] ; clk50        ; clk50       ; 20.000       ; 0.000      ; 0.535      ;
; 19.498 ; div_count[0]    ; proc_clk     ; clk50        ; clk50       ; 20.000       ; 0.000      ; 0.534      ;
; 19.520 ; div_count[2]    ; div_count[0] ; clk50        ; clk50       ; 20.000       ; 0.000      ; 0.512      ;
; 19.522 ; div_count[2]    ; proc_clk     ; clk50        ; clk50       ; 20.000       ; 0.000      ; 0.510      ;
; 19.627 ; div_count[1]    ; div_count[2] ; clk50        ; clk50       ; 20.000       ; 0.000      ; 0.405      ;
; 19.627 ; div_count[1]    ; proc_clk     ; clk50        ; clk50       ; 20.000       ; 0.000      ; 0.405      ;
; 19.628 ; div_count[0]    ; div_count[1] ; clk50        ; clk50       ; 20.000       ; 0.000      ; 0.404      ;
; 19.628 ; div_count[1]    ; div_count[0] ; clk50        ; clk50       ; 20.000       ; 0.000      ; 0.404      ;
; 19.665 ; div_count[2]    ; div_count[2] ; clk50        ; clk50       ; 20.000       ; 0.000      ; 0.367      ;
; 19.665 ; div_count[0]    ; div_count[0] ; clk50        ; clk50       ; 20.000       ; 0.000      ; 0.367      ;
; 19.665 ; div_count[1]    ; div_count[1] ; clk50        ; clk50       ; 20.000       ; 0.000      ; 0.367      ;
; 19.665 ; proc_clk|regout ; proc_clk     ; proc_clk     ; clk50       ; 20.000       ; -0.141     ; 0.226      ;
; 19.665 ; proc_clk|regout ; proc_clk     ; proc_clk     ; clk50       ; 20.000       ; -0.141     ; 0.226      ;
+--------+-----------------+--------------+--------------+-------------+--------------+------------+------------+


+------------------------------------------------------------------------------------------------------------------------------------------------------------------------------------------------------------------------------------------------------------------------------------------------------------------+
; Fast Model Setup: 'proc_clk'                                                                                                                                                                                                                                                                                     ;
+---------+-----------------------------------------------------------------------------------------------------------------------------------------------------+----------------------------------------------------------------------------+--------------+-------------+--------------+------------+------------+
; Slack   ; From Node                                                                                                                                           ; To Node                                                                    ; Launch Clock ; Latch Clock ; Relationship ; Clock Skew ; Data Delay ;
+---------+-----------------------------------------------------------------------------------------------------------------------------------------------------+----------------------------------------------------------------------------+--------------+-------------+--------------+------------+------------+
; 191.037 ; touch_ml_scanpipe_top:pipeline|ml_inference_scanpipe:ml_path|scan_index[1]                                                                          ; touch_ml_scanpipe_top:pipeline|ml_inference_scanpipe:ml_path|scan_best[18] ; proc_clk     ; proc_clk    ; 200.000      ; -0.017     ; 8.978      ;
; 191.037 ; touch_ml_scanpipe_top:pipeline|ml_inference_scanpipe:ml_path|scan_index[1]                                                                          ; touch_ml_scanpipe_top:pipeline|ml_inference_scanpipe:ml_path|scan_best[21] ; proc_clk     ; proc_clk    ; 200.000      ; -0.017     ; 8.978      ;
; 191.037 ; touch_ml_scanpipe_top:pipeline|ml_inference_scanpipe:ml_path|scan_index[1]                                                                          ; touch_ml_scanpipe_top:pipeline|ml_inference_scanpipe:ml_path|scan_best[20] ; proc_clk     ; proc_clk    ; 200.000      ; -0.017     ; 8.978      ;
; 191.037 ; touch_ml_scanpipe_top:pipeline|ml_inference_scanpipe:ml_path|scan_index[1]                                                                          ; touch_ml_scanpipe_top:pipeline|ml_inference_scanpipe:ml_path|scan_best[19] ; proc_clk     ; proc_clk    ; 200.000      ; -0.017     ; 8.978      ;
; 191.037 ; touch_ml_scanpipe_top:pipeline|ml_inference_scanpipe:ml_path|scan_index[1]                                                                          ; touch_ml_scanpipe_top:pipeline|ml_inference_scanpipe:ml_path|scan_best[8]  ; proc_clk     ; proc_clk    ; 200.000      ; -0.017     ; 8.978      ;
; 191.149 ; touch_ml_scanpipe_top:pipeline|ml_inference_scanpipe:ml_path|scan_index[1]                                                                          ; touch_ml_scanpipe_top:pipeline|ml_inference_scanpipe:ml_path|scan_best[25] ; proc_clk     ; proc_clk    ; 200.000      ; -0.032     ; 8.851      ;
; 191.149 ; touch_ml_scanpipe_top:pipeline|ml_inference_scanpipe:ml_path|scan_index[1]                                                                          ; touch_ml_scanpipe_top:pipeline|ml_inference_scanpipe:ml_path|scan_best[28] ; proc_clk     ; proc_clk    ; 200.000      ; -0.032     ; 8.851      ;
; 191.149 ; touch_ml_scanpipe_top:pipeline|ml_inference_scanpipe:ml_path|scan_index[1]                                                                          ; touch_ml_scanpipe_top:pipeline|ml_inference_scanpipe:ml_path|scan_best[27] ; proc_clk     ; proc_clk    ; 200.000      ; -0.032     ; 8.851      ;
; 191.167 ; touch_ml_scanpipe_top:pipeline|ml_inference_scanpipe:ml_path|scan_index[1]                                                                          ; touch_ml_scanpipe_top:pipeline|ml_inference_scanpipe:ml_path|scan_best[22] ; proc_clk     ; proc_clk    ; 200.000      ; -0.029     ; 8.836      ;
; 191.167 ; touch_ml_scanpipe_top:pipeline|ml_inference_scanpipe:ml_path|scan_index[1]                                                                          ; touch_ml_scanpipe_top:pipeline|ml_inference_scanpipe:ml_path|scan_best[24] ; proc_clk     ; proc_clk    ; 200.000      ; -0.029     ; 8.836      ;
; 191.167 ; touch_ml_scanpipe_top:pipeline|ml_inference_scanpipe:ml_path|scan_index[1]                                                                          ; touch_ml_scanpipe_top:pipeline|ml_inference_scanpipe:ml_path|scan_best[23] ; proc_clk     ; proc_clk    ; 200.000      ; -0.029     ; 8.836      ;
; 191.167 ; touch_ml_scanpipe_top:pipeline|ml_inference_scanpipe:ml_path|scan_index[1]                                                                          ; touch_ml_scanpipe_top:pipeline|ml_inference_scanpipe:ml_path|scan_best[26] ; proc_clk     ; proc_clk    ; 200.000      ; -0.029     ; 8.836      ;
; 191.179 ; touch_ml_scanpipe_top:pipeline|ml_inference_scanpipe:ml_path|scan_index[1]                                                                          ; touch_ml_scanpipe_top:pipeline|ml_inference_scanpipe:ml_path|scan_best[15] ; proc_clk     ; proc_clk    ; 200.000      ; -0.034     ; 8.819      ;
; 191.179 ; touch_ml_scanpipe_top:pipeline|ml_inference_scanpipe:ml_path|scan_index[1]                                                                          ; touch_ml_scanpipe_top:pipeline|ml_inference_scanpipe:ml_path|scan_best[16] ; proc_clk     ; proc_clk    ; 200.000      ; -0.034     ; 8.819      ;
; 191.179 ; touch_ml_scanpipe_top:pipeline|ml_inference_scanpipe:ml_path|scan_index[1]                                                                          ; touch_ml_scanpipe_top:pipeline|ml_inference_scanpipe:ml_path|scan_best[17] ; proc_clk     ; proc_clk    ; 200.000      ; -0.034     ; 8.819      ;
; 191.181 ; touch_ml_scanpipe_top:pipeline|ml_inference_scanpipe:ml_path|scan_index[1]                                                                          ; touch_ml_scanpipe_top:pipeline|ml_inference_scanpipe:ml_path|scan_best[30] ; proc_clk     ; proc_clk    ; 200.000      ; -0.022     ; 8.829      ;
; 191.181 ; touch_ml_scanpipe_top:pipeline|ml_inference_scanpipe:ml_path|scan_index[1]                                                                          ; touch_ml_scanpipe_top:pipeline|ml_inference_scanpipe:ml_path|scan_best[31] ; proc_clk     ; proc_clk    ; 200.000      ; -0.022     ; 8.829      ;
; 191.181 ; touch_ml_scanpipe_top:pipeline|ml_inference_scanpipe:ml_path|scan_index[1]                                                                          ; touch_ml_scanpipe_top:pipeline|ml_inference_scanpipe:ml_path|scan_best[32] ; proc_clk     ; proc_clk    ; 200.000      ; -0.022     ; 8.829      ;
; 191.181 ; touch_ml_scanpipe_top:pipeline|ml_inference_scanpipe:ml_path|scan_index[1]                                                                          ; touch_ml_scanpipe_top:pipeline|ml_inference_scanpipe:ml_path|scan_best[29] ; proc_clk     ; proc_clk    ; 200.000      ; -0.022     ; 8.829      ;
; 191.223 ; touch_ml_scanpipe_top:pipeline|ml_inference_scanpipe:ml_path|scan_index[1]                                                                          ; touch_ml_scanpipe_top:pipeline|ml_inference_scanpipe:ml_path|scan_best[7]  ; proc_clk     ; proc_clk    ; 200.000      ; -0.019     ; 8.790      ;
; 191.223 ; touch_ml_scanpipe_top:pipeline|ml_inference_scanpipe:ml_path|scan_index[1]                                                                          ; touch_ml_scanpipe_top:pipeline|ml_inference_scanpipe:ml_path|scan_best[6]  ; proc_clk     ; proc_clk    ; 200.000      ; -0.019     ; 8.790      ;
; 191.223 ; touch_ml_scanpipe_top:pipeline|ml_inference_scanpipe:ml_path|scan_index[1]                                                                          ; touch_ml_scanpipe_top:pipeline|ml_inference_scanpipe:ml_path|scan_best[5]  ; proc_clk     ; proc_clk    ; 200.000      ; -0.019     ; 8.790      ;
; 191.223 ; touch_ml_scanpipe_top:pipeline|ml_inference_scanpipe:ml_path|scan_index[1]                                                                          ; touch_ml_scanpipe_top:pipeline|ml_inference_scanpipe:ml_path|scan_best[4]  ; proc_clk     ; proc_clk    ; 200.000      ; -0.019     ; 8.790      ;
; 191.223 ; touch_ml_scanpipe_top:pipeline|ml_inference_scanpipe:ml_path|scan_index[1]                                                                          ; touch_ml_scanpipe_top:pipeline|ml_inference_scanpipe:ml_path|scan_best[13] ; proc_clk     ; proc_clk    ; 200.000      ; -0.019     ; 8.790      ;
; 191.319 ; touch_ml_scanpipe_top:pipeline|ml_inference_scanpipe:ml_path|scan_index[0]                                                                          ; touch_ml_scanpipe_top:pipeline|ml_inference_scanpipe:ml_path|scan_best[18] ; proc_clk     ; proc_clk    ; 200.000      ; -0.011     ; 8.702      ;
; 191.319 ; touch_ml_scanpipe_top:pipeline|ml_inference_scanpipe:ml_path|scan_index[0]                                                                          ; touch_ml_scanpipe_top:pipeline|ml_inference_scanpipe:ml_path|scan_best[21] ; proc_clk     ; proc_clk    ; 200.000      ; -0.011     ; 8.702      ;
; 191.319 ; touch_ml_scanpipe_top:pipeline|ml_inference_scanpipe:ml_path|scan_index[0]                                                                          ; touch_ml_scanpipe_top:pipeline|ml_inference_scanpipe:ml_path|scan_best[20] ; proc_clk     ; proc_clk    ; 200.000      ; -0.011     ; 8.702      ;
; 191.319 ; touch_ml_scanpipe_top:pipeline|ml_inference_scanpipe:ml_path|scan_index[0]                                                                          ; touch_ml_scanpipe_top:pipeline|ml_inference_scanpipe:ml_path|scan_best[19] ; proc_clk     ; proc_clk    ; 200.000      ; -0.011     ; 8.702      ;
; 191.319 ; touch_ml_scanpipe_top:pipeline|ml_inference_scanpipe:ml_path|scan_index[0]                                                                          ; touch_ml_scanpipe_top:pipeline|ml_inference_scanpipe:ml_path|scan_best[8]  ; proc_clk     ; proc_clk    ; 200.000      ; -0.011     ; 8.702      ;
; 191.331 ; touch_ml_scanpipe_top:pipeline|ml_inference_scanpipe:ml_path|scan_index[1]                                                                          ; touch_ml_scanpipe_top:pipeline|ml_inference_scanpipe:ml_path|scan_best[12] ; proc_clk     ; proc_clk    ; 200.000      ; -0.014     ; 8.687      ;
; 191.331 ; touch_ml_scanpipe_top:pipeline|ml_inference_scanpipe:ml_path|scan_index[1]                                                                          ; touch_ml_scanpipe_top:pipeline|ml_inference_scanpipe:ml_path|scan_best[14] ; proc_clk     ; proc_clk    ; 200.000      ; -0.014     ; 8.687      ;
; 191.331 ; touch_ml_scanpipe_top:pipeline|ml_inference_scanpipe:ml_path|scan_index[1]                                                                          ; touch_ml_scanpipe_top:pipeline|ml_inference_scanpipe:ml_path|scan_best[11] ; proc_clk     ; proc_clk    ; 200.000      ; -0.014     ; 8.687      ;
; 191.335 ; touch_ml_scanpipe_top:pipeline|ml_inference_scanpipe:ml_path|scan_index[1]                                                                          ; touch_ml_scanpipe_top:pipeline|ml_inference_scanpipe:ml_path|scan_best[10] ; proc_clk     ; proc_clk    ; 200.000      ; -0.013     ; 8.684      ;
; 191.431 ; touch_ml_scanpipe_top:pipeline|ml_inference_scanpipe:ml_path|scan_index[0]                                                                          ; touch_ml_scanpipe_top:pipeline|ml_inference_scanpipe:ml_path|scan_best[25] ; proc_clk     ; proc_clk    ; 200.000      ; -0.026     ; 8.575      ;
; 191.431 ; touch_ml_scanpipe_top:pipeline|ml_inference_scanpipe:ml_path|scan_index[0]                                                                          ; touch_ml_scanpipe_top:pipeline|ml_inference_scanpipe:ml_path|scan_best[28] ; proc_clk     ; proc_clk    ; 200.000      ; -0.026     ; 8.575      ;
; 191.431 ; touch_ml_scanpipe_top:pipeline|ml_inference_scanpipe:ml_path|scan_index[0]                                                                          ; touch_ml_scanpipe_top:pipeline|ml_inference_scanpipe:ml_path|scan_best[27] ; proc_clk     ; proc_clk    ; 200.000      ; -0.026     ; 8.575      ;
; 191.449 ; touch_ml_scanpipe_top:pipeline|ml_inference_scanpipe:ml_path|scan_index[0]                                                                          ; touch_ml_scanpipe_top:pipeline|ml_inference_scanpipe:ml_path|scan_best[22] ; proc_clk     ; proc_clk    ; 200.000      ; -0.023     ; 8.560      ;
; 191.449 ; touch_ml_scanpipe_top:pipeline|ml_inference_scanpipe:ml_path|scan_index[0]                                                                          ; touch_ml_scanpipe_top:pipeline|ml_inference_scanpipe:ml_path|scan_best[24] ; proc_clk     ; proc_clk    ; 200.000      ; -0.023     ; 8.560      ;
; 191.449 ; touch_ml_scanpipe_top:pipeline|ml_inference_scanpipe:ml_path|scan_index[0]                                                                          ; touch_ml_scanpipe_top:pipeline|ml_inference_scanpipe:ml_path|scan_best[23] ; proc_clk     ; proc_clk    ; 200.000      ; -0.023     ; 8.560      ;
; 191.449 ; touch_ml_scanpipe_top:pipeline|ml_inference_scanpipe:ml_path|scan_index[0]                                                                          ; touch_ml_scanpipe_top:pipeline|ml_inference_scanpipe:ml_path|scan_best[26] ; proc_clk     ; proc_clk    ; 200.000      ; -0.023     ; 8.560      ;
; 191.461 ; touch_ml_scanpipe_top:pipeline|ml_inference_scanpipe:ml_path|scan_index[0]                                                                          ; touch_ml_scanpipe_top:pipeline|ml_inference_scanpipe:ml_path|scan_best[15] ; proc_clk     ; proc_clk    ; 200.000      ; -0.028     ; 8.543      ;
; 191.461 ; touch_ml_scanpipe_top:pipeline|ml_inference_scanpipe:ml_path|scan_index[0]                                                                          ; touch_ml_scanpipe_top:pipeline|ml_inference_scanpipe:ml_path|scan_best[16] ; proc_clk     ; proc_clk    ; 200.000      ; -0.028     ; 8.543      ;
; 191.461 ; touch_ml_scanpipe_top:pipeline|ml_inference_scanpipe:ml_path|scan_index[0]                                                                          ; touch_ml_scanpipe_top:pipeline|ml_inference_scanpipe:ml_path|scan_best[17] ; proc_clk     ; proc_clk    ; 200.000      ; -0.028     ; 8.543      ;
; 191.463 ; touch_ml_scanpipe_top:pipeline|ml_inference_scanpipe:ml_path|scan_index[0]                                                                          ; touch_ml_scanpipe_top:pipeline|ml_inference_scanpipe:ml_path|scan_best[30] ; proc_clk     ; proc_clk    ; 200.000      ; -0.016     ; 8.553      ;
; 191.463 ; touch_ml_scanpipe_top:pipeline|ml_inference_scanpipe:ml_path|scan_index[0]                                                                          ; touch_ml_scanpipe_top:pipeline|ml_inference_scanpipe:ml_path|scan_best[31] ; proc_clk     ; proc_clk    ; 200.000      ; -0.016     ; 8.553      ;
; 191.463 ; touch_ml_scanpipe_top:pipeline|ml_inference_scanpipe:ml_path|scan_index[0]                                                                          ; touch_ml_scanpipe_top:pipeline|ml_inference_scanpipe:ml_path|scan_best[32] ; proc_clk     ; proc_clk    ; 200.000      ; -0.016     ; 8.553      ;
; 191.463 ; touch_ml_scanpipe_top:pipeline|ml_inference_scanpipe:ml_path|scan_index[0]                                                                          ; touch_ml_scanpipe_top:pipeline|ml_inference_scanpipe:ml_path|scan_best[29] ; proc_clk     ; proc_clk    ; 200.000      ; -0.016     ; 8.553      ;
; 191.499 ; touch_ml_scanpipe_top:pipeline|ml_inference_scanpipe:ml_path|altsyncram:hidden_rtl_0|altsyncram_sng1:auto_generated|ram_block1a0~portb_address_reg0 ; touch_ml_scanpipe_top:pipeline|ml_inference_scanpipe:ml_path|scores[1][32] ; proc_clk     ; proc_clk    ; 200.000      ; -0.078     ; 8.455      ;
; 191.499 ; touch_ml_scanpipe_top:pipeline|ml_inference_scanpipe:ml_path|altsyncram:hidden_rtl_0|altsyncram_sng1:auto_generated|ram_block1a0~portb_address_reg1 ; touch_ml_scanpipe_top:pipeline|ml_inference_scanpipe:ml_path|scores[1][32] ; proc_clk     ; proc_clk    ; 200.000      ; -0.078     ; 8.455      ;
; 191.499 ; touch_ml_scanpipe_top:pipeline|ml_inference_scanpipe:ml_path|altsyncram:hidden_rtl_0|altsyncram_sng1:auto_generated|ram_block1a0~portb_address_reg2 ; touch_ml_scanpipe_top:pipeline|ml_inference_scanpipe:ml_path|scores[1][32] ; proc_clk     ; proc_clk    ; 200.000      ; -0.078     ; 8.455      ;
; 191.499 ; touch_ml_scanpipe_top:pipeline|ml_inference_scanpipe:ml_path|altsyncram:hidden_rtl_0|altsyncram_sng1:auto_generated|ram_block1a0~portb_address_reg3 ; touch_ml_scanpipe_top:pipeline|ml_inference_scanpipe:ml_path|scores[1][32] ; proc_clk     ; proc_clk    ; 200.000      ; -0.078     ; 8.455      ;
; 191.499 ; touch_ml_scanpipe_top:pipeline|ml_inference_scanpipe:ml_path|altsyncram:hidden_rtl_0|altsyncram_sng1:auto_generated|ram_block1a0~portb_address_reg4 ; touch_ml_scanpipe_top:pipeline|ml_inference_scanpipe:ml_path|scores[1][32] ; proc_clk     ; proc_clk    ; 200.000      ; -0.078     ; 8.455      ;
; 191.505 ; touch_ml_scanpipe_top:pipeline|ml_inference_scanpipe:ml_path|scan_index[0]                                                                          ; touch_ml_scanpipe_top:pipeline|ml_inference_scanpipe:ml_path|scan_best[7]  ; proc_clk     ; proc_clk    ; 200.000      ; -0.013     ; 8.514      ;
; 191.505 ; touch_ml_scanpipe_top:pipeline|ml_inference_scanpipe:ml_path|scan_index[0]                                                                          ; touch_ml_scanpipe_top:pipeline|ml_inference_scanpipe:ml_path|scan_best[6]  ; proc_clk     ; proc_clk    ; 200.000      ; -0.013     ; 8.514      ;
; 191.505 ; touch_ml_scanpipe_top:pipeline|ml_inference_scanpipe:ml_path|scan_index[0]                                                                          ; touch_ml_scanpipe_top:pipeline|ml_inference_scanpipe:ml_path|scan_best[5]  ; proc_clk     ; proc_clk    ; 200.000      ; -0.013     ; 8.514      ;
; 191.505 ; touch_ml_scanpipe_top:pipeline|ml_inference_scanpipe:ml_path|scan_index[0]                                                                          ; touch_ml_scanpipe_top:pipeline|ml_inference_scanpipe:ml_path|scan_best[4]  ; proc_clk     ; proc_clk    ; 200.000      ; -0.013     ; 8.514      ;
; 191.505 ; touch_ml_scanpipe_top:pipeline|ml_inference_scanpipe:ml_path|scan_index[0]                                                                          ; touch_ml_scanpipe_top:pipeline|ml_inference_scanpipe:ml_path|scan_best[13] ; proc_clk     ; proc_clk    ; 200.000      ; -0.013     ; 8.514      ;
; 191.581 ; touch_ml_scanpipe_top:pipeline|ml_inference_scanpipe:ml_path|scan_index[1]                                                                          ; touch_ml_scanpipe_top:pipeline|ml_inference_scanpipe:ml_path|scan_best[3]  ; proc_clk     ; proc_clk    ; 200.000      ; -0.021     ; 8.430      ;
; 191.581 ; touch_ml_scanpipe_top:pipeline|ml_inference_scanpipe:ml_path|scan_index[1]                                                                          ; touch_ml_scanpipe_top:pipeline|ml_inference_scanpipe:ml_path|scan_best[2]  ; proc_clk     ; proc_clk    ; 200.000      ; -0.021     ; 8.430      ;
; 191.581 ; touch_ml_scanpipe_top:pipeline|ml_inference_scanpipe:ml_path|scan_index[1]                                                                          ; touch_ml_scanpipe_top:pipeline|ml_inference_scanpipe:ml_path|scan_best[0]  ; proc_clk     ; proc_clk    ; 200.000      ; -0.021     ; 8.430      ;
; 191.581 ; touch_ml_scanpipe_top:pipeline|ml_inference_scanpipe:ml_path|scan_index[1]                                                                          ; touch_ml_scanpipe_top:pipeline|ml_inference_scanpipe:ml_path|scan_best[1]  ; proc_clk     ; proc_clk    ; 200.000      ; -0.021     ; 8.430      ;
; 191.581 ; touch_ml_scanpipe_top:pipeline|ml_inference_scanpipe:ml_path|scan_index[1]                                                                          ; touch_ml_scanpipe_top:pipeline|ml_inference_scanpipe:ml_path|scan_best[9]  ; proc_clk     ; proc_clk    ; 200.000      ; -0.021     ; 8.430      ;
; 191.613 ; touch_ml_scanpipe_top:pipeline|ml_inference_scanpipe:ml_path|altsyncram:hidden_rtl_0|altsyncram_sng1:auto_generated|ram_block1a0~portb_address_reg0 ; touch_ml_scanpipe_top:pipeline|ml_inference_scanpipe:ml_path|scores[9][32] ; proc_clk     ; proc_clk    ; 200.000      ; -0.073     ; 8.346      ;
; 191.613 ; touch_ml_scanpipe_top:pipeline|ml_inference_scanpipe:ml_path|scan_index[0]                                                                          ; touch_ml_scanpipe_top:pipeline|ml_inference_scanpipe:ml_path|scan_best[12] ; proc_clk     ; proc_clk    ; 200.000      ; -0.008     ; 8.411      ;
; 191.613 ; touch_ml_scanpipe_top:pipeline|ml_inference_scanpipe:ml_path|scan_index[0]                                                                          ; touch_ml_scanpipe_top:pipeline|ml_inference_scanpipe:ml_path|scan_best[14] ; proc_clk     ; proc_clk    ; 200.000      ; -0.008     ; 8.411      ;
; 191.613 ; touch_ml_scanpipe_top:pipeline|ml_inference_scanpipe:ml_path|scan_index[0]                                                                          ; touch_ml_scanpipe_top:pipeline|ml_inference_scanpipe:ml_path|scan_best[11] ; proc_clk     ; proc_clk    ; 200.000      ; -0.008     ; 8.411      ;
; 191.613 ; touch_ml_scanpipe_top:pipeline|ml_inference_scanpipe:ml_path|altsyncram:hidden_rtl_0|altsyncram_sng1:auto_generated|ram_block1a0~portb_address_reg1 ; touch_ml_scanpipe_top:pipeline|ml_inference_scanpipe:ml_path|scores[9][32] ; proc_clk     ; proc_clk    ; 200.000      ; -0.073     ; 8.346      ;
; 191.613 ; touch_ml_scanpipe_top:pipeline|ml_inference_scanpipe:ml_path|altsyncram:hidden_rtl_0|altsyncram_sng1:auto_generated|ram_block1a0~portb_address_reg2 ; touch_ml_scanpipe_top:pipeline|ml_inference_scanpipe:ml_path|scores[9][32] ; proc_clk     ; proc_clk    ; 200.000      ; -0.073     ; 8.346      ;
; 191.613 ; touch_ml_scanpipe_top:pipeline|ml_inference_scanpipe:ml_path|altsyncram:hidden_rtl_0|altsyncram_sng1:auto_generated|ram_block1a0~portb_address_reg3 ; touch_ml_scanpipe_top:pipeline|ml_inference_scanpipe:ml_path|scores[9][32] ; proc_clk     ; proc_clk    ; 200.000      ; -0.073     ; 8.346      ;
; 191.613 ; touch_ml_scanpipe_top:pipeline|ml_inference_scanpipe:ml_path|altsyncram:hidden_rtl_0|altsyncram_sng1:auto_generated|ram_block1a0~portb_address_reg4 ; touch_ml_scanpipe_top:pipeline|ml_inference_scanpipe:ml_path|scores[9][32] ; proc_clk     ; proc_clk    ; 200.000      ; -0.073     ; 8.346      ;
; 191.617 ; touch_ml_scanpipe_top:pipeline|ml_inference_scanpipe:ml_path|scan_index[0]                                                                          ; touch_ml_scanpipe_top:pipeline|ml_inference_scanpipe:ml_path|scan_best[10] ; proc_clk     ; proc_clk    ; 200.000      ; -0.007     ; 8.408      ;
; 191.730 ; touch_ml_scanpipe_top:pipeline|ml_inference_scanpipe:ml_path|altsyncram:hidden_rtl_0|altsyncram_sng1:auto_generated|ram_block1a0~portb_address_reg0 ; touch_ml_scanpipe_top:pipeline|ml_inference_scanpipe:ml_path|scores[0][32] ; proc_clk     ; proc_clk    ; 200.000      ; -0.078     ; 8.224      ;
; 191.730 ; touch_ml_scanpipe_top:pipeline|ml_inference_scanpipe:ml_path|altsyncram:hidden_rtl_0|altsyncram_sng1:auto_generated|ram_block1a0~portb_address_reg1 ; touch_ml_scanpipe_top:pipeline|ml_inference_scanpipe:ml_path|scores[0][32] ; proc_clk     ; proc_clk    ; 200.000      ; -0.078     ; 8.224      ;
; 191.730 ; touch_ml_scanpipe_top:pipeline|ml_inference_scanpipe:ml_path|altsyncram:hidden_rtl_0|altsyncram_sng1:auto_generated|ram_block1a0~portb_address_reg2 ; touch_ml_scanpipe_top:pipeline|ml_inference_scanpipe:ml_path|scores[0][32] ; proc_clk     ; proc_clk    ; 200.000      ; -0.078     ; 8.224      ;
; 191.730 ; touch_ml_scanpipe_top:pipeline|ml_inference_scanpipe:ml_path|altsyncram:hidden_rtl_0|altsyncram_sng1:auto_generated|ram_block1a0~portb_address_reg3 ; touch_ml_scanpipe_top:pipeline|ml_inference_scanpipe:ml_path|scores[0][32] ; proc_clk     ; proc_clk    ; 200.000      ; -0.078     ; 8.224      ;
; 191.730 ; touch_ml_scanpipe_top:pipeline|ml_inference_scanpipe:ml_path|altsyncram:hidden_rtl_0|altsyncram_sng1:auto_generated|ram_block1a0~portb_address_reg4 ; touch_ml_scanpipe_top:pipeline|ml_inference_scanpipe:ml_path|scores[0][32] ; proc_clk     ; proc_clk    ; 200.000      ; -0.078     ; 8.224      ;
; 191.736 ; touch_ml_scanpipe_top:pipeline|ml_inference_scanpipe:ml_path|altsyncram:hidden_rtl_0|altsyncram_sng1:auto_generated|ram_block1a0~portb_address_reg0 ; touch_ml_scanpipe_top:pipeline|ml_inference_scanpipe:ml_path|scores[7][31] ; proc_clk     ; proc_clk    ; 200.000      ; -0.084     ; 8.212      ;
; 191.736 ; touch_ml_scanpipe_top:pipeline|ml_inference_scanpipe:ml_path|altsyncram:hidden_rtl_0|altsyncram_sng1:auto_generated|ram_block1a0~portb_address_reg1 ; touch_ml_scanpipe_top:pipeline|ml_inference_scanpipe:ml_path|scores[7][31] ; proc_clk     ; proc_clk    ; 200.000      ; -0.084     ; 8.212      ;
; 191.736 ; touch_ml_scanpipe_top:pipeline|ml_inference_scanpipe:ml_path|altsyncram:hidden_rtl_0|altsyncram_sng1:auto_generated|ram_block1a0~portb_address_reg2 ; touch_ml_scanpipe_top:pipeline|ml_inference_scanpipe:ml_path|scores[7][31] ; proc_clk     ; proc_clk    ; 200.000      ; -0.084     ; 8.212      ;
; 191.736 ; touch_ml_scanpipe_top:pipeline|ml_inference_scanpipe:ml_path|altsyncram:hidden_rtl_0|altsyncram_sng1:auto_generated|ram_block1a0~portb_address_reg3 ; touch_ml_scanpipe_top:pipeline|ml_inference_scanpipe:ml_path|scores[7][31] ; proc_clk     ; proc_clk    ; 200.000      ; -0.084     ; 8.212      ;
; 191.736 ; touch_ml_scanpipe_top:pipeline|ml_inference_scanpipe:ml_path|altsyncram:hidden_rtl_0|altsyncram_sng1:auto_generated|ram_block1a0~portb_address_reg4 ; touch_ml_scanpipe_top:pipeline|ml_inference_scanpipe:ml_path|scores[7][31] ; proc_clk     ; proc_clk    ; 200.000      ; -0.084     ; 8.212      ;
; 191.737 ; touch_ml_scanpipe_top:pipeline|ml_inference_scanpipe:ml_path|altsyncram:hidden_rtl_0|altsyncram_sng1:auto_generated|ram_block1a0~portb_address_reg0 ; touch_ml_scanpipe_top:pipeline|ml_inference_scanpipe:ml_path|scores[5][31] ; proc_clk     ; proc_clk    ; 200.000      ; -0.084     ; 8.211      ;
; 191.737 ; touch_ml_scanpipe_top:pipeline|ml_inference_scanpipe:ml_path|altsyncram:hidden_rtl_0|altsyncram_sng1:auto_generated|ram_block1a0~portb_address_reg1 ; touch_ml_scanpipe_top:pipeline|ml_inference_scanpipe:ml_path|scores[5][31] ; proc_clk     ; proc_clk    ; 200.000      ; -0.084     ; 8.211      ;
; 191.737 ; touch_ml_scanpipe_top:pipeline|ml_inference_scanpipe:ml_path|altsyncram:hidden_rtl_0|altsyncram_sng1:auto_generated|ram_block1a0~portb_address_reg2 ; touch_ml_scanpipe_top:pipeline|ml_inference_scanpipe:ml_path|scores[5][31] ; proc_clk     ; proc_clk    ; 200.000      ; -0.084     ; 8.211      ;
; 191.737 ; touch_ml_scanpipe_top:pipeline|ml_inference_scanpipe:ml_path|altsyncram:hidden_rtl_0|altsyncram_sng1:auto_generated|ram_block1a0~portb_address_reg3 ; touch_ml_scanpipe_top:pipeline|ml_inference_scanpipe:ml_path|scores[5][31] ; proc_clk     ; proc_clk    ; 200.000      ; -0.084     ; 8.211      ;
; 191.737 ; touch_ml_scanpipe_top:pipeline|ml_inference_scanpipe:ml_path|altsyncram:hidden_rtl_0|altsyncram_sng1:auto_generated|ram_block1a0~portb_address_reg4 ; touch_ml_scanpipe_top:pipeline|ml_inference_scanpipe:ml_path|scores[5][31] ; proc_clk     ; proc_clk    ; 200.000      ; -0.084     ; 8.211      ;
; 191.829 ; touch_ml_scanpipe_top:pipeline|ml_inference_scanpipe:ml_path|altsyncram:hidden_rtl_0|altsyncram_sng1:auto_generated|ram_block1a0~portb_address_reg0 ; touch_ml_scanpipe_top:pipeline|ml_inference_scanpipe:ml_path|scores[6][27] ; proc_clk     ; proc_clk    ; 200.000      ; -0.068     ; 8.135      ;
; 191.829 ; touch_ml_scanpipe_top:pipeline|ml_inference_scanpipe:ml_path|altsyncram:hidden_rtl_0|altsyncram_sng1:auto_generated|ram_block1a0~portb_address_reg1 ; touch_ml_scanpipe_top:pipeline|ml_inference_scanpipe:ml_path|scores[6][27] ; proc_clk     ; proc_clk    ; 200.000      ; -0.068     ; 8.135      ;
; 191.829 ; touch_ml_scanpipe_top:pipeline|ml_inference_scanpipe:ml_path|altsyncram:hidden_rtl_0|altsyncram_sng1:auto_generated|ram_block1a0~portb_address_reg2 ; touch_ml_scanpipe_top:pipeline|ml_inference_scanpipe:ml_path|scores[6][27] ; proc_clk     ; proc_clk    ; 200.000      ; -0.068     ; 8.135      ;
; 191.829 ; touch_ml_scanpipe_top:pipeline|ml_inference_scanpipe:ml_path|altsyncram:hidden_rtl_0|altsyncram_sng1:auto_generated|ram_block1a0~portb_address_reg3 ; touch_ml_scanpipe_top:pipeline|ml_inference_scanpipe:ml_path|scores[6][27] ; proc_clk     ; proc_clk    ; 200.000      ; -0.068     ; 8.135      ;
; 191.829 ; touch_ml_scanpipe_top:pipeline|ml_inference_scanpipe:ml_path|altsyncram:hidden_rtl_0|altsyncram_sng1:auto_generated|ram_block1a0~portb_address_reg4 ; touch_ml_scanpipe_top:pipeline|ml_inference_scanpipe:ml_path|scores[6][27] ; proc_clk     ; proc_clk    ; 200.000      ; -0.068     ; 8.135      ;
; 191.830 ; touch_ml_scanpipe_top:pipeline|ml_inference_scanpipe:ml_path|altsyncram:hidden_rtl_0|altsyncram_sng1:auto_generated|ram_block1a0~portb_address_reg0 ; touch_ml_scanpipe_top:pipeline|ml_inference_scanpipe:ml_path|scores[4][27] ; proc_clk     ; proc_clk    ; 200.000      ; -0.068     ; 8.134      ;
; 191.830 ; touch_ml_scanpipe_top:pipeline|ml_inference_scanpipe:ml_path|altsyncram:hidden_rtl_0|altsyncram_sng1:auto_generated|ram_block1a0~portb_address_reg1 ; touch_ml_scanpipe_top:pipeline|ml_inference_scanpipe:ml_path|scores[4][27] ; proc_clk     ; proc_clk    ; 200.000      ; -0.068     ; 8.134      ;
; 191.830 ; touch_ml_scanpipe_top:pipeline|ml_inference_scanpipe:ml_path|altsyncram:hidden_rtl_0|altsyncram_sng1:auto_generated|ram_block1a0~portb_address_reg2 ; touch_ml_scanpipe_top:pipeline|ml_inference_scanpipe:ml_path|scores[4][27] ; proc_clk     ; proc_clk    ; 200.000      ; -0.068     ; 8.134      ;
; 191.830 ; touch_ml_scanpipe_top:pipeline|ml_inference_scanpipe:ml_path|altsyncram:hidden_rtl_0|altsyncram_sng1:auto_generated|ram_block1a0~portb_address_reg3 ; touch_ml_scanpipe_top:pipeline|ml_inference_scanpipe:ml_path|scores[4][27] ; proc_clk     ; proc_clk    ; 200.000      ; -0.068     ; 8.134      ;
; 191.830 ; touch_ml_scanpipe_top:pipeline|ml_inference_scanpipe:ml_path|altsyncram:hidden_rtl_0|altsyncram_sng1:auto_generated|ram_block1a0~portb_address_reg4 ; touch_ml_scanpipe_top:pipeline|ml_inference_scanpipe:ml_path|scores[4][27] ; proc_clk     ; proc_clk    ; 200.000      ; -0.068     ; 8.134      ;
; 191.863 ; touch_ml_scanpipe_top:pipeline|ml_inference_scanpipe:ml_path|scan_index[0]                                                                          ; touch_ml_scanpipe_top:pipeline|ml_inference_scanpipe:ml_path|scan_best[3]  ; proc_clk     ; proc_clk    ; 200.000      ; -0.015     ; 8.154      ;
; 191.863 ; touch_ml_scanpipe_top:pipeline|ml_inference_scanpipe:ml_path|scan_index[0]                                                                          ; touch_ml_scanpipe_top:pipeline|ml_inference_scanpipe:ml_path|scan_best[2]  ; proc_clk     ; proc_clk    ; 200.000      ; -0.015     ; 8.154      ;
; 191.863 ; touch_ml_scanpipe_top:pipeline|ml_inference_scanpipe:ml_path|scan_index[0]                                                                          ; touch_ml_scanpipe_top:pipeline|ml_inference_scanpipe:ml_path|scan_best[0]  ; proc_clk     ; proc_clk    ; 200.000      ; -0.015     ; 8.154      ;
; 191.863 ; touch_ml_scanpipe_top:pipeline|ml_inference_scanpipe:ml_path|scan_index[0]                                                                          ; touch_ml_scanpipe_top:pipeline|ml_inference_scanpipe:ml_path|scan_best[1]  ; proc_clk     ; proc_clk    ; 200.000      ; -0.015     ; 8.154      ;
+---------+-----------------------------------------------------------------------------------------------------------------------------------------------------+----------------------------------------------------------------------------+--------------+-------------+--------------+------------+------------+


+--------------------------------------------------------------------------------------------------------------+
; Fast Model Hold: 'clk50'                                                                                     ;
+-------+-----------------+--------------+--------------+-------------+--------------+------------+------------+
; Slack ; From Node       ; To Node      ; Launch Clock ; Latch Clock ; Relationship ; Clock Skew ; Data Delay ;
+-------+-----------------+--------------+--------------+-------------+--------------+------------+------------+
; 0.215 ; div_count[2]    ; div_count[2] ; clk50        ; clk50       ; 0.000        ; 0.000      ; 0.367      ;
; 0.215 ; div_count[0]    ; div_count[0] ; clk50        ; clk50       ; 0.000        ; 0.000      ; 0.367      ;
; 0.215 ; div_count[1]    ; div_count[1] ; clk50        ; clk50       ; 0.000        ; 0.000      ; 0.367      ;
; 0.215 ; proc_clk|regout ; proc_clk     ; proc_clk     ; clk50       ; 0.000        ; -0.141     ; 0.226      ;
; 0.215 ; proc_clk|regout ; proc_clk     ; proc_clk     ; clk50       ; 0.000        ; -0.141     ; 0.226      ;
; 0.252 ; div_count[1]    ; div_count[0] ; clk50        ; clk50       ; 0.000        ; 0.000      ; 0.404      ;
; 0.252 ; div_count[0]    ; div_count[1] ; clk50        ; clk50       ; 0.000        ; 0.000      ; 0.404      ;
; 0.253 ; div_count[1]    ; proc_clk     ; clk50        ; clk50       ; 0.000        ; 0.000      ; 0.405      ;
; 0.253 ; div_count[1]    ; div_count[2] ; clk50        ; clk50       ; 0.000        ; 0.000      ; 0.405      ;
; 0.358 ; div_count[2]    ; proc_clk     ; clk50        ; clk50       ; 0.000        ; 0.000      ; 0.510      ;
; 0.360 ; div_count[2]    ; div_count[0] ; clk50        ; clk50       ; 0.000        ; 0.000      ; 0.512      ;
; 0.382 ; div_count[0]    ; proc_clk     ; clk50        ; clk50       ; 0.000        ; 0.000      ; 0.534      ;
; 0.383 ; div_count[0]    ; div_count[2] ; clk50        ; clk50       ; 0.000        ; 0.000      ; 0.535      ;
+-------+-----------------+--------------+--------------+-------------+--------------+------------+------------+


+-------------------------------------------------------------------------------------------------------------------------------------------------------------------------------------------------------------------------------------------------------------------------------+
; Fast Model Hold: 'proc_clk'                                                                                                                                                                                                                                                   ;
+-------+------------------------------------------------------------------------------------------------+------------------------------------------------------------------------------------------------+--------------+-------------+--------------+------------+------------+
; Slack ; From Node                                                                                      ; To Node                                                                                        ; Launch Clock ; Latch Clock ; Relationship ; Clock Skew ; Data Delay ;
+-------+------------------------------------------------------------------------------------------------+------------------------------------------------------------------------------------------------+--------------+-------------+--------------+------------+------------+
; 0.215 ; shutdown_latched                                                                               ; shutdown_latched                                                                               ; proc_clk     ; proc_clk    ; 0.000        ; 0.000      ; 0.367      ;
; 0.215 ; touch_ml_scanpipe_top:pipeline|ml_inference_scanpipe:ml_path|state.IDLE                        ; touch_ml_scanpipe_top:pipeline|ml_inference_scanpipe:ml_path|state.IDLE                        ; proc_clk     ; proc_clk    ; 0.000        ; 0.000      ; 0.367      ;
; 0.215 ; touch_ml_scanpipe_top:pipeline|ml_inference_scanpipe:ml_path|state.LOAD                        ; touch_ml_scanpipe_top:pipeline|ml_inference_scanpipe:ml_path|state.LOAD                        ; proc_clk     ; proc_clk    ; 0.000        ; 0.000      ; 0.367      ;
; 0.215 ; touch_ml_scanpipe_top:pipeline|ml_inference_scanpipe:ml_path|pixel_idx[4]                      ; touch_ml_scanpipe_top:pipeline|ml_inference_scanpipe:ml_path|pixel_idx[4]                      ; proc_clk     ; proc_clk    ; 0.000        ; 0.000      ; 0.367      ;
; 0.215 ; touch_ml_scanpipe_top:pipeline|ml_inference_scanpipe:ml_path|pixel_idx[5]                      ; touch_ml_scanpipe_top:pipeline|ml_inference_scanpipe:ml_path|pixel_idx[5]                      ; proc_clk     ; proc_clk    ; 0.000        ; 0.000      ; 0.367      ;
; 0.215 ; touch_ml_scanpipe_top:pipeline|ml_inference_scanpipe:ml_path|pixel_idx[6]                      ; touch_ml_scanpipe_top:pipeline|ml_inference_scanpipe:ml_path|pixel_idx[6]                      ; proc_clk     ; proc_clk    ; 0.000        ; 0.000      ; 0.367      ;
; 0.215 ; touch_ml_scanpipe_top:pipeline|ml_inference_scanpipe:ml_path|pixel_idx[7]                      ; touch_ml_scanpipe_top:pipeline|ml_inference_scanpipe:ml_path|pixel_idx[7]                      ; proc_clk     ; proc_clk    ; 0.000        ; 0.000      ; 0.367      ;
; 0.215 ; touch_ml_scanpipe_top:pipeline|ml_inference_scanpipe:ml_path|neuron[1]                         ; touch_ml_scanpipe_top:pipeline|ml_inference_scanpipe:ml_path|neuron[1]                         ; proc_clk     ; proc_clk    ; 0.000        ; 0.000      ; 0.367      ;
; 0.215 ; touch_ml_scanpipe_top:pipeline|ml_inference_scanpipe:ml_path|neuron[2]                         ; touch_ml_scanpipe_top:pipeline|ml_inference_scanpipe:ml_path|neuron[2]                         ; proc_clk     ; proc_clk    ; 0.000        ; 0.000      ; 0.367      ;
; 0.215 ; touch_ml_scanpipe_top:pipeline|ml_inference_scanpipe:ml_path|neuron[3]                         ; touch_ml_scanpipe_top:pipeline|ml_inference_scanpipe:ml_path|neuron[3]                         ; proc_clk     ; proc_clk    ; 0.000        ; 0.000      ; 0.367      ;
; 0.215 ; touch_ml_scanpipe_top:pipeline|ml_inference_scanpipe:ml_path|neuron[4]                         ; touch_ml_scanpipe_top:pipeline|ml_inference_scanpipe:ml_path|neuron[4]                         ; proc_clk     ; proc_clk    ; 0.000        ; 0.000      ; 0.367      ;
; 0.215 ; touch_ml_scanpipe_top:pipeline|ml_inference_scanpipe:ml_path|neuron[5]                         ; touch_ml_scanpipe_top:pipeline|ml_inference_scanpipe:ml_path|neuron[5]                         ; proc_clk     ; proc_clk    ; 0.000        ; 0.000      ; 0.367      ;
; 0.215 ; touch_ml_scanpipe_top:pipeline|ml_inference_scanpipe:ml_path|neuron[6]                         ; touch_ml_scanpipe_top:pipeline|ml_inference_scanpipe:ml_path|neuron[6]                         ; proc_clk     ; proc_clk    ; 0.000        ; 0.000      ; 0.367      ;
; 0.215 ; touch_ml_scanpipe_top:pipeline|ml_inference_scanpipe:ml_path|neuron[7]                         ; touch_ml_scanpipe_top:pipeline|ml_inference_scanpipe:ml_path|neuron[7]                         ; proc_clk     ; proc_clk    ; 0.000        ; 0.000      ; 0.367      ;
; 0.215 ; touch_ml_scanpipe_top:pipeline|ml_inference_scanpipe:ml_path|neuron[8]                         ; touch_ml_scanpipe_top:pipeline|ml_inference_scanpipe:ml_path|neuron[8]                         ; proc_clk     ; proc_clk    ; 0.000        ; 0.000      ; 0.367      ;
; 0.215 ; touch_ml_scanpipe_top:pipeline|ml_inference_scanpipe:ml_path|neuron[9]                         ; touch_ml_scanpipe_top:pipeline|ml_inference_scanpipe:ml_path|neuron[9]                         ; proc_clk     ; proc_clk    ; 0.000        ; 0.000      ; 0.367      ;
; 0.215 ; touch_ml_scanpipe_top:pipeline|ml_inference_scanpipe:ml_path|neuron[10]                        ; touch_ml_scanpipe_top:pipeline|ml_inference_scanpipe:ml_path|neuron[10]                        ; proc_clk     ; proc_clk    ; 0.000        ; 0.000      ; 0.367      ;
; 0.215 ; touch_ml_scanpipe_top:pipeline|ml_inference_scanpipe:ml_path|neuron[11]                        ; touch_ml_scanpipe_top:pipeline|ml_inference_scanpipe:ml_path|neuron[11]                        ; proc_clk     ; proc_clk    ; 0.000        ; 0.000      ; 0.367      ;
; 0.215 ; touch_ml_scanpipe_top:pipeline|ml_inference_scanpipe:ml_path|neuron[12]                        ; touch_ml_scanpipe_top:pipeline|ml_inference_scanpipe:ml_path|neuron[12]                        ; proc_clk     ; proc_clk    ; 0.000        ; 0.000      ; 0.367      ;
; 0.215 ; touch_ml_scanpipe_top:pipeline|ml_inference_scanpipe:ml_path|neuron[13]                        ; touch_ml_scanpipe_top:pipeline|ml_inference_scanpipe:ml_path|neuron[13]                        ; proc_clk     ; proc_clk    ; 0.000        ; 0.000      ; 0.367      ;
; 0.215 ; touch_ml_scanpipe_top:pipeline|ml_inference_scanpipe:ml_path|neuron[14]                        ; touch_ml_scanpipe_top:pipeline|ml_inference_scanpipe:ml_path|neuron[14]                        ; proc_clk     ; proc_clk    ; 0.000        ; 0.000      ; 0.367      ;
; 0.215 ; touch_ml_scanpipe_top:pipeline|ml_inference_scanpipe:ml_path|neuron[15]                        ; touch_ml_scanpipe_top:pipeline|ml_inference_scanpipe:ml_path|neuron[15]                        ; proc_clk     ; proc_clk    ; 0.000        ; 0.000      ; 0.367      ;
; 0.215 ; touch_ml_scanpipe_top:pipeline|ml_inference_scanpipe:ml_path|neuron[16]                        ; touch_ml_scanpipe_top:pipeline|ml_inference_scanpipe:ml_path|neuron[16]                        ; proc_clk     ; proc_clk    ; 0.000        ; 0.000      ; 0.367      ;
; 0.215 ; touch_ml_scanpipe_top:pipeline|ml_inference_scanpipe:ml_path|neuron[17]                        ; touch_ml_scanpipe_top:pipeline|ml_inference_scanpipe:ml_path|neuron[17]                        ; proc_clk     ; proc_clk    ; 0.000        ; 0.000      ; 0.367      ;
; 0.215 ; touch_ml_scanpipe_top:pipeline|ml_inference_scanpipe:ml_path|neuron[18]                        ; touch_ml_scanpipe_top:pipeline|ml_inference_scanpipe:ml_path|neuron[18]                        ; proc_clk     ; proc_clk    ; 0.000        ; 0.000      ; 0.367      ;
; 0.215 ; touch_ml_scanpipe_top:pipeline|ml_inference_scanpipe:ml_path|neuron[19]                        ; touch_ml_scanpipe_top:pipeline|ml_inference_scanpipe:ml_path|neuron[19]                        ; proc_clk     ; proc_clk    ; 0.000        ; 0.000      ; 0.367      ;
; 0.215 ; touch_ml_scanpipe_top:pipeline|ml_inference_scanpipe:ml_path|neuron[20]                        ; touch_ml_scanpipe_top:pipeline|ml_inference_scanpipe:ml_path|neuron[20]                        ; proc_clk     ; proc_clk    ; 0.000        ; 0.000      ; 0.367      ;
; 0.215 ; touch_ml_scanpipe_top:pipeline|ml_inference_scanpipe:ml_path|neuron[21]                        ; touch_ml_scanpipe_top:pipeline|ml_inference_scanpipe:ml_path|neuron[21]                        ; proc_clk     ; proc_clk    ; 0.000        ; 0.000      ; 0.367      ;
; 0.215 ; touch_ml_scanpipe_top:pipeline|ml_inference_scanpipe:ml_path|neuron[22]                        ; touch_ml_scanpipe_top:pipeline|ml_inference_scanpipe:ml_path|neuron[22]                        ; proc_clk     ; proc_clk    ; 0.000        ; 0.000      ; 0.367      ;
; 0.215 ; touch_ml_scanpipe_top:pipeline|ml_inference_scanpipe:ml_path|neuron[23]                        ; touch_ml_scanpipe_top:pipeline|ml_inference_scanpipe:ml_path|neuron[23]                        ; proc_clk     ; proc_clk    ; 0.000        ; 0.000      ; 0.367      ;
; 0.215 ; touch_ml_scanpipe_top:pipeline|ml_inference_scanpipe:ml_path|neuron[24]                        ; touch_ml_scanpipe_top:pipeline|ml_inference_scanpipe:ml_path|neuron[24]                        ; proc_clk     ; proc_clk    ; 0.000        ; 0.000      ; 0.367      ;
; 0.215 ; touch_ml_scanpipe_top:pipeline|ml_inference_scanpipe:ml_path|neuron[25]                        ; touch_ml_scanpipe_top:pipeline|ml_inference_scanpipe:ml_path|neuron[25]                        ; proc_clk     ; proc_clk    ; 0.000        ; 0.000      ; 0.367      ;
; 0.215 ; touch_ml_scanpipe_top:pipeline|ml_inference_scanpipe:ml_path|neuron[26]                        ; touch_ml_scanpipe_top:pipeline|ml_inference_scanpipe:ml_path|neuron[26]                        ; proc_clk     ; proc_clk    ; 0.000        ; 0.000      ; 0.367      ;
; 0.215 ; touch_ml_scanpipe_top:pipeline|ml_inference_scanpipe:ml_path|neuron[27]                        ; touch_ml_scanpipe_top:pipeline|ml_inference_scanpipe:ml_path|neuron[27]                        ; proc_clk     ; proc_clk    ; 0.000        ; 0.000      ; 0.367      ;
; 0.215 ; touch_ml_scanpipe_top:pipeline|ml_inference_scanpipe:ml_path|neuron[28]                        ; touch_ml_scanpipe_top:pipeline|ml_inference_scanpipe:ml_path|neuron[28]                        ; proc_clk     ; proc_clk    ; 0.000        ; 0.000      ; 0.367      ;
; 0.215 ; touch_ml_scanpipe_top:pipeline|ml_inference_scanpipe:ml_path|neuron[29]                        ; touch_ml_scanpipe_top:pipeline|ml_inference_scanpipe:ml_path|neuron[29]                        ; proc_clk     ; proc_clk    ; 0.000        ; 0.000      ; 0.367      ;
; 0.215 ; touch_ml_scanpipe_top:pipeline|ml_inference_scanpipe:ml_path|neuron[30]                        ; touch_ml_scanpipe_top:pipeline|ml_inference_scanpipe:ml_path|neuron[30]                        ; proc_clk     ; proc_clk    ; 0.000        ; 0.000      ; 0.367      ;
; 0.215 ; touch_ml_scanpipe_top:pipeline|ml_inference_scanpipe:ml_path|neuron[31]                        ; touch_ml_scanpipe_top:pipeline|ml_inference_scanpipe:ml_path|neuron[31]                        ; proc_clk     ; proc_clk    ; 0.000        ; 0.000      ; 0.367      ;
; 0.215 ; touch_ml_scanpipe_top:pipeline|ml_inference_scanpipe:ml_path|neuron[0]                         ; touch_ml_scanpipe_top:pipeline|ml_inference_scanpipe:ml_path|neuron[0]                         ; proc_clk     ; proc_clk    ; 0.000        ; 0.000      ; 0.367      ;
; 0.215 ; touch_ml_scanpipe_top:pipeline|ml_inference_scanpipe:ml_path|scan_index[2]                     ; touch_ml_scanpipe_top:pipeline|ml_inference_scanpipe:ml_path|scan_index[2]                     ; proc_clk     ; proc_clk    ; 0.000        ; 0.000      ; 0.367      ;
; 0.215 ; touch_ml_scanpipe_top:pipeline|ml_inference_scanpipe:ml_path|scan_index[3]                     ; touch_ml_scanpipe_top:pipeline|ml_inference_scanpipe:ml_path|scan_index[3]                     ; proc_clk     ; proc_clk    ; 0.000        ; 0.000      ; 0.367      ;
; 0.215 ; touch_ml_scanpipe_top:pipeline|ml_inference_scanpipe:ml_path|scan_index[4]                     ; touch_ml_scanpipe_top:pipeline|ml_inference_scanpipe:ml_path|scan_index[4]                     ; proc_clk     ; proc_clk    ; 0.000        ; 0.000      ; 0.367      ;
; 0.215 ; touch_ml_scanpipe_top:pipeline|ml_inference_scanpipe:ml_path|scan_index[5]                     ; touch_ml_scanpipe_top:pipeline|ml_inference_scanpipe:ml_path|scan_index[5]                     ; proc_clk     ; proc_clk    ; 0.000        ; 0.000      ; 0.367      ;
; 0.215 ; touch_ml_scanpipe_top:pipeline|ml_inference_scanpipe:ml_path|scan_index[6]                     ; touch_ml_scanpipe_top:pipeline|ml_inference_scanpipe:ml_path|scan_index[6]                     ; proc_clk     ; proc_clk    ; 0.000        ; 0.000      ; 0.367      ;
; 0.215 ; touch_ml_scanpipe_top:pipeline|ml_inference_scanpipe:ml_path|scan_index[7]                     ; touch_ml_scanpipe_top:pipeline|ml_inference_scanpipe:ml_path|scan_index[7]                     ; proc_clk     ; proc_clk    ; 0.000        ; 0.000      ; 0.367      ;
; 0.215 ; touch_ml_scanpipe_top:pipeline|ml_inference_scanpipe:ml_path|scan_index[8]                     ; touch_ml_scanpipe_top:pipeline|ml_inference_scanpipe:ml_path|scan_index[8]                     ; proc_clk     ; proc_clk    ; 0.000        ; 0.000      ; 0.367      ;
; 0.215 ; touch_ml_scanpipe_top:pipeline|ml_inference_scanpipe:ml_path|scan_index[9]                     ; touch_ml_scanpipe_top:pipeline|ml_inference_scanpipe:ml_path|scan_index[9]                     ; proc_clk     ; proc_clk    ; 0.000        ; 0.000      ; 0.367      ;
; 0.215 ; touch_ml_scanpipe_top:pipeline|ml_inference_scanpipe:ml_path|scan_index[10]                    ; touch_ml_scanpipe_top:pipeline|ml_inference_scanpipe:ml_path|scan_index[10]                    ; proc_clk     ; proc_clk    ; 0.000        ; 0.000      ; 0.367      ;
; 0.215 ; touch_ml_scanpipe_top:pipeline|ml_inference_scanpipe:ml_path|scan_index[11]                    ; touch_ml_scanpipe_top:pipeline|ml_inference_scanpipe:ml_path|scan_index[11]                    ; proc_clk     ; proc_clk    ; 0.000        ; 0.000      ; 0.367      ;
; 0.215 ; touch_ml_scanpipe_top:pipeline|ml_inference_scanpipe:ml_path|scan_index[12]                    ; touch_ml_scanpipe_top:pipeline|ml_inference_scanpipe:ml_path|scan_index[12]                    ; proc_clk     ; proc_clk    ; 0.000        ; 0.000      ; 0.367      ;
; 0.215 ; touch_ml_scanpipe_top:pipeline|ml_inference_scanpipe:ml_path|scan_index[13]                    ; touch_ml_scanpipe_top:pipeline|ml_inference_scanpipe:ml_path|scan_index[13]                    ; proc_clk     ; proc_clk    ; 0.000        ; 0.000      ; 0.367      ;
; 0.215 ; touch_ml_scanpipe_top:pipeline|ml_inference_scanpipe:ml_path|scan_index[14]                    ; touch_ml_scanpipe_top:pipeline|ml_inference_scanpipe:ml_path|scan_index[14]                    ; proc_clk     ; proc_clk    ; 0.000        ; 0.000      ; 0.367      ;
; 0.215 ; touch_ml_scanpipe_top:pipeline|ml_inference_scanpipe:ml_path|scan_index[15]                    ; touch_ml_scanpipe_top:pipeline|ml_inference_scanpipe:ml_path|scan_index[15]                    ; proc_clk     ; proc_clk    ; 0.000        ; 0.000      ; 0.367      ;
; 0.215 ; touch_ml_scanpipe_top:pipeline|ml_inference_scanpipe:ml_path|scan_index[16]                    ; touch_ml_scanpipe_top:pipeline|ml_inference_scanpipe:ml_path|scan_index[16]                    ; proc_clk     ; proc_clk    ; 0.000        ; 0.000      ; 0.367      ;
; 0.215 ; touch_ml_scanpipe_top:pipeline|ml_inference_scanpipe:ml_path|scan_index[17]                    ; touch_ml_scanpipe_top:pipeline|ml_inference_scanpipe:ml_path|scan_index[17]                    ; proc_clk     ; proc_clk    ; 0.000        ; 0.000      ; 0.367      ;
; 0.215 ; touch_ml_scanpipe_top:pipeline|ml_inference_scanpipe:ml_path|scan_index[18]                    ; touch_ml_scanpipe_top:pipeline|ml_inference_scanpipe:ml_path|scan_index[18]                    ; proc_clk     ; proc_clk    ; 0.000        ; 0.000      ; 0.367      ;
; 0.215 ; touch_ml_scanpipe_top:pipeline|ml_inference_scanpipe:ml_path|scan_index[19]                    ; touch_ml_scanpipe_top:pipeline|ml_inference_scanpipe:ml_path|scan_index[19]                    ; proc_clk     ; proc_clk    ; 0.000        ; 0.000      ; 0.367      ;
; 0.215 ; touch_ml_scanpipe_top:pipeline|ml_inference_scanpipe:ml_path|scan_index[20]                    ; touch_ml_scanpipe_top:pipeline|ml_inference_scanpipe:ml_path|scan_index[20]                    ; proc_clk     ; proc_clk    ; 0.000        ; 0.000      ; 0.367      ;
; 0.215 ; touch_ml_scanpipe_top:pipeline|ml_inference_scanpipe:ml_path|scan_index[21]                    ; touch_ml_scanpipe_top:pipeline|ml_inference_scanpipe:ml_path|scan_index[21]                    ; proc_clk     ; proc_clk    ; 0.000        ; 0.000      ; 0.367      ;
; 0.215 ; touch_ml_scanpipe_top:pipeline|ml_inference_scanpipe:ml_path|scan_index[22]                    ; touch_ml_scanpipe_top:pipeline|ml_inference_scanpipe:ml_path|scan_index[22]                    ; proc_clk     ; proc_clk    ; 0.000        ; 0.000      ; 0.367      ;
; 0.215 ; touch_ml_scanpipe_top:pipeline|ml_inference_scanpipe:ml_path|scan_index[23]                    ; touch_ml_scanpipe_top:pipeline|ml_inference_scanpipe:ml_path|scan_index[23]                    ; proc_clk     ; proc_clk    ; 0.000        ; 0.000      ; 0.367      ;
; 0.215 ; touch_ml_scanpipe_top:pipeline|ml_inference_scanpipe:ml_path|scan_index[24]                    ; touch_ml_scanpipe_top:pipeline|ml_inference_scanpipe:ml_path|scan_index[24]                    ; proc_clk     ; proc_clk    ; 0.000        ; 0.000      ; 0.367      ;
; 0.215 ; touch_ml_scanpipe_top:pipeline|ml_inference_scanpipe:ml_path|scan_index[25]                    ; touch_ml_scanpipe_top:pipeline|ml_inference_scanpipe:ml_path|scan_index[25]                    ; proc_clk     ; proc_clk    ; 0.000        ; 0.000      ; 0.367      ;
; 0.215 ; touch_ml_scanpipe_top:pipeline|ml_inference_scanpipe:ml_path|scan_index[26]                    ; touch_ml_scanpipe_top:pipeline|ml_inference_scanpipe:ml_path|scan_index[26]                    ; proc_clk     ; proc_clk    ; 0.000        ; 0.000      ; 0.367      ;
; 0.215 ; touch_ml_scanpipe_top:pipeline|ml_inference_scanpipe:ml_path|scan_index[27]                    ; touch_ml_scanpipe_top:pipeline|ml_inference_scanpipe:ml_path|scan_index[27]                    ; proc_clk     ; proc_clk    ; 0.000        ; 0.000      ; 0.367      ;
; 0.215 ; touch_ml_scanpipe_top:pipeline|ml_inference_scanpipe:ml_path|scan_index[28]                    ; touch_ml_scanpipe_top:pipeline|ml_inference_scanpipe:ml_path|scan_index[28]                    ; proc_clk     ; proc_clk    ; 0.000        ; 0.000      ; 0.367      ;
; 0.215 ; touch_ml_scanpipe_top:pipeline|ml_inference_scanpipe:ml_path|scan_index[29]                    ; touch_ml_scanpipe_top:pipeline|ml_inference_scanpipe:ml_path|scan_index[29]                    ; proc_clk     ; proc_clk    ; 0.000        ; 0.000      ; 0.367      ;
; 0.215 ; touch_ml_scanpipe_top:pipeline|ml_inference_scanpipe:ml_path|scan_index[30]                    ; touch_ml_scanpipe_top:pipeline|ml_inference_scanpipe:ml_path|scan_index[30]                    ; proc_clk     ; proc_clk    ; 0.000        ; 0.000      ; 0.367      ;
; 0.215 ; touch_ml_scanpipe_top:pipeline|ml_inference_scanpipe:ml_path|scan_index[31]                    ; touch_ml_scanpipe_top:pipeline|ml_inference_scanpipe:ml_path|scan_index[31]                    ; proc_clk     ; proc_clk    ; 0.000        ; 0.000      ; 0.367      ;
; 0.215 ; touch_ml_scanpipe_top:pipeline|ml_inference_scanpipe:ml_path|state.SCAN_STEP                   ; touch_ml_scanpipe_top:pipeline|ml_inference_scanpipe:ml_path|state.SCAN_STEP                   ; proc_clk     ; proc_clk    ; 0.000        ; 0.000      ; 0.367      ;
; 0.215 ; lcd_live_writer:lcd_writer|state.S_RESET                                                       ; lcd_live_writer:lcd_writer|state.S_RESET                                                       ; proc_clk     ; proc_clk    ; 0.000        ; 0.000      ; 0.367      ;
; 0.215 ; touch_ml_scanpipe_top:pipeline|touch_capture_top:touch_path|xpt2046_reader:reader|state.S_GAP  ; touch_ml_scanpipe_top:pipeline|touch_capture_top:touch_path|xpt2046_reader:reader|state.S_GAP  ; proc_clk     ; proc_clk    ; 0.000        ; 0.000      ; 0.367      ;
; 0.215 ; touch_ml_scanpipe_top:pipeline|touch_capture_top:touch_path|xpt2046_reader:reader|state.S_IDLE ; touch_ml_scanpipe_top:pipeline|touch_capture_top:touch_path|xpt2046_reader:reader|state.S_IDLE ; proc_clk     ; proc_clk    ; 0.000        ; 0.000      ; 0.367      ;
; 0.215 ; touch_ml_scanpipe_top:pipeline|touch_capture_top:touch_path|xpt2046_reader:reader|axis_y       ; touch_ml_scanpipe_top:pipeline|touch_capture_top:touch_path|xpt2046_reader:reader|axis_y       ; proc_clk     ; proc_clk    ; 0.000        ; 0.000      ; 0.367      ;
; 0.215 ; touch_ml_scanpipe_top:pipeline|touch_capture_top:touch_path|xpt2046_reader:reader|state.S_SPI  ; touch_ml_scanpipe_top:pipeline|touch_capture_top:touch_path|xpt2046_reader:reader|state.S_SPI  ; proc_clk     ; proc_clk    ; 0.000        ; 0.000      ; 0.367      ;
; 0.215 ; touch_ml_scanpipe_top:pipeline|touch_capture_top:touch_path|xpt2046_reader:reader|divider[0]   ; touch_ml_scanpipe_top:pipeline|touch_capture_top:touch_path|xpt2046_reader:reader|divider[0]   ; proc_clk     ; proc_clk    ; 0.000        ; 0.000      ; 0.367      ;
; 0.215 ; touch_ml_scanpipe_top:pipeline|touch_capture_top:touch_path|xpt2046_reader:reader|divider[1]   ; touch_ml_scanpipe_top:pipeline|touch_capture_top:touch_path|xpt2046_reader:reader|divider[1]   ; proc_clk     ; proc_clk    ; 0.000        ; 0.000      ; 0.367      ;
; 0.215 ; touch_ml_scanpipe_top:pipeline|touch_capture_top:touch_path|xpt2046_reader:reader|divider[2]   ; touch_ml_scanpipe_top:pipeline|touch_capture_top:touch_path|xpt2046_reader:reader|divider[2]   ; proc_clk     ; proc_clk    ; 0.000        ; 0.000      ; 0.367      ;
; 0.215 ; touch_ml_scanpipe_top:pipeline|touch_capture_top:touch_path|xpt2046_reader:reader|divider[3]   ; touch_ml_scanpipe_top:pipeline|touch_capture_top:touch_path|xpt2046_reader:reader|divider[3]   ; proc_clk     ; proc_clk    ; 0.000        ; 0.000      ; 0.367      ;
; 0.215 ; touch_ml_scanpipe_top:pipeline|touch_capture_top:touch_path|xpt2046_reader:reader|divider[4]   ; touch_ml_scanpipe_top:pipeline|touch_capture_top:touch_path|xpt2046_reader:reader|divider[4]   ; proc_clk     ; proc_clk    ; 0.000        ; 0.000      ; 0.367      ;
; 0.215 ; touch_ml_scanpipe_top:pipeline|touch_capture_top:touch_path|xpt2046_reader:reader|divider[5]   ; touch_ml_scanpipe_top:pipeline|touch_capture_top:touch_path|xpt2046_reader:reader|divider[5]   ; proc_clk     ; proc_clk    ; 0.000        ; 0.000      ; 0.367      ;
; 0.215 ; touch_ml_scanpipe_top:pipeline|touch_capture_top:touch_path|xpt2046_reader:reader|divider[6]   ; touch_ml_scanpipe_top:pipeline|touch_capture_top:touch_path|xpt2046_reader:reader|divider[6]   ; proc_clk     ; proc_clk    ; 0.000        ; 0.000      ; 0.367      ;
; 0.215 ; touch_ml_scanpipe_top:pipeline|touch_capture_top:touch_path|xpt2046_reader:reader|divider[7]   ; touch_ml_scanpipe_top:pipeline|touch_capture_top:touch_path|xpt2046_reader:reader|divider[7]   ; proc_clk     ; proc_clk    ; 0.000        ; 0.000      ; 0.367      ;
; 0.215 ; touch_ml_scanpipe_top:pipeline|touch_capture_top:touch_path|xpt2046_reader:reader|divider[8]   ; touch_ml_scanpipe_top:pipeline|touch_capture_top:touch_path|xpt2046_reader:reader|divider[8]   ; proc_clk     ; proc_clk    ; 0.000        ; 0.000      ; 0.367      ;
; 0.215 ; touch_ml_scanpipe_top:pipeline|touch_capture_top:touch_path|xpt2046_reader:reader|divider[9]   ; touch_ml_scanpipe_top:pipeline|touch_capture_top:touch_path|xpt2046_reader:reader|divider[9]   ; proc_clk     ; proc_clk    ; 0.000        ; 0.000      ; 0.367      ;
; 0.215 ; touch_ml_scanpipe_top:pipeline|touch_capture_top:touch_path|xpt2046_reader:reader|divider[10]  ; touch_ml_scanpipe_top:pipeline|touch_capture_top:touch_path|xpt2046_reader:reader|divider[10]  ; proc_clk     ; proc_clk    ; 0.000        ; 0.000      ; 0.367      ;
; 0.215 ; touch_ml_scanpipe_top:pipeline|touch_capture_top:touch_path|xpt2046_reader:reader|divider[11]  ; touch_ml_scanpipe_top:pipeline|touch_capture_top:touch_path|xpt2046_reader:reader|divider[11]  ; proc_clk     ; proc_clk    ; 0.000        ; 0.000      ; 0.367      ;
; 0.215 ; touch_ml_scanpipe_top:pipeline|touch_capture_top:touch_path|xpt2046_reader:reader|divider[12]  ; touch_ml_scanpipe_top:pipeline|touch_capture_top:touch_path|xpt2046_reader:reader|divider[12]  ; proc_clk     ; proc_clk    ; 0.000        ; 0.000      ; 0.367      ;
; 0.215 ; touch_ml_scanpipe_top:pipeline|touch_capture_top:touch_path|xpt2046_reader:reader|divider[13]  ; touch_ml_scanpipe_top:pipeline|touch_capture_top:touch_path|xpt2046_reader:reader|divider[13]  ; proc_clk     ; proc_clk    ; 0.000        ; 0.000      ; 0.367      ;
; 0.215 ; touch_ml_scanpipe_top:pipeline|touch_capture_top:touch_path|xpt2046_reader:reader|divider[14]  ; touch_ml_scanpipe_top:pipeline|touch_capture_top:touch_path|xpt2046_reader:reader|divider[14]  ; proc_clk     ; proc_clk    ; 0.000        ; 0.000      ; 0.367      ;
; 0.215 ; touch_ml_scanpipe_top:pipeline|touch_capture_top:touch_path|xpt2046_reader:reader|divider[15]  ; touch_ml_scanpipe_top:pipeline|touch_capture_top:touch_path|xpt2046_reader:reader|divider[15]  ; proc_clk     ; proc_clk    ; 0.000        ; 0.000      ; 0.367      ;
; 0.215 ; touch_ml_scanpipe_top:pipeline|touch_capture_top:touch_path|xpt2046_reader:reader|touch_sclk   ; touch_ml_scanpipe_top:pipeline|touch_capture_top:touch_path|xpt2046_reader:reader|touch_sclk   ; proc_clk     ; proc_clk    ; 0.000        ; 0.000      ; 0.367      ;
; 0.215 ; touch_ml_scanpipe_top:pipeline|touch_capture_top:touch_path|xpt2046_reader:reader|bit_index[0] ; touch_ml_scanpipe_top:pipeline|touch_capture_top:touch_path|xpt2046_reader:reader|bit_index[0] ; proc_clk     ; proc_clk    ; 0.000        ; 0.000      ; 0.367      ;
; 0.215 ; touch_ml_scanpipe_top:pipeline|touch_capture_top:touch_path|xpt2046_reader:reader|bit_index[1] ; touch_ml_scanpipe_top:pipeline|touch_capture_top:touch_path|xpt2046_reader:reader|bit_index[1] ; proc_clk     ; proc_clk    ; 0.000        ; 0.000      ; 0.367      ;
; 0.215 ; touch_ml_scanpipe_top:pipeline|touch_capture_top:touch_path|xpt2046_reader:reader|bit_index[2] ; touch_ml_scanpipe_top:pipeline|touch_capture_top:touch_path|xpt2046_reader:reader|bit_index[2] ; proc_clk     ; proc_clk    ; 0.000        ; 0.000      ; 0.367      ;
; 0.215 ; touch_ml_scanpipe_top:pipeline|touch_capture_top:touch_path|xpt2046_reader:reader|bit_index[3] ; touch_ml_scanpipe_top:pipeline|touch_capture_top:touch_path|xpt2046_reader:reader|bit_index[3] ; proc_clk     ; proc_clk    ; 0.000        ; 0.000      ; 0.367      ;
; 0.215 ; touch_ml_scanpipe_top:pipeline|touch_capture_top:touch_path|xpt2046_reader:reader|bit_index[4] ; touch_ml_scanpipe_top:pipeline|touch_capture_top:touch_path|xpt2046_reader:reader|bit_index[4] ; proc_clk     ; proc_clk    ; 0.000        ; 0.000      ; 0.367      ;
; 0.215 ; lcd_live_writer:lcd_writer|draw_dx[2]                                                          ; lcd_live_writer:lcd_writer|draw_dx[2]                                                          ; proc_clk     ; proc_clk    ; 0.000        ; 0.000      ; 0.367      ;
; 0.215 ; lcd_live_writer:lcd_writer|draw_dx[0]                                                          ; lcd_live_writer:lcd_writer|draw_dx[0]                                                          ; proc_clk     ; proc_clk    ; 0.000        ; 0.000      ; 0.367      ;
; 0.215 ; lcd_live_writer:lcd_writer|draw_dx[1]                                                          ; lcd_live_writer:lcd_writer|draw_dx[1]                                                          ; proc_clk     ; proc_clk    ; 0.000        ; 0.000      ; 0.367      ;
+-------+------------------------------------------------------------------------------------------------+------------------------------------------------------------------------------------------------+--------------+-------------+--------------+------------+------------+


+------------------------------------------------------------------------------------------------------------------------------------------------------------------------------------------------------+
; Fast Model Recovery: 'proc_clk'                                                                                                                                                                      ;
+---------+------------------+---------------------------------------------------------------------------------------------------+--------------+-------------+--------------+------------+------------+
; Slack   ; From Node        ; To Node                                                                                           ; Launch Clock ; Latch Clock ; Relationship ; Clock Skew ; Data Delay ;
+---------+------------------+---------------------------------------------------------------------------------------------------+--------------+-------------+--------------+------------+------------+
; 197.448 ; shutdown_latched ; touch_ml_scanpipe_top:pipeline|touch_capture_top:touch_path|xpt2046_reader:reader|state.S_START_Y ; proc_clk     ; proc_clk    ; 200.000      ; 0.004      ; 2.588      ;
; 197.448 ; shutdown_latched ; touch_ml_scanpipe_top:pipeline|touch_capture_top:touch_path|xpt2046_reader:reader|state.S_GAP     ; proc_clk     ; proc_clk    ; 200.000      ; 0.004      ; 2.588      ;
; 197.448 ; shutdown_latched ; touch_ml_scanpipe_top:pipeline|touch_capture_top:touch_path|xpt2046_reader:reader|state.S_WAIT    ; proc_clk     ; proc_clk    ; 200.000      ; 0.004      ; 2.588      ;
; 197.448 ; shutdown_latched ; touch_ml_scanpipe_top:pipeline|touch_capture_top:touch_path|xpt2046_reader:reader|state.S_IDLE    ; proc_clk     ; proc_clk    ; 200.000      ; 0.004      ; 2.588      ;
; 197.448 ; shutdown_latched ; touch_ml_scanpipe_top:pipeline|touch_capture_top:touch_path|xpt2046_reader:reader|axis_y          ; proc_clk     ; proc_clk    ; 200.000      ; 0.004      ; 2.588      ;
; 197.448 ; shutdown_latched ; touch_ml_scanpipe_top:pipeline|touch_capture_top:touch_path|xpt2046_reader:reader|state.S_SPI     ; proc_clk     ; proc_clk    ; 200.000      ; 0.004      ; 2.588      ;
; 197.448 ; shutdown_latched ; touch_ml_scanpipe_top:pipeline|touch_capture_top:touch_path|xpt2046_reader:reader|sample_valid    ; proc_clk     ; proc_clk    ; 200.000      ; 0.004      ; 2.588      ;
; 197.448 ; shutdown_latched ; touch_ml_scanpipe_top:pipeline|touch_capture_top:touch_path|xpt2046_reader:reader|touch_cs_n      ; proc_clk     ; proc_clk    ; 200.000      ; 0.004      ; 2.588      ;
; 197.586 ; shutdown_latched ; lcd_live_writer:lcd_writer|init_index[2]                                                          ; proc_clk     ; proc_clk    ; 200.000      ; 0.018      ; 2.464      ;
; 197.586 ; shutdown_latched ; lcd_live_writer:lcd_writer|init_index[3]                                                          ; proc_clk     ; proc_clk    ; 200.000      ; 0.018      ; 2.464      ;
; 197.586 ; shutdown_latched ; lcd_live_writer:lcd_writer|init_index[4]                                                          ; proc_clk     ; proc_clk    ; 200.000      ; 0.018      ; 2.464      ;
; 197.586 ; shutdown_latched ; lcd_live_writer:lcd_writer|init_index[5]                                                          ; proc_clk     ; proc_clk    ; 200.000      ; 0.018      ; 2.464      ;
; 197.586 ; shutdown_latched ; lcd_live_writer:lcd_writer|init_index[6]                                                          ; proc_clk     ; proc_clk    ; 200.000      ; 0.018      ; 2.464      ;
; 197.586 ; shutdown_latched ; lcd_live_writer:lcd_writer|init_index[7]                                                          ; proc_clk     ; proc_clk    ; 200.000      ; 0.018      ; 2.464      ;
; 197.586 ; shutdown_latched ; lcd_live_writer:lcd_writer|clear_index[0]                                                         ; proc_clk     ; proc_clk    ; 200.000      ; 0.016      ; 2.462      ;
; 197.586 ; shutdown_latched ; lcd_live_writer:lcd_writer|clear_index[1]                                                         ; proc_clk     ; proc_clk    ; 200.000      ; 0.016      ; 2.462      ;
; 197.586 ; shutdown_latched ; lcd_live_writer:lcd_writer|clear_index[2]                                                         ; proc_clk     ; proc_clk    ; 200.000      ; 0.016      ; 2.462      ;
; 197.586 ; shutdown_latched ; lcd_live_writer:lcd_writer|clear_index[3]                                                         ; proc_clk     ; proc_clk    ; 200.000      ; 0.016      ; 2.462      ;
; 197.586 ; shutdown_latched ; lcd_live_writer:lcd_writer|clear_index[4]                                                         ; proc_clk     ; proc_clk    ; 200.000      ; 0.016      ; 2.462      ;
; 197.586 ; shutdown_latched ; lcd_live_writer:lcd_writer|clear_index[5]                                                         ; proc_clk     ; proc_clk    ; 200.000      ; 0.016      ; 2.462      ;
; 197.586 ; shutdown_latched ; lcd_live_writer:lcd_writer|clear_index[6]                                                         ; proc_clk     ; proc_clk    ; 200.000      ; 0.016      ; 2.462      ;
; 197.586 ; shutdown_latched ; lcd_live_writer:lcd_writer|clear_index[7]                                                         ; proc_clk     ; proc_clk    ; 200.000      ; 0.016      ; 2.462      ;
; 197.586 ; shutdown_latched ; lcd_live_writer:lcd_writer|clear_index[8]                                                         ; proc_clk     ; proc_clk    ; 200.000      ; 0.014      ; 2.460      ;
; 197.586 ; shutdown_latched ; lcd_live_writer:lcd_writer|clear_index[9]                                                         ; proc_clk     ; proc_clk    ; 200.000      ; 0.014      ; 2.460      ;
; 197.586 ; shutdown_latched ; lcd_live_writer:lcd_writer|clear_index[10]                                                        ; proc_clk     ; proc_clk    ; 200.000      ; 0.014      ; 2.460      ;
; 197.586 ; shutdown_latched ; lcd_live_writer:lcd_writer|clear_index[11]                                                        ; proc_clk     ; proc_clk    ; 200.000      ; 0.014      ; 2.460      ;
; 197.586 ; shutdown_latched ; lcd_live_writer:lcd_writer|clear_index[12]                                                        ; proc_clk     ; proc_clk    ; 200.000      ; 0.014      ; 2.460      ;
; 197.586 ; shutdown_latched ; lcd_live_writer:lcd_writer|clear_index[13]                                                        ; proc_clk     ; proc_clk    ; 200.000      ; 0.014      ; 2.460      ;
; 197.586 ; shutdown_latched ; lcd_live_writer:lcd_writer|clear_index[14]                                                        ; proc_clk     ; proc_clk    ; 200.000      ; 0.014      ; 2.460      ;
; 197.586 ; shutdown_latched ; lcd_live_writer:lcd_writer|clear_index[15]                                                        ; proc_clk     ; proc_clk    ; 200.000      ; 0.014      ; 2.460      ;
; 197.586 ; shutdown_latched ; lcd_live_writer:lcd_writer|delay_count[0]                                                         ; proc_clk     ; proc_clk    ; 200.000      ; 0.013      ; 2.459      ;
; 197.586 ; shutdown_latched ; lcd_live_writer:lcd_writer|delay_count[1]                                                         ; proc_clk     ; proc_clk    ; 200.000      ; 0.013      ; 2.459      ;
; 197.586 ; shutdown_latched ; lcd_live_writer:lcd_writer|delay_count[2]                                                         ; proc_clk     ; proc_clk    ; 200.000      ; 0.013      ; 2.459      ;
; 197.586 ; shutdown_latched ; lcd_live_writer:lcd_writer|delay_count[3]                                                         ; proc_clk     ; proc_clk    ; 200.000      ; 0.013      ; 2.459      ;
; 197.586 ; shutdown_latched ; lcd_live_writer:lcd_writer|delay_count[4]                                                         ; proc_clk     ; proc_clk    ; 200.000      ; 0.013      ; 2.459      ;
; 197.586 ; shutdown_latched ; lcd_live_writer:lcd_writer|delay_count[5]                                                         ; proc_clk     ; proc_clk    ; 200.000      ; 0.013      ; 2.459      ;
; 197.586 ; shutdown_latched ; lcd_live_writer:lcd_writer|delay_count[6]                                                         ; proc_clk     ; proc_clk    ; 200.000      ; 0.013      ; 2.459      ;
; 197.586 ; shutdown_latched ; lcd_live_writer:lcd_writer|delay_count[7]                                                         ; proc_clk     ; proc_clk    ; 200.000      ; 0.013      ; 2.459      ;
; 197.586 ; shutdown_latched ; lcd_live_writer:lcd_writer|delay_count[8]                                                         ; proc_clk     ; proc_clk    ; 200.000      ; 0.013      ; 2.459      ;
; 197.586 ; shutdown_latched ; lcd_live_writer:lcd_writer|delay_count[9]                                                         ; proc_clk     ; proc_clk    ; 200.000      ; 0.013      ; 2.459      ;
; 197.586 ; shutdown_latched ; lcd_live_writer:lcd_writer|delay_count[10]                                                        ; proc_clk     ; proc_clk    ; 200.000      ; 0.013      ; 2.459      ;
; 197.586 ; shutdown_latched ; lcd_live_writer:lcd_writer|delay_count[11]                                                        ; proc_clk     ; proc_clk    ; 200.000      ; 0.013      ; 2.459      ;
; 197.586 ; shutdown_latched ; lcd_live_writer:lcd_writer|delay_count[12]                                                        ; proc_clk     ; proc_clk    ; 200.000      ; 0.013      ; 2.459      ;
; 197.586 ; shutdown_latched ; lcd_live_writer:lcd_writer|delay_count[13]                                                        ; proc_clk     ; proc_clk    ; 200.000      ; 0.013      ; 2.459      ;
; 197.586 ; shutdown_latched ; lcd_live_writer:lcd_writer|delay_count[14]                                                        ; proc_clk     ; proc_clk    ; 200.000      ; 0.013      ; 2.459      ;
; 197.586 ; shutdown_latched ; lcd_live_writer:lcd_writer|delay_count[16]                                                        ; proc_clk     ; proc_clk    ; 200.000      ; 0.009      ; 2.455      ;
; 197.586 ; shutdown_latched ; lcd_live_writer:lcd_writer|delay_count[17]                                                        ; proc_clk     ; proc_clk    ; 200.000      ; 0.009      ; 2.455      ;
; 197.586 ; shutdown_latched ; lcd_live_writer:lcd_writer|delay_count[18]                                                        ; proc_clk     ; proc_clk    ; 200.000      ; 0.009      ; 2.455      ;
; 197.586 ; shutdown_latched ; lcd_live_writer:lcd_writer|delay_count[20]                                                        ; proc_clk     ; proc_clk    ; 200.000      ; 0.009      ; 2.455      ;
; 197.586 ; shutdown_latched ; lcd_live_writer:lcd_writer|delay_count[21]                                                        ; proc_clk     ; proc_clk    ; 200.000      ; 0.009      ; 2.455      ;
; 197.586 ; shutdown_latched ; lcd_live_writer:lcd_writer|delay_count[22]                                                        ; proc_clk     ; proc_clk    ; 200.000      ; 0.009      ; 2.455      ;
; 197.586 ; shutdown_latched ; lcd_live_writer:lcd_writer|delay_count[23]                                                        ; proc_clk     ; proc_clk    ; 200.000      ; 0.009      ; 2.455      ;
; 197.586 ; shutdown_latched ; lcd_live_writer:lcd_writer|delay_count[24]                                                        ; proc_clk     ; proc_clk    ; 200.000      ; 0.009      ; 2.455      ;
; 197.586 ; shutdown_latched ; lcd_live_writer:lcd_writer|delay_count[25]                                                        ; proc_clk     ; proc_clk    ; 200.000      ; 0.009      ; 2.455      ;
; 197.586 ; shutdown_latched ; lcd_live_writer:lcd_writer|delay_count[26]                                                        ; proc_clk     ; proc_clk    ; 200.000      ; 0.009      ; 2.455      ;
; 197.586 ; shutdown_latched ; lcd_live_writer:lcd_writer|delay_count[27]                                                        ; proc_clk     ; proc_clk    ; 200.000      ; 0.009      ; 2.455      ;
; 197.586 ; shutdown_latched ; lcd_live_writer:lcd_writer|delay_count[28]                                                        ; proc_clk     ; proc_clk    ; 200.000      ; 0.009      ; 2.455      ;
; 197.586 ; shutdown_latched ; lcd_live_writer:lcd_writer|delay_count[29]                                                        ; proc_clk     ; proc_clk    ; 200.000      ; 0.009      ; 2.455      ;
; 197.586 ; shutdown_latched ; lcd_live_writer:lcd_writer|delay_count[30]                                                        ; proc_clk     ; proc_clk    ; 200.000      ; 0.009      ; 2.455      ;
; 197.586 ; shutdown_latched ; lcd_live_writer:lcd_writer|delay_count[31]                                                        ; proc_clk     ; proc_clk    ; 200.000      ; 0.009      ; 2.455      ;
; 197.586 ; shutdown_latched ; lcd_live_writer:lcd_writer|state.S_RESET                                                          ; proc_clk     ; proc_clk    ; 200.000      ; 0.021      ; 2.467      ;
; 197.586 ; shutdown_latched ; lcd_live_writer:lcd_writer|delay_count[19]                                                        ; proc_clk     ; proc_clk    ; 200.000      ; 0.009      ; 2.455      ;
; 197.586 ; shutdown_latched ; lcd_live_writer:lcd_writer|state.S_CLEAR_X                                                        ; proc_clk     ; proc_clk    ; 200.000      ; 0.018      ; 2.464      ;
; 197.586 ; shutdown_latched ; lcd_live_writer:lcd_writer|state.S_CLEAR_XP                                                       ; proc_clk     ; proc_clk    ; 200.000      ; 0.017      ; 2.463      ;
; 197.586 ; shutdown_latched ; lcd_live_writer:lcd_writer|state.S_CLEAR_Y                                                        ; proc_clk     ; proc_clk    ; 200.000      ; 0.017      ; 2.463      ;
; 197.586 ; shutdown_latched ; lcd_live_writer:lcd_writer|state.S_CLEAR_YP                                                       ; proc_clk     ; proc_clk    ; 200.000      ; 0.017      ; 2.463      ;
; 197.586 ; shutdown_latched ; lcd_live_writer:lcd_writer|state.S_CLEAR_RAM                                                      ; proc_clk     ; proc_clk    ; 200.000      ; 0.017      ; 2.463      ;
; 197.586 ; shutdown_latched ; lcd_live_writer:lcd_writer|state.S_CLEAR_RAMP                                                     ; proc_clk     ; proc_clk    ; 200.000      ; 0.017      ; 2.463      ;
; 197.586 ; shutdown_latched ; lcd_live_writer:lcd_writer|state.S_CLEAR_NEXT                                                     ; proc_clk     ; proc_clk    ; 200.000      ; 0.022      ; 2.468      ;
; 197.586 ; shutdown_latched ; touch_ml_scanpipe_top:pipeline|touch_capture_top:touch_path|xpt2046_reader:reader|divider[0]      ; proc_clk     ; proc_clk    ; 200.000      ; 0.017      ; 2.463      ;
; 197.586 ; shutdown_latched ; touch_ml_scanpipe_top:pipeline|touch_capture_top:touch_path|xpt2046_reader:reader|divider[1]      ; proc_clk     ; proc_clk    ; 200.000      ; 0.017      ; 2.463      ;
; 197.586 ; shutdown_latched ; touch_ml_scanpipe_top:pipeline|touch_capture_top:touch_path|xpt2046_reader:reader|divider[2]      ; proc_clk     ; proc_clk    ; 200.000      ; 0.017      ; 2.463      ;
; 197.586 ; shutdown_latched ; touch_ml_scanpipe_top:pipeline|touch_capture_top:touch_path|xpt2046_reader:reader|divider[3]      ; proc_clk     ; proc_clk    ; 200.000      ; 0.017      ; 2.463      ;
; 197.586 ; shutdown_latched ; touch_ml_scanpipe_top:pipeline|touch_capture_top:touch_path|xpt2046_reader:reader|divider[4]      ; proc_clk     ; proc_clk    ; 200.000      ; 0.017      ; 2.463      ;
; 197.586 ; shutdown_latched ; touch_ml_scanpipe_top:pipeline|touch_capture_top:touch_path|xpt2046_reader:reader|divider[5]      ; proc_clk     ; proc_clk    ; 200.000      ; 0.017      ; 2.463      ;
; 197.586 ; shutdown_latched ; touch_ml_scanpipe_top:pipeline|touch_capture_top:touch_path|xpt2046_reader:reader|divider[6]      ; proc_clk     ; proc_clk    ; 200.000      ; 0.017      ; 2.463      ;
; 197.586 ; shutdown_latched ; touch_ml_scanpipe_top:pipeline|touch_capture_top:touch_path|xpt2046_reader:reader|divider[7]      ; proc_clk     ; proc_clk    ; 200.000      ; 0.017      ; 2.463      ;
; 197.586 ; shutdown_latched ; touch_ml_scanpipe_top:pipeline|touch_capture_top:touch_path|xpt2046_reader:reader|divider[8]      ; proc_clk     ; proc_clk    ; 200.000      ; 0.017      ; 2.463      ;
; 197.586 ; shutdown_latched ; touch_ml_scanpipe_top:pipeline|touch_capture_top:touch_path|xpt2046_reader:reader|divider[9]      ; proc_clk     ; proc_clk    ; 200.000      ; 0.017      ; 2.463      ;
; 197.586 ; shutdown_latched ; touch_ml_scanpipe_top:pipeline|touch_capture_top:touch_path|xpt2046_reader:reader|divider[10]     ; proc_clk     ; proc_clk    ; 200.000      ; 0.017      ; 2.463      ;
; 197.586 ; shutdown_latched ; touch_ml_scanpipe_top:pipeline|touch_capture_top:touch_path|xpt2046_reader:reader|divider[11]     ; proc_clk     ; proc_clk    ; 200.000      ; 0.017      ; 2.463      ;
; 197.586 ; shutdown_latched ; touch_ml_scanpipe_top:pipeline|touch_capture_top:touch_path|xpt2046_reader:reader|divider[12]     ; proc_clk     ; proc_clk    ; 200.000      ; 0.017      ; 2.463      ;
; 197.586 ; shutdown_latched ; touch_ml_scanpipe_top:pipeline|touch_capture_top:touch_path|xpt2046_reader:reader|divider[13]     ; proc_clk     ; proc_clk    ; 200.000      ; 0.017      ; 2.463      ;
; 197.586 ; shutdown_latched ; touch_ml_scanpipe_top:pipeline|touch_capture_top:touch_path|xpt2046_reader:reader|divider[14]     ; proc_clk     ; proc_clk    ; 200.000      ; 0.017      ; 2.463      ;
; 197.586 ; shutdown_latched ; touch_ml_scanpipe_top:pipeline|touch_capture_top:touch_path|xpt2046_reader:reader|divider[15]     ; proc_clk     ; proc_clk    ; 200.000      ; 0.017      ; 2.463      ;
; 197.586 ; shutdown_latched ; touch_ml_scanpipe_top:pipeline|touch_capture_top:touch_path|xpt2046_reader:reader|touch_sclk      ; proc_clk     ; proc_clk    ; 200.000      ; 0.009      ; 2.455      ;
; 197.586 ; shutdown_latched ; touch_ml_scanpipe_top:pipeline|touch_capture_top:touch_path|xpt2046_reader:reader|bit_index[0]    ; proc_clk     ; proc_clk    ; 200.000      ; 0.004      ; 2.450      ;
; 197.586 ; shutdown_latched ; touch_ml_scanpipe_top:pipeline|touch_capture_top:touch_path|xpt2046_reader:reader|bit_index[1]    ; proc_clk     ; proc_clk    ; 200.000      ; 0.004      ; 2.450      ;
; 197.586 ; shutdown_latched ; touch_ml_scanpipe_top:pipeline|touch_capture_top:touch_path|xpt2046_reader:reader|bit_index[2]    ; proc_clk     ; proc_clk    ; 200.000      ; 0.004      ; 2.450      ;
; 197.586 ; shutdown_latched ; touch_ml_scanpipe_top:pipeline|touch_capture_top:touch_path|xpt2046_reader:reader|bit_index[3]    ; proc_clk     ; proc_clk    ; 200.000      ; 0.004      ; 2.450      ;
; 197.586 ; shutdown_latched ; touch_ml_scanpipe_top:pipeline|touch_capture_top:touch_path|xpt2046_reader:reader|bit_index[4]    ; proc_clk     ; proc_clk    ; 200.000      ; 0.004      ; 2.450      ;
; 197.586 ; shutdown_latched ; lcd_live_writer:lcd_writer|state.S_DRAW_X                                                         ; proc_clk     ; proc_clk    ; 200.000      ; 0.012      ; 2.458      ;
; 197.586 ; shutdown_latched ; lcd_live_writer:lcd_writer|state.S_DRAW_XP                                                        ; proc_clk     ; proc_clk    ; 200.000      ; 0.013      ; 2.459      ;
; 197.586 ; shutdown_latched ; lcd_live_writer:lcd_writer|state.S_DRAW_Y                                                         ; proc_clk     ; proc_clk    ; 200.000      ; 0.017      ; 2.463      ;
; 197.586 ; shutdown_latched ; lcd_live_writer:lcd_writer|state.S_DRAW_YP                                                        ; proc_clk     ; proc_clk    ; 200.000      ; 0.004      ; 2.450      ;
; 197.586 ; shutdown_latched ; lcd_live_writer:lcd_writer|state.S_DRAW_RAM                                                       ; proc_clk     ; proc_clk    ; 200.000      ; 0.017      ; 2.463      ;
; 197.586 ; shutdown_latched ; lcd_live_writer:lcd_writer|state.S_DRAW_RAMP                                                      ; proc_clk     ; proc_clk    ; 200.000      ; 0.017      ; 2.463      ;
; 197.586 ; shutdown_latched ; lcd_live_writer:lcd_writer|state.S_DRAW_NEXT                                                      ; proc_clk     ; proc_clk    ; 200.000      ; 0.012      ; 2.458      ;
; 197.586 ; shutdown_latched ; lcd_live_writer:lcd_writer|draw_dx[2]                                                             ; proc_clk     ; proc_clk    ; 200.000      ; 0.012      ; 2.458      ;
; 197.586 ; shutdown_latched ; lcd_live_writer:lcd_writer|draw_dx[0]                                                             ; proc_clk     ; proc_clk    ; 200.000      ; 0.012      ; 2.458      ;
+---------+------------------+---------------------------------------------------------------------------------------------------+--------------+-------------+--------------+------------+------------+


+-------------------------------------------------------------------------------------------------------------------------------------------------------------------------------------------------+
; Fast Model Removal: 'proc_clk'                                                                                                                                                                  ;
+-------+------------------+------------------------------------------------------------------------------------------------+--------------+-------------+--------------+------------+------------+
; Slack ; From Node        ; To Node                                                                                        ; Launch Clock ; Latch Clock ; Relationship ; Clock Skew ; Data Delay ;
+-------+------------------+------------------------------------------------------------------------------------------------+--------------+-------------+--------------+------------+------------+
; 2.294 ; shutdown_latched ; lcd_live_writer:lcd_writer|init_index[2]                                                       ; proc_clk     ; proc_clk    ; 0.000        ; 0.018      ; 2.464      ;
; 2.294 ; shutdown_latched ; lcd_live_writer:lcd_writer|init_index[3]                                                       ; proc_clk     ; proc_clk    ; 0.000        ; 0.018      ; 2.464      ;
; 2.294 ; shutdown_latched ; lcd_live_writer:lcd_writer|init_index[4]                                                       ; proc_clk     ; proc_clk    ; 0.000        ; 0.018      ; 2.464      ;
; 2.294 ; shutdown_latched ; lcd_live_writer:lcd_writer|init_index[5]                                                       ; proc_clk     ; proc_clk    ; 0.000        ; 0.018      ; 2.464      ;
; 2.294 ; shutdown_latched ; lcd_live_writer:lcd_writer|init_index[6]                                                       ; proc_clk     ; proc_clk    ; 0.000        ; 0.018      ; 2.464      ;
; 2.294 ; shutdown_latched ; lcd_live_writer:lcd_writer|init_index[7]                                                       ; proc_clk     ; proc_clk    ; 0.000        ; 0.018      ; 2.464      ;
; 2.294 ; shutdown_latched ; lcd_live_writer:lcd_writer|clear_index[0]                                                      ; proc_clk     ; proc_clk    ; 0.000        ; 0.016      ; 2.462      ;
; 2.294 ; shutdown_latched ; lcd_live_writer:lcd_writer|clear_index[1]                                                      ; proc_clk     ; proc_clk    ; 0.000        ; 0.016      ; 2.462      ;
; 2.294 ; shutdown_latched ; lcd_live_writer:lcd_writer|clear_index[2]                                                      ; proc_clk     ; proc_clk    ; 0.000        ; 0.016      ; 2.462      ;
; 2.294 ; shutdown_latched ; lcd_live_writer:lcd_writer|clear_index[3]                                                      ; proc_clk     ; proc_clk    ; 0.000        ; 0.016      ; 2.462      ;
; 2.294 ; shutdown_latched ; lcd_live_writer:lcd_writer|clear_index[4]                                                      ; proc_clk     ; proc_clk    ; 0.000        ; 0.016      ; 2.462      ;
; 2.294 ; shutdown_latched ; lcd_live_writer:lcd_writer|clear_index[5]                                                      ; proc_clk     ; proc_clk    ; 0.000        ; 0.016      ; 2.462      ;
; 2.294 ; shutdown_latched ; lcd_live_writer:lcd_writer|clear_index[6]                                                      ; proc_clk     ; proc_clk    ; 0.000        ; 0.016      ; 2.462      ;
; 2.294 ; shutdown_latched ; lcd_live_writer:lcd_writer|clear_index[7]                                                      ; proc_clk     ; proc_clk    ; 0.000        ; 0.016      ; 2.462      ;
; 2.294 ; shutdown_latched ; lcd_live_writer:lcd_writer|clear_index[8]                                                      ; proc_clk     ; proc_clk    ; 0.000        ; 0.014      ; 2.460      ;
; 2.294 ; shutdown_latched ; lcd_live_writer:lcd_writer|clear_index[9]                                                      ; proc_clk     ; proc_clk    ; 0.000        ; 0.014      ; 2.460      ;
; 2.294 ; shutdown_latched ; lcd_live_writer:lcd_writer|clear_index[10]                                                     ; proc_clk     ; proc_clk    ; 0.000        ; 0.014      ; 2.460      ;
; 2.294 ; shutdown_latched ; lcd_live_writer:lcd_writer|clear_index[11]                                                     ; proc_clk     ; proc_clk    ; 0.000        ; 0.014      ; 2.460      ;
; 2.294 ; shutdown_latched ; lcd_live_writer:lcd_writer|clear_index[12]                                                     ; proc_clk     ; proc_clk    ; 0.000        ; 0.014      ; 2.460      ;
; 2.294 ; shutdown_latched ; lcd_live_writer:lcd_writer|clear_index[13]                                                     ; proc_clk     ; proc_clk    ; 0.000        ; 0.014      ; 2.460      ;
; 2.294 ; shutdown_latched ; lcd_live_writer:lcd_writer|clear_index[14]                                                     ; proc_clk     ; proc_clk    ; 0.000        ; 0.014      ; 2.460      ;
; 2.294 ; shutdown_latched ; lcd_live_writer:lcd_writer|clear_index[15]                                                     ; proc_clk     ; proc_clk    ; 0.000        ; 0.014      ; 2.460      ;
; 2.294 ; shutdown_latched ; lcd_live_writer:lcd_writer|delay_count[0]                                                      ; proc_clk     ; proc_clk    ; 0.000        ; 0.013      ; 2.459      ;
; 2.294 ; shutdown_latched ; lcd_live_writer:lcd_writer|delay_count[1]                                                      ; proc_clk     ; proc_clk    ; 0.000        ; 0.013      ; 2.459      ;
; 2.294 ; shutdown_latched ; lcd_live_writer:lcd_writer|delay_count[2]                                                      ; proc_clk     ; proc_clk    ; 0.000        ; 0.013      ; 2.459      ;
; 2.294 ; shutdown_latched ; lcd_live_writer:lcd_writer|delay_count[3]                                                      ; proc_clk     ; proc_clk    ; 0.000        ; 0.013      ; 2.459      ;
; 2.294 ; shutdown_latched ; lcd_live_writer:lcd_writer|delay_count[4]                                                      ; proc_clk     ; proc_clk    ; 0.000        ; 0.013      ; 2.459      ;
; 2.294 ; shutdown_latched ; lcd_live_writer:lcd_writer|delay_count[5]                                                      ; proc_clk     ; proc_clk    ; 0.000        ; 0.013      ; 2.459      ;
; 2.294 ; shutdown_latched ; lcd_live_writer:lcd_writer|delay_count[6]                                                      ; proc_clk     ; proc_clk    ; 0.000        ; 0.013      ; 2.459      ;
; 2.294 ; shutdown_latched ; lcd_live_writer:lcd_writer|delay_count[7]                                                      ; proc_clk     ; proc_clk    ; 0.000        ; 0.013      ; 2.459      ;
; 2.294 ; shutdown_latched ; lcd_live_writer:lcd_writer|delay_count[8]                                                      ; proc_clk     ; proc_clk    ; 0.000        ; 0.013      ; 2.459      ;
; 2.294 ; shutdown_latched ; lcd_live_writer:lcd_writer|delay_count[9]                                                      ; proc_clk     ; proc_clk    ; 0.000        ; 0.013      ; 2.459      ;
; 2.294 ; shutdown_latched ; lcd_live_writer:lcd_writer|delay_count[10]                                                     ; proc_clk     ; proc_clk    ; 0.000        ; 0.013      ; 2.459      ;
; 2.294 ; shutdown_latched ; lcd_live_writer:lcd_writer|delay_count[11]                                                     ; proc_clk     ; proc_clk    ; 0.000        ; 0.013      ; 2.459      ;
; 2.294 ; shutdown_latched ; lcd_live_writer:lcd_writer|delay_count[12]                                                     ; proc_clk     ; proc_clk    ; 0.000        ; 0.013      ; 2.459      ;
; 2.294 ; shutdown_latched ; lcd_live_writer:lcd_writer|delay_count[13]                                                     ; proc_clk     ; proc_clk    ; 0.000        ; 0.013      ; 2.459      ;
; 2.294 ; shutdown_latched ; lcd_live_writer:lcd_writer|delay_count[14]                                                     ; proc_clk     ; proc_clk    ; 0.000        ; 0.013      ; 2.459      ;
; 2.294 ; shutdown_latched ; lcd_live_writer:lcd_writer|delay_count[16]                                                     ; proc_clk     ; proc_clk    ; 0.000        ; 0.009      ; 2.455      ;
; 2.294 ; shutdown_latched ; lcd_live_writer:lcd_writer|delay_count[17]                                                     ; proc_clk     ; proc_clk    ; 0.000        ; 0.009      ; 2.455      ;
; 2.294 ; shutdown_latched ; lcd_live_writer:lcd_writer|delay_count[18]                                                     ; proc_clk     ; proc_clk    ; 0.000        ; 0.009      ; 2.455      ;
; 2.294 ; shutdown_latched ; lcd_live_writer:lcd_writer|delay_count[20]                                                     ; proc_clk     ; proc_clk    ; 0.000        ; 0.009      ; 2.455      ;
; 2.294 ; shutdown_latched ; lcd_live_writer:lcd_writer|delay_count[21]                                                     ; proc_clk     ; proc_clk    ; 0.000        ; 0.009      ; 2.455      ;
; 2.294 ; shutdown_latched ; lcd_live_writer:lcd_writer|delay_count[22]                                                     ; proc_clk     ; proc_clk    ; 0.000        ; 0.009      ; 2.455      ;
; 2.294 ; shutdown_latched ; lcd_live_writer:lcd_writer|delay_count[23]                                                     ; proc_clk     ; proc_clk    ; 0.000        ; 0.009      ; 2.455      ;
; 2.294 ; shutdown_latched ; lcd_live_writer:lcd_writer|delay_count[24]                                                     ; proc_clk     ; proc_clk    ; 0.000        ; 0.009      ; 2.455      ;
; 2.294 ; shutdown_latched ; lcd_live_writer:lcd_writer|delay_count[25]                                                     ; proc_clk     ; proc_clk    ; 0.000        ; 0.009      ; 2.455      ;
; 2.294 ; shutdown_latched ; lcd_live_writer:lcd_writer|delay_count[26]                                                     ; proc_clk     ; proc_clk    ; 0.000        ; 0.009      ; 2.455      ;
; 2.294 ; shutdown_latched ; lcd_live_writer:lcd_writer|delay_count[27]                                                     ; proc_clk     ; proc_clk    ; 0.000        ; 0.009      ; 2.455      ;
; 2.294 ; shutdown_latched ; lcd_live_writer:lcd_writer|delay_count[28]                                                     ; proc_clk     ; proc_clk    ; 0.000        ; 0.009      ; 2.455      ;
; 2.294 ; shutdown_latched ; lcd_live_writer:lcd_writer|delay_count[29]                                                     ; proc_clk     ; proc_clk    ; 0.000        ; 0.009      ; 2.455      ;
; 2.294 ; shutdown_latched ; lcd_live_writer:lcd_writer|delay_count[30]                                                     ; proc_clk     ; proc_clk    ; 0.000        ; 0.009      ; 2.455      ;
; 2.294 ; shutdown_latched ; lcd_live_writer:lcd_writer|delay_count[31]                                                     ; proc_clk     ; proc_clk    ; 0.000        ; 0.009      ; 2.455      ;
; 2.294 ; shutdown_latched ; lcd_live_writer:lcd_writer|state.S_RESET                                                       ; proc_clk     ; proc_clk    ; 0.000        ; 0.021      ; 2.467      ;
; 2.294 ; shutdown_latched ; lcd_live_writer:lcd_writer|delay_count[19]                                                     ; proc_clk     ; proc_clk    ; 0.000        ; 0.009      ; 2.455      ;
; 2.294 ; shutdown_latched ; lcd_live_writer:lcd_writer|state.S_CLEAR_X                                                     ; proc_clk     ; proc_clk    ; 0.000        ; 0.018      ; 2.464      ;
; 2.294 ; shutdown_latched ; lcd_live_writer:lcd_writer|state.S_CLEAR_XP                                                    ; proc_clk     ; proc_clk    ; 0.000        ; 0.017      ; 2.463      ;
; 2.294 ; shutdown_latched ; lcd_live_writer:lcd_writer|state.S_CLEAR_Y                                                     ; proc_clk     ; proc_clk    ; 0.000        ; 0.017      ; 2.463      ;
; 2.294 ; shutdown_latched ; lcd_live_writer:lcd_writer|state.S_CLEAR_YP                                                    ; proc_clk     ; proc_clk    ; 0.000        ; 0.017      ; 2.463      ;
; 2.294 ; shutdown_latched ; lcd_live_writer:lcd_writer|state.S_CLEAR_RAM                                                   ; proc_clk     ; proc_clk    ; 0.000        ; 0.017      ; 2.463      ;
; 2.294 ; shutdown_latched ; lcd_live_writer:lcd_writer|state.S_CLEAR_RAMP                                                  ; proc_clk     ; proc_clk    ; 0.000        ; 0.017      ; 2.463      ;
; 2.294 ; shutdown_latched ; lcd_live_writer:lcd_writer|state.S_CLEAR_NEXT                                                  ; proc_clk     ; proc_clk    ; 0.000        ; 0.022      ; 2.468      ;
; 2.294 ; shutdown_latched ; touch_ml_scanpipe_top:pipeline|touch_capture_top:touch_path|xpt2046_reader:reader|divider[0]   ; proc_clk     ; proc_clk    ; 0.000        ; 0.017      ; 2.463      ;
; 2.294 ; shutdown_latched ; touch_ml_scanpipe_top:pipeline|touch_capture_top:touch_path|xpt2046_reader:reader|divider[1]   ; proc_clk     ; proc_clk    ; 0.000        ; 0.017      ; 2.463      ;
; 2.294 ; shutdown_latched ; touch_ml_scanpipe_top:pipeline|touch_capture_top:touch_path|xpt2046_reader:reader|divider[2]   ; proc_clk     ; proc_clk    ; 0.000        ; 0.017      ; 2.463      ;
; 2.294 ; shutdown_latched ; touch_ml_scanpipe_top:pipeline|touch_capture_top:touch_path|xpt2046_reader:reader|divider[3]   ; proc_clk     ; proc_clk    ; 0.000        ; 0.017      ; 2.463      ;
; 2.294 ; shutdown_latched ; touch_ml_scanpipe_top:pipeline|touch_capture_top:touch_path|xpt2046_reader:reader|divider[4]   ; proc_clk     ; proc_clk    ; 0.000        ; 0.017      ; 2.463      ;
; 2.294 ; shutdown_latched ; touch_ml_scanpipe_top:pipeline|touch_capture_top:touch_path|xpt2046_reader:reader|divider[5]   ; proc_clk     ; proc_clk    ; 0.000        ; 0.017      ; 2.463      ;
; 2.294 ; shutdown_latched ; touch_ml_scanpipe_top:pipeline|touch_capture_top:touch_path|xpt2046_reader:reader|divider[6]   ; proc_clk     ; proc_clk    ; 0.000        ; 0.017      ; 2.463      ;
; 2.294 ; shutdown_latched ; touch_ml_scanpipe_top:pipeline|touch_capture_top:touch_path|xpt2046_reader:reader|divider[7]   ; proc_clk     ; proc_clk    ; 0.000        ; 0.017      ; 2.463      ;
; 2.294 ; shutdown_latched ; touch_ml_scanpipe_top:pipeline|touch_capture_top:touch_path|xpt2046_reader:reader|divider[8]   ; proc_clk     ; proc_clk    ; 0.000        ; 0.017      ; 2.463      ;
; 2.294 ; shutdown_latched ; touch_ml_scanpipe_top:pipeline|touch_capture_top:touch_path|xpt2046_reader:reader|divider[9]   ; proc_clk     ; proc_clk    ; 0.000        ; 0.017      ; 2.463      ;
; 2.294 ; shutdown_latched ; touch_ml_scanpipe_top:pipeline|touch_capture_top:touch_path|xpt2046_reader:reader|divider[10]  ; proc_clk     ; proc_clk    ; 0.000        ; 0.017      ; 2.463      ;
; 2.294 ; shutdown_latched ; touch_ml_scanpipe_top:pipeline|touch_capture_top:touch_path|xpt2046_reader:reader|divider[11]  ; proc_clk     ; proc_clk    ; 0.000        ; 0.017      ; 2.463      ;
; 2.294 ; shutdown_latched ; touch_ml_scanpipe_top:pipeline|touch_capture_top:touch_path|xpt2046_reader:reader|divider[12]  ; proc_clk     ; proc_clk    ; 0.000        ; 0.017      ; 2.463      ;
; 2.294 ; shutdown_latched ; touch_ml_scanpipe_top:pipeline|touch_capture_top:touch_path|xpt2046_reader:reader|divider[13]  ; proc_clk     ; proc_clk    ; 0.000        ; 0.017      ; 2.463      ;
; 2.294 ; shutdown_latched ; touch_ml_scanpipe_top:pipeline|touch_capture_top:touch_path|xpt2046_reader:reader|divider[14]  ; proc_clk     ; proc_clk    ; 0.000        ; 0.017      ; 2.463      ;
; 2.294 ; shutdown_latched ; touch_ml_scanpipe_top:pipeline|touch_capture_top:touch_path|xpt2046_reader:reader|divider[15]  ; proc_clk     ; proc_clk    ; 0.000        ; 0.017      ; 2.463      ;
; 2.294 ; shutdown_latched ; touch_ml_scanpipe_top:pipeline|touch_capture_top:touch_path|xpt2046_reader:reader|touch_sclk   ; proc_clk     ; proc_clk    ; 0.000        ; 0.009      ; 2.455      ;
; 2.294 ; shutdown_latched ; touch_ml_scanpipe_top:pipeline|touch_capture_top:touch_path|xpt2046_reader:reader|bit_index[0] ; proc_clk     ; proc_clk    ; 0.000        ; 0.004      ; 2.450      ;
; 2.294 ; shutdown_latched ; touch_ml_scanpipe_top:pipeline|touch_capture_top:touch_path|xpt2046_reader:reader|bit_index[1] ; proc_clk     ; proc_clk    ; 0.000        ; 0.004      ; 2.450      ;
; 2.294 ; shutdown_latched ; touch_ml_scanpipe_top:pipeline|touch_capture_top:touch_path|xpt2046_reader:reader|bit_index[2] ; proc_clk     ; proc_clk    ; 0.000        ; 0.004      ; 2.450      ;
; 2.294 ; shutdown_latched ; touch_ml_scanpipe_top:pipeline|touch_capture_top:touch_path|xpt2046_reader:reader|bit_index[3] ; proc_clk     ; proc_clk    ; 0.000        ; 0.004      ; 2.450      ;
; 2.294 ; shutdown_latched ; touch_ml_scanpipe_top:pipeline|touch_capture_top:touch_path|xpt2046_reader:reader|bit_index[4] ; proc_clk     ; proc_clk    ; 0.000        ; 0.004      ; 2.450      ;
; 2.294 ; shutdown_latched ; lcd_live_writer:lcd_writer|state.S_DRAW_X                                                      ; proc_clk     ; proc_clk    ; 0.000        ; 0.012      ; 2.458      ;
; 2.294 ; shutdown_latched ; lcd_live_writer:lcd_writer|state.S_DRAW_XP                                                     ; proc_clk     ; proc_clk    ; 0.000        ; 0.013      ; 2.459      ;
; 2.294 ; shutdown_latched ; lcd_live_writer:lcd_writer|state.S_DRAW_Y                                                      ; proc_clk     ; proc_clk    ; 0.000        ; 0.017      ; 2.463      ;
; 2.294 ; shutdown_latched ; lcd_live_writer:lcd_writer|state.S_DRAW_YP                                                     ; proc_clk     ; proc_clk    ; 0.000        ; 0.004      ; 2.450      ;
; 2.294 ; shutdown_latched ; lcd_live_writer:lcd_writer|state.S_DRAW_RAM                                                    ; proc_clk     ; proc_clk    ; 0.000        ; 0.017      ; 2.463      ;
; 2.294 ; shutdown_latched ; lcd_live_writer:lcd_writer|state.S_DRAW_RAMP                                                   ; proc_clk     ; proc_clk    ; 0.000        ; 0.017      ; 2.463      ;
; 2.294 ; shutdown_latched ; lcd_live_writer:lcd_writer|state.S_DRAW_NEXT                                                   ; proc_clk     ; proc_clk    ; 0.000        ; 0.012      ; 2.458      ;
; 2.294 ; shutdown_latched ; lcd_live_writer:lcd_writer|draw_dx[2]                                                          ; proc_clk     ; proc_clk    ; 0.000        ; 0.012      ; 2.458      ;
; 2.294 ; shutdown_latched ; lcd_live_writer:lcd_writer|draw_dx[0]                                                          ; proc_clk     ; proc_clk    ; 0.000        ; 0.012      ; 2.458      ;
; 2.294 ; shutdown_latched ; lcd_live_writer:lcd_writer|draw_dx[1]                                                          ; proc_clk     ; proc_clk    ; 0.000        ; 0.012      ; 2.458      ;
; 2.294 ; shutdown_latched ; lcd_live_writer:lcd_writer|draw_dy[0]                                                          ; proc_clk     ; proc_clk    ; 0.000        ; 0.012      ; 2.458      ;
; 2.294 ; shutdown_latched ; lcd_live_writer:lcd_writer|draw_dy[1]                                                          ; proc_clk     ; proc_clk    ; 0.000        ; 0.012      ; 2.458      ;
; 2.294 ; shutdown_latched ; lcd_live_writer:lcd_writer|draw_dy[2]                                                          ; proc_clk     ; proc_clk    ; 0.000        ; 0.012      ; 2.458      ;
; 2.294 ; shutdown_latched ; lcd_live_writer:lcd_writer|state.S_IDLE                                                        ; proc_clk     ; proc_clk    ; 0.000        ; 0.022      ; 2.468      ;
; 2.294 ; shutdown_latched ; lcd_live_writer:lcd_writer|state.S_INIT_GAP                                                    ; proc_clk     ; proc_clk    ; 0.000        ; 0.021      ; 2.467      ;
; 2.294 ; shutdown_latched ; lcd_live_writer:lcd_writer|init_index[0]                                                       ; proc_clk     ; proc_clk    ; 0.000        ; 0.020      ; 2.466      ;
; 2.294 ; shutdown_latched ; lcd_live_writer:lcd_writer|state.S_INIT_LOAD                                                   ; proc_clk     ; proc_clk    ; 0.000        ; 0.020      ; 2.466      ;
+-------+------------------+------------------------------------------------------------------------------------------------+--------------+-------------+--------------+------------+------------+


+---------------------------------------------------------------------------------------------------------+
; Fast Model Minimum Pulse Width: 'clk50'                                                                 ;
+--------+--------------+----------------+------------------+-------+------------+------------------------+
; Slack  ; Actual Width ; Required Width ; Type             ; Clock ; Clock Edge ; Target                 ;
+--------+--------------+----------------+------------------+-------+------------+------------------------+
; 9.000  ; 10.000       ; 1.000          ; High Pulse Width ; clk50 ; Rise       ; div_count[0]           ;
; 9.000  ; 10.000       ; 1.000          ; Low Pulse Width  ; clk50 ; Rise       ; div_count[0]           ;
; 9.000  ; 10.000       ; 1.000          ; High Pulse Width ; clk50 ; Rise       ; div_count[1]           ;
; 9.000  ; 10.000       ; 1.000          ; Low Pulse Width  ; clk50 ; Rise       ; div_count[1]           ;
; 9.000  ; 10.000       ; 1.000          ; High Pulse Width ; clk50 ; Rise       ; div_count[2]           ;
; 9.000  ; 10.000       ; 1.000          ; Low Pulse Width  ; clk50 ; Rise       ; div_count[2]           ;
; 9.000  ; 10.000       ; 1.000          ; High Pulse Width ; clk50 ; Rise       ; proc_clk               ;
; 9.000  ; 10.000       ; 1.000          ; Low Pulse Width  ; clk50 ; Rise       ; proc_clk               ;
; 10.000 ; 10.000       ; 0.000          ; High Pulse Width ; clk50 ; Rise       ; clk50|combout          ;
; 10.000 ; 10.000       ; 0.000          ; Low Pulse Width  ; clk50 ; Rise       ; clk50|combout          ;
; 10.000 ; 10.000       ; 0.000          ; High Pulse Width ; clk50 ; Rise       ; clk50~clkctrl|inclk[0] ;
; 10.000 ; 10.000       ; 0.000          ; Low Pulse Width  ; clk50 ; Rise       ; clk50~clkctrl|inclk[0] ;
; 10.000 ; 10.000       ; 0.000          ; High Pulse Width ; clk50 ; Rise       ; clk50~clkctrl|outclk   ;
; 10.000 ; 10.000       ; 0.000          ; Low Pulse Width  ; clk50 ; Rise       ; clk50~clkctrl|outclk   ;
; 10.000 ; 10.000       ; 0.000          ; High Pulse Width ; clk50 ; Rise       ; div_count[0]|clk       ;
; 10.000 ; 10.000       ; 0.000          ; Low Pulse Width  ; clk50 ; Rise       ; div_count[0]|clk       ;
; 10.000 ; 10.000       ; 0.000          ; High Pulse Width ; clk50 ; Rise       ; div_count[1]|clk       ;
; 10.000 ; 10.000       ; 0.000          ; Low Pulse Width  ; clk50 ; Rise       ; div_count[1]|clk       ;
; 10.000 ; 10.000       ; 0.000          ; High Pulse Width ; clk50 ; Rise       ; div_count[2]|clk       ;
; 10.000 ; 10.000       ; 0.000          ; Low Pulse Width  ; clk50 ; Rise       ; div_count[2]|clk       ;
; 10.000 ; 10.000       ; 0.000          ; High Pulse Width ; clk50 ; Rise       ; proc_clk|clk           ;
; 10.000 ; 10.000       ; 0.000          ; Low Pulse Width  ; clk50 ; Rise       ; proc_clk|clk           ;
; 17.620 ; 20.000       ; 2.380          ; Port Rate        ; clk50 ; Rise       ; clk50                  ;
+--------+--------------+----------------+------------------+-------+------------+------------------------+


+-----------------------------------------------------------------------------------------------------------------------------------------------------------------------------------------------------------------------------------------+
; Fast Model Minimum Pulse Width: 'proc_clk'                                                                                                                                                                                              ;
+--------+--------------+----------------+------------------+----------+------------+-----------------------------------------------------------------------------------------------------------------------------------------------------+
; Slack  ; Actual Width ; Required Width ; Type             ; Clock    ; Clock Edge ; Target                                                                                                                                              ;
+--------+--------------+----------------+------------------+----------+------------+-----------------------------------------------------------------------------------------------------------------------------------------------------+
; 97.873 ; 100.000      ; 2.127          ; High Pulse Width ; proc_clk ; Rise       ; touch_ml_scanpipe_top:pipeline|ml_inference_scanpipe:ml_path|altsyncram:hidden_rtl_0|altsyncram_sng1:auto_generated|ram_block1a0~porta_address_reg0 ;
; 97.873 ; 100.000      ; 2.127          ; Low Pulse Width  ; proc_clk ; Rise       ; touch_ml_scanpipe_top:pipeline|ml_inference_scanpipe:ml_path|altsyncram:hidden_rtl_0|altsyncram_sng1:auto_generated|ram_block1a0~porta_address_reg0 ;
; 97.873 ; 100.000      ; 2.127          ; High Pulse Width ; proc_clk ; Rise       ; touch_ml_scanpipe_top:pipeline|ml_inference_scanpipe:ml_path|altsyncram:hidden_rtl_0|altsyncram_sng1:auto_generated|ram_block1a0~porta_address_reg1 ;
; 97.873 ; 100.000      ; 2.127          ; Low Pulse Width  ; proc_clk ; Rise       ; touch_ml_scanpipe_top:pipeline|ml_inference_scanpipe:ml_path|altsyncram:hidden_rtl_0|altsyncram_sng1:auto_generated|ram_block1a0~porta_address_reg1 ;
; 97.873 ; 100.000      ; 2.127          ; High Pulse Width ; proc_clk ; Rise       ; touch_ml_scanpipe_top:pipeline|ml_inference_scanpipe:ml_path|altsyncram:hidden_rtl_0|altsyncram_sng1:auto_generated|ram_block1a0~porta_address_reg2 ;
; 97.873 ; 100.000      ; 2.127          ; Low Pulse Width  ; proc_clk ; Rise       ; touch_ml_scanpipe_top:pipeline|ml_inference_scanpipe:ml_path|altsyncram:hidden_rtl_0|altsyncram_sng1:auto_generated|ram_block1a0~porta_address_reg2 ;
; 97.873 ; 100.000      ; 2.127          ; High Pulse Width ; proc_clk ; Rise       ; touch_ml_scanpipe_top:pipeline|ml_inference_scanpipe:ml_path|altsyncram:hidden_rtl_0|altsyncram_sng1:auto_generated|ram_block1a0~porta_address_reg3 ;
; 97.873 ; 100.000      ; 2.127          ; Low Pulse Width  ; proc_clk ; Rise       ; touch_ml_scanpipe_top:pipeline|ml_inference_scanpipe:ml_path|altsyncram:hidden_rtl_0|altsyncram_sng1:auto_generated|ram_block1a0~porta_address_reg3 ;
; 97.873 ; 100.000      ; 2.127          ; High Pulse Width ; proc_clk ; Rise       ; touch_ml_scanpipe_top:pipeline|ml_inference_scanpipe:ml_path|altsyncram:hidden_rtl_0|altsyncram_sng1:auto_generated|ram_block1a0~porta_address_reg4 ;
; 97.873 ; 100.000      ; 2.127          ; Low Pulse Width  ; proc_clk ; Rise       ; touch_ml_scanpipe_top:pipeline|ml_inference_scanpipe:ml_path|altsyncram:hidden_rtl_0|altsyncram_sng1:auto_generated|ram_block1a0~porta_address_reg4 ;
; 97.873 ; 100.000      ; 2.127          ; High Pulse Width ; proc_clk ; Rise       ; touch_ml_scanpipe_top:pipeline|ml_inference_scanpipe:ml_path|altsyncram:hidden_rtl_0|altsyncram_sng1:auto_generated|ram_block1a0~porta_datain_reg0  ;
; 97.873 ; 100.000      ; 2.127          ; Low Pulse Width  ; proc_clk ; Rise       ; touch_ml_scanpipe_top:pipeline|ml_inference_scanpipe:ml_path|altsyncram:hidden_rtl_0|altsyncram_sng1:auto_generated|ram_block1a0~porta_datain_reg0  ;
; 97.873 ; 100.000      ; 2.127          ; High Pulse Width ; proc_clk ; Rise       ; touch_ml_scanpipe_top:pipeline|ml_inference_scanpipe:ml_path|altsyncram:hidden_rtl_0|altsyncram_sng1:auto_generated|ram_block1a0~porta_datain_reg1  ;
; 97.873 ; 100.000      ; 2.127          ; Low Pulse Width  ; proc_clk ; Rise       ; touch_ml_scanpipe_top:pipeline|ml_inference_scanpipe:ml_path|altsyncram:hidden_rtl_0|altsyncram_sng1:auto_generated|ram_block1a0~porta_datain_reg1  ;
; 97.873 ; 100.000      ; 2.127          ; High Pulse Width ; proc_clk ; Rise       ; touch_ml_scanpipe_top:pipeline|ml_inference_scanpipe:ml_path|altsyncram:hidden_rtl_0|altsyncram_sng1:auto_generated|ram_block1a0~porta_datain_reg10 ;
; 97.873 ; 100.000      ; 2.127          ; Low Pulse Width  ; proc_clk ; Rise       ; touch_ml_scanpipe_top:pipeline|ml_inference_scanpipe:ml_path|altsyncram:hidden_rtl_0|altsyncram_sng1:auto_generated|ram_block1a0~porta_datain_reg10 ;
; 97.873 ; 100.000      ; 2.127          ; High Pulse Width ; proc_clk ; Rise       ; touch_ml_scanpipe_top:pipeline|ml_inference_scanpipe:ml_path|altsyncram:hidden_rtl_0|altsyncram_sng1:auto_generated|ram_block1a0~porta_datain_reg11 ;
; 97.873 ; 100.000      ; 2.127          ; Low Pulse Width  ; proc_clk ; Rise       ; touch_ml_scanpipe_top:pipeline|ml_inference_scanpipe:ml_path|altsyncram:hidden_rtl_0|altsyncram_sng1:auto_generated|ram_block1a0~porta_datain_reg11 ;
; 97.873 ; 100.000      ; 2.127          ; High Pulse Width ; proc_clk ; Rise       ; touch_ml_scanpipe_top:pipeline|ml_inference_scanpipe:ml_path|altsyncram:hidden_rtl_0|altsyncram_sng1:auto_generated|ram_block1a0~porta_datain_reg12 ;
; 97.873 ; 100.000      ; 2.127          ; Low Pulse Width  ; proc_clk ; Rise       ; touch_ml_scanpipe_top:pipeline|ml_inference_scanpipe:ml_path|altsyncram:hidden_rtl_0|altsyncram_sng1:auto_generated|ram_block1a0~porta_datain_reg12 ;
; 97.873 ; 100.000      ; 2.127          ; High Pulse Width ; proc_clk ; Rise       ; touch_ml_scanpipe_top:pipeline|ml_inference_scanpipe:ml_path|altsyncram:hidden_rtl_0|altsyncram_sng1:auto_generated|ram_block1a0~porta_datain_reg13 ;
; 97.873 ; 100.000      ; 2.127          ; Low Pulse Width  ; proc_clk ; Rise       ; touch_ml_scanpipe_top:pipeline|ml_inference_scanpipe:ml_path|altsyncram:hidden_rtl_0|altsyncram_sng1:auto_generated|ram_block1a0~porta_datain_reg13 ;
; 97.873 ; 100.000      ; 2.127          ; High Pulse Width ; proc_clk ; Rise       ; touch_ml_scanpipe_top:pipeline|ml_inference_scanpipe:ml_path|altsyncram:hidden_rtl_0|altsyncram_sng1:auto_generated|ram_block1a0~porta_datain_reg14 ;
; 97.873 ; 100.000      ; 2.127          ; Low Pulse Width  ; proc_clk ; Rise       ; touch_ml_scanpipe_top:pipeline|ml_inference_scanpipe:ml_path|altsyncram:hidden_rtl_0|altsyncram_sng1:auto_generated|ram_block1a0~porta_datain_reg14 ;
; 97.873 ; 100.000      ; 2.127          ; High Pulse Width ; proc_clk ; Rise       ; touch_ml_scanpipe_top:pipeline|ml_inference_scanpipe:ml_path|altsyncram:hidden_rtl_0|altsyncram_sng1:auto_generated|ram_block1a0~porta_datain_reg15 ;
; 97.873 ; 100.000      ; 2.127          ; Low Pulse Width  ; proc_clk ; Rise       ; touch_ml_scanpipe_top:pipeline|ml_inference_scanpipe:ml_path|altsyncram:hidden_rtl_0|altsyncram_sng1:auto_generated|ram_block1a0~porta_datain_reg15 ;
; 97.873 ; 100.000      ; 2.127          ; High Pulse Width ; proc_clk ; Rise       ; touch_ml_scanpipe_top:pipeline|ml_inference_scanpipe:ml_path|altsyncram:hidden_rtl_0|altsyncram_sng1:auto_generated|ram_block1a0~porta_datain_reg16 ;
; 97.873 ; 100.000      ; 2.127          ; Low Pulse Width  ; proc_clk ; Rise       ; touch_ml_scanpipe_top:pipeline|ml_inference_scanpipe:ml_path|altsyncram:hidden_rtl_0|altsyncram_sng1:auto_generated|ram_block1a0~porta_datain_reg16 ;
; 97.873 ; 100.000      ; 2.127          ; High Pulse Width ; proc_clk ; Rise       ; touch_ml_scanpipe_top:pipeline|ml_inference_scanpipe:ml_path|altsyncram:hidden_rtl_0|altsyncram_sng1:auto_generated|ram_block1a0~porta_datain_reg17 ;
; 97.873 ; 100.000      ; 2.127          ; Low Pulse Width  ; proc_clk ; Rise       ; touch_ml_scanpipe_top:pipeline|ml_inference_scanpipe:ml_path|altsyncram:hidden_rtl_0|altsyncram_sng1:auto_generated|ram_block1a0~porta_datain_reg17 ;
; 97.873 ; 100.000      ; 2.127          ; High Pulse Width ; proc_clk ; Rise       ; touch_ml_scanpipe_top:pipeline|ml_inference_scanpipe:ml_path|altsyncram:hidden_rtl_0|altsyncram_sng1:auto_generated|ram_block1a0~porta_datain_reg18 ;
; 97.873 ; 100.000      ; 2.127          ; Low Pulse Width  ; proc_clk ; Rise       ; touch_ml_scanpipe_top:pipeline|ml_inference_scanpipe:ml_path|altsyncram:hidden_rtl_0|altsyncram_sng1:auto_generated|ram_block1a0~porta_datain_reg18 ;
; 97.873 ; 100.000      ; 2.127          ; High Pulse Width ; proc_clk ; Rise       ; touch_ml_scanpipe_top:pipeline|ml_inference_scanpipe:ml_path|altsyncram:hidden_rtl_0|altsyncram_sng1:auto_generated|ram_block1a0~porta_datain_reg19 ;
; 97.873 ; 100.000      ; 2.127          ; Low Pulse Width  ; proc_clk ; Rise       ; touch_ml_scanpipe_top:pipeline|ml_inference_scanpipe:ml_path|altsyncram:hidden_rtl_0|altsyncram_sng1:auto_generated|ram_block1a0~porta_datain_reg19 ;
; 97.873 ; 100.000      ; 2.127          ; High Pulse Width ; proc_clk ; Rise       ; touch_ml_scanpipe_top:pipeline|ml_inference_scanpipe:ml_path|altsyncram:hidden_rtl_0|altsyncram_sng1:auto_generated|ram_block1a0~porta_datain_reg2  ;
; 97.873 ; 100.000      ; 2.127          ; Low Pulse Width  ; proc_clk ; Rise       ; touch_ml_scanpipe_top:pipeline|ml_inference_scanpipe:ml_path|altsyncram:hidden_rtl_0|altsyncram_sng1:auto_generated|ram_block1a0~porta_datain_reg2  ;
; 97.873 ; 100.000      ; 2.127          ; High Pulse Width ; proc_clk ; Rise       ; touch_ml_scanpipe_top:pipeline|ml_inference_scanpipe:ml_path|altsyncram:hidden_rtl_0|altsyncram_sng1:auto_generated|ram_block1a0~porta_datain_reg20 ;
; 97.873 ; 100.000      ; 2.127          ; Low Pulse Width  ; proc_clk ; Rise       ; touch_ml_scanpipe_top:pipeline|ml_inference_scanpipe:ml_path|altsyncram:hidden_rtl_0|altsyncram_sng1:auto_generated|ram_block1a0~porta_datain_reg20 ;
; 97.873 ; 100.000      ; 2.127          ; High Pulse Width ; proc_clk ; Rise       ; touch_ml_scanpipe_top:pipeline|ml_inference_scanpipe:ml_path|altsyncram:hidden_rtl_0|altsyncram_sng1:auto_generated|ram_block1a0~porta_datain_reg21 ;
; 97.873 ; 100.000      ; 2.127          ; Low Pulse Width  ; proc_clk ; Rise       ; touch_ml_scanpipe_top:pipeline|ml_inference_scanpipe:ml_path|altsyncram:hidden_rtl_0|altsyncram_sng1:auto_generated|ram_block1a0~porta_datain_reg21 ;
; 97.873 ; 100.000      ; 2.127          ; High Pulse Width ; proc_clk ; Rise       ; touch_ml_scanpipe_top:pipeline|ml_inference_scanpipe:ml_path|altsyncram:hidden_rtl_0|altsyncram_sng1:auto_generated|ram_block1a0~porta_datain_reg22 ;
; 97.873 ; 100.000      ; 2.127          ; Low Pulse Width  ; proc_clk ; Rise       ; touch_ml_scanpipe_top:pipeline|ml_inference_scanpipe:ml_path|altsyncram:hidden_rtl_0|altsyncram_sng1:auto_generated|ram_block1a0~porta_datain_reg22 ;
; 97.873 ; 100.000      ; 2.127          ; High Pulse Width ; proc_clk ; Rise       ; touch_ml_scanpipe_top:pipeline|ml_inference_scanpipe:ml_path|altsyncram:hidden_rtl_0|altsyncram_sng1:auto_generated|ram_block1a0~porta_datain_reg23 ;
; 97.873 ; 100.000      ; 2.127          ; Low Pulse Width  ; proc_clk ; Rise       ; touch_ml_scanpipe_top:pipeline|ml_inference_scanpipe:ml_path|altsyncram:hidden_rtl_0|altsyncram_sng1:auto_generated|ram_block1a0~porta_datain_reg23 ;
; 97.873 ; 100.000      ; 2.127          ; High Pulse Width ; proc_clk ; Rise       ; touch_ml_scanpipe_top:pipeline|ml_inference_scanpipe:ml_path|altsyncram:hidden_rtl_0|altsyncram_sng1:auto_generated|ram_block1a0~porta_datain_reg24 ;
; 97.873 ; 100.000      ; 2.127          ; Low Pulse Width  ; proc_clk ; Rise       ; touch_ml_scanpipe_top:pipeline|ml_inference_scanpipe:ml_path|altsyncram:hidden_rtl_0|altsyncram_sng1:auto_generated|ram_block1a0~porta_datain_reg24 ;
; 97.873 ; 100.000      ; 2.127          ; High Pulse Width ; proc_clk ; Rise       ; touch_ml_scanpipe_top:pipeline|ml_inference_scanpipe:ml_path|altsyncram:hidden_rtl_0|altsyncram_sng1:auto_generated|ram_block1a0~porta_datain_reg25 ;
; 97.873 ; 100.000      ; 2.127          ; Low Pulse Width  ; proc_clk ; Rise       ; touch_ml_scanpipe_top:pipeline|ml_inference_scanpipe:ml_path|altsyncram:hidden_rtl_0|altsyncram_sng1:auto_generated|ram_block1a0~porta_datain_reg25 ;
; 97.873 ; 100.000      ; 2.127          ; High Pulse Width ; proc_clk ; Rise       ; touch_ml_scanpipe_top:pipeline|ml_inference_scanpipe:ml_path|altsyncram:hidden_rtl_0|altsyncram_sng1:auto_generated|ram_block1a0~porta_datain_reg26 ;
; 97.873 ; 100.000      ; 2.127          ; Low Pulse Width  ; proc_clk ; Rise       ; touch_ml_scanpipe_top:pipeline|ml_inference_scanpipe:ml_path|altsyncram:hidden_rtl_0|altsyncram_sng1:auto_generated|ram_block1a0~porta_datain_reg26 ;
; 97.873 ; 100.000      ; 2.127          ; High Pulse Width ; proc_clk ; Rise       ; touch_ml_scanpipe_top:pipeline|ml_inference_scanpipe:ml_path|altsyncram:hidden_rtl_0|altsyncram_sng1:auto_generated|ram_block1a0~porta_datain_reg27 ;
; 97.873 ; 100.000      ; 2.127          ; Low Pulse Width  ; proc_clk ; Rise       ; touch_ml_scanpipe_top:pipeline|ml_inference_scanpipe:ml_path|altsyncram:hidden_rtl_0|altsyncram_sng1:auto_generated|ram_block1a0~porta_datain_reg27 ;
; 97.873 ; 100.000      ; 2.127          ; High Pulse Width ; proc_clk ; Rise       ; touch_ml_scanpipe_top:pipeline|ml_inference_scanpipe:ml_path|altsyncram:hidden_rtl_0|altsyncram_sng1:auto_generated|ram_block1a0~porta_datain_reg28 ;
; 97.873 ; 100.000      ; 2.127          ; Low Pulse Width  ; proc_clk ; Rise       ; touch_ml_scanpipe_top:pipeline|ml_inference_scanpipe:ml_path|altsyncram:hidden_rtl_0|altsyncram_sng1:auto_generated|ram_block1a0~porta_datain_reg28 ;
; 97.873 ; 100.000      ; 2.127          ; High Pulse Width ; proc_clk ; Rise       ; touch_ml_scanpipe_top:pipeline|ml_inference_scanpipe:ml_path|altsyncram:hidden_rtl_0|altsyncram_sng1:auto_generated|ram_block1a0~porta_datain_reg29 ;
; 97.873 ; 100.000      ; 2.127          ; Low Pulse Width  ; proc_clk ; Rise       ; touch_ml_scanpipe_top:pipeline|ml_inference_scanpipe:ml_path|altsyncram:hidden_rtl_0|altsyncram_sng1:auto_generated|ram_block1a0~porta_datain_reg29 ;
; 97.873 ; 100.000      ; 2.127          ; High Pulse Width ; proc_clk ; Rise       ; touch_ml_scanpipe_top:pipeline|ml_inference_scanpipe:ml_path|altsyncram:hidden_rtl_0|altsyncram_sng1:auto_generated|ram_block1a0~porta_datain_reg3  ;
; 97.873 ; 100.000      ; 2.127          ; Low Pulse Width  ; proc_clk ; Rise       ; touch_ml_scanpipe_top:pipeline|ml_inference_scanpipe:ml_path|altsyncram:hidden_rtl_0|altsyncram_sng1:auto_generated|ram_block1a0~porta_datain_reg3  ;
; 97.873 ; 100.000      ; 2.127          ; High Pulse Width ; proc_clk ; Rise       ; touch_ml_scanpipe_top:pipeline|ml_inference_scanpipe:ml_path|altsyncram:hidden_rtl_0|altsyncram_sng1:auto_generated|ram_block1a0~porta_datain_reg30 ;
; 97.873 ; 100.000      ; 2.127          ; Low Pulse Width  ; proc_clk ; Rise       ; touch_ml_scanpipe_top:pipeline|ml_inference_scanpipe:ml_path|altsyncram:hidden_rtl_0|altsyncram_sng1:auto_generated|ram_block1a0~porta_datain_reg30 ;
; 97.873 ; 100.000      ; 2.127          ; High Pulse Width ; proc_clk ; Rise       ; touch_ml_scanpipe_top:pipeline|ml_inference_scanpipe:ml_path|altsyncram:hidden_rtl_0|altsyncram_sng1:auto_generated|ram_block1a0~porta_datain_reg31 ;
; 97.873 ; 100.000      ; 2.127          ; Low Pulse Width  ; proc_clk ; Rise       ; touch_ml_scanpipe_top:pipeline|ml_inference_scanpipe:ml_path|altsyncram:hidden_rtl_0|altsyncram_sng1:auto_generated|ram_block1a0~porta_datain_reg31 ;
; 97.873 ; 100.000      ; 2.127          ; High Pulse Width ; proc_clk ; Rise       ; touch_ml_scanpipe_top:pipeline|ml_inference_scanpipe:ml_path|altsyncram:hidden_rtl_0|altsyncram_sng1:auto_generated|ram_block1a0~porta_datain_reg4  ;
; 97.873 ; 100.000      ; 2.127          ; Low Pulse Width  ; proc_clk ; Rise       ; touch_ml_scanpipe_top:pipeline|ml_inference_scanpipe:ml_path|altsyncram:hidden_rtl_0|altsyncram_sng1:auto_generated|ram_block1a0~porta_datain_reg4  ;
; 97.873 ; 100.000      ; 2.127          ; High Pulse Width ; proc_clk ; Rise       ; touch_ml_scanpipe_top:pipeline|ml_inference_scanpipe:ml_path|altsyncram:hidden_rtl_0|altsyncram_sng1:auto_generated|ram_block1a0~porta_datain_reg5  ;
; 97.873 ; 100.000      ; 2.127          ; Low Pulse Width  ; proc_clk ; Rise       ; touch_ml_scanpipe_top:pipeline|ml_inference_scanpipe:ml_path|altsyncram:hidden_rtl_0|altsyncram_sng1:auto_generated|ram_block1a0~porta_datain_reg5  ;
; 97.873 ; 100.000      ; 2.127          ; High Pulse Width ; proc_clk ; Rise       ; touch_ml_scanpipe_top:pipeline|ml_inference_scanpipe:ml_path|altsyncram:hidden_rtl_0|altsyncram_sng1:auto_generated|ram_block1a0~porta_datain_reg6  ;
; 97.873 ; 100.000      ; 2.127          ; Low Pulse Width  ; proc_clk ; Rise       ; touch_ml_scanpipe_top:pipeline|ml_inference_scanpipe:ml_path|altsyncram:hidden_rtl_0|altsyncram_sng1:auto_generated|ram_block1a0~porta_datain_reg6  ;
; 97.873 ; 100.000      ; 2.127          ; High Pulse Width ; proc_clk ; Rise       ; touch_ml_scanpipe_top:pipeline|ml_inference_scanpipe:ml_path|altsyncram:hidden_rtl_0|altsyncram_sng1:auto_generated|ram_block1a0~porta_datain_reg7  ;
; 97.873 ; 100.000      ; 2.127          ; Low Pulse Width  ; proc_clk ; Rise       ; touch_ml_scanpipe_top:pipeline|ml_inference_scanpipe:ml_path|altsyncram:hidden_rtl_0|altsyncram_sng1:auto_generated|ram_block1a0~porta_datain_reg7  ;
; 97.873 ; 100.000      ; 2.127          ; High Pulse Width ; proc_clk ; Rise       ; touch_ml_scanpipe_top:pipeline|ml_inference_scanpipe:ml_path|altsyncram:hidden_rtl_0|altsyncram_sng1:auto_generated|ram_block1a0~porta_datain_reg8  ;
; 97.873 ; 100.000      ; 2.127          ; Low Pulse Width  ; proc_clk ; Rise       ; touch_ml_scanpipe_top:pipeline|ml_inference_scanpipe:ml_path|altsyncram:hidden_rtl_0|altsyncram_sng1:auto_generated|ram_block1a0~porta_datain_reg8  ;
; 97.873 ; 100.000      ; 2.127          ; High Pulse Width ; proc_clk ; Rise       ; touch_ml_scanpipe_top:pipeline|ml_inference_scanpipe:ml_path|altsyncram:hidden_rtl_0|altsyncram_sng1:auto_generated|ram_block1a0~porta_datain_reg9  ;
; 97.873 ; 100.000      ; 2.127          ; Low Pulse Width  ; proc_clk ; Rise       ; touch_ml_scanpipe_top:pipeline|ml_inference_scanpipe:ml_path|altsyncram:hidden_rtl_0|altsyncram_sng1:auto_generated|ram_block1a0~porta_datain_reg9  ;
; 97.873 ; 100.000      ; 2.127          ; High Pulse Width ; proc_clk ; Rise       ; touch_ml_scanpipe_top:pipeline|ml_inference_scanpipe:ml_path|altsyncram:hidden_rtl_0|altsyncram_sng1:auto_generated|ram_block1a0~porta_memory_reg0  ;
; 97.873 ; 100.000      ; 2.127          ; Low Pulse Width  ; proc_clk ; Rise       ; touch_ml_scanpipe_top:pipeline|ml_inference_scanpipe:ml_path|altsyncram:hidden_rtl_0|altsyncram_sng1:auto_generated|ram_block1a0~porta_memory_reg0  ;
; 97.873 ; 100.000      ; 2.127          ; High Pulse Width ; proc_clk ; Rise       ; touch_ml_scanpipe_top:pipeline|ml_inference_scanpipe:ml_path|altsyncram:hidden_rtl_0|altsyncram_sng1:auto_generated|ram_block1a0~porta_we_reg       ;
; 97.873 ; 100.000      ; 2.127          ; Low Pulse Width  ; proc_clk ; Rise       ; touch_ml_scanpipe_top:pipeline|ml_inference_scanpipe:ml_path|altsyncram:hidden_rtl_0|altsyncram_sng1:auto_generated|ram_block1a0~porta_we_reg       ;
; 97.873 ; 100.000      ; 2.127          ; High Pulse Width ; proc_clk ; Rise       ; touch_ml_scanpipe_top:pipeline|ml_inference_scanpipe:ml_path|altsyncram:hidden_rtl_0|altsyncram_sng1:auto_generated|ram_block1a0~portb_address_reg0 ;
; 97.873 ; 100.000      ; 2.127          ; Low Pulse Width  ; proc_clk ; Rise       ; touch_ml_scanpipe_top:pipeline|ml_inference_scanpipe:ml_path|altsyncram:hidden_rtl_0|altsyncram_sng1:auto_generated|ram_block1a0~portb_address_reg0 ;
; 97.873 ; 100.000      ; 2.127          ; High Pulse Width ; proc_clk ; Rise       ; touch_ml_scanpipe_top:pipeline|ml_inference_scanpipe:ml_path|altsyncram:hidden_rtl_0|altsyncram_sng1:auto_generated|ram_block1a0~portb_address_reg1 ;
; 97.873 ; 100.000      ; 2.127          ; Low Pulse Width  ; proc_clk ; Rise       ; touch_ml_scanpipe_top:pipeline|ml_inference_scanpipe:ml_path|altsyncram:hidden_rtl_0|altsyncram_sng1:auto_generated|ram_block1a0~portb_address_reg1 ;
; 97.873 ; 100.000      ; 2.127          ; High Pulse Width ; proc_clk ; Rise       ; touch_ml_scanpipe_top:pipeline|ml_inference_scanpipe:ml_path|altsyncram:hidden_rtl_0|altsyncram_sng1:auto_generated|ram_block1a0~portb_address_reg2 ;
; 97.873 ; 100.000      ; 2.127          ; Low Pulse Width  ; proc_clk ; Rise       ; touch_ml_scanpipe_top:pipeline|ml_inference_scanpipe:ml_path|altsyncram:hidden_rtl_0|altsyncram_sng1:auto_generated|ram_block1a0~portb_address_reg2 ;
; 97.873 ; 100.000      ; 2.127          ; High Pulse Width ; proc_clk ; Rise       ; touch_ml_scanpipe_top:pipeline|ml_inference_scanpipe:ml_path|altsyncram:hidden_rtl_0|altsyncram_sng1:auto_generated|ram_block1a0~portb_address_reg3 ;
; 97.873 ; 100.000      ; 2.127          ; Low Pulse Width  ; proc_clk ; Rise       ; touch_ml_scanpipe_top:pipeline|ml_inference_scanpipe:ml_path|altsyncram:hidden_rtl_0|altsyncram_sng1:auto_generated|ram_block1a0~portb_address_reg3 ;
; 97.873 ; 100.000      ; 2.127          ; High Pulse Width ; proc_clk ; Rise       ; touch_ml_scanpipe_top:pipeline|ml_inference_scanpipe:ml_path|altsyncram:hidden_rtl_0|altsyncram_sng1:auto_generated|ram_block1a0~portb_address_reg4 ;
; 97.873 ; 100.000      ; 2.127          ; Low Pulse Width  ; proc_clk ; Rise       ; touch_ml_scanpipe_top:pipeline|ml_inference_scanpipe:ml_path|altsyncram:hidden_rtl_0|altsyncram_sng1:auto_generated|ram_block1a0~portb_address_reg4 ;
; 97.873 ; 100.000      ; 2.127          ; High Pulse Width ; proc_clk ; Rise       ; touch_ml_scanpipe_top:pipeline|ml_inference_scanpipe:ml_path|altsyncram:hidden_rtl_0|altsyncram_sng1:auto_generated|ram_block1a10~porta_memory_reg0 ;
; 97.873 ; 100.000      ; 2.127          ; Low Pulse Width  ; proc_clk ; Rise       ; touch_ml_scanpipe_top:pipeline|ml_inference_scanpipe:ml_path|altsyncram:hidden_rtl_0|altsyncram_sng1:auto_generated|ram_block1a10~porta_memory_reg0 ;
; 97.873 ; 100.000      ; 2.127          ; High Pulse Width ; proc_clk ; Rise       ; touch_ml_scanpipe_top:pipeline|ml_inference_scanpipe:ml_path|altsyncram:hidden_rtl_0|altsyncram_sng1:auto_generated|ram_block1a11~porta_memory_reg0 ;
; 97.873 ; 100.000      ; 2.127          ; Low Pulse Width  ; proc_clk ; Rise       ; touch_ml_scanpipe_top:pipeline|ml_inference_scanpipe:ml_path|altsyncram:hidden_rtl_0|altsyncram_sng1:auto_generated|ram_block1a11~porta_memory_reg0 ;
; 97.873 ; 100.000      ; 2.127          ; High Pulse Width ; proc_clk ; Rise       ; touch_ml_scanpipe_top:pipeline|ml_inference_scanpipe:ml_path|altsyncram:hidden_rtl_0|altsyncram_sng1:auto_generated|ram_block1a12~porta_memory_reg0 ;
; 97.873 ; 100.000      ; 2.127          ; Low Pulse Width  ; proc_clk ; Rise       ; touch_ml_scanpipe_top:pipeline|ml_inference_scanpipe:ml_path|altsyncram:hidden_rtl_0|altsyncram_sng1:auto_generated|ram_block1a12~porta_memory_reg0 ;
; 97.873 ; 100.000      ; 2.127          ; High Pulse Width ; proc_clk ; Rise       ; touch_ml_scanpipe_top:pipeline|ml_inference_scanpipe:ml_path|altsyncram:hidden_rtl_0|altsyncram_sng1:auto_generated|ram_block1a13~porta_memory_reg0 ;
; 97.873 ; 100.000      ; 2.127          ; Low Pulse Width  ; proc_clk ; Rise       ; touch_ml_scanpipe_top:pipeline|ml_inference_scanpipe:ml_path|altsyncram:hidden_rtl_0|altsyncram_sng1:auto_generated|ram_block1a13~porta_memory_reg0 ;
; 97.873 ; 100.000      ; 2.127          ; High Pulse Width ; proc_clk ; Rise       ; touch_ml_scanpipe_top:pipeline|ml_inference_scanpipe:ml_path|altsyncram:hidden_rtl_0|altsyncram_sng1:auto_generated|ram_block1a14~porta_memory_reg0 ;
; 97.873 ; 100.000      ; 2.127          ; Low Pulse Width  ; proc_clk ; Rise       ; touch_ml_scanpipe_top:pipeline|ml_inference_scanpipe:ml_path|altsyncram:hidden_rtl_0|altsyncram_sng1:auto_generated|ram_block1a14~porta_memory_reg0 ;
; 97.873 ; 100.000      ; 2.127          ; High Pulse Width ; proc_clk ; Rise       ; touch_ml_scanpipe_top:pipeline|ml_inference_scanpipe:ml_path|altsyncram:hidden_rtl_0|altsyncram_sng1:auto_generated|ram_block1a15~porta_memory_reg0 ;
; 97.873 ; 100.000      ; 2.127          ; Low Pulse Width  ; proc_clk ; Rise       ; touch_ml_scanpipe_top:pipeline|ml_inference_scanpipe:ml_path|altsyncram:hidden_rtl_0|altsyncram_sng1:auto_generated|ram_block1a15~porta_memory_reg0 ;
+--------+--------------+----------------+------------------+----------+------------+-----------------------------------------------------------------------------------------------------------------------------------------------------+


+------------------------------------------------------------------------------+
; Setup Times                                                                  ;
+------------------+------------+-------+-------+------------+-----------------+
; Data Port        ; Clock Port ; Rise  ; Fall  ; Clock Edge ; Clock Reference ;
+------------------+------------+-------+-------+------------+-----------------+
; joystick_1_n     ; clk50      ; 0.975 ; 0.975 ; Rise       ; proc_clk        ;
; joystick_2_n     ; clk50      ; 0.976 ; 0.976 ; Rise       ; proc_clk        ;
; joystick_3_n     ; clk50      ; 0.803 ; 0.803 ; Rise       ; proc_clk        ;
; joystick_4_n     ; clk50      ; 0.724 ; 0.724 ; Rise       ; proc_clk        ;
; joystick_press_n ; clk50      ; 0.839 ; 0.839 ; Rise       ; proc_clk        ;
; reset_n          ; clk50      ; 1.723 ; 1.723 ; Rise       ; proc_clk        ;
; touch_irq_n      ; clk50      ; 1.305 ; 1.305 ; Rise       ; proc_clk        ;
; touch_miso       ; clk50      ; 1.133 ; 1.133 ; Rise       ; proc_clk        ;
+------------------+------------+-------+-------+------------+-----------------+


+--------------------------------------------------------------------------------+
; Hold Times                                                                     ;
+------------------+------------+--------+--------+------------+-----------------+
; Data Port        ; Clock Port ; Rise   ; Fall   ; Clock Edge ; Clock Reference ;
+------------------+------------+--------+--------+------------+-----------------+
; joystick_1_n     ; clk50      ; -0.855 ; -0.855 ; Rise       ; proc_clk        ;
; joystick_2_n     ; clk50      ; -0.856 ; -0.856 ; Rise       ; proc_clk        ;
; joystick_3_n     ; clk50      ; -0.683 ; -0.683 ; Rise       ; proc_clk        ;
; joystick_4_n     ; clk50      ; -0.604 ; -0.604 ; Rise       ; proc_clk        ;
; joystick_press_n ; clk50      ; -0.719 ; -0.719 ; Rise       ; proc_clk        ;
; reset_n          ; clk50      ; 1.580  ; 1.580  ; Rise       ; proc_clk        ;
; touch_irq_n      ; clk50      ; -1.185 ; -1.185 ; Rise       ; proc_clk        ;
; touch_miso       ; clk50      ; -1.013 ; -1.013 ; Rise       ; proc_clk        ;
+------------------+------------+--------+--------+------------+-----------------+


+---------------------------------------------------------------------------+
; Clock to Output Times                                                     ;
+---------------+------------+-------+-------+------------+-----------------+
; Data Port     ; Clock Port ; Rise  ; Fall  ; Clock Edge ; Clock Reference ;
+---------------+------------+-------+-------+------------+-----------------+
; lcd_cs_n      ; clk50      ; 4.809 ; 4.809 ; Rise       ; proc_clk        ;
; lcd_data[*]   ; clk50      ; 8.828 ; 8.828 ; Rise       ; proc_clk        ;
;  lcd_data[0]  ; clk50      ; 8.255 ; 8.255 ; Rise       ; proc_clk        ;
;  lcd_data[1]  ; clk50      ; 8.455 ; 8.455 ; Rise       ; proc_clk        ;
;  lcd_data[2]  ; clk50      ; 8.344 ; 8.344 ; Rise       ; proc_clk        ;
;  lcd_data[3]  ; clk50      ; 8.654 ; 8.654 ; Rise       ; proc_clk        ;
;  lcd_data[4]  ; clk50      ; 8.383 ; 8.383 ; Rise       ; proc_clk        ;
;  lcd_data[5]  ; clk50      ; 8.828 ; 8.828 ; Rise       ; proc_clk        ;
;  lcd_data[6]  ; clk50      ; 8.214 ; 8.214 ; Rise       ; proc_clk        ;
;  lcd_data[7]  ; clk50      ; 8.325 ; 8.325 ; Rise       ; proc_clk        ;
;  lcd_data[8]  ; clk50      ; 7.652 ; 7.652 ; Rise       ; proc_clk        ;
;  lcd_data[9]  ; clk50      ; 6.709 ; 6.709 ; Rise       ; proc_clk        ;
;  lcd_data[10] ; clk50      ; 6.880 ; 6.880 ; Rise       ; proc_clk        ;
;  lcd_data[11] ; clk50      ; 6.576 ; 6.576 ; Rise       ; proc_clk        ;
;  lcd_data[12] ; clk50      ; 6.611 ; 6.611 ; Rise       ; proc_clk        ;
;  lcd_data[13] ; clk50      ; 6.481 ; 6.481 ; Rise       ; proc_clk        ;
;  lcd_data[14] ; clk50      ; 5.610 ; 5.610 ; Rise       ; proc_clk        ;
;  lcd_data[15] ; clk50      ; 6.491 ; 6.491 ; Rise       ; proc_clk        ;
; lcd_rs        ; clk50      ; 6.322 ; 6.322 ; Rise       ; proc_clk        ;
; lcd_rst_n     ; clk50      ; 5.051 ; 5.051 ; Rise       ; proc_clk        ;
; lcd_wr_n      ; clk50      ; 6.346 ; 6.346 ; Rise       ; proc_clk        ;
; led[*]        ; clk50      ; 7.391 ; 7.391 ; Rise       ; proc_clk        ;
;  led[0]       ; clk50      ; 7.391 ; 7.391 ; Rise       ; proc_clk        ;
;  led[1]       ; clk50      ; 7.322 ; 7.322 ; Rise       ; proc_clk        ;
;  led[2]       ; clk50      ; 7.391 ; 7.391 ; Rise       ; proc_clk        ;
;  led[3]       ; clk50      ; 7.236 ; 7.236 ; Rise       ; proc_clk        ;
; touch_cs_n    ; clk50      ; 5.518 ; 5.518 ; Rise       ; proc_clk        ;
; touch_mosi    ; clk50      ; 5.662 ; 5.662 ; Rise       ; proc_clk        ;
; touch_sclk    ; clk50      ; 5.492 ; 5.492 ; Rise       ; proc_clk        ;
+---------------+------------+-------+-------+------------+-----------------+


+---------------------------------------------------------------------------+
; Minimum Clock to Output Times                                             ;
+---------------+------------+-------+-------+------------+-----------------+
; Data Port     ; Clock Port ; Rise  ; Fall  ; Clock Edge ; Clock Reference ;
+---------------+------------+-------+-------+------------+-----------------+
; lcd_cs_n      ; clk50      ; 4.809 ; 4.809 ; Rise       ; proc_clk        ;
; lcd_data[*]   ; clk50      ; 5.158 ; 5.158 ; Rise       ; proc_clk        ;
;  lcd_data[0]  ; clk50      ; 5.158 ; 5.158 ; Rise       ; proc_clk        ;
;  lcd_data[1]  ; clk50      ; 5.398 ; 5.398 ; Rise       ; proc_clk        ;
;  lcd_data[2]  ; clk50      ; 5.238 ; 5.238 ; Rise       ; proc_clk        ;
;  lcd_data[3]  ; clk50      ; 5.551 ; 5.551 ; Rise       ; proc_clk        ;
;  lcd_data[4]  ; clk50      ; 5.250 ; 5.250 ; Rise       ; proc_clk        ;
;  lcd_data[5]  ; clk50      ; 5.226 ; 5.226 ; Rise       ; proc_clk        ;
;  lcd_data[6]  ; clk50      ; 5.222 ; 5.222 ; Rise       ; proc_clk        ;
;  lcd_data[7]  ; clk50      ; 5.503 ; 5.503 ; Rise       ; proc_clk        ;
;  lcd_data[8]  ; clk50      ; 5.200 ; 5.200 ; Rise       ; proc_clk        ;
;  lcd_data[9]  ; clk50      ; 5.405 ; 5.405 ; Rise       ; proc_clk        ;
;  lcd_data[10] ; clk50      ; 5.304 ; 5.304 ; Rise       ; proc_clk        ;
;  lcd_data[11] ; clk50      ; 5.583 ; 5.583 ; Rise       ; proc_clk        ;
;  lcd_data[12] ; clk50      ; 5.336 ; 5.336 ; Rise       ; proc_clk        ;
;  lcd_data[13] ; clk50      ; 5.240 ; 5.240 ; Rise       ; proc_clk        ;
;  lcd_data[14] ; clk50      ; 5.219 ; 5.219 ; Rise       ; proc_clk        ;
;  lcd_data[15] ; clk50      ; 5.250 ; 5.250 ; Rise       ; proc_clk        ;
; lcd_rs        ; clk50      ; 4.921 ; 4.921 ; Rise       ; proc_clk        ;
; lcd_rst_n     ; clk50      ; 5.051 ; 5.051 ; Rise       ; proc_clk        ;
; lcd_wr_n      ; clk50      ; 5.085 ; 5.085 ; Rise       ; proc_clk        ;
; led[*]        ; clk50      ; 5.022 ; 5.022 ; Rise       ; proc_clk        ;
;  led[0]       ; clk50      ; 5.066 ; 5.066 ; Rise       ; proc_clk        ;
;  led[1]       ; clk50      ; 5.022 ; 5.022 ; Rise       ; proc_clk        ;
;  led[2]       ; clk50      ; 5.071 ; 5.071 ; Rise       ; proc_clk        ;
;  led[3]       ; clk50      ; 5.166 ; 5.166 ; Rise       ; proc_clk        ;
; touch_cs_n    ; clk50      ; 5.518 ; 5.518 ; Rise       ; proc_clk        ;
; touch_mosi    ; clk50      ; 5.662 ; 5.662 ; Rise       ; proc_clk        ;
; touch_sclk    ; clk50      ; 5.492 ; 5.492 ; Rise       ; proc_clk        ;
+---------------+------------+-------+-------+------------+-----------------+


+--------------------------------------------------------------------------+
; Output Enable Times                                                      ;
+---------------+------------+-------+------+------------+-----------------+
; Data Port     ; Clock Port ; Rise  ; Fall ; Clock Edge ; Clock Reference ;
+---------------+------------+-------+------+------------+-----------------+
; lcd_data[*]   ; clk50      ; 5.126 ;      ; Rise       ; proc_clk        ;
;  lcd_data[0]  ; clk50      ; 5.469 ;      ; Rise       ; proc_clk        ;
;  lcd_data[1]  ; clk50      ; 5.335 ;      ; Rise       ; proc_clk        ;
;  lcd_data[2]  ; clk50      ; 5.325 ;      ; Rise       ; proc_clk        ;
;  lcd_data[3]  ; clk50      ; 5.325 ;      ; Rise       ; proc_clk        ;
;  lcd_data[4]  ; clk50      ; 5.274 ;      ; Rise       ; proc_clk        ;
;  lcd_data[5]  ; clk50      ; 5.284 ;      ; Rise       ; proc_clk        ;
;  lcd_data[6]  ; clk50      ; 5.284 ;      ; Rise       ; proc_clk        ;
;  lcd_data[7]  ; clk50      ; 5.303 ;      ; Rise       ; proc_clk        ;
;  lcd_data[8]  ; clk50      ; 5.303 ;      ; Rise       ; proc_clk        ;
;  lcd_data[9]  ; clk50      ; 5.359 ;      ; Rise       ; proc_clk        ;
;  lcd_data[10] ; clk50      ; 5.359 ;      ; Rise       ; proc_clk        ;
;  lcd_data[11] ; clk50      ; 5.359 ;      ; Rise       ; proc_clk        ;
;  lcd_data[12] ; clk50      ; 5.349 ;      ; Rise       ; proc_clk        ;
;  lcd_data[13] ; clk50      ; 5.228 ;      ; Rise       ; proc_clk        ;
;  lcd_data[14] ; clk50      ; 5.238 ;      ; Rise       ; proc_clk        ;
;  lcd_data[15] ; clk50      ; 5.126 ;      ; Rise       ; proc_clk        ;
+---------------+------------+-------+------+------------+-----------------+


+--------------------------------------------------------------------------+
; Minimum Output Enable Times                                              ;
+---------------+------------+-------+------+------------+-----------------+
; Data Port     ; Clock Port ; Rise  ; Fall ; Clock Edge ; Clock Reference ;
+---------------+------------+-------+------+------------+-----------------+
; lcd_data[*]   ; clk50      ; 5.033 ;      ; Rise       ; proc_clk        ;
;  lcd_data[0]  ; clk50      ; 5.376 ;      ; Rise       ; proc_clk        ;
;  lcd_data[1]  ; clk50      ; 5.242 ;      ; Rise       ; proc_clk        ;
;  lcd_data[2]  ; clk50      ; 5.232 ;      ; Rise       ; proc_clk        ;
;  lcd_data[3]  ; clk50      ; 5.232 ;      ; Rise       ; proc_clk        ;
;  lcd_data[4]  ; clk50      ; 5.181 ;      ; Rise       ; proc_clk        ;
;  lcd_data[5]  ; clk50      ; 5.191 ;      ; Rise       ; proc_clk        ;
;  lcd_data[6]  ; clk50      ; 5.191 ;      ; Rise       ; proc_clk        ;
;  lcd_data[7]  ; clk50      ; 5.210 ;      ; Rise       ; proc_clk        ;
;  lcd_data[8]  ; clk50      ; 5.210 ;      ; Rise       ; proc_clk        ;
;  lcd_data[9]  ; clk50      ; 5.266 ;      ; Rise       ; proc_clk        ;
;  lcd_data[10] ; clk50      ; 5.266 ;      ; Rise       ; proc_clk        ;
;  lcd_data[11] ; clk50      ; 5.266 ;      ; Rise       ; proc_clk        ;
;  lcd_data[12] ; clk50      ; 5.256 ;      ; Rise       ; proc_clk        ;
;  lcd_data[13] ; clk50      ; 5.135 ;      ; Rise       ; proc_clk        ;
;  lcd_data[14] ; clk50      ; 5.145 ;      ; Rise       ; proc_clk        ;
;  lcd_data[15] ; clk50      ; 5.033 ;      ; Rise       ; proc_clk        ;
+---------------+------------+-------+------+------------+-----------------+


+-----------------------------------------------------------------------------------+
; Output Disable Times                                                              ;
+---------------+------------+-----------+-----------+------------+-----------------+
; Data Port     ; Clock Port ; 0 to Hi-Z ; 1 to Hi-Z ; Clock Edge ; Clock Reference ;
+---------------+------------+-----------+-----------+------------+-----------------+
; lcd_data[*]   ; clk50      ; 5.126     ;           ; Rise       ; proc_clk        ;
;  lcd_data[0]  ; clk50      ; 5.469     ;           ; Rise       ; proc_clk        ;
;  lcd_data[1]  ; clk50      ; 5.335     ;           ; Rise       ; proc_clk        ;
;  lcd_data[2]  ; clk50      ; 5.325     ;           ; Rise       ; proc_clk        ;
;  lcd_data[3]  ; clk50      ; 5.325     ;           ; Rise       ; proc_clk        ;
;  lcd_data[4]  ; clk50      ; 5.274     ;           ; Rise       ; proc_clk        ;
;  lcd_data[5]  ; clk50      ; 5.284     ;           ; Rise       ; proc_clk        ;
;  lcd_data[6]  ; clk50      ; 5.284     ;           ; Rise       ; proc_clk        ;
;  lcd_data[7]  ; clk50      ; 5.303     ;           ; Rise       ; proc_clk        ;
;  lcd_data[8]  ; clk50      ; 5.303     ;           ; Rise       ; proc_clk        ;
;  lcd_data[9]  ; clk50      ; 5.359     ;           ; Rise       ; proc_clk        ;
;  lcd_data[10] ; clk50      ; 5.359     ;           ; Rise       ; proc_clk        ;
;  lcd_data[11] ; clk50      ; 5.359     ;           ; Rise       ; proc_clk        ;
;  lcd_data[12] ; clk50      ; 5.349     ;           ; Rise       ; proc_clk        ;
;  lcd_data[13] ; clk50      ; 5.228     ;           ; Rise       ; proc_clk        ;
;  lcd_data[14] ; clk50      ; 5.238     ;           ; Rise       ; proc_clk        ;
;  lcd_data[15] ; clk50      ; 5.126     ;           ; Rise       ; proc_clk        ;
+---------------+------------+-----------+-----------+------------+-----------------+


+-----------------------------------------------------------------------------------+
; Minimum Output Disable Times                                                      ;
+---------------+------------+-----------+-----------+------------+-----------------+
; Data Port     ; Clock Port ; 0 to Hi-Z ; 1 to Hi-Z ; Clock Edge ; Clock Reference ;
+---------------+------------+-----------+-----------+------------+-----------------+
; lcd_data[*]   ; clk50      ; 5.033     ;           ; Rise       ; proc_clk        ;
;  lcd_data[0]  ; clk50      ; 5.376     ;           ; Rise       ; proc_clk        ;
;  lcd_data[1]  ; clk50      ; 5.242     ;           ; Rise       ; proc_clk        ;
;  lcd_data[2]  ; clk50      ; 5.232     ;           ; Rise       ; proc_clk        ;
;  lcd_data[3]  ; clk50      ; 5.232     ;           ; Rise       ; proc_clk        ;
;  lcd_data[4]  ; clk50      ; 5.181     ;           ; Rise       ; proc_clk        ;
;  lcd_data[5]  ; clk50      ; 5.191     ;           ; Rise       ; proc_clk        ;
;  lcd_data[6]  ; clk50      ; 5.191     ;           ; Rise       ; proc_clk        ;
;  lcd_data[7]  ; clk50      ; 5.210     ;           ; Rise       ; proc_clk        ;
;  lcd_data[8]  ; clk50      ; 5.210     ;           ; Rise       ; proc_clk        ;
;  lcd_data[9]  ; clk50      ; 5.266     ;           ; Rise       ; proc_clk        ;
;  lcd_data[10] ; clk50      ; 5.266     ;           ; Rise       ; proc_clk        ;
;  lcd_data[11] ; clk50      ; 5.266     ;           ; Rise       ; proc_clk        ;
;  lcd_data[12] ; clk50      ; 5.256     ;           ; Rise       ; proc_clk        ;
;  lcd_data[13] ; clk50      ; 5.135     ;           ; Rise       ; proc_clk        ;
;  lcd_data[14] ; clk50      ; 5.145     ;           ; Rise       ; proc_clk        ;
;  lcd_data[15] ; clk50      ; 5.033     ;           ; Rise       ; proc_clk        ;
+---------------+------------+-----------+-----------+------------+-----------------+


+-------------------------------------------------------------------------------+
; Multicorner Timing Analysis Summary                                           ;
+------------------+---------+-------+----------+---------+---------------------+
; Clock            ; Setup   ; Hold  ; Recovery ; Removal ; Minimum Pulse Width ;
+------------------+---------+-------+----------+---------+---------------------+
; Worst-case Slack ; 18.487  ; 0.215 ; 193.739  ; 2.294   ; 8.758               ;
;  clk50           ; 18.487  ; 0.215 ; N/A      ; N/A     ; 8.758               ;
;  proc_clk        ; 171.328 ; 0.215 ; 193.739  ; 2.294   ; 96.933              ;
; Design-wide TNS  ; 0.0     ; 0.0   ; 0.0      ; 0.0     ; 0.0                 ;
;  clk50           ; 0.000   ; 0.000 ; N/A      ; N/A     ; 0.000               ;
;  proc_clk        ; 0.000   ; 0.000 ; 0.000    ; 0.000   ; 0.000               ;
+------------------+---------+-------+----------+---------+---------------------+


+------------------------------------------------------------------------------+
; Setup Times                                                                  ;
+------------------+------------+-------+-------+------------+-----------------+
; Data Port        ; Clock Port ; Rise  ; Fall  ; Clock Edge ; Clock Reference ;
+------------------+------------+-------+-------+------------+-----------------+
; joystick_1_n     ; clk50      ; 2.553 ; 2.553 ; Rise       ; proc_clk        ;
; joystick_2_n     ; clk50      ; 2.436 ; 2.436 ; Rise       ; proc_clk        ;
; joystick_3_n     ; clk50      ; 1.953 ; 1.953 ; Rise       ; proc_clk        ;
; joystick_4_n     ; clk50      ; 1.782 ; 1.782 ; Rise       ; proc_clk        ;
; joystick_press_n ; clk50      ; 1.990 ; 1.990 ; Rise       ; proc_clk        ;
; reset_n          ; clk50      ; 6.895 ; 6.895 ; Rise       ; proc_clk        ;
; touch_irq_n      ; clk50      ; 3.018 ; 3.018 ; Rise       ; proc_clk        ;
; touch_miso       ; clk50      ; 2.806 ; 2.806 ; Rise       ; proc_clk        ;
+------------------+------------+-------+-------+------------+-----------------+


+--------------------------------------------------------------------------------+
; Hold Times                                                                     ;
+------------------+------------+--------+--------+------------+-----------------+
; Data Port        ; Clock Port ; Rise   ; Fall   ; Clock Edge ; Clock Reference ;
+------------------+------------+--------+--------+------------+-----------------+
; joystick_1_n     ; clk50      ; -0.855 ; -0.855 ; Rise       ; proc_clk        ;
; joystick_2_n     ; clk50      ; -0.856 ; -0.856 ; Rise       ; proc_clk        ;
; joystick_3_n     ; clk50      ; -0.683 ; -0.683 ; Rise       ; proc_clk        ;
; joystick_4_n     ; clk50      ; -0.604 ; -0.604 ; Rise       ; proc_clk        ;
; joystick_press_n ; clk50      ; -0.719 ; -0.719 ; Rise       ; proc_clk        ;
; reset_n          ; clk50      ; 2.461  ; 2.461  ; Rise       ; proc_clk        ;
; touch_irq_n      ; clk50      ; -1.185 ; -1.185 ; Rise       ; proc_clk        ;
; touch_miso       ; clk50      ; -1.013 ; -1.013 ; Rise       ; proc_clk        ;
+------------------+------------+--------+--------+------------+-----------------+


+-----------------------------------------------------------------------------+
; Clock to Output Times                                                       ;
+---------------+------------+--------+--------+------------+-----------------+
; Data Port     ; Clock Port ; Rise   ; Fall   ; Clock Edge ; Clock Reference ;
+---------------+------------+--------+--------+------------+-----------------+
; lcd_cs_n      ; clk50      ; 10.171 ; 10.171 ; Rise       ; proc_clk        ;
; lcd_data[*]   ; clk50      ; 23.809 ; 23.809 ; Rise       ; proc_clk        ;
;  lcd_data[0]  ; clk50      ; 22.165 ; 22.165 ; Rise       ; proc_clk        ;
;  lcd_data[1]  ; clk50      ; 22.831 ; 22.831 ; Rise       ; proc_clk        ;
;  lcd_data[2]  ; clk50      ; 22.341 ; 22.341 ; Rise       ; proc_clk        ;
;  lcd_data[3]  ; clk50      ; 23.444 ; 23.444 ; Rise       ; proc_clk        ;
;  lcd_data[4]  ; clk50      ; 22.602 ; 22.602 ; Rise       ; proc_clk        ;
;  lcd_data[5]  ; clk50      ; 23.809 ; 23.809 ; Rise       ; proc_clk        ;
;  lcd_data[6]  ; clk50      ; 22.071 ; 22.071 ; Rise       ; proc_clk        ;
;  lcd_data[7]  ; clk50      ; 21.967 ; 21.967 ; Rise       ; proc_clk        ;
;  lcd_data[8]  ; clk50      ; 19.953 ; 19.953 ; Rise       ; proc_clk        ;
;  lcd_data[9]  ; clk50      ; 16.665 ; 16.665 ; Rise       ; proc_clk        ;
;  lcd_data[10] ; clk50      ; 17.078 ; 17.078 ; Rise       ; proc_clk        ;
;  lcd_data[11] ; clk50      ; 15.963 ; 15.963 ; Rise       ; proc_clk        ;
;  lcd_data[12] ; clk50      ; 16.061 ; 16.061 ; Rise       ; proc_clk        ;
;  lcd_data[13] ; clk50      ; 15.683 ; 15.683 ; Rise       ; proc_clk        ;
;  lcd_data[14] ; clk50      ; 12.876 ; 12.876 ; Rise       ; proc_clk        ;
;  lcd_data[15] ; clk50      ; 15.691 ; 15.691 ; Rise       ; proc_clk        ;
; lcd_rs        ; clk50      ; 15.169 ; 15.169 ; Rise       ; proc_clk        ;
; lcd_rst_n     ; clk50      ; 10.929 ; 10.929 ; Rise       ; proc_clk        ;
; lcd_wr_n      ; clk50      ; 15.176 ; 15.176 ; Rise       ; proc_clk        ;
; led[*]        ; clk50      ; 19.076 ; 19.076 ; Rise       ; proc_clk        ;
;  led[0]       ; clk50      ; 18.960 ; 18.960 ; Rise       ; proc_clk        ;
;  led[1]       ; clk50      ; 18.809 ; 18.809 ; Rise       ; proc_clk        ;
;  led[2]       ; clk50      ; 19.076 ; 19.076 ; Rise       ; proc_clk        ;
;  led[3]       ; clk50      ; 18.523 ; 18.523 ; Rise       ; proc_clk        ;
; touch_cs_n    ; clk50      ; 12.264 ; 12.264 ; Rise       ; proc_clk        ;
; touch_mosi    ; clk50      ; 12.724 ; 12.724 ; Rise       ; proc_clk        ;
; touch_sclk    ; clk50      ; 12.209 ; 12.209 ; Rise       ; proc_clk        ;
+---------------+------------+--------+--------+------------+-----------------+


+---------------------------------------------------------------------------+
; Minimum Clock to Output Times                                             ;
+---------------+------------+-------+-------+------------+-----------------+
; Data Port     ; Clock Port ; Rise  ; Fall  ; Clock Edge ; Clock Reference ;
+---------------+------------+-------+-------+------------+-----------------+
; lcd_cs_n      ; clk50      ; 4.809 ; 4.809 ; Rise       ; proc_clk        ;
; lcd_data[*]   ; clk50      ; 5.158 ; 5.158 ; Rise       ; proc_clk        ;
;  lcd_data[0]  ; clk50      ; 5.158 ; 5.158 ; Rise       ; proc_clk        ;
;  lcd_data[1]  ; clk50      ; 5.398 ; 5.398 ; Rise       ; proc_clk        ;
;  lcd_data[2]  ; clk50      ; 5.238 ; 5.238 ; Rise       ; proc_clk        ;
;  lcd_data[3]  ; clk50      ; 5.551 ; 5.551 ; Rise       ; proc_clk        ;
;  lcd_data[4]  ; clk50      ; 5.250 ; 5.250 ; Rise       ; proc_clk        ;
;  lcd_data[5]  ; clk50      ; 5.226 ; 5.226 ; Rise       ; proc_clk        ;
;  lcd_data[6]  ; clk50      ; 5.222 ; 5.222 ; Rise       ; proc_clk        ;
;  lcd_data[7]  ; clk50      ; 5.503 ; 5.503 ; Rise       ; proc_clk        ;
;  lcd_data[8]  ; clk50      ; 5.200 ; 5.200 ; Rise       ; proc_clk        ;
;  lcd_data[9]  ; clk50      ; 5.405 ; 5.405 ; Rise       ; proc_clk        ;
;  lcd_data[10] ; clk50      ; 5.304 ; 5.304 ; Rise       ; proc_clk        ;
;  lcd_data[11] ; clk50      ; 5.583 ; 5.583 ; Rise       ; proc_clk        ;
;  lcd_data[12] ; clk50      ; 5.336 ; 5.336 ; Rise       ; proc_clk        ;
;  lcd_data[13] ; clk50      ; 5.240 ; 5.240 ; Rise       ; proc_clk        ;
;  lcd_data[14] ; clk50      ; 5.219 ; 5.219 ; Rise       ; proc_clk        ;
;  lcd_data[15] ; clk50      ; 5.250 ; 5.250 ; Rise       ; proc_clk        ;
; lcd_rs        ; clk50      ; 4.921 ; 4.921 ; Rise       ; proc_clk        ;
; lcd_rst_n     ; clk50      ; 5.051 ; 5.051 ; Rise       ; proc_clk        ;
; lcd_wr_n      ; clk50      ; 5.085 ; 5.085 ; Rise       ; proc_clk        ;
; led[*]        ; clk50      ; 5.022 ; 5.022 ; Rise       ; proc_clk        ;
;  led[0]       ; clk50      ; 5.066 ; 5.066 ; Rise       ; proc_clk        ;
;  led[1]       ; clk50      ; 5.022 ; 5.022 ; Rise       ; proc_clk        ;
;  led[2]       ; clk50      ; 5.071 ; 5.071 ; Rise       ; proc_clk        ;
;  led[3]       ; clk50      ; 5.166 ; 5.166 ; Rise       ; proc_clk        ;
; touch_cs_n    ; clk50      ; 5.518 ; 5.518 ; Rise       ; proc_clk        ;
; touch_mosi    ; clk50      ; 5.662 ; 5.662 ; Rise       ; proc_clk        ;
; touch_sclk    ; clk50      ; 5.492 ; 5.492 ; Rise       ; proc_clk        ;
+---------------+------------+-------+-------+------------+-----------------+


+-------------------------------------------------------------------+
; Setup Transfers                                                   ;
+------------+----------+----------+----------+----------+----------+
; From Clock ; To Clock ; RR Paths ; FR Paths ; RF Paths ; FF Paths ;
+------------+----------+----------+----------+----------+----------+
; clk50      ; clk50    ; 11       ; 0        ; 0        ; 0        ;
; proc_clk   ; clk50    ; 1        ; 1        ; 0        ; 0        ;
; proc_clk   ; proc_clk ; 41512329 ; 0        ; 0        ; 0        ;
+------------+----------+----------+----------+----------+----------+
Entries labeled "false path" only account for clock-to-clock false paths and not path-based false paths. As a result, actual path counts may be lower than reported.


+-------------------------------------------------------------------+
; Hold Transfers                                                    ;
+------------+----------+----------+----------+----------+----------+
; From Clock ; To Clock ; RR Paths ; FR Paths ; RF Paths ; FF Paths ;
+------------+----------+----------+----------+----------+----------+
; clk50      ; clk50    ; 11       ; 0        ; 0        ; 0        ;
; proc_clk   ; clk50    ; 1        ; 1        ; 0        ; 0        ;
; proc_clk   ; proc_clk ; 41512329 ; 0        ; 0        ; 0        ;
+------------+----------+----------+----------+----------+----------+
Entries labeled "false path" only account for clock-to-clock false paths and not path-based false paths. As a result, actual path counts may be lower than reported.


+-------------------------------------------------------------------+
; Recovery Transfers                                                ;
+------------+----------+----------+----------+----------+----------+
; From Clock ; To Clock ; RR Paths ; FR Paths ; RF Paths ; FF Paths ;
+------------+----------+----------+----------+----------+----------+
; proc_clk   ; proc_clk ; 192      ; 0        ; 0        ; 0        ;
+------------+----------+----------+----------+----------+----------+
Entries labeled "false path" only account for clock-to-clock false paths and not path-based false paths. As a result, actual path counts may be lower than reported.


+-------------------------------------------------------------------+
; Removal Transfers                                                 ;
+------------+----------+----------+----------+----------+----------+
; From Clock ; To Clock ; RR Paths ; FR Paths ; RF Paths ; FF Paths ;
+------------+----------+----------+----------+----------+----------+
; proc_clk   ; proc_clk ; 192      ; 0        ; 0        ; 0        ;
+------------+----------+----------+----------+----------+----------+
Entries labeled "false path" only account for clock-to-clock false paths and not path-based false paths. As a result, actual path counts may be lower than reported.


---------------
; Report TCCS ;
---------------
No dedicated SERDES Transmitter circuitry present in device or used in design


---------------
; Report RSKM ;
---------------
No dedicated SERDES Receiver circuitry present in device or used in design


+------------------------------------------------+
; Unconstrained Paths                            ;
+---------------------------------+-------+------+
; Property                        ; Setup ; Hold ;
+---------------------------------+-------+------+
; Illegal Clocks                  ; 0     ; 0    ;
; Unconstrained Clocks            ; 0     ; 0    ;
; Unconstrained Input Ports       ; 8     ; 8    ;
; Unconstrained Input Port Paths  ; 1069  ; 1069 ;
; Unconstrained Output Ports      ; 27    ; 27   ;
; Unconstrained Output Port Paths ; 699   ; 699  ;
+---------------------------------+-------+------+


+------------------------------------+
; TimeQuest Timing Analyzer Messages ;
+------------------------------------+
Info: *******************************************************************
Info: Running Quartus II 64-Bit TimeQuest Timing Analyzer
    Info: Version 13.0.1 Build 232 06/12/2013 Service Pack 1 SJ Web Edition
    Info: Processing started: Tue Oct 06 09:37:51 2026
Info: Command: quartus_sta cyclone2_lcd_ml_hw -c cyclone2_lcd_ml_hw
Info: qsta_default_script.tcl version: #1
Info (20032): Parallel compilation is enabled and will use up to 2 processors
Info (332104): Reading SDC File: 'cyclone2_lcd_ml_hw.sdc'
Info: Found TIMEQUEST_REPORT_SCRIPT_INCLUDE_DEFAULT_ANALYSIS = ON
Info: Analyzing Slow Model
Info (332146): Worst-case setup slack is 18.487
    Info (332119):     Slack End Point TNS Clock 
    Info (332119): ========= ============= =====================
    Info (332119):    18.487         0.000 clk50 
    Info (332119):   171.328         0.000 proc_clk 
Info (332146): Worst-case hold slack is 0.499
    Info (332119):     Slack End Point TNS Clock 
    Info (332119): ========= ============= =====================
    Info (332119):     0.499         0.000 clk50 
    Info (332119):     0.499         0.000 proc_clk 
Info (332146): Worst-case recovery slack is 193.739
    Info (332119):     Slack End Point TNS Clock 
    Info (332119): ========= ============= =====================
    Info (332119):   193.739         0.000 proc_clk 
Info (332146): Worst-case removal slack is 5.557
    Info (332119):     Slack End Point TNS Clock 
    Info (332119): ========= ============= =====================
    Info (332119):     5.557         0.000 proc_clk 
Info (332146): Worst-case minimum pulse width slack is 8.758
    Info (332119):     Slack End Point TNS Clock 
    Info (332119): ========= ============= =====================
    Info (332119):     8.758         0.000 clk50 
    Info (332119):    96.933         0.000 proc_clk 
Info (332001): The selected device family is not supported by the report_metastability command.
Info: Analyzing Fast Model
Info (332146): Worst-case setup slack is 19.497
    Info (332119):     Slack End Point TNS Clock 
    Info (332119): ========= ============= =====================
    Info (332119):    19.497         0.000 clk50 
    Info (332119):   191.037         0.000 proc_clk 
Info (332146): Worst-case hold slack is 0.215
    Info (332119):     Slack End Point TNS Clock 
    Info (332119): ========= ============= =====================
    Info (332119):     0.215         0.000 clk50 
    Info (332119):     0.215         0.000 proc_clk 
Info (332146): Worst-case recovery slack is 197.448
    Info (332119):     Slack End Point TNS Clock 
    Info (332119): ========= ============= =====================
    Info (332119):   197.448         0.000 proc_clk 
Info (332146): Worst-case removal slack is 2.294
    Info (332119):     Slack End Point TNS Clock 
    Info (332119): ========= ============= =====================
    Info (332119):     2.294         0.000 proc_clk 
Info (332146): Worst-case minimum pulse width slack is 9.000
    Info (332119):     Slack End Point TNS Clock 
    Info (332119): ========= ============= =====================
    Info (332119):     9.000         0.000 clk50 
    Info (332119):    97.873         0.000 proc_clk 
Info (332001): The selected device family is not supported by the report_metastability command.
Info (332102): Design is not fully constrained for setup requirements
Info (332102): Design is not fully constrained for hold requirements
Info: Quartus II 64-Bit TimeQuest Timing Analyzer was successful. 0 errors, 0 warnings
    Info: Peak virtual memory: 4603 megabytes
    Info: Processing ended: Tue Oct 06 09:37:54 2026
    Info: Elapsed time: 00:00:03
    Info: Total CPU time (on all processors): 00:00:02


