Analysis & Synthesis report for cyclone2_lcd_ml_hw
Tue Oct 06 09:30:03 2026
Quartus II 64-Bit Version 13.0.1 Build 232 06/12/2013 Service Pack 1 SJ Web Edition


---------------------
; Table of Contents ;
---------------------
  1. Legal Notice
  2. Analysis & Synthesis Summary
  3. Analysis & Synthesis Settings
  4. Parallel Compilation
  5. Analysis & Synthesis Source Files Read
  6. Analysis & Synthesis Resource Usage Summary
  7. Analysis & Synthesis Resource Utilization by Entity
  8. Analysis & Synthesis RAM Summary
  9. Analysis & Synthesis DSP Block Usage Summary
 10. State Machine - |cyclone2_lcd_ml_hw|lcd_live_writer:lcd_writer|state
 11. State Machine - |cyclone2_lcd_ml_hw|touch_ml_scanpipe_top:pipeline|ml_inference_scanpipe:ml_path|state
 12. State Machine - |cyclone2_lcd_ml_hw|touch_ml_scanpipe_top:pipeline|touch_capture_top:touch_path|xpt2046_reader:reader|state
 13. Registers Removed During Synthesis
 14. Removed Registers Triggering Further Register Optimizations
 15. General Register Statistics
 16. Inverted Register Statistics
 17. Registers Added for RAM Pass-Through Logic
 18. Multiplexer Restructuring Statistics (Restructuring Performed)
 19. Source assignments for touch_ml_scanpipe_top:pipeline|ml_inference_scanpipe:ml_path|altsyncram:l1_rom|altsyncram_vqt:auto_generated
 20. Source assignments for touch_ml_scanpipe_top:pipeline|ml_inference_scanpipe:ml_path|altsyncram:l2_rom|altsyncram_pnt:auto_generated
 21. Source assignments for touch_ml_scanpipe_top:pipeline|ml_inference_scanpipe:ml_path|altsyncram:b1_rom|altsyncram_mct:auto_generated
 22. Source assignments for touch_ml_scanpipe_top:pipeline|ml_inference_scanpipe:ml_path|altsyncram:b2_rom|altsyncram_hct:auto_generated
 23. Source assignments for touch_ml_scanpipe_top:pipeline|ml_inference_scanpipe:ml_path|altsyncram:hidden_rtl_0|altsyncram_sng1:auto_generated
 24. Source assignments for touch_ml_scanpipe_top:pipeline|ml_inference_scanpipe:ml_path|altsyncram:input_mem_rtl_0|altsyncram_mog1:auto_generated
 25. Parameter Settings for User Entity Instance: touch_ml_scanpipe_top:pipeline
 26. Parameter Settings for User Entity Instance: touch_ml_scanpipe_top:pipeline|touch_capture_top:touch_path
 27. Parameter Settings for User Entity Instance: touch_ml_scanpipe_top:pipeline|touch_capture_top:touch_path|xpt2046_reader:reader
 28. Parameter Settings for User Entity Instance: touch_ml_scanpipe_top:pipeline|ml_inference_scanpipe:ml_path
 29. Parameter Settings for User Entity Instance: touch_ml_scanpipe_top:pipeline|ml_inference_scanpipe:ml_path|altsyncram:l1_rom
 30. Parameter Settings for User Entity Instance: touch_ml_scanpipe_top:pipeline|ml_inference_scanpipe:ml_path|altsyncram:l2_rom
 31. Parameter Settings for User Entity Instance: touch_ml_scanpipe_top:pipeline|ml_inference_scanpipe:ml_path|altsyncram:b1_rom
 32. Parameter Settings for User Entity Instance: touch_ml_scanpipe_top:pipeline|ml_inference_scanpipe:ml_path|altsyncram:b2_rom
 33. Parameter Settings for User Entity Instance: lcd_live_writer:lcd_writer
 34. Parameter Settings for Inferred Entity Instance: touch_ml_scanpipe_top:pipeline|ml_inference_scanpipe:ml_path|altsyncram:hidden_rtl_0
 35. Parameter Settings for Inferred Entity Instance: touch_ml_scanpipe_top:pipeline|ml_inference_scanpipe:ml_path|altsyncram:input_mem_rtl_0
 36. Parameter Settings for Inferred Entity Instance: touch_ml_scanpipe_top:pipeline|ml_inference_scanpipe:ml_path|lpm_mult:Mult0
 37. Parameter Settings for Inferred Entity Instance: touch_ml_scanpipe_top:pipeline|ml_inference_scanpipe:ml_path|lpm_mult:Mult1
 38. altsyncram Parameter Settings by Entity Instance
 39. lpm_mult Parameter Settings by Entity Instance
 40. Port Connectivity Checks: "lcd_live_writer:lcd_writer"
 41. Port Connectivity Checks: "touch_ml_scanpipe_top:pipeline|ml_inference_scanpipe:ml_path"
 42. Port Connectivity Checks: "touch_ml_scanpipe_top:pipeline|touch_capture_top:touch_path|xpt2046_reader:reader"
 43. Port Connectivity Checks: "touch_ml_scanpipe_top:pipeline|touch_capture_top:touch_path"
 44. Port Connectivity Checks: "touch_ml_scanpipe_top:pipeline"
 45. Elapsed Time Per Partition
 46. Analysis & Synthesis Messages
 47. Analysis & Synthesis Suppressed Messages



----------------
; Legal Notice ;
----------------
Copyright (C) 1991-2013 Altera Corporation
Your use of Altera Corporation's design tools, logic functions 
and other software and tools, and its AMPP partner logic 
functions, and any output files from any of the foregoing 
(including device programming or simulation files), and any 
associated documentation or information are expressly subject 
to the terms and conditions of the Altera Program License 
Subscription Agreement, Altera MegaCore Function License 
Agreement, or other applicable license agreement, including, 
without limitation, that your use is for the sole purpose of 
programming logic devices manufactured by Altera and sold by 
Altera or its authorized distributors.  Please refer to the 
applicable agreement for further details.



+--------------------------------------------------------------------------------------+
; Analysis & Synthesis Summary                                                         ;
+------------------------------------+-------------------------------------------------+
; Analysis & Synthesis Status        ; Successful - Tue Oct 06 09:30:03 2026           ;
; Quartus II 64-Bit Version          ; 13.0.1 Build 232 06/12/2013 SP 1 SJ Web Edition ;
; Revision Name                      ; cyclone2_lcd_ml_hw                              ;
; Top-level Entity Name              ; cyclone2_lcd_ml_hw                              ;
; Family                             ; Cyclone II                                      ;
; Total logic elements               ; 2,513                                           ;
;     Total combinational functions  ; 2,144                                           ;
;     Dedicated logic registers      ; 1,071                                           ;
; Total registers                    ; 1071                                            ;
; Total pins                         ; 38                                              ;
; Total virtual pins                 ; 0                                               ;
; Total memory bits                  ; 55,888                                          ;
; Embedded Multiplier 9-bit elements ; 5                                               ;
; Total PLLs                         ; 0                                               ;
+------------------------------------+-------------------------------------------------+


+----------------------------------------------------------------------------------------------------------------------+
; Analysis & Synthesis Settings                                                                                        ;
+----------------------------------------------------------------------------+--------------------+--------------------+
; Option                                                                     ; Setting            ; Default Value      ;
+----------------------------------------------------------------------------+--------------------+--------------------+
; Device                                                                     ; EP2C5T144C8        ;                    ;
; Top-level entity name                                                      ; cyclone2_lcd_ml_hw ; cyclone2_lcd_ml_hw ;
; Family name                                                                ; Cyclone II         ; Cyclone IV GX      ;
; Maximum processors allowed for parallel compilation                        ; 2                  ;                    ;
; Use smart compilation                                                      ; Off                ; Off                ;
; Enable parallel Assembler and TimeQuest Timing Analyzer during compilation ; On                 ; On                 ;
; Enable compact report table                                                ; Off                ; Off                ;
; Restructure Multiplexers                                                   ; Auto               ; Auto               ;
; Create Debugging Nodes for IP Cores                                        ; Off                ; Off                ;
; Preserve fewer node names                                                  ; On                 ; On                 ;
; Disable OpenCore Plus hardware evaluation                                  ; Off                ; Off                ;
; Verilog Version                                                            ; Verilog_2001       ; Verilog_2001       ;
; VHDL Version                                                               ; VHDL_1993          ; VHDL_1993          ;
; State Machine Processing                                                   ; Auto               ; Auto               ;
; Safe State Machine                                                         ; Off                ; Off                ;
; Extract Verilog State Machines                                             ; On                 ; On                 ;
; Extract VHDL State Machines                                                ; On                 ; On                 ;
; Ignore Verilog initial constructs                                          ; Off                ; Off                ;
; Iteration limit for constant Verilog loops                                 ; 5000               ; 5000               ;
; Iteration limit for non-constant Verilog loops                             ; 250                ; 250                ;
; Add Pass-Through Logic to Inferred RAMs                                    ; On                 ; On                 ;
; Infer RAMs from Raw Logic                                                  ; On                 ; On                 ;
; Parallel Synthesis                                                         ; On                 ; On                 ;
; DSP Block Balancing                                                        ; Auto               ; Auto               ;
; NOT Gate Push-Back                                                         ; On                 ; On                 ;
; Power-Up Don't Care                                                        ; On                 ; On                 ;
; Remove Redundant Logic Cells                                               ; Off                ; Off                ;
; Remove Duplicate Registers                                                 ; On                 ; On                 ;
; Ignore CARRY Buffers                                                       ; Off                ; Off                ;
; Ignore CASCADE Buffers                                                     ; Off                ; Off                ;
; Ignore GLOBAL Buffers                                                      ; Off                ; Off                ;
; Ignore ROW GLOBAL Buffers                                                  ; Off                ; Off                ;
; Ignore LCELL Buffers                                                       ; Off                ; Off                ;
; Ignore SOFT Buffers                                                        ; On                 ; On                 ;
; Limit AHDL Integers to 32 Bits                                             ; Off                ; Off                ;
; Optimization Technique                                                     ; Balanced           ; Balanced           ;
; Carry Chain Length                                                         ; 70                 ; 70                 ;
; Auto Carry Chains                                                          ; On                 ; On                 ;
; Auto Open-Drain Pins                                                       ; On                 ; On                 ;
; Perform WYSIWYG Primitive Resynthesis                                      ; Off                ; Off                ;
; Auto ROM Replacement                                                       ; On                 ; On                 ;
; Auto RAM Replacement                                                       ; On                 ; On                 ;
; Auto Shift Register Replacement                                            ; Auto               ; Auto               ;
; Allow Shift Register Merging across Hierarchies                            ; Auto               ; Auto               ;
; Auto Clock Enable Replacement                                              ; On                 ; On                 ;
; Strict RAM Replacement                                                     ; Off                ; Off                ;
; Allow Synchronous Control Signals                                          ; On                 ; On                 ;
; Force Use of Synchronous Clear Signals                                     ; Off                ; Off                ;
; Auto RAM to Logic Cell Conversion                                          ; Off                ; Off                ;
; Auto Resource Sharing                                                      ; Off                ; Off                ;
; Allow Any RAM Size For Recognition                                         ; Off                ; Off                ;
; Allow Any ROM Size For Recognition                                         ; Off                ; Off                ;
; Allow Any Shift Register Size For Recognition                              ; Off                ; Off                ;
; Use LogicLock Constraints during Resource Balancing                        ; On                 ; On                 ;
; Ignore translate_off and synthesis_off directives                          ; Off                ; Off                ;
; Timing-Driven Synthesis                                                    ; Off                ; Off                ;
; Report Parameter Settings                                                  ; On                 ; On                 ;
; Report Source Assignments                                                  ; On                 ; On                 ;
; Report Connectivity Checks                                                 ; On                 ; On                 ;
; Ignore Maximum Fan-Out Assignments                                         ; Off                ; Off                ;
; Synchronization Register Chain Length                                      ; 2                  ; 2                  ;
; PowerPlay Power Optimization                                               ; Normal compilation ; Normal compilation ;
; HDL message level                                                          ; Level2             ; Level2             ;
; Suppress Register Optimization Related Messages                            ; Off                ; Off                ;
; Number of Removed Registers Reported in Synthesis Report                   ; 5000               ; 5000               ;
; Number of Swept Nodes Reported in Synthesis Report                         ; 5000               ; 5000               ;
; Number of Inverted Registers Reported in Synthesis Report                  ; 100                ; 100                ;
; Clock MUX Protection                                                       ; On                 ; On                 ;
; Auto Gated Clock Conversion                                                ; Off                ; Off                ;
; Block Design Naming                                                        ; Auto               ; Auto               ;
; SDC constraint protection                                                  ; Off                ; Off                ;
; Synthesis Effort                                                           ; Auto               ; Auto               ;
; Shift Register Replacement - Allow Asynchronous Clear Signal               ; On                 ; On                 ;
; Pre-Mapping Resynthesis Optimization                                       ; Off                ; Off                ;
; Analysis & Synthesis Message Level                                         ; Medium             ; Medium             ;
; Disable Register Merging Across Hierarchies                                ; Auto               ; Auto               ;
; Resource Aware Inference For Block RAM                                     ; On                 ; On                 ;
; Synthesis Seed                                                             ; 1                  ; 1                  ;
+----------------------------------------------------------------------------+--------------------+--------------------+


+------------------------------------------+
; Parallel Compilation                     ;
+----------------------------+-------------+
; Processors                 ; Number      ;
+----------------------------+-------------+
; Number detected on machine ; 6           ;
; Maximum allowed            ; 2           ;
;                            ;             ;
; Average used               ; 1.00        ;
; Maximum used               ; 1           ;
;                            ;             ;
; Usage by Processor         ; % Time Used ;
;     Processor 1            ; 100.0%      ;
;     Processors 2-6         ;   0.0%      ;
+----------------------------+-------------+


+---------------------------------------------------------------------------------------------------------------------------------------------------------------------------------------+
; Analysis & Synthesis Source Files Read                                                                                                                                                ;
+--------------------------------------+-----------------+----------------------------------+---------------------------------------------------------------------------------+---------+
; File Name with User-Entered Path     ; Used in Netlist ; File Type                        ; File Name with Absolute Path                                                    ; Library ;
+--------------------------------------+-----------------+----------------------------------+---------------------------------------------------------------------------------+---------+
; cyclone2_lcd_ml_hw.sv                ; yes             ; User SystemVerilog HDL File      ; D:/fpga/cyclone2-lcd-ml-direct/rtl/cyclone2_lcd_ml_hw.sv                        ;         ;
; experiments/touch_ml_scanpipe_top.sv ; yes             ; User SystemVerilog HDL File      ; D:/fpga/cyclone2-lcd-ml-direct/rtl/experiments/touch_ml_scanpipe_top.sv         ;         ;
; touch_capture_top.sv                 ; yes             ; User SystemVerilog HDL File      ; D:/fpga/cyclone2-lcd-ml-direct/rtl/touch_capture_top.sv                         ;         ;
; xpt2046_reader.sv                    ; yes             ; User SystemVerilog HDL File      ; D:/fpga/cyclone2-lcd-ml-direct/rtl/xpt2046_reader.sv                            ;         ;
; xpt2046_calibrator.sv                ; yes             ; User SystemVerilog HDL File      ; D:/fpga/cyclone2-lcd-ml-direct/rtl/xpt2046_calibrator.sv                        ;         ;
; touch_frame_adapter.sv               ; yes             ; User SystemVerilog HDL File      ; D:/fpga/cyclone2-lcd-ml-direct/rtl/touch_frame_adapter.sv                       ;         ;
; lcd_live_writer.sv                   ; yes             ; User SystemVerilog HDL File      ; D:/fpga/cyclone2-lcd-ml-direct/rtl/lcd_live_writer.sv                           ;         ;
; experiments/ml_inference_scanpipe.sv ; yes             ; User SystemVerilog HDL File      ; D:/fpga/cyclone2-lcd-ml-direct/rtl/experiments/ml_inference_scanpipe.sv         ;         ;
; ../artifacts/weights_l1.mif          ; yes             ; User Memory Initialization File  ; D:/fpga/cyclone2-lcd-ml-direct/artifacts/weights_l1.mif                         ;         ;
; ../artifacts/weights_l2.mif          ; yes             ; User Memory Initialization File  ; D:/fpga/cyclone2-lcd-ml-direct/artifacts/weights_l2.mif                         ;         ;
; ../artifacts/bias_l1.mif             ; yes             ; User Memory Initialization File  ; D:/fpga/cyclone2-lcd-ml-direct/artifacts/bias_l1.mif                            ;         ;
; ../artifacts/bias_l2.mif             ; yes             ; User Memory Initialization File  ; D:/fpga/cyclone2-lcd-ml-direct/artifacts/bias_l2.mif                            ;         ;
; altsyncram.tdf                       ; yes             ; Megafunction                     ; d:/program/altera/13.0sp1/quartus/libraries/megafunctions/altsyncram.tdf        ;         ;
; stratix_ram_block.inc                ; yes             ; Megafunction                     ; d:/program/altera/13.0sp1/quartus/libraries/megafunctions/stratix_ram_block.inc ;         ;
; lpm_mux.inc                          ; yes             ; Megafunction                     ; d:/program/altera/13.0sp1/quartus/libraries/megafunctions/lpm_mux.inc           ;         ;
; lpm_decode.inc                       ; yes             ; Megafunction                     ; d:/program/altera/13.0sp1/quartus/libraries/megafunctions/lpm_decode.inc        ;         ;
; aglobal130.inc                       ; yes             ; Megafunction                     ; d:/program/altera/13.0sp1/quartus/libraries/megafunctions/aglobal130.inc        ;         ;
; a_rdenreg.inc                        ; yes             ; Megafunction                     ; d:/program/altera/13.0sp1/quartus/libraries/megafunctions/a_rdenreg.inc         ;         ;
; altrom.inc                           ; yes             ; Megafunction                     ; d:/program/altera/13.0sp1/quartus/libraries/megafunctions/altrom.inc            ;         ;
; altram.inc                           ; yes             ; Megafunction                     ; d:/program/altera/13.0sp1/quartus/libraries/megafunctions/altram.inc            ;         ;
; altdpram.inc                         ; yes             ; Megafunction                     ; d:/program/altera/13.0sp1/quartus/libraries/megafunctions/altdpram.inc          ;         ;
; db/altsyncram_vqt.tdf                ; yes             ; Auto-Generated Megafunction      ; D:/fpga/cyclone2-lcd-ml-direct/rtl/db/altsyncram_vqt.tdf                        ;         ;
; db/decode_1oa.tdf                    ; yes             ; Auto-Generated Megafunction      ; D:/fpga/cyclone2-lcd-ml-direct/rtl/db/decode_1oa.tdf                            ;         ;
; db/mux_hib.tdf                       ; yes             ; Auto-Generated Megafunction      ; D:/fpga/cyclone2-lcd-ml-direct/rtl/db/mux_hib.tdf                               ;         ;
; db/altsyncram_pnt.tdf                ; yes             ; Auto-Generated Megafunction      ; D:/fpga/cyclone2-lcd-ml-direct/rtl/db/altsyncram_pnt.tdf                        ;         ;
; db/altsyncram_mct.tdf                ; yes             ; Auto-Generated Megafunction      ; D:/fpga/cyclone2-lcd-ml-direct/rtl/db/altsyncram_mct.tdf                        ;         ;
; db/altsyncram_hct.tdf                ; yes             ; Auto-Generated Megafunction      ; D:/fpga/cyclone2-lcd-ml-direct/rtl/db/altsyncram_hct.tdf                        ;         ;
; db/altsyncram_sng1.tdf               ; yes             ; Auto-Generated Megafunction      ; D:/fpga/cyclone2-lcd-ml-direct/rtl/db/altsyncram_sng1.tdf                       ;         ;
; db/altsyncram_mog1.tdf               ; yes             ; Auto-Generated Megafunction      ; D:/fpga/cyclone2-lcd-ml-direct/rtl/db/altsyncram_mog1.tdf                       ;         ;
; lpm_mult.tdf                         ; yes             ; Megafunction                     ; d:/program/altera/13.0sp1/quartus/libraries/megafunctions/lpm_mult.tdf          ;         ;
; lpm_add_sub.inc                      ; yes             ; Megafunction                     ; d:/program/altera/13.0sp1/quartus/libraries/megafunctions/lpm_add_sub.inc       ;         ;
; multcore.inc                         ; yes             ; Megafunction                     ; d:/program/altera/13.0sp1/quartus/libraries/megafunctions/multcore.inc          ;         ;
; bypassff.inc                         ; yes             ; Megafunction                     ; d:/program/altera/13.0sp1/quartus/libraries/megafunctions/bypassff.inc          ;         ;
; altshift.inc                         ; yes             ; Megafunction                     ; d:/program/altera/13.0sp1/quartus/libraries/megafunctions/altshift.inc          ;         ;
; db/mult_fus.tdf                      ; yes             ; Auto-Generated Megafunction      ; D:/fpga/cyclone2-lcd-ml-direct/rtl/db/mult_fus.tdf                              ;         ;
; db/mult_vvs.tdf                      ; yes             ; Auto-Generated Megafunction      ; D:/fpga/cyclone2-lcd-ml-direct/rtl/db/mult_vvs.tdf                              ;         ;
+--------------------------------------+-----------------+----------------------------------+---------------------------------------------------------------------------------+---------+


+--------------------------------------------------------+
; Analysis & Synthesis Resource Usage Summary            ;
+---------------------------------------------+----------+
; Resource                                    ; Usage    ;
+---------------------------------------------+----------+
; Estimated Total logic elements              ; 2,513    ;
;                                             ;          ;
; Total combinational functions               ; 2144     ;
; Logic element usage by number of LUT inputs ;          ;
;     -- 4 input functions                    ; 1305     ;
;     -- 3 input functions                    ; 469      ;
;     -- <=2 input functions                  ; 370      ;
;                                             ;          ;
; Logic elements by mode                      ;          ;
;     -- normal mode                          ; 1685     ;
;     -- arithmetic mode                      ; 459      ;
;                                             ;          ;
; Total registers                             ; 1071     ;
;     -- Dedicated logic registers            ; 1071     ;
;     -- I/O registers                        ; 0        ;
;                                             ;          ;
; I/O pins                                    ; 38       ;
; Total memory bits                           ; 55888    ;
; Embedded Multiplier 9-bit elements          ; 5        ;
; Maximum fan-out node                        ; proc_clk ;
; Maximum fan-out                             ; 1192     ;
; Total fan-out                               ; 12304    ;
; Average fan-out                             ; 3.64     ;
+---------------------------------------------+----------+


+-------------------------------------------------------------------------------------------------------------------------------------------------------------------------------------------------------------------------------------------------------------------------------------------------------------------------+
; Analysis & Synthesis Resource Utilization by Entity                                                                                                                                                                                                                                                                     ;
+----------------------------------------------+-------------------+--------------+-------------+--------------+---------+-----------+------+--------------+-----------------------------------------------------------------------------------------------------------------------------------------------+--------------+
; Compilation Hierarchy Node                   ; LC Combinationals ; LC Registers ; Memory Bits ; DSP Elements ; DSP 9x9 ; DSP 18x18 ; Pins ; Virtual Pins ; Full Hierarchy Name                                                                                                                           ; Library Name ;
+----------------------------------------------+-------------------+--------------+-------------+--------------+---------+-----------+------+--------------+-----------------------------------------------------------------------------------------------------------------------------------------------+--------------+
; |cyclone2_lcd_ml_hw                          ; 2144 (84)         ; 1071 (70)    ; 55888       ; 5            ; 1       ; 2         ; 38   ; 0            ; |cyclone2_lcd_ml_hw                                                                                                                           ; work         ;
;    |lcd_live_writer:lcd_writer|              ; 283 (283)         ; 97 (97)      ; 0           ; 0            ; 0       ; 0         ; 0    ; 0            ; |cyclone2_lcd_ml_hw|lcd_live_writer:lcd_writer                                                                                                ; work         ;
;    |touch_ml_scanpipe_top:pipeline|          ; 1777 (0)          ; 904 (0)      ; 55888       ; 5            ; 1       ; 2         ; 0    ; 0            ; |cyclone2_lcd_ml_hw|touch_ml_scanpipe_top:pipeline                                                                                            ; work         ;
;       |ml_inference_scanpipe:ml_path|        ; 1057 (1012)       ; 598 (597)    ; 55888       ; 5            ; 1       ; 2         ; 0    ; 0            ; |cyclone2_lcd_ml_hw|touch_ml_scanpipe_top:pipeline|ml_inference_scanpipe:ml_path                                                              ; work         ;
;          |altsyncram:b1_rom|                 ; 0 (0)             ; 0 (0)        ; 1024        ; 0            ; 0       ; 0         ; 0    ; 0            ; |cyclone2_lcd_ml_hw|touch_ml_scanpipe_top:pipeline|ml_inference_scanpipe:ml_path|altsyncram:b1_rom                                            ; work         ;
;             |altsyncram_mct:auto_generated|  ; 0 (0)             ; 0 (0)        ; 1024        ; 0            ; 0       ; 0         ; 0    ; 0            ; |cyclone2_lcd_ml_hw|touch_ml_scanpipe_top:pipeline|ml_inference_scanpipe:ml_path|altsyncram:b1_rom|altsyncram_mct:auto_generated              ; work         ;
;          |altsyncram:b2_rom|                 ; 0 (0)             ; 0 (0)        ; 320         ; 0            ; 0       ; 0         ; 0    ; 0            ; |cyclone2_lcd_ml_hw|touch_ml_scanpipe_top:pipeline|ml_inference_scanpipe:ml_path|altsyncram:b2_rom                                            ; work         ;
;             |altsyncram_hct:auto_generated|  ; 0 (0)             ; 0 (0)        ; 320         ; 0            ; 0       ; 0         ; 0    ; 0            ; |cyclone2_lcd_ml_hw|touch_ml_scanpipe_top:pipeline|ml_inference_scanpipe:ml_path|altsyncram:b2_rom|altsyncram_hct:auto_generated              ; work         ;
;          |altsyncram:hidden_rtl_0|           ; 0 (0)             ; 0 (0)        ; 1024        ; 0            ; 0       ; 0         ; 0    ; 0            ; |cyclone2_lcd_ml_hw|touch_ml_scanpipe_top:pipeline|ml_inference_scanpipe:ml_path|altsyncram:hidden_rtl_0                                      ; work         ;
;             |altsyncram_sng1:auto_generated| ; 0 (0)             ; 0 (0)        ; 1024        ; 0            ; 0       ; 0         ; 0    ; 0            ; |cyclone2_lcd_ml_hw|touch_ml_scanpipe_top:pipeline|ml_inference_scanpipe:ml_path|altsyncram:hidden_rtl_0|altsyncram_sng1:auto_generated       ; work         ;
;          |altsyncram:input_mem_rtl_0|        ; 0 (0)             ; 0 (0)        ; 784         ; 0            ; 0       ; 0         ; 0    ; 0            ; |cyclone2_lcd_ml_hw|touch_ml_scanpipe_top:pipeline|ml_inference_scanpipe:ml_path|altsyncram:input_mem_rtl_0                                   ; work         ;
;             |altsyncram_mog1:auto_generated| ; 0 (0)             ; 0 (0)        ; 784         ; 0            ; 0       ; 0         ; 0    ; 0            ; |cyclone2_lcd_ml_hw|touch_ml_scanpipe_top:pipeline|ml_inference_scanpipe:ml_path|altsyncram:input_mem_rtl_0|altsyncram_mog1:auto_generated    ; work         ;
;          |altsyncram:l1_rom|                 ; 8 (0)             ; 1 (0)        ; 50176       ; 0            ; 0       ; 0         ; 0    ; 0            ; |cyclone2_lcd_ml_hw|touch_ml_scanpipe_top:pipeline|ml_inference_scanpipe:ml_path|altsyncram:l1_rom                                            ; work         ;
;             |altsyncram_vqt:auto_generated|  ; 8 (0)             ; 1 (1)        ; 50176       ; 0            ; 0       ; 0         ; 0    ; 0            ; |cyclone2_lcd_ml_hw|touch_ml_scanpipe_top:pipeline|ml_inference_scanpipe:ml_path|altsyncram:l1_rom|altsyncram_vqt:auto_generated              ; work         ;
;                |mux_hib:mux2|                ; 8 (8)             ; 0 (0)        ; 0           ; 0            ; 0       ; 0         ; 0    ; 0            ; |cyclone2_lcd_ml_hw|touch_ml_scanpipe_top:pipeline|ml_inference_scanpipe:ml_path|altsyncram:l1_rom|altsyncram_vqt:auto_generated|mux_hib:mux2 ; work         ;
;          |altsyncram:l2_rom|                 ; 0 (0)             ; 0 (0)        ; 2560        ; 0            ; 0       ; 0         ; 0    ; 0            ; |cyclone2_lcd_ml_hw|touch_ml_scanpipe_top:pipeline|ml_inference_scanpipe:ml_path|altsyncram:l2_rom                                            ; work         ;
;             |altsyncram_pnt:auto_generated|  ; 0 (0)             ; 0 (0)        ; 2560        ; 0            ; 0       ; 0         ; 0    ; 0            ; |cyclone2_lcd_ml_hw|touch_ml_scanpipe_top:pipeline|ml_inference_scanpipe:ml_path|altsyncram:l2_rom|altsyncram_pnt:auto_generated              ; work         ;
;          |lpm_mult:Mult0|                    ; 0 (0)             ; 0 (0)        ; 0           ; 1            ; 1       ; 0         ; 0    ; 0            ; |cyclone2_lcd_ml_hw|touch_ml_scanpipe_top:pipeline|ml_inference_scanpipe:ml_path|lpm_mult:Mult0                                               ; work         ;
;             |mult_fus:auto_generated|        ; 0 (0)             ; 0 (0)        ; 0           ; 1            ; 1       ; 0         ; 0    ; 0            ; |cyclone2_lcd_ml_hw|touch_ml_scanpipe_top:pipeline|ml_inference_scanpipe:ml_path|lpm_mult:Mult0|mult_fus:auto_generated                       ; work         ;
;          |lpm_mult:Mult1|                    ; 37 (0)            ; 0 (0)        ; 0           ; 4            ; 0       ; 2         ; 0    ; 0            ; |cyclone2_lcd_ml_hw|touch_ml_scanpipe_top:pipeline|ml_inference_scanpipe:ml_path|lpm_mult:Mult1                                               ; work         ;
;             |mult_vvs:auto_generated|        ; 37 (37)           ; 0 (0)        ; 0           ; 4            ; 0       ; 2         ; 0    ; 0            ; |cyclone2_lcd_ml_hw|touch_ml_scanpipe_top:pipeline|ml_inference_scanpipe:ml_path|lpm_mult:Mult1|mult_vvs:auto_generated                       ; work         ;
;       |touch_capture_top:touch_path|         ; 720 (0)           ; 306 (0)      ; 0           ; 0            ; 0       ; 0         ; 0    ; 0            ; |cyclone2_lcd_ml_hw|touch_ml_scanpipe_top:pipeline|touch_capture_top:touch_path                                                               ; work         ;
;          |touch_frame_adapter:frame|         ; 503 (503)         ; 216 (216)    ; 0           ; 0            ; 0       ; 0         ; 0    ; 0            ; |cyclone2_lcd_ml_hw|touch_ml_scanpipe_top:pipeline|touch_capture_top:touch_path|touch_frame_adapter:frame                                     ; work         ;
;          |xpt2046_calibrator:calibrator|     ; 123 (123)         ; 18 (18)      ; 0           ; 0            ; 0       ; 0         ; 0    ; 0            ; |cyclone2_lcd_ml_hw|touch_ml_scanpipe_top:pipeline|touch_capture_top:touch_path|xpt2046_calibrator:calibrator                                 ; work         ;
;          |xpt2046_reader:reader|             ; 94 (94)           ; 72 (72)      ; 0           ; 0            ; 0       ; 0         ; 0    ; 0            ; |cyclone2_lcd_ml_hw|touch_ml_scanpipe_top:pipeline|touch_capture_top:touch_path|xpt2046_reader:reader                                         ; work         ;
+----------------------------------------------+-------------------+--------------+-------------+--------------+---------+-----------+------+--------------+-----------------------------------------------------------------------------------------------------------------------------------------------+--------------+
Note: For table entries with two numbers listed, the numbers in parentheses indicate the number of resources of the given type used by the specific entity alone. The numbers listed outside of parentheses indicate the total resources of the given type used by the specific entity and all of its sub-entities in the hierarchy.


+------------------------------------------------------------------------------------------------------------------------------------------------------------------------------------------------------------------------------------------------------------------+
; Analysis & Synthesis RAM Summary                                                                                                                                                                                                                                 ;
+-----------------------------------------------------------------------------------------------------------------------------------+------+------------------+--------------+--------------+--------------+--------------+-------+--------------------------------+
; Name                                                                                                                              ; Type ; Mode             ; Port A Depth ; Port A Width ; Port B Depth ; Port B Width ; Size  ; MIF                            ;
+-----------------------------------------------------------------------------------------------------------------------------------+------+------------------+--------------+--------------+--------------+--------------+-------+--------------------------------+
; touch_ml_scanpipe_top:pipeline|ml_inference_scanpipe:ml_path|altsyncram:b1_rom|altsyncram_mct:auto_generated|ALTSYNCRAM           ; AUTO ; ROM              ; 32           ; 32           ; --           ; --           ; 1024  ; ../../artifacts/bias_l1.mif    ;
; touch_ml_scanpipe_top:pipeline|ml_inference_scanpipe:ml_path|altsyncram:b2_rom|altsyncram_hct:auto_generated|ALTSYNCRAM           ; AUTO ; ROM              ; 10           ; 32           ; --           ; --           ; 320   ; ../../artifacts/bias_l2.mif    ;
; touch_ml_scanpipe_top:pipeline|ml_inference_scanpipe:ml_path|altsyncram:hidden_rtl_0|altsyncram_sng1:auto_generated|ALTSYNCRAM    ; AUTO ; Simple Dual Port ; 32           ; 32           ; 32           ; 32           ; 1024  ; None                           ;
; touch_ml_scanpipe_top:pipeline|ml_inference_scanpipe:ml_path|altsyncram:input_mem_rtl_0|altsyncram_mog1:auto_generated|ALTSYNCRAM ; AUTO ; Simple Dual Port ; 196          ; 4            ; 196          ; 4            ; 784   ; None                           ;
; touch_ml_scanpipe_top:pipeline|ml_inference_scanpipe:ml_path|altsyncram:l1_rom|altsyncram_vqt:auto_generated|ALTSYNCRAM           ; AUTO ; ROM              ; 6272         ; 8            ; --           ; --           ; 50176 ; ../../artifacts/weights_l1.mif ;
; touch_ml_scanpipe_top:pipeline|ml_inference_scanpipe:ml_path|altsyncram:l2_rom|altsyncram_pnt:auto_generated|ALTSYNCRAM           ; AUTO ; ROM              ; 320          ; 8            ; --           ; --           ; 2560  ; ../../artifacts/weights_l2.mif ;
+-----------------------------------------------------------------------------------------------------------------------------------+------+------------------+--------------+--------------+--------------+--------------+-------+--------------------------------+


+-----------------------------------------------------+
; Analysis & Synthesis DSP Block Usage Summary        ;
+---------------------------------------+-------------+
; Statistic                             ; Number Used ;
+---------------------------------------+-------------+
; Simple Multipliers (9-bit)            ; 1           ;
; Simple Multipliers (18-bit)           ; 2           ;
; Embedded Multiplier Blocks            ; --          ;
; Embedded Multiplier 9-bit elements    ; 5           ;
; Signed Embedded Multipliers           ; 2           ;
; Unsigned Embedded Multipliers         ; 0           ;
; Mixed Sign Embedded Multipliers       ; 1           ;
; Variable Sign Embedded Multipliers    ; 0           ;
; Dedicated Input Shift Register Chains ; 0           ;
+---------------------------------------+-------------+
Note: number of Embedded Multiplier Blocks used is only available after a successful fit.


Encoding Type:  One-Hot
+-------------------------------------------------------------------------------------------------------------------------------------------------------------------------------------------------------------------------------------------------------------------------------------------------------------------------------------------------------------------------------------------------------------------------------------------------------------------------------------------------------+
; State Machine - |cyclone2_lcd_ml_hw|lcd_live_writer:lcd_writer|state                                                                                                                                                                                                                                                                                                                                                                                                                                  ;
+------------------------+-------------------+-------------------+------------------+-----------------+----------------+-----------------+----------------+--------------+------------------------+-------------------+--------------------+--------------------+--------------------+--------------------+-------------------+------------------+-----------------+------------------+-----------------+------------------+-------------------+--------------------+-------------------+---------------+
; Name                   ; state.S_DRAW_NEXT ; state.S_DRAW_RAMP ; state.S_DRAW_RAM ; state.S_DRAW_YP ; state.S_DRAW_Y ; state.S_DRAW_XP ; state.S_DRAW_X ; state.S_IDLE ; state.S_INIT_DONE_WAIT ; state.S_FILL_NEXT ; state.S_FILL_PULSE ; state.S_FILL_SETUP ; state.S_CLEAR_NEXT ; state.S_CLEAR_RAMP ; state.S_CLEAR_RAM ; state.S_CLEAR_YP ; state.S_CLEAR_Y ; state.S_CLEAR_XP ; state.S_CLEAR_X ; state.S_INIT_GAP ; state.S_INIT_NEXT ; state.S_INIT_PULSE ; state.S_INIT_LOAD ; state.S_RESET ;
+------------------------+-------------------+-------------------+------------------+-----------------+----------------+-----------------+----------------+--------------+------------------------+-------------------+--------------------+--------------------+--------------------+--------------------+-------------------+------------------+-----------------+------------------+-----------------+------------------+-------------------+--------------------+-------------------+---------------+
; state.S_RESET          ; 0                 ; 0                 ; 0                ; 0               ; 0              ; 0               ; 0              ; 0            ; 0                      ; 0                 ; 0                  ; 0                  ; 0                  ; 0                  ; 0                 ; 0                ; 0               ; 0                ; 0               ; 0                ; 0                 ; 0                  ; 0                 ; 0             ;
; state.S_INIT_LOAD      ; 0                 ; 0                 ; 0                ; 0               ; 0              ; 0               ; 0              ; 0            ; 0                      ; 0                 ; 0                  ; 0                  ; 0                  ; 0                  ; 0                 ; 0                ; 0               ; 0                ; 0               ; 0                ; 0                 ; 0                  ; 1                 ; 1             ;
; state.S_INIT_PULSE     ; 0                 ; 0                 ; 0                ; 0               ; 0              ; 0               ; 0              ; 0            ; 0                      ; 0                 ; 0                  ; 0                  ; 0                  ; 0                  ; 0                 ; 0                ; 0               ; 0                ; 0               ; 0                ; 0                 ; 1                  ; 0                 ; 1             ;
; state.S_INIT_NEXT      ; 0                 ; 0                 ; 0                ; 0               ; 0              ; 0               ; 0              ; 0            ; 0                      ; 0                 ; 0                  ; 0                  ; 0                  ; 0                  ; 0                 ; 0                ; 0               ; 0                ; 0               ; 0                ; 1                 ; 0                  ; 0                 ; 1             ;
; state.S_INIT_GAP       ; 0                 ; 0                 ; 0                ; 0               ; 0              ; 0               ; 0              ; 0            ; 0                      ; 0                 ; 0                  ; 0                  ; 0                  ; 0                  ; 0                 ; 0                ; 0               ; 0                ; 0               ; 1                ; 0                 ; 0                  ; 0                 ; 1             ;
; state.S_CLEAR_X        ; 0                 ; 0                 ; 0                ; 0               ; 0              ; 0               ; 0              ; 0            ; 0                      ; 0                 ; 0                  ; 0                  ; 0                  ; 0                  ; 0                 ; 0                ; 0               ; 0                ; 1               ; 0                ; 0                 ; 0                  ; 0                 ; 1             ;
; state.S_CLEAR_XP       ; 0                 ; 0                 ; 0                ; 0               ; 0              ; 0               ; 0              ; 0            ; 0                      ; 0                 ; 0                  ; 0                  ; 0                  ; 0                  ; 0                 ; 0                ; 0               ; 1                ; 0               ; 0                ; 0                 ; 0                  ; 0                 ; 1             ;
; state.S_CLEAR_Y        ; 0                 ; 0                 ; 0                ; 0               ; 0              ; 0               ; 0              ; 0            ; 0                      ; 0                 ; 0                  ; 0                  ; 0                  ; 0                  ; 0                 ; 0                ; 1               ; 0                ; 0               ; 0                ; 0                 ; 0                  ; 0                 ; 1             ;
; state.S_CLEAR_YP       ; 0                 ; 0                 ; 0                ; 0               ; 0              ; 0               ; 0              ; 0            ; 0                      ; 0                 ; 0                  ; 0                  ; 0                  ; 0                  ; 0                 ; 1                ; 0               ; 0                ; 0               ; 0                ; 0                 ; 0                  ; 0                 ; 1             ;
; state.S_CLEAR_RAM      ; 0                 ; 0                 ; 0                ; 0               ; 0              ; 0               ; 0              ; 0            ; 0                      ; 0                 ; 0                  ; 0                  ; 0                  ; 0                  ; 1                 ; 0                ; 0               ; 0                ; 0               ; 0                ; 0                 ; 0                  ; 0                 ; 1             ;
; state.S_CLEAR_RAMP     ; 0                 ; 0                 ; 0                ; 0               ; 0              ; 0               ; 0              ; 0            ; 0                      ; 0                 ; 0                  ; 0                  ; 0                  ; 1                  ; 0                 ; 0                ; 0               ; 0                ; 0               ; 0                ; 0                 ; 0                  ; 0                 ; 1             ;
; state.S_CLEAR_NEXT     ; 0                 ; 0                 ; 0                ; 0               ; 0              ; 0               ; 0              ; 0            ; 0                      ; 0                 ; 0                  ; 0                  ; 1                  ; 0                  ; 0                 ; 0                ; 0               ; 0                ; 0               ; 0                ; 0                 ; 0                  ; 0                 ; 1             ;
; state.S_FILL_SETUP     ; 0                 ; 0                 ; 0                ; 0               ; 0              ; 0               ; 0              ; 0            ; 0                      ; 0                 ; 0                  ; 1                  ; 0                  ; 0                  ; 0                 ; 0                ; 0               ; 0                ; 0               ; 0                ; 0                 ; 0                  ; 0                 ; 1             ;
; state.S_FILL_PULSE     ; 0                 ; 0                 ; 0                ; 0               ; 0              ; 0               ; 0              ; 0            ; 0                      ; 0                 ; 1                  ; 0                  ; 0                  ; 0                  ; 0                 ; 0                ; 0               ; 0                ; 0               ; 0                ; 0                 ; 0                  ; 0                 ; 1             ;
; state.S_FILL_NEXT      ; 0                 ; 0                 ; 0                ; 0               ; 0              ; 0               ; 0              ; 0            ; 0                      ; 1                 ; 0                  ; 0                  ; 0                  ; 0                  ; 0                 ; 0                ; 0               ; 0                ; 0               ; 0                ; 0                 ; 0                  ; 0                 ; 1             ;
; state.S_INIT_DONE_WAIT ; 0                 ; 0                 ; 0                ; 0               ; 0              ; 0               ; 0              ; 0            ; 1                      ; 0                 ; 0                  ; 0                  ; 0                  ; 0                  ; 0                 ; 0                ; 0               ; 0                ; 0               ; 0                ; 0                 ; 0                  ; 0                 ; 1             ;
; state.S_IDLE           ; 0                 ; 0                 ; 0                ; 0               ; 0              ; 0               ; 0              ; 1            ; 0                      ; 0                 ; 0                  ; 0                  ; 0                  ; 0                  ; 0                 ; 0                ; 0               ; 0                ; 0               ; 0                ; 0                 ; 0                  ; 0                 ; 1             ;
; state.S_DRAW_X         ; 0                 ; 0                 ; 0                ; 0               ; 0              ; 0               ; 1              ; 0            ; 0                      ; 0                 ; 0                  ; 0                  ; 0                  ; 0                  ; 0                 ; 0                ; 0               ; 0                ; 0               ; 0                ; 0                 ; 0                  ; 0                 ; 1             ;
; state.S_DRAW_XP        ; 0                 ; 0                 ; 0                ; 0               ; 0              ; 1               ; 0              ; 0            ; 0                      ; 0                 ; 0                  ; 0                  ; 0                  ; 0                  ; 0                 ; 0                ; 0               ; 0                ; 0               ; 0                ; 0                 ; 0                  ; 0                 ; 1             ;
; state.S_DRAW_Y         ; 0                 ; 0                 ; 0                ; 0               ; 1              ; 0               ; 0              ; 0            ; 0                      ; 0                 ; 0                  ; 0                  ; 0                  ; 0                  ; 0                 ; 0                ; 0               ; 0                ; 0               ; 0                ; 0                 ; 0                  ; 0                 ; 1             ;
; state.S_DRAW_YP        ; 0                 ; 0                 ; 0                ; 1               ; 0              ; 0               ; 0              ; 0            ; 0                      ; 0                 ; 0                  ; 0                  ; 0                  ; 0                  ; 0                 ; 0                ; 0               ; 0                ; 0               ; 0                ; 0                 ; 0                  ; 0                 ; 1             ;
; state.S_DRAW_RAM       ; 0                 ; 0                 ; 1                ; 0               ; 0              ; 0               ; 0              ; 0            ; 0                      ; 0                 ; 0                  ; 0                  ; 0                  ; 0                  ; 0                 ; 0                ; 0               ; 0                ; 0               ; 0                ; 0                 ; 0                  ; 0                 ; 1             ;
; state.S_DRAW_RAMP      ; 0                 ; 1                 ; 0                ; 0               ; 0              ; 0               ; 0              ; 0            ; 0                      ; 0                 ; 0                  ; 0                  ; 0                  ; 0                  ; 0                 ; 0                ; 0               ; 0                ; 0               ; 0                ; 0                 ; 0                  ; 0                 ; 1             ;
; state.S_DRAW_NEXT      ; 1                 ; 0                 ; 0                ; 0               ; 0              ; 0               ; 0              ; 0            ; 0                      ; 0                 ; 0                  ; 0                  ; 0                  ; 0                  ; 0                 ; 0                ; 0               ; 0                ; 0               ; 0                ; 0                 ; 0                  ; 0                 ; 1             ;
+------------------------+-------------------+-------------------+------------------+-----------------+----------------+-----------------+----------------+--------------+------------------------+-------------------+--------------------+--------------------+--------------------+--------------------+-------------------+------------------+-----------------+------------------+-----------------+------------------+-------------------+--------------------+-------------------+---------------+


Encoding Type:  One-Hot
+---------------------------------------------------------------------------------------------------------------------------------------------------------------------------------------------------------------------+
; State Machine - |cyclone2_lcd_ml_hw|touch_ml_scanpipe_top:pipeline|ml_inference_scanpipe:ml_path|state                                                                                                              ;
+--------------------+-------------------+-----------------+-----------------+--------------------+--------------+-------------+---------------+--------------+-------------+---------------+------------+------------+
; Name               ; state.SCAN_FINISH ; state.SCAN_STEP ; state.SCAN_INIT ; state.REJECT_FRAME ; state.FINISH ; state.O_MAC ; state.O_SETUP ; state.H_NEXT ; state.H_MAC ; state.H_SETUP ; state.LOAD ; state.IDLE ;
+--------------------+-------------------+-----------------+-----------------+--------------------+--------------+-------------+---------------+--------------+-------------+---------------+------------+------------+
; state.IDLE         ; 0                 ; 0               ; 0               ; 0                  ; 0            ; 0           ; 0             ; 0            ; 0           ; 0             ; 0          ; 0          ;
; state.LOAD         ; 0                 ; 0               ; 0               ; 0                  ; 0            ; 0           ; 0             ; 0            ; 0           ; 0             ; 1          ; 1          ;
; state.H_SETUP      ; 0                 ; 0               ; 0               ; 0                  ; 0            ; 0           ; 0             ; 0            ; 0           ; 1             ; 0          ; 1          ;
; state.H_MAC        ; 0                 ; 0               ; 0               ; 0                  ; 0            ; 0           ; 0             ; 0            ; 1           ; 0             ; 0          ; 1          ;
; state.H_NEXT       ; 0                 ; 0               ; 0               ; 0                  ; 0            ; 0           ; 0             ; 1            ; 0           ; 0             ; 0          ; 1          ;
; state.O_SETUP      ; 0                 ; 0               ; 0               ; 0                  ; 0            ; 0           ; 1             ; 0            ; 0           ; 0             ; 0          ; 1          ;
; state.O_MAC        ; 0                 ; 0               ; 0               ; 0                  ; 0            ; 1           ; 0             ; 0            ; 0           ; 0             ; 0          ; 1          ;
; state.FINISH       ; 0                 ; 0               ; 0               ; 0                  ; 1            ; 0           ; 0             ; 0            ; 0           ; 0             ; 0          ; 1          ;
; state.REJECT_FRAME ; 0                 ; 0               ; 0               ; 1                  ; 0            ; 0           ; 0             ; 0            ; 0           ; 0             ; 0          ; 1          ;
; state.SCAN_INIT    ; 0                 ; 0               ; 1               ; 0                  ; 0            ; 0           ; 0             ; 0            ; 0           ; 0             ; 0          ; 1          ;
; state.SCAN_STEP    ; 0                 ; 1               ; 0               ; 0                  ; 0            ; 0           ; 0             ; 0            ; 0           ; 0             ; 0          ; 1          ;
; state.SCAN_FINISH  ; 1                 ; 0               ; 0               ; 0                  ; 0            ; 0           ; 0             ; 0            ; 0           ; 0             ; 0          ; 1          ;
+--------------------+-------------------+-----------------+-----------------+--------------------+--------------+-------------+---------------+--------------+-------------+---------------+------------+------------+


Encoding Type:  One-Hot
+-----------------------------------------------------------------------------------------------------------------------------+
; State Machine - |cyclone2_lcd_ml_hw|touch_ml_scanpipe_top:pipeline|touch_capture_top:touch_path|xpt2046_reader:reader|state ;
+-----------------+-------------+--------------+-------------+--------------+-------------------------------------------------+
; Name            ; state.S_GAP ; state.S_WAIT ; state.S_SPI ; state.S_IDLE ; state.S_START_Y                                 ;
+-----------------+-------------+--------------+-------------+--------------+-------------------------------------------------+
; state.S_IDLE    ; 0           ; 0            ; 0           ; 0            ; 0                                               ;
; state.S_SPI     ; 0           ; 0            ; 1           ; 1            ; 0                                               ;
; state.S_WAIT    ; 0           ; 1            ; 0           ; 1            ; 0                                               ;
; state.S_GAP     ; 1           ; 0            ; 0           ; 1            ; 0                                               ;
; state.S_START_Y ; 0           ; 0            ; 0           ; 1            ; 1                                               ;
+-----------------+-------------+--------------+-------------+--------------+-------------------------------------------------+


+----------------------------------------------------------------------------------------------------------------------------------------------------------------------------------------------------------------------------+
; Registers Removed During Synthesis                                                                                                                                                                                         ;
+---------------------------------------------------------------------------------------------------------+------------------------------------------------------------------------------------------------------------------+
; Register name                                                                                           ; Reason for Removal                                                                                               ;
+---------------------------------------------------------------------------------------------------------+------------------------------------------------------------------------------------------------------------------+
; touch_ml_scanpipe_top:pipeline|touch_capture_top:touch_path|touch_frame_adapter:frame|frame[191][1]     ; Merged with touch_ml_scanpipe_top:pipeline|touch_capture_top:touch_path|touch_frame_adapter:frame|frame[191][3]  ;
; touch_ml_scanpipe_top:pipeline|touch_capture_top:touch_path|touch_frame_adapter:frame|frame[192][1]     ; Merged with touch_ml_scanpipe_top:pipeline|touch_capture_top:touch_path|touch_frame_adapter:frame|frame[192][3]  ;
; touch_ml_scanpipe_top:pipeline|touch_capture_top:touch_path|touch_frame_adapter:frame|frame[193][1]     ; Merged with touch_ml_scanpipe_top:pipeline|touch_capture_top:touch_path|touch_frame_adapter:frame|frame[193][2]  ;
; touch_ml_scanpipe_top:pipeline|touch_capture_top:touch_path|touch_frame_adapter:frame|frame[194][2]     ; Merged with touch_ml_scanpipe_top:pipeline|touch_capture_top:touch_path|touch_frame_adapter:frame|frame[194][3]  ;
; touch_ml_scanpipe_top:pipeline|touch_capture_top:touch_path|touch_frame_adapter:frame|frame[194][1]     ; Merged with touch_ml_scanpipe_top:pipeline|touch_capture_top:touch_path|touch_frame_adapter:frame|frame[194][3]  ;
; touch_ml_scanpipe_top:pipeline|touch_capture_top:touch_path|touch_frame_adapter:frame|frame[194][0]     ; Merged with touch_ml_scanpipe_top:pipeline|touch_capture_top:touch_path|touch_frame_adapter:frame|frame[194][3]  ;
; touch_ml_scanpipe_top:pipeline|touch_capture_top:touch_path|touch_frame_adapter:frame|frame[195][0]     ; Merged with touch_ml_scanpipe_top:pipeline|touch_capture_top:touch_path|touch_frame_adapter:frame|frame[195][1]  ;
; touch_ml_scanpipe_top:pipeline|touch_capture_top:touch_path|touch_frame_adapter:frame|frame[190][2]     ; Merged with touch_ml_scanpipe_top:pipeline|touch_capture_top:touch_path|touch_frame_adapter:frame|frame[190][0]  ;
; touch_ml_scanpipe_top:pipeline|touch_capture_top:touch_path|touch_frame_adapter:frame|frame[189][2]     ; Merged with touch_ml_scanpipe_top:pipeline|touch_capture_top:touch_path|touch_frame_adapter:frame|frame[189][0]  ;
; touch_ml_scanpipe_top:pipeline|touch_capture_top:touch_path|touch_frame_adapter:frame|frame[188][2]     ; Merged with touch_ml_scanpipe_top:pipeline|touch_capture_top:touch_path|touch_frame_adapter:frame|frame[188][0]  ;
; touch_ml_scanpipe_top:pipeline|touch_capture_top:touch_path|touch_frame_adapter:frame|frame[187][2]     ; Merged with touch_ml_scanpipe_top:pipeline|touch_capture_top:touch_path|touch_frame_adapter:frame|frame[187][0]  ;
; touch_ml_scanpipe_top:pipeline|touch_capture_top:touch_path|touch_frame_adapter:frame|frame[186][2]     ; Merged with touch_ml_scanpipe_top:pipeline|touch_capture_top:touch_path|touch_frame_adapter:frame|frame[186][0]  ;
; touch_ml_scanpipe_top:pipeline|touch_capture_top:touch_path|touch_frame_adapter:frame|frame[185][2]     ; Merged with touch_ml_scanpipe_top:pipeline|touch_capture_top:touch_path|touch_frame_adapter:frame|frame[185][0]  ;
; touch_ml_scanpipe_top:pipeline|touch_capture_top:touch_path|touch_frame_adapter:frame|frame[184][2]     ; Merged with touch_ml_scanpipe_top:pipeline|touch_capture_top:touch_path|touch_frame_adapter:frame|frame[184][0]  ;
; touch_ml_scanpipe_top:pipeline|touch_capture_top:touch_path|touch_frame_adapter:frame|frame[183][2]     ; Merged with touch_ml_scanpipe_top:pipeline|touch_capture_top:touch_path|touch_frame_adapter:frame|frame[183][0]  ;
; touch_ml_scanpipe_top:pipeline|touch_capture_top:touch_path|touch_frame_adapter:frame|frame[182][2]     ; Merged with touch_ml_scanpipe_top:pipeline|touch_capture_top:touch_path|touch_frame_adapter:frame|frame[182][0]  ;
; touch_ml_scanpipe_top:pipeline|touch_capture_top:touch_path|touch_frame_adapter:frame|frame[181][2]     ; Merged with touch_ml_scanpipe_top:pipeline|touch_capture_top:touch_path|touch_frame_adapter:frame|frame[181][0]  ;
; touch_ml_scanpipe_top:pipeline|touch_capture_top:touch_path|touch_frame_adapter:frame|frame[180][1]     ; Merged with touch_ml_scanpipe_top:pipeline|touch_capture_top:touch_path|touch_frame_adapter:frame|frame[180][0]  ;
; touch_ml_scanpipe_top:pipeline|touch_capture_top:touch_path|touch_frame_adapter:frame|frame[180][3]     ; Merged with touch_ml_scanpipe_top:pipeline|touch_capture_top:touch_path|touch_frame_adapter:frame|frame[180][0]  ;
; touch_ml_scanpipe_top:pipeline|touch_capture_top:touch_path|touch_frame_adapter:frame|frame[179][2]     ; Merged with touch_ml_scanpipe_top:pipeline|touch_capture_top:touch_path|touch_frame_adapter:frame|frame[179][0]  ;
; touch_ml_scanpipe_top:pipeline|touch_capture_top:touch_path|touch_frame_adapter:frame|frame[179][3]     ; Merged with touch_ml_scanpipe_top:pipeline|touch_capture_top:touch_path|touch_frame_adapter:frame|frame[179][1]  ;
; touch_ml_scanpipe_top:pipeline|touch_capture_top:touch_path|touch_frame_adapter:frame|frame[178][1]     ; Merged with touch_ml_scanpipe_top:pipeline|touch_capture_top:touch_path|touch_frame_adapter:frame|frame[178][0]  ;
; touch_ml_scanpipe_top:pipeline|touch_capture_top:touch_path|touch_frame_adapter:frame|frame[178][2]     ; Merged with touch_ml_scanpipe_top:pipeline|touch_capture_top:touch_path|touch_frame_adapter:frame|frame[178][0]  ;
; touch_ml_scanpipe_top:pipeline|touch_capture_top:touch_path|touch_frame_adapter:frame|frame[178][3]     ; Merged with touch_ml_scanpipe_top:pipeline|touch_capture_top:touch_path|touch_frame_adapter:frame|frame[178][0]  ;
; touch_ml_scanpipe_top:pipeline|touch_capture_top:touch_path|touch_frame_adapter:frame|frame[177][1]     ; Merged with touch_ml_scanpipe_top:pipeline|touch_capture_top:touch_path|touch_frame_adapter:frame|frame[177][0]  ;
; touch_ml_scanpipe_top:pipeline|touch_capture_top:touch_path|touch_frame_adapter:frame|frame[177][2]     ; Merged with touch_ml_scanpipe_top:pipeline|touch_capture_top:touch_path|touch_frame_adapter:frame|frame[177][0]  ;
; touch_ml_scanpipe_top:pipeline|touch_capture_top:touch_path|touch_frame_adapter:frame|frame[177][3]     ; Merged with touch_ml_scanpipe_top:pipeline|touch_capture_top:touch_path|touch_frame_adapter:frame|frame[177][0]  ;
; touch_ml_scanpipe_top:pipeline|touch_capture_top:touch_path|touch_frame_adapter:frame|frame[176][1]     ; Merged with touch_ml_scanpipe_top:pipeline|touch_capture_top:touch_path|touch_frame_adapter:frame|frame[176][0]  ;
; touch_ml_scanpipe_top:pipeline|touch_capture_top:touch_path|touch_frame_adapter:frame|frame[176][3]     ; Merged with touch_ml_scanpipe_top:pipeline|touch_capture_top:touch_path|touch_frame_adapter:frame|frame[176][2]  ;
; touch_ml_scanpipe_top:pipeline|touch_capture_top:touch_path|touch_frame_adapter:frame|frame[175][1]     ; Merged with touch_ml_scanpipe_top:pipeline|touch_capture_top:touch_path|touch_frame_adapter:frame|frame[175][0]  ;
; touch_ml_scanpipe_top:pipeline|touch_capture_top:touch_path|touch_frame_adapter:frame|frame[175][2]     ; Merged with touch_ml_scanpipe_top:pipeline|touch_capture_top:touch_path|touch_frame_adapter:frame|frame[175][0]  ;
; touch_ml_scanpipe_top:pipeline|touch_capture_top:touch_path|touch_frame_adapter:frame|frame[175][3]     ; Merged with touch_ml_scanpipe_top:pipeline|touch_capture_top:touch_path|touch_frame_adapter:frame|frame[175][0]  ;
; touch_ml_scanpipe_top:pipeline|touch_capture_top:touch_path|touch_frame_adapter:frame|frame[174][2]     ; Merged with touch_ml_scanpipe_top:pipeline|touch_capture_top:touch_path|touch_frame_adapter:frame|frame[174][0]  ;
; touch_ml_scanpipe_top:pipeline|touch_capture_top:touch_path|touch_frame_adapter:frame|frame[173][2]     ; Merged with touch_ml_scanpipe_top:pipeline|touch_capture_top:touch_path|touch_frame_adapter:frame|frame[173][0]  ;
; touch_ml_scanpipe_top:pipeline|touch_capture_top:touch_path|touch_frame_adapter:frame|frame[172][2]     ; Merged with touch_ml_scanpipe_top:pipeline|touch_capture_top:touch_path|touch_frame_adapter:frame|frame[172][0]  ;
; touch_ml_scanpipe_top:pipeline|touch_capture_top:touch_path|touch_frame_adapter:frame|frame[171][2]     ; Merged with touch_ml_scanpipe_top:pipeline|touch_capture_top:touch_path|touch_frame_adapter:frame|frame[171][0]  ;
; touch_ml_scanpipe_top:pipeline|touch_capture_top:touch_path|touch_frame_adapter:frame|frame[170][2]     ; Merged with touch_ml_scanpipe_top:pipeline|touch_capture_top:touch_path|touch_frame_adapter:frame|frame[170][0]  ;
; touch_ml_scanpipe_top:pipeline|touch_capture_top:touch_path|touch_frame_adapter:frame|frame[169][2]     ; Merged with touch_ml_scanpipe_top:pipeline|touch_capture_top:touch_path|touch_frame_adapter:frame|frame[169][0]  ;
; touch_ml_scanpipe_top:pipeline|touch_capture_top:touch_path|touch_frame_adapter:frame|frame[168][2]     ; Merged with touch_ml_scanpipe_top:pipeline|touch_capture_top:touch_path|touch_frame_adapter:frame|frame[168][0]  ;
; touch_ml_scanpipe_top:pipeline|touch_capture_top:touch_path|touch_frame_adapter:frame|frame[167][2]     ; Merged with touch_ml_scanpipe_top:pipeline|touch_capture_top:touch_path|touch_frame_adapter:frame|frame[167][0]  ;
; touch_ml_scanpipe_top:pipeline|touch_capture_top:touch_path|touch_frame_adapter:frame|frame[166][2]     ; Merged with touch_ml_scanpipe_top:pipeline|touch_capture_top:touch_path|touch_frame_adapter:frame|frame[166][0]  ;
; touch_ml_scanpipe_top:pipeline|touch_capture_top:touch_path|touch_frame_adapter:frame|frame[165][2]     ; Merged with touch_ml_scanpipe_top:pipeline|touch_capture_top:touch_path|touch_frame_adapter:frame|frame[165][0]  ;
; touch_ml_scanpipe_top:pipeline|touch_capture_top:touch_path|touch_frame_adapter:frame|frame[164][2]     ; Merged with touch_ml_scanpipe_top:pipeline|touch_capture_top:touch_path|touch_frame_adapter:frame|frame[164][0]  ;
; touch_ml_scanpipe_top:pipeline|touch_capture_top:touch_path|touch_frame_adapter:frame|frame[163][2]     ; Merged with touch_ml_scanpipe_top:pipeline|touch_capture_top:touch_path|touch_frame_adapter:frame|frame[163][0]  ;
; touch_ml_scanpipe_top:pipeline|touch_capture_top:touch_path|touch_frame_adapter:frame|frame[162][2]     ; Merged with touch_ml_scanpipe_top:pipeline|touch_capture_top:touch_path|touch_frame_adapter:frame|frame[162][0]  ;
; touch_ml_scanpipe_top:pipeline|touch_capture_top:touch_path|touch_frame_adapter:frame|frame[161][2]     ; Merged with touch_ml_scanpipe_top:pipeline|touch_capture_top:touch_path|touch_frame_adapter:frame|frame[161][0]  ;
; touch_ml_scanpipe_top:pipeline|touch_capture_top:touch_path|touch_frame_adapter:frame|frame[160][2]     ; Merged with touch_ml_scanpipe_top:pipeline|touch_capture_top:touch_path|touch_frame_adapter:frame|frame[160][0]  ;
; touch_ml_scanpipe_top:pipeline|touch_capture_top:touch_path|touch_frame_adapter:frame|frame[159][2]     ; Merged with touch_ml_scanpipe_top:pipeline|touch_capture_top:touch_path|touch_frame_adapter:frame|frame[159][0]  ;
; touch_ml_scanpipe_top:pipeline|touch_capture_top:touch_path|touch_frame_adapter:frame|frame[158][2]     ; Merged with touch_ml_scanpipe_top:pipeline|touch_capture_top:touch_path|touch_frame_adapter:frame|frame[158][0]  ;
; touch_ml_scanpipe_top:pipeline|touch_capture_top:touch_path|touch_frame_adapter:frame|frame[157][2]     ; Merged with touch_ml_scanpipe_top:pipeline|touch_capture_top:touch_path|touch_frame_adapter:frame|frame[157][0]  ;
; touch_ml_scanpipe_top:pipeline|touch_capture_top:touch_path|touch_frame_adapter:frame|frame[156][2]     ; Merged with touch_ml_scanpipe_top:pipeline|touch_capture_top:touch_path|touch_frame_adapter:frame|frame[156][0]  ;
; touch_ml_scanpipe_top:pipeline|touch_capture_top:touch_path|touch_frame_adapter:frame|frame[155][2]     ; Merged with touch_ml_scanpipe_top:pipeline|touch_capture_top:touch_path|touch_frame_adapter:frame|frame[155][0]  ;
; touch_ml_scanpipe_top:pipeline|touch_capture_top:touch_path|touch_frame_adapter:frame|frame[154][1]     ; Merged with touch_ml_scanpipe_top:pipeline|touch_capture_top:touch_path|touch_frame_adapter:frame|frame[154][0]  ;
; touch_ml_scanpipe_top:pipeline|touch_capture_top:touch_path|touch_frame_adapter:frame|frame[154][2]     ; Merged with touch_ml_scanpipe_top:pipeline|touch_capture_top:touch_path|touch_frame_adapter:frame|frame[154][0]  ;
; touch_ml_scanpipe_top:pipeline|touch_capture_top:touch_path|touch_frame_adapter:frame|frame[153][1]     ; Merged with touch_ml_scanpipe_top:pipeline|touch_capture_top:touch_path|touch_frame_adapter:frame|frame[153][0]  ;
; touch_ml_scanpipe_top:pipeline|touch_capture_top:touch_path|touch_frame_adapter:frame|frame[153][3]     ; Merged with touch_ml_scanpipe_top:pipeline|touch_capture_top:touch_path|touch_frame_adapter:frame|frame[153][0]  ;
; touch_ml_scanpipe_top:pipeline|touch_capture_top:touch_path|touch_frame_adapter:frame|frame[152][2]     ; Merged with touch_ml_scanpipe_top:pipeline|touch_capture_top:touch_path|touch_frame_adapter:frame|frame[152][0]  ;
; touch_ml_scanpipe_top:pipeline|touch_capture_top:touch_path|touch_frame_adapter:frame|frame[152][3]     ; Merged with touch_ml_scanpipe_top:pipeline|touch_capture_top:touch_path|touch_frame_adapter:frame|frame[152][1]  ;
; touch_ml_scanpipe_top:pipeline|touch_capture_top:touch_path|touch_frame_adapter:frame|frame[151][2]     ; Merged with touch_ml_scanpipe_top:pipeline|touch_capture_top:touch_path|touch_frame_adapter:frame|frame[151][0]  ;
; touch_ml_scanpipe_top:pipeline|touch_capture_top:touch_path|touch_frame_adapter:frame|frame[151][3]     ; Merged with touch_ml_scanpipe_top:pipeline|touch_capture_top:touch_path|touch_frame_adapter:frame|frame[151][1]  ;
; touch_ml_scanpipe_top:pipeline|touch_capture_top:touch_path|touch_frame_adapter:frame|frame[150][1]     ; Merged with touch_ml_scanpipe_top:pipeline|touch_capture_top:touch_path|touch_frame_adapter:frame|frame[150][0]  ;
; touch_ml_scanpipe_top:pipeline|touch_capture_top:touch_path|touch_frame_adapter:frame|frame[150][3]     ; Merged with touch_ml_scanpipe_top:pipeline|touch_capture_top:touch_path|touch_frame_adapter:frame|frame[150][0]  ;
; touch_ml_scanpipe_top:pipeline|touch_capture_top:touch_path|touch_frame_adapter:frame|frame[150][2]     ; Merged with touch_ml_scanpipe_top:pipeline|touch_capture_top:touch_path|touch_frame_adapter:frame|frame[150][0]  ;
; touch_ml_scanpipe_top:pipeline|touch_capture_top:touch_path|touch_frame_adapter:frame|frame[149][1]     ; Merged with touch_ml_scanpipe_top:pipeline|touch_capture_top:touch_path|touch_frame_adapter:frame|frame[149][0]  ;
; touch_ml_scanpipe_top:pipeline|touch_capture_top:touch_path|touch_frame_adapter:frame|frame[149][2]     ; Merged with touch_ml_scanpipe_top:pipeline|touch_capture_top:touch_path|touch_frame_adapter:frame|frame[149][0]  ;
; touch_ml_scanpipe_top:pipeline|touch_capture_top:touch_path|touch_frame_adapter:frame|frame[149][3]     ; Merged with touch_ml_scanpipe_top:pipeline|touch_capture_top:touch_path|touch_frame_adapter:frame|frame[149][0]  ;
; touch_ml_scanpipe_top:pipeline|touch_capture_top:touch_path|touch_frame_adapter:frame|frame[148][1]     ; Merged with touch_ml_scanpipe_top:pipeline|touch_capture_top:touch_path|touch_frame_adapter:frame|frame[148][0]  ;
; touch_ml_scanpipe_top:pipeline|touch_capture_top:touch_path|touch_frame_adapter:frame|frame[148][2]     ; Merged with touch_ml_scanpipe_top:pipeline|touch_capture_top:touch_path|touch_frame_adapter:frame|frame[148][0]  ;
; touch_ml_scanpipe_top:pipeline|touch_capture_top:touch_path|touch_frame_adapter:frame|frame[148][3]     ; Merged with touch_ml_scanpipe_top:pipeline|touch_capture_top:touch_path|touch_frame_adapter:frame|frame[148][0]  ;
; touch_ml_scanpipe_top:pipeline|touch_capture_top:touch_path|touch_frame_adapter:frame|frame[147][1]     ; Merged with touch_ml_scanpipe_top:pipeline|touch_capture_top:touch_path|touch_frame_adapter:frame|frame[147][0]  ;
; touch_ml_scanpipe_top:pipeline|touch_capture_top:touch_path|touch_frame_adapter:frame|frame[147][2]     ; Merged with touch_ml_scanpipe_top:pipeline|touch_capture_top:touch_path|touch_frame_adapter:frame|frame[147][0]  ;
; touch_ml_scanpipe_top:pipeline|touch_capture_top:touch_path|touch_frame_adapter:frame|frame[147][3]     ; Merged with touch_ml_scanpipe_top:pipeline|touch_capture_top:touch_path|touch_frame_adapter:frame|frame[147][0]  ;
; touch_ml_scanpipe_top:pipeline|touch_capture_top:touch_path|touch_frame_adapter:frame|frame[146][1]     ; Merged with touch_ml_scanpipe_top:pipeline|touch_capture_top:touch_path|touch_frame_adapter:frame|frame[146][0]  ;
; touch_ml_scanpipe_top:pipeline|touch_capture_top:touch_path|touch_frame_adapter:frame|frame[146][2]     ; Merged with touch_ml_scanpipe_top:pipeline|touch_capture_top:touch_path|touch_frame_adapter:frame|frame[146][0]  ;
; touch_ml_scanpipe_top:pipeline|touch_capture_top:touch_path|touch_frame_adapter:frame|frame[146][3]     ; Merged with touch_ml_scanpipe_top:pipeline|touch_capture_top:touch_path|touch_frame_adapter:frame|frame[146][0]  ;
; touch_ml_scanpipe_top:pipeline|touch_capture_top:touch_path|touch_frame_adapter:frame|frame[145][1]     ; Merged with touch_ml_scanpipe_top:pipeline|touch_capture_top:touch_path|touch_frame_adapter:frame|frame[145][0]  ;
; touch_ml_scanpipe_top:pipeline|touch_capture_top:touch_path|touch_frame_adapter:frame|frame[145][2]     ; Merged with touch_ml_scanpipe_top:pipeline|touch_capture_top:touch_path|touch_frame_adapter:frame|frame[145][0]  ;
; touch_ml_scanpipe_top:pipeline|touch_capture_top:touch_path|touch_frame_adapter:frame|frame[145][3]     ; Merged with touch_ml_scanpipe_top:pipeline|touch_capture_top:touch_path|touch_frame_adapter:frame|frame[145][0]  ;
; touch_ml_scanpipe_top:pipeline|touch_capture_top:touch_path|touch_frame_adapter:frame|frame[144][1]     ; Merged with touch_ml_scanpipe_top:pipeline|touch_capture_top:touch_path|touch_frame_adapter:frame|frame[144][0]  ;
; touch_ml_scanpipe_top:pipeline|touch_capture_top:touch_path|touch_frame_adapter:frame|frame[144][2]     ; Merged with touch_ml_scanpipe_top:pipeline|touch_capture_top:touch_path|touch_frame_adapter:frame|frame[144][0]  ;
; touch_ml_scanpipe_top:pipeline|touch_capture_top:touch_path|touch_frame_adapter:frame|frame[144][3]     ; Merged with touch_ml_scanpipe_top:pipeline|touch_capture_top:touch_path|touch_frame_adapter:frame|frame[144][0]  ;
; touch_ml_scanpipe_top:pipeline|touch_capture_top:touch_path|touch_frame_adapter:frame|frame[143][1]     ; Merged with touch_ml_scanpipe_top:pipeline|touch_capture_top:touch_path|touch_frame_adapter:frame|frame[143][0]  ;
; touch_ml_scanpipe_top:pipeline|touch_capture_top:touch_path|touch_frame_adapter:frame|frame[143][2]     ; Merged with touch_ml_scanpipe_top:pipeline|touch_capture_top:touch_path|touch_frame_adapter:frame|frame[143][0]  ;
; touch_ml_scanpipe_top:pipeline|touch_capture_top:touch_path|touch_frame_adapter:frame|frame[143][3]     ; Merged with touch_ml_scanpipe_top:pipeline|touch_capture_top:touch_path|touch_frame_adapter:frame|frame[143][0]  ;
; touch_ml_scanpipe_top:pipeline|touch_capture_top:touch_path|touch_frame_adapter:frame|frame[142][2]     ; Merged with touch_ml_scanpipe_top:pipeline|touch_capture_top:touch_path|touch_frame_adapter:frame|frame[142][0]  ;
; touch_ml_scanpipe_top:pipeline|touch_capture_top:touch_path|touch_frame_adapter:frame|frame[141][2]     ; Merged with touch_ml_scanpipe_top:pipeline|touch_capture_top:touch_path|touch_frame_adapter:frame|frame[141][0]  ;
; touch_ml_scanpipe_top:pipeline|touch_capture_top:touch_path|touch_frame_adapter:frame|frame[140][2]     ; Merged with touch_ml_scanpipe_top:pipeline|touch_capture_top:touch_path|touch_frame_adapter:frame|frame[140][0]  ;
; touch_ml_scanpipe_top:pipeline|touch_capture_top:touch_path|touch_frame_adapter:frame|frame[139][2]     ; Merged with touch_ml_scanpipe_top:pipeline|touch_capture_top:touch_path|touch_frame_adapter:frame|frame[139][0]  ;
; touch_ml_scanpipe_top:pipeline|touch_capture_top:touch_path|touch_frame_adapter:frame|frame[138][2]     ; Merged with touch_ml_scanpipe_top:pipeline|touch_capture_top:touch_path|touch_frame_adapter:frame|frame[138][0]  ;
; touch_ml_scanpipe_top:pipeline|touch_capture_top:touch_path|touch_frame_adapter:frame|frame[137][2]     ; Merged with touch_ml_scanpipe_top:pipeline|touch_capture_top:touch_path|touch_frame_adapter:frame|frame[137][0]  ;
; touch_ml_scanpipe_top:pipeline|touch_capture_top:touch_path|touch_frame_adapter:frame|frame[136][2]     ; Merged with touch_ml_scanpipe_top:pipeline|touch_capture_top:touch_path|touch_frame_adapter:frame|frame[136][0]  ;
; touch_ml_scanpipe_top:pipeline|touch_capture_top:touch_path|touch_frame_adapter:frame|frame[135][2]     ; Merged with touch_ml_scanpipe_top:pipeline|touch_capture_top:touch_path|touch_frame_adapter:frame|frame[135][0]  ;
; touch_ml_scanpipe_top:pipeline|touch_capture_top:touch_path|touch_frame_adapter:frame|frame[134][2]     ; Merged with touch_ml_scanpipe_top:pipeline|touch_capture_top:touch_path|touch_frame_adapter:frame|frame[134][0]  ;
; touch_ml_scanpipe_top:pipeline|touch_capture_top:touch_path|touch_frame_adapter:frame|frame[133][2]     ; Merged with touch_ml_scanpipe_top:pipeline|touch_capture_top:touch_path|touch_frame_adapter:frame|frame[133][0]  ;
; touch_ml_scanpipe_top:pipeline|touch_capture_top:touch_path|touch_frame_adapter:frame|frame[132][2]     ; Merged with touch_ml_scanpipe_top:pipeline|touch_capture_top:touch_path|touch_frame_adapter:frame|frame[132][0]  ;
; touch_ml_scanpipe_top:pipeline|touch_capture_top:touch_path|touch_frame_adapter:frame|frame[131][2]     ; Merged with touch_ml_scanpipe_top:pipeline|touch_capture_top:touch_path|touch_frame_adapter:frame|frame[131][0]  ;
; touch_ml_scanpipe_top:pipeline|touch_capture_top:touch_path|touch_frame_adapter:frame|frame[130][2]     ; Merged with touch_ml_scanpipe_top:pipeline|touch_capture_top:touch_path|touch_frame_adapter:frame|frame[130][0]  ;
; touch_ml_scanpipe_top:pipeline|touch_capture_top:touch_path|touch_frame_adapter:frame|frame[129][2]     ; Merged with touch_ml_scanpipe_top:pipeline|touch_capture_top:touch_path|touch_frame_adapter:frame|frame[129][0]  ;
; touch_ml_scanpipe_top:pipeline|touch_capture_top:touch_path|touch_frame_adapter:frame|frame[128][2]     ; Merged with touch_ml_scanpipe_top:pipeline|touch_capture_top:touch_path|touch_frame_adapter:frame|frame[128][0]  ;
; touch_ml_scanpipe_top:pipeline|touch_capture_top:touch_path|touch_frame_adapter:frame|frame[127][2]     ; Merged with touch_ml_scanpipe_top:pipeline|touch_capture_top:touch_path|touch_frame_adapter:frame|frame[127][1]  ;
; touch_ml_scanpipe_top:pipeline|touch_capture_top:touch_path|touch_frame_adapter:frame|frame[126][2]     ; Merged with touch_ml_scanpipe_top:pipeline|touch_capture_top:touch_path|touch_frame_adapter:frame|frame[126][0]  ;
; touch_ml_scanpipe_top:pipeline|touch_capture_top:touch_path|touch_frame_adapter:frame|frame[125][2]     ; Merged with touch_ml_scanpipe_top:pipeline|touch_capture_top:touch_path|touch_frame_adapter:frame|frame[125][0]  ;
; touch_ml_scanpipe_top:pipeline|touch_capture_top:touch_path|touch_frame_adapter:frame|frame[124][2]     ; Merged with touch_ml_scanpipe_top:pipeline|touch_capture_top:touch_path|touch_frame_adapter:frame|frame[124][0]  ;
; touch_ml_scanpipe_top:pipeline|touch_capture_top:touch_path|touch_frame_adapter:frame|frame[123][2]     ; Merged with touch_ml_scanpipe_top:pipeline|touch_capture_top:touch_path|touch_frame_adapter:frame|frame[123][0]  ;
; touch_ml_scanpipe_top:pipeline|touch_capture_top:touch_path|touch_frame_adapter:frame|frame[122][2]     ; Merged with touch_ml_scanpipe_top:pipeline|touch_capture_top:touch_path|touch_frame_adapter:frame|frame[122][0]  ;
; touch_ml_scanpipe_top:pipeline|touch_capture_top:touch_path|touch_frame_adapter:frame|frame[121][2]     ; Merged with touch_ml_scanpipe_top:pipeline|touch_capture_top:touch_path|touch_frame_adapter:frame|frame[121][0]  ;
; touch_ml_scanpipe_top:pipeline|touch_capture_top:touch_path|touch_frame_adapter:frame|frame[120][2]     ; Merged with touch_ml_scanpipe_top:pipeline|touch_capture_top:touch_path|touch_frame_adapter:frame|frame[120][0]  ;
; touch_ml_scanpipe_top:pipeline|touch_capture_top:touch_path|touch_frame_adapter:frame|frame[119][2]     ; Merged with touch_ml_scanpipe_top:pipeline|touch_capture_top:touch_path|touch_frame_adapter:frame|frame[119][0]  ;
; touch_ml_scanpipe_top:pipeline|touch_capture_top:touch_path|touch_frame_adapter:frame|frame[118][2]     ; Merged with touch_ml_scanpipe_top:pipeline|touch_capture_top:touch_path|touch_frame_adapter:frame|frame[118][0]  ;
; touch_ml_scanpipe_top:pipeline|touch_capture_top:touch_path|touch_frame_adapter:frame|frame[117][2]     ; Merged with touch_ml_scanpipe_top:pipeline|touch_capture_top:touch_path|touch_frame_adapter:frame|frame[117][0]  ;
; touch_ml_scanpipe_top:pipeline|touch_capture_top:touch_path|touch_frame_adapter:frame|frame[116][2]     ; Merged with touch_ml_scanpipe_top:pipeline|touch_capture_top:touch_path|touch_frame_adapter:frame|frame[116][0]  ;
; touch_ml_scanpipe_top:pipeline|touch_capture_top:touch_path|touch_frame_adapter:frame|frame[115][2]     ; Merged with touch_ml_scanpipe_top:pipeline|touch_capture_top:touch_path|touch_frame_adapter:frame|frame[115][0]  ;
; touch_ml_scanpipe_top:pipeline|touch_capture_top:touch_path|touch_frame_adapter:frame|frame[114][2]     ; Merged with touch_ml_scanpipe_top:pipeline|touch_capture_top:touch_path|touch_frame_adapter:frame|frame[114][0]  ;
; touch_ml_scanpipe_top:pipeline|touch_capture_top:touch_path|touch_frame_adapter:frame|frame[113][2]     ; Merged with touch_ml_scanpipe_top:pipeline|touch_capture_top:touch_path|touch_frame_adapter:frame|frame[113][0]  ;
; touch_ml_scanpipe_top:pipeline|touch_capture_top:touch_path|touch_frame_adapter:frame|frame[112][2]     ; Merged with touch_ml_scanpipe_top:pipeline|touch_capture_top:touch_path|touch_frame_adapter:frame|frame[112][0]  ;
; touch_ml_scanpipe_top:pipeline|touch_capture_top:touch_path|touch_frame_adapter:frame|frame[111][2]     ; Merged with touch_ml_scanpipe_top:pipeline|touch_capture_top:touch_path|touch_frame_adapter:frame|frame[111][1]  ;
; touch_ml_scanpipe_top:pipeline|touch_capture_top:touch_path|touch_frame_adapter:frame|frame[110][2]     ; Merged with touch_ml_scanpipe_top:pipeline|touch_capture_top:touch_path|touch_frame_adapter:frame|frame[110][0]  ;
; touch_ml_scanpipe_top:pipeline|touch_capture_top:touch_path|touch_frame_adapter:frame|frame[109][2]     ; Merged with touch_ml_scanpipe_top:pipeline|touch_capture_top:touch_path|touch_frame_adapter:frame|frame[109][0]  ;
; touch_ml_scanpipe_top:pipeline|touch_capture_top:touch_path|touch_frame_adapter:frame|frame[108][2]     ; Merged with touch_ml_scanpipe_top:pipeline|touch_capture_top:touch_path|touch_frame_adapter:frame|frame[108][0]  ;
; touch_ml_scanpipe_top:pipeline|touch_capture_top:touch_path|touch_frame_adapter:frame|frame[107][2]     ; Merged with touch_ml_scanpipe_top:pipeline|touch_capture_top:touch_path|touch_frame_adapter:frame|frame[107][0]  ;
; touch_ml_scanpipe_top:pipeline|touch_capture_top:touch_path|touch_frame_adapter:frame|frame[106][2]     ; Merged with touch_ml_scanpipe_top:pipeline|touch_capture_top:touch_path|touch_frame_adapter:frame|frame[106][0]  ;
; touch_ml_scanpipe_top:pipeline|touch_capture_top:touch_path|touch_frame_adapter:frame|frame[105][2]     ; Merged with touch_ml_scanpipe_top:pipeline|touch_capture_top:touch_path|touch_frame_adapter:frame|frame[105][0]  ;
; touch_ml_scanpipe_top:pipeline|touch_capture_top:touch_path|touch_frame_adapter:frame|frame[104][2]     ; Merged with touch_ml_scanpipe_top:pipeline|touch_capture_top:touch_path|touch_frame_adapter:frame|frame[104][0]  ;
; touch_ml_scanpipe_top:pipeline|touch_capture_top:touch_path|touch_frame_adapter:frame|frame[103][3]     ; Merged with touch_ml_scanpipe_top:pipeline|touch_capture_top:touch_path|touch_frame_adapter:frame|frame[103][2]  ;
; touch_ml_scanpipe_top:pipeline|touch_capture_top:touch_path|touch_frame_adapter:frame|frame[102][2]     ; Merged with touch_ml_scanpipe_top:pipeline|touch_capture_top:touch_path|touch_frame_adapter:frame|frame[102][0]  ;
; touch_ml_scanpipe_top:pipeline|touch_capture_top:touch_path|touch_frame_adapter:frame|frame[102][3]     ; Merged with touch_ml_scanpipe_top:pipeline|touch_capture_top:touch_path|touch_frame_adapter:frame|frame[102][1]  ;
; touch_ml_scanpipe_top:pipeline|touch_capture_top:touch_path|touch_frame_adapter:frame|frame[101][2]     ; Merged with touch_ml_scanpipe_top:pipeline|touch_capture_top:touch_path|touch_frame_adapter:frame|frame[101][0]  ;
; touch_ml_scanpipe_top:pipeline|touch_capture_top:touch_path|touch_frame_adapter:frame|frame[101][3]     ; Merged with touch_ml_scanpipe_top:pipeline|touch_capture_top:touch_path|touch_frame_adapter:frame|frame[101][1]  ;
; touch_ml_scanpipe_top:pipeline|touch_capture_top:touch_path|touch_frame_adapter:frame|frame[100][2]     ; Merged with touch_ml_scanpipe_top:pipeline|touch_capture_top:touch_path|touch_frame_adapter:frame|frame[100][0]  ;
; touch_ml_scanpipe_top:pipeline|touch_capture_top:touch_path|touch_frame_adapter:frame|frame[100][3]     ; Merged with touch_ml_scanpipe_top:pipeline|touch_capture_top:touch_path|touch_frame_adapter:frame|frame[100][1]  ;
; touch_ml_scanpipe_top:pipeline|touch_capture_top:touch_path|touch_frame_adapter:frame|frame[99][2]      ; Merged with touch_ml_scanpipe_top:pipeline|touch_capture_top:touch_path|touch_frame_adapter:frame|frame[99][1]   ;
; touch_ml_scanpipe_top:pipeline|touch_capture_top:touch_path|touch_frame_adapter:frame|frame[99][3]      ; Merged with touch_ml_scanpipe_top:pipeline|touch_capture_top:touch_path|touch_frame_adapter:frame|frame[99][1]   ;
; touch_ml_scanpipe_top:pipeline|touch_capture_top:touch_path|touch_frame_adapter:frame|frame[98][2]      ; Merged with touch_ml_scanpipe_top:pipeline|touch_capture_top:touch_path|touch_frame_adapter:frame|frame[98][0]   ;
; touch_ml_scanpipe_top:pipeline|touch_capture_top:touch_path|touch_frame_adapter:frame|frame[98][3]      ; Merged with touch_ml_scanpipe_top:pipeline|touch_capture_top:touch_path|touch_frame_adapter:frame|frame[98][1]   ;
; touch_ml_scanpipe_top:pipeline|touch_capture_top:touch_path|touch_frame_adapter:frame|frame[97][2]      ; Merged with touch_ml_scanpipe_top:pipeline|touch_capture_top:touch_path|touch_frame_adapter:frame|frame[97][0]   ;
; touch_ml_scanpipe_top:pipeline|touch_capture_top:touch_path|touch_frame_adapter:frame|frame[97][3]      ; Merged with touch_ml_scanpipe_top:pipeline|touch_capture_top:touch_path|touch_frame_adapter:frame|frame[97][1]   ;
; touch_ml_scanpipe_top:pipeline|touch_capture_top:touch_path|touch_frame_adapter:frame|frame[96][2]      ; Merged with touch_ml_scanpipe_top:pipeline|touch_capture_top:touch_path|touch_frame_adapter:frame|frame[96][0]   ;
; touch_ml_scanpipe_top:pipeline|touch_capture_top:touch_path|touch_frame_adapter:frame|frame[96][3]      ; Merged with touch_ml_scanpipe_top:pipeline|touch_capture_top:touch_path|touch_frame_adapter:frame|frame[96][1]   ;
; touch_ml_scanpipe_top:pipeline|touch_capture_top:touch_path|touch_frame_adapter:frame|frame[95][2]      ; Merged with touch_ml_scanpipe_top:pipeline|touch_capture_top:touch_path|touch_frame_adapter:frame|frame[95][1]   ;
; touch_ml_scanpipe_top:pipeline|touch_capture_top:touch_path|touch_frame_adapter:frame|frame[95][3]      ; Merged with touch_ml_scanpipe_top:pipeline|touch_capture_top:touch_path|touch_frame_adapter:frame|frame[95][1]   ;
; touch_ml_scanpipe_top:pipeline|touch_capture_top:touch_path|touch_frame_adapter:frame|frame[94][1]      ; Merged with touch_ml_scanpipe_top:pipeline|touch_capture_top:touch_path|touch_frame_adapter:frame|frame[94][0]   ;
; touch_ml_scanpipe_top:pipeline|touch_capture_top:touch_path|touch_frame_adapter:frame|frame[94][3]      ; Merged with touch_ml_scanpipe_top:pipeline|touch_capture_top:touch_path|touch_frame_adapter:frame|frame[94][0]   ;
; touch_ml_scanpipe_top:pipeline|touch_capture_top:touch_path|touch_frame_adapter:frame|frame[94][2]      ; Merged with touch_ml_scanpipe_top:pipeline|touch_capture_top:touch_path|touch_frame_adapter:frame|frame[94][0]   ;
; touch_ml_scanpipe_top:pipeline|touch_capture_top:touch_path|touch_frame_adapter:frame|frame[93][1]      ; Merged with touch_ml_scanpipe_top:pipeline|touch_capture_top:touch_path|touch_frame_adapter:frame|frame[93][0]   ;
; touch_ml_scanpipe_top:pipeline|touch_capture_top:touch_path|touch_frame_adapter:frame|frame[93][3]      ; Merged with touch_ml_scanpipe_top:pipeline|touch_capture_top:touch_path|touch_frame_adapter:frame|frame[93][0]   ;
; touch_ml_scanpipe_top:pipeline|touch_capture_top:touch_path|touch_frame_adapter:frame|frame[93][2]      ; Merged with touch_ml_scanpipe_top:pipeline|touch_capture_top:touch_path|touch_frame_adapter:frame|frame[93][0]   ;
; touch_ml_scanpipe_top:pipeline|touch_capture_top:touch_path|touch_frame_adapter:frame|frame[92][1]      ; Merged with touch_ml_scanpipe_top:pipeline|touch_capture_top:touch_path|touch_frame_adapter:frame|frame[92][0]   ;
; touch_ml_scanpipe_top:pipeline|touch_capture_top:touch_path|touch_frame_adapter:frame|frame[92][2]      ; Merged with touch_ml_scanpipe_top:pipeline|touch_capture_top:touch_path|touch_frame_adapter:frame|frame[92][0]   ;
; touch_ml_scanpipe_top:pipeline|touch_capture_top:touch_path|touch_frame_adapter:frame|frame[92][3]      ; Merged with touch_ml_scanpipe_top:pipeline|touch_capture_top:touch_path|touch_frame_adapter:frame|frame[92][0]   ;
; touch_ml_scanpipe_top:pipeline|touch_capture_top:touch_path|touch_frame_adapter:frame|frame[91][1]      ; Merged with touch_ml_scanpipe_top:pipeline|touch_capture_top:touch_path|touch_frame_adapter:frame|frame[91][0]   ;
; touch_ml_scanpipe_top:pipeline|touch_capture_top:touch_path|touch_frame_adapter:frame|frame[91][2]      ; Merged with touch_ml_scanpipe_top:pipeline|touch_capture_top:touch_path|touch_frame_adapter:frame|frame[91][0]   ;
; touch_ml_scanpipe_top:pipeline|touch_capture_top:touch_path|touch_frame_adapter:frame|frame[91][3]      ; Merged with touch_ml_scanpipe_top:pipeline|touch_capture_top:touch_path|touch_frame_adapter:frame|frame[91][0]   ;
; touch_ml_scanpipe_top:pipeline|touch_capture_top:touch_path|touch_frame_adapter:frame|frame[90][1]      ; Merged with touch_ml_scanpipe_top:pipeline|touch_capture_top:touch_path|touch_frame_adapter:frame|frame[90][0]   ;
; touch_ml_scanpipe_top:pipeline|touch_capture_top:touch_path|touch_frame_adapter:frame|frame[90][2]      ; Merged with touch_ml_scanpipe_top:pipeline|touch_capture_top:touch_path|touch_frame_adapter:frame|frame[90][0]   ;
; touch_ml_scanpipe_top:pipeline|touch_capture_top:touch_path|touch_frame_adapter:frame|frame[90][3]      ; Merged with touch_ml_scanpipe_top:pipeline|touch_capture_top:touch_path|touch_frame_adapter:frame|frame[90][0]   ;
; touch_ml_scanpipe_top:pipeline|touch_capture_top:touch_path|touch_frame_adapter:frame|frame[89][1]      ; Merged with touch_ml_scanpipe_top:pipeline|touch_capture_top:touch_path|touch_frame_adapter:frame|frame[89][0]   ;
; touch_ml_scanpipe_top:pipeline|touch_capture_top:touch_path|touch_frame_adapter:frame|frame[89][2]      ; Merged with touch_ml_scanpipe_top:pipeline|touch_capture_top:touch_path|touch_frame_adapter:frame|frame[89][0]   ;
; touch_ml_scanpipe_top:pipeline|touch_capture_top:touch_path|touch_frame_adapter:frame|frame[89][3]      ; Merged with touch_ml_scanpipe_top:pipeline|touch_capture_top:touch_path|touch_frame_adapter:frame|frame[89][0]   ;
; touch_ml_scanpipe_top:pipeline|touch_capture_top:touch_path|touch_frame_adapter:frame|frame[88][1]      ; Merged with touch_ml_scanpipe_top:pipeline|touch_capture_top:touch_path|touch_frame_adapter:frame|frame[88][0]   ;
; touch_ml_scanpipe_top:pipeline|touch_capture_top:touch_path|touch_frame_adapter:frame|frame[88][2]      ; Merged with touch_ml_scanpipe_top:pipeline|touch_capture_top:touch_path|touch_frame_adapter:frame|frame[88][0]   ;
; touch_ml_scanpipe_top:pipeline|touch_capture_top:touch_path|touch_frame_adapter:frame|frame[88][3]      ; Merged with touch_ml_scanpipe_top:pipeline|touch_capture_top:touch_path|touch_frame_adapter:frame|frame[88][0]   ;
; touch_ml_scanpipe_top:pipeline|touch_capture_top:touch_path|touch_frame_adapter:frame|frame[87][1]      ; Merged with touch_ml_scanpipe_top:pipeline|touch_capture_top:touch_path|touch_frame_adapter:frame|frame[87][0]   ;
; touch_ml_scanpipe_top:pipeline|touch_capture_top:touch_path|touch_frame_adapter:frame|frame[87][2]      ; Merged with touch_ml_scanpipe_top:pipeline|touch_capture_top:touch_path|touch_frame_adapter:frame|frame[87][0]   ;
; touch_ml_scanpipe_top:pipeline|touch_capture_top:touch_path|touch_frame_adapter:frame|frame[87][3]      ; Merged with touch_ml_scanpipe_top:pipeline|touch_capture_top:touch_path|touch_frame_adapter:frame|frame[87][0]   ;
; touch_ml_scanpipe_top:pipeline|touch_capture_top:touch_path|touch_frame_adapter:frame|frame[86][1]      ; Merged with touch_ml_scanpipe_top:pipeline|touch_capture_top:touch_path|touch_frame_adapter:frame|frame[86][0]   ;
; touch_ml_scanpipe_top:pipeline|touch_capture_top:touch_path|touch_frame_adapter:frame|frame[86][2]      ; Merged with touch_ml_scanpipe_top:pipeline|touch_capture_top:touch_path|touch_frame_adapter:frame|frame[86][0]   ;
; touch_ml_scanpipe_top:pipeline|touch_capture_top:touch_path|touch_frame_adapter:frame|frame[86][3]      ; Merged with touch_ml_scanpipe_top:pipeline|touch_capture_top:touch_path|touch_frame_adapter:frame|frame[86][0]   ;
; touch_ml_scanpipe_top:pipeline|touch_capture_top:touch_path|touch_frame_adapter:frame|frame[85][1]      ; Merged with touch_ml_scanpipe_top:pipeline|touch_capture_top:touch_path|touch_frame_adapter:frame|frame[85][0]   ;
; touch_ml_scanpipe_top:pipeline|touch_capture_top:touch_path|touch_frame_adapter:frame|frame[85][2]      ; Merged with touch_ml_scanpipe_top:pipeline|touch_capture_top:touch_path|touch_frame_adapter:frame|frame[85][0]   ;
; touch_ml_scanpipe_top:pipeline|touch_capture_top:touch_path|touch_frame_adapter:frame|frame[85][3]      ; Merged with touch_ml_scanpipe_top:pipeline|touch_capture_top:touch_path|touch_frame_adapter:frame|frame[85][0]   ;
; touch_ml_scanpipe_top:pipeline|touch_capture_top:touch_path|touch_frame_adapter:frame|frame[84][1]      ; Merged with touch_ml_scanpipe_top:pipeline|touch_capture_top:touch_path|touch_frame_adapter:frame|frame[84][0]   ;
; touch_ml_scanpipe_top:pipeline|touch_capture_top:touch_path|touch_frame_adapter:frame|frame[84][2]      ; Merged with touch_ml_scanpipe_top:pipeline|touch_capture_top:touch_path|touch_frame_adapter:frame|frame[84][0]   ;
; touch_ml_scanpipe_top:pipeline|touch_capture_top:touch_path|touch_frame_adapter:frame|frame[84][3]      ; Merged with touch_ml_scanpipe_top:pipeline|touch_capture_top:touch_path|touch_frame_adapter:frame|frame[84][0]   ;
; touch_ml_scanpipe_top:pipeline|touch_capture_top:touch_path|touch_frame_adapter:frame|frame[83][1]      ; Merged with touch_ml_scanpipe_top:pipeline|touch_capture_top:touch_path|touch_frame_adapter:frame|frame[83][0]   ;
; touch_ml_scanpipe_top:pipeline|touch_capture_top:touch_path|touch_frame_adapter:frame|frame[83][2]      ; Merged with touch_ml_scanpipe_top:pipeline|touch_capture_top:touch_path|touch_frame_adapter:frame|frame[83][0]   ;
; touch_ml_scanpipe_top:pipeline|touch_capture_top:touch_path|touch_frame_adapter:frame|frame[83][3]      ; Merged with touch_ml_scanpipe_top:pipeline|touch_capture_top:touch_path|touch_frame_adapter:frame|frame[83][0]   ;
; touch_ml_scanpipe_top:pipeline|touch_capture_top:touch_path|touch_frame_adapter:frame|frame[82][1]      ; Merged with touch_ml_scanpipe_top:pipeline|touch_capture_top:touch_path|touch_frame_adapter:frame|frame[82][0]   ;
; touch_ml_scanpipe_top:pipeline|touch_capture_top:touch_path|touch_frame_adapter:frame|frame[82][2]      ; Merged with touch_ml_scanpipe_top:pipeline|touch_capture_top:touch_path|touch_frame_adapter:frame|frame[82][0]   ;
; touch_ml_scanpipe_top:pipeline|touch_capture_top:touch_path|touch_frame_adapter:frame|frame[82][3]      ; Merged with touch_ml_scanpipe_top:pipeline|touch_capture_top:touch_path|touch_frame_adapter:frame|frame[82][0]   ;
; touch_ml_scanpipe_top:pipeline|touch_capture_top:touch_path|touch_frame_adapter:frame|frame[81][1]      ; Merged with touch_ml_scanpipe_top:pipeline|touch_capture_top:touch_path|touch_frame_adapter:frame|frame[81][0]   ;
; touch_ml_scanpipe_top:pipeline|touch_capture_top:touch_path|touch_frame_adapter:frame|frame[81][2]      ; Merged with touch_ml_scanpipe_top:pipeline|touch_capture_top:touch_path|touch_frame_adapter:frame|frame[81][0]   ;
; touch_ml_scanpipe_top:pipeline|touch_capture_top:touch_path|touch_frame_adapter:frame|frame[81][3]      ; Merged with touch_ml_scanpipe_top:pipeline|touch_capture_top:touch_path|touch_frame_adapter:frame|frame[81][0]   ;
; touch_ml_scanpipe_top:pipeline|touch_capture_top:touch_path|touch_frame_adapter:frame|frame[80][1]      ; Merged with touch_ml_scanpipe_top:pipeline|touch_capture_top:touch_path|touch_frame_adapter:frame|frame[80][0]   ;
; touch_ml_scanpipe_top:pipeline|touch_capture_top:touch_path|touch_frame_adapter:frame|frame[80][2]      ; Merged with touch_ml_scanpipe_top:pipeline|touch_capture_top:touch_path|touch_frame_adapter:frame|frame[80][0]   ;
; touch_ml_scanpipe_top:pipeline|touch_capture_top:touch_path|touch_frame_adapter:frame|frame[80][3]      ; Merged with touch_ml_scanpipe_top:pipeline|touch_capture_top:touch_path|touch_frame_adapter:frame|frame[80][0]   ;
; touch_ml_scanpipe_top:pipeline|touch_capture_top:touch_path|touch_frame_adapter:frame|frame[79][1]      ; Merged with touch_ml_scanpipe_top:pipeline|touch_capture_top:touch_path|touch_frame_adapter:frame|frame[79][0]   ;
; touch_ml_scanpipe_top:pipeline|touch_capture_top:touch_path|touch_frame_adapter:frame|frame[79][2]      ; Merged with touch_ml_scanpipe_top:pipeline|touch_capture_top:touch_path|touch_frame_adapter:frame|frame[79][0]   ;
; touch_ml_scanpipe_top:pipeline|touch_capture_top:touch_path|touch_frame_adapter:frame|frame[79][3]      ; Merged with touch_ml_scanpipe_top:pipeline|touch_capture_top:touch_path|touch_frame_adapter:frame|frame[79][0]   ;
; touch_ml_scanpipe_top:pipeline|touch_capture_top:touch_path|touch_frame_adapter:frame|frame[78][2]      ; Merged with touch_ml_scanpipe_top:pipeline|touch_capture_top:touch_path|touch_frame_adapter:frame|frame[78][0]   ;
; touch_ml_scanpipe_top:pipeline|touch_capture_top:touch_path|touch_frame_adapter:frame|frame[77][2]      ; Merged with touch_ml_scanpipe_top:pipeline|touch_capture_top:touch_path|touch_frame_adapter:frame|frame[77][0]   ;
; touch_ml_scanpipe_top:pipeline|touch_capture_top:touch_path|touch_frame_adapter:frame|frame[76][2]      ; Merged with touch_ml_scanpipe_top:pipeline|touch_capture_top:touch_path|touch_frame_adapter:frame|frame[76][0]   ;
; touch_ml_scanpipe_top:pipeline|touch_capture_top:touch_path|touch_frame_adapter:frame|frame[75][2]      ; Merged with touch_ml_scanpipe_top:pipeline|touch_capture_top:touch_path|touch_frame_adapter:frame|frame[75][0]   ;
; touch_ml_scanpipe_top:pipeline|touch_capture_top:touch_path|touch_frame_adapter:frame|frame[74][2]      ; Merged with touch_ml_scanpipe_top:pipeline|touch_capture_top:touch_path|touch_frame_adapter:frame|frame[74][0]   ;
; touch_ml_scanpipe_top:pipeline|touch_capture_top:touch_path|touch_frame_adapter:frame|frame[73][2]      ; Merged with touch_ml_scanpipe_top:pipeline|touch_capture_top:touch_path|touch_frame_adapter:frame|frame[73][0]   ;
; touch_ml_scanpipe_top:pipeline|touch_capture_top:touch_path|touch_frame_adapter:frame|frame[72][2]      ; Merged with touch_ml_scanpipe_top:pipeline|touch_capture_top:touch_path|touch_frame_adapter:frame|frame[72][0]   ;
; touch_ml_scanpipe_top:pipeline|touch_capture_top:touch_path|touch_frame_adapter:frame|frame[71][2]      ; Merged with touch_ml_scanpipe_top:pipeline|touch_capture_top:touch_path|touch_frame_adapter:frame|frame[71][1]   ;
; touch_ml_scanpipe_top:pipeline|touch_capture_top:touch_path|touch_frame_adapter:frame|frame[70][2]      ; Merged with touch_ml_scanpipe_top:pipeline|touch_capture_top:touch_path|touch_frame_adapter:frame|frame[70][0]   ;
; touch_ml_scanpipe_top:pipeline|touch_capture_top:touch_path|touch_frame_adapter:frame|frame[69][2]      ; Merged with touch_ml_scanpipe_top:pipeline|touch_capture_top:touch_path|touch_frame_adapter:frame|frame[69][0]   ;
; touch_ml_scanpipe_top:pipeline|touch_capture_top:touch_path|touch_frame_adapter:frame|frame[68][2]      ; Merged with touch_ml_scanpipe_top:pipeline|touch_capture_top:touch_path|touch_frame_adapter:frame|frame[68][0]   ;
; touch_ml_scanpipe_top:pipeline|touch_capture_top:touch_path|touch_frame_adapter:frame|frame[67][2]      ; Merged with touch_ml_scanpipe_top:pipeline|touch_capture_top:touch_path|touch_frame_adapter:frame|frame[67][0]   ;
; touch_ml_scanpipe_top:pipeline|touch_capture_top:touch_path|touch_frame_adapter:frame|frame[66][2]      ; Merged with touch_ml_scanpipe_top:pipeline|touch_capture_top:touch_path|touch_frame_adapter:frame|frame[66][0]   ;
; touch_ml_scanpipe_top:pipeline|touch_capture_top:touch_path|touch_frame_adapter:frame|frame[65][2]      ; Merged with touch_ml_scanpipe_top:pipeline|touch_capture_top:touch_path|touch_frame_adapter:frame|frame[65][0]   ;
; touch_ml_scanpipe_top:pipeline|touch_capture_top:touch_path|touch_frame_adapter:frame|frame[64][2]      ; Merged with touch_ml_scanpipe_top:pipeline|touch_capture_top:touch_path|touch_frame_adapter:frame|frame[64][0]   ;
; touch_ml_scanpipe_top:pipeline|touch_capture_top:touch_path|touch_frame_adapter:frame|frame[63][3]      ; Merged with touch_ml_scanpipe_top:pipeline|touch_capture_top:touch_path|touch_frame_adapter:frame|frame[63][2]   ;
; touch_ml_scanpipe_top:pipeline|touch_capture_top:touch_path|touch_frame_adapter:frame|frame[62][2]      ; Merged with touch_ml_scanpipe_top:pipeline|touch_capture_top:touch_path|touch_frame_adapter:frame|frame[62][0]   ;
; touch_ml_scanpipe_top:pipeline|touch_capture_top:touch_path|touch_frame_adapter:frame|frame[61][2]      ; Merged with touch_ml_scanpipe_top:pipeline|touch_capture_top:touch_path|touch_frame_adapter:frame|frame[61][0]   ;
; touch_ml_scanpipe_top:pipeline|touch_capture_top:touch_path|touch_frame_adapter:frame|frame[60][2]      ; Merged with touch_ml_scanpipe_top:pipeline|touch_capture_top:touch_path|touch_frame_adapter:frame|frame[60][0]   ;
; touch_ml_scanpipe_top:pipeline|touch_capture_top:touch_path|touch_frame_adapter:frame|frame[59][2]      ; Merged with touch_ml_scanpipe_top:pipeline|touch_capture_top:touch_path|touch_frame_adapter:frame|frame[59][0]   ;
; touch_ml_scanpipe_top:pipeline|touch_capture_top:touch_path|touch_frame_adapter:frame|frame[58][2]      ; Merged with touch_ml_scanpipe_top:pipeline|touch_capture_top:touch_path|touch_frame_adapter:frame|frame[58][0]   ;
; touch_ml_scanpipe_top:pipeline|touch_capture_top:touch_path|touch_frame_adapter:frame|frame[57][2]      ; Merged with touch_ml_scanpipe_top:pipeline|touch_capture_top:touch_path|touch_frame_adapter:frame|frame[57][0]   ;
; touch_ml_scanpipe_top:pipeline|touch_capture_top:touch_path|touch_frame_adapter:frame|frame[56][2]      ; Merged with touch_ml_scanpipe_top:pipeline|touch_capture_top:touch_path|touch_frame_adapter:frame|frame[56][0]   ;
; touch_ml_scanpipe_top:pipeline|touch_capture_top:touch_path|touch_frame_adapter:frame|frame[55][2]      ; Merged with touch_ml_scanpipe_top:pipeline|touch_capture_top:touch_path|touch_frame_adapter:frame|frame[55][1]   ;
; touch_ml_scanpipe_top:pipeline|touch_capture_top:touch_path|touch_frame_adapter:frame|frame[54][2]      ; Merged with touch_ml_scanpipe_top:pipeline|touch_capture_top:touch_path|touch_frame_adapter:frame|frame[54][0]   ;
; touch_ml_scanpipe_top:pipeline|touch_capture_top:touch_path|touch_frame_adapter:frame|frame[53][2]      ; Merged with touch_ml_scanpipe_top:pipeline|touch_capture_top:touch_path|touch_frame_adapter:frame|frame[53][0]   ;
; touch_ml_scanpipe_top:pipeline|touch_capture_top:touch_path|touch_frame_adapter:frame|frame[52][2]      ; Merged with touch_ml_scanpipe_top:pipeline|touch_capture_top:touch_path|touch_frame_adapter:frame|frame[52][0]   ;
; touch_ml_scanpipe_top:pipeline|touch_capture_top:touch_path|touch_frame_adapter:frame|frame[51][2]      ; Merged with touch_ml_scanpipe_top:pipeline|touch_capture_top:touch_path|touch_frame_adapter:frame|frame[51][0]   ;
; touch_ml_scanpipe_top:pipeline|touch_capture_top:touch_path|touch_frame_adapter:frame|frame[50][2]      ; Merged with touch_ml_scanpipe_top:pipeline|touch_capture_top:touch_path|touch_frame_adapter:frame|frame[50][0]   ;
; touch_ml_scanpipe_top:pipeline|touch_capture_top:touch_path|touch_frame_adapter:frame|frame[49][2]      ; Merged with touch_ml_scanpipe_top:pipeline|touch_capture_top:touch_path|touch_frame_adapter:frame|frame[49][0]   ;
; touch_ml_scanpipe_top:pipeline|touch_capture_top:touch_path|touch_frame_adapter:frame|frame[48][2]      ; Merged with touch_ml_scanpipe_top:pipeline|touch_capture_top:touch_path|touch_frame_adapter:frame|frame[48][0]   ;
; touch_ml_scanpipe_top:pipeline|touch_capture_top:touch_path|touch_frame_adapter:frame|frame[47][2]      ; Merged with touch_ml_scanpipe_top:pipeline|touch_capture_top:touch_path|touch_frame_adapter:frame|frame[47][1]   ;
; touch_ml_scanpipe_top:pipeline|touch_capture_top:touch_path|touch_frame_adapter:frame|frame[47][3]      ; Merged with touch_ml_scanpipe_top:pipeline|touch_capture_top:touch_path|touch_frame_adapter:frame|frame[47][1]   ;
; touch_ml_scanpipe_top:pipeline|touch_capture_top:touch_path|touch_frame_adapter:frame|frame[46][2]      ; Merged with touch_ml_scanpipe_top:pipeline|touch_capture_top:touch_path|touch_frame_adapter:frame|frame[46][0]   ;
; touch_ml_scanpipe_top:pipeline|touch_capture_top:touch_path|touch_frame_adapter:frame|frame[45][2]      ; Merged with touch_ml_scanpipe_top:pipeline|touch_capture_top:touch_path|touch_frame_adapter:frame|frame[45][0]   ;
; touch_ml_scanpipe_top:pipeline|touch_capture_top:touch_path|touch_frame_adapter:frame|frame[44][2]      ; Merged with touch_ml_scanpipe_top:pipeline|touch_capture_top:touch_path|touch_frame_adapter:frame|frame[44][0]   ;
; touch_ml_scanpipe_top:pipeline|touch_capture_top:touch_path|touch_frame_adapter:frame|frame[43][2]      ; Merged with touch_ml_scanpipe_top:pipeline|touch_capture_top:touch_path|touch_frame_adapter:frame|frame[43][0]   ;
; touch_ml_scanpipe_top:pipeline|touch_capture_top:touch_path|touch_frame_adapter:frame|frame[42][2]      ; Merged with touch_ml_scanpipe_top:pipeline|touch_capture_top:touch_path|touch_frame_adapter:frame|frame[42][0]   ;
; touch_ml_scanpipe_top:pipeline|touch_capture_top:touch_path|touch_frame_adapter:frame|frame[41][2]      ; Merged with touch_ml_scanpipe_top:pipeline|touch_capture_top:touch_path|touch_frame_adapter:frame|frame[41][0]   ;
; touch_ml_scanpipe_top:pipeline|touch_capture_top:touch_path|touch_frame_adapter:frame|frame[40][2]      ; Merged with touch_ml_scanpipe_top:pipeline|touch_capture_top:touch_path|touch_frame_adapter:frame|frame[40][0]   ;
; touch_ml_scanpipe_top:pipeline|touch_capture_top:touch_path|touch_frame_adapter:frame|frame[39][2]      ; Merged with touch_ml_scanpipe_top:pipeline|touch_capture_top:touch_path|touch_frame_adapter:frame|frame[39][1]   ;
; touch_ml_scanpipe_top:pipeline|touch_capture_top:touch_path|touch_frame_adapter:frame|frame[38][2]      ; Merged with touch_ml_scanpipe_top:pipeline|touch_capture_top:touch_path|touch_frame_adapter:frame|frame[38][0]   ;
; touch_ml_scanpipe_top:pipeline|touch_capture_top:touch_path|touch_frame_adapter:frame|frame[37][2]      ; Merged with touch_ml_scanpipe_top:pipeline|touch_capture_top:touch_path|touch_frame_adapter:frame|frame[37][0]   ;
; touch_ml_scanpipe_top:pipeline|touch_capture_top:touch_path|touch_frame_adapter:frame|frame[36][2]      ; Merged with touch_ml_scanpipe_top:pipeline|touch_capture_top:touch_path|touch_frame_adapter:frame|frame[36][0]   ;
; touch_ml_scanpipe_top:pipeline|touch_capture_top:touch_path|touch_frame_adapter:frame|frame[35][2]      ; Merged with touch_ml_scanpipe_top:pipeline|touch_capture_top:touch_path|touch_frame_adapter:frame|frame[35][0]   ;
; touch_ml_scanpipe_top:pipeline|touch_capture_top:touch_path|touch_frame_adapter:frame|frame[34][2]      ; Merged with touch_ml_scanpipe_top:pipeline|touch_capture_top:touch_path|touch_frame_adapter:frame|frame[34][0]   ;
; touch_ml_scanpipe_top:pipeline|touch_capture_top:touch_path|touch_frame_adapter:frame|frame[33][2]      ; Merged with touch_ml_scanpipe_top:pipeline|touch_capture_top:touch_path|touch_frame_adapter:frame|frame[33][0]   ;
; touch_ml_scanpipe_top:pipeline|touch_capture_top:touch_path|touch_frame_adapter:frame|frame[32][2]      ; Merged with touch_ml_scanpipe_top:pipeline|touch_capture_top:touch_path|touch_frame_adapter:frame|frame[32][0]   ;
; touch_ml_scanpipe_top:pipeline|touch_capture_top:touch_path|touch_frame_adapter:frame|frame[31][3]      ; Merged with touch_ml_scanpipe_top:pipeline|touch_capture_top:touch_path|touch_frame_adapter:frame|frame[31][2]   ;
; touch_ml_scanpipe_top:pipeline|touch_capture_top:touch_path|touch_frame_adapter:frame|frame[30][2]      ; Merged with touch_ml_scanpipe_top:pipeline|touch_capture_top:touch_path|touch_frame_adapter:frame|frame[30][0]   ;
; touch_ml_scanpipe_top:pipeline|touch_capture_top:touch_path|touch_frame_adapter:frame|frame[29][2]      ; Merged with touch_ml_scanpipe_top:pipeline|touch_capture_top:touch_path|touch_frame_adapter:frame|frame[29][0]   ;
; touch_ml_scanpipe_top:pipeline|touch_capture_top:touch_path|touch_frame_adapter:frame|frame[28][2]      ; Merged with touch_ml_scanpipe_top:pipeline|touch_capture_top:touch_path|touch_frame_adapter:frame|frame[28][0]   ;
; touch_ml_scanpipe_top:pipeline|touch_capture_top:touch_path|touch_frame_adapter:frame|frame[27][2]      ; Merged with touch_ml_scanpipe_top:pipeline|touch_capture_top:touch_path|touch_frame_adapter:frame|frame[27][0]   ;
; touch_ml_scanpipe_top:pipeline|touch_capture_top:touch_path|touch_frame_adapter:frame|frame[26][2]      ; Merged with touch_ml_scanpipe_top:pipeline|touch_capture_top:touch_path|touch_frame_adapter:frame|frame[26][0]   ;
; touch_ml_scanpipe_top:pipeline|touch_capture_top:touch_path|touch_frame_adapter:frame|frame[25][2]      ; Merged with touch_ml_scanpipe_top:pipeline|touch_capture_top:touch_path|touch_frame_adapter:frame|frame[25][0]   ;
; touch_ml_scanpipe_top:pipeline|touch_capture_top:touch_path|touch_frame_adapter:frame|frame[24][2]      ; Merged with touch_ml_scanpipe_top:pipeline|touch_capture_top:touch_path|touch_frame_adapter:frame|frame[24][0]   ;
; touch_ml_scanpipe_top:pipeline|touch_capture_top:touch_path|touch_frame_adapter:frame|frame[23][2]      ; Merged with touch_ml_scanpipe_top:pipeline|touch_capture_top:touch_path|touch_frame_adapter:frame|frame[23][0]   ;
; touch_ml_scanpipe_top:pipeline|touch_capture_top:touch_path|touch_frame_adapter:frame|frame[22][2]      ; Merged with touch_ml_scanpipe_top:pipeline|touch_capture_top:touch_path|touch_frame_adapter:frame|frame[22][0]   ;
; touch_ml_scanpipe_top:pipeline|touch_capture_top:touch_path|touch_frame_adapter:frame|frame[21][2]      ; Merged with touch_ml_scanpipe_top:pipeline|touch_capture_top:touch_path|touch_frame_adapter:frame|frame[21][0]   ;
; touch_ml_scanpipe_top:pipeline|touch_capture_top:touch_path|touch_frame_adapter:frame|frame[20][2]      ; Merged with touch_ml_scanpipe_top:pipeline|touch_capture_top:touch_path|touch_frame_adapter:frame|frame[20][0]   ;
; touch_ml_scanpipe_top:pipeline|touch_capture_top:touch_path|touch_frame_adapter:frame|frame[19][2]      ; Merged with touch_ml_scanpipe_top:pipeline|touch_capture_top:touch_path|touch_frame_adapter:frame|frame[19][0]   ;
; touch_ml_scanpipe_top:pipeline|touch_capture_top:touch_path|touch_frame_adapter:frame|frame[18][2]      ; Merged with touch_ml_scanpipe_top:pipeline|touch_capture_top:touch_path|touch_frame_adapter:frame|frame[18][0]   ;
; touch_ml_scanpipe_top:pipeline|touch_capture_top:touch_path|touch_frame_adapter:frame|frame[17][2]      ; Merged with touch_ml_scanpipe_top:pipeline|touch_capture_top:touch_path|touch_frame_adapter:frame|frame[17][0]   ;
; touch_ml_scanpipe_top:pipeline|touch_capture_top:touch_path|touch_frame_adapter:frame|frame[16][2]      ; Merged with touch_ml_scanpipe_top:pipeline|touch_capture_top:touch_path|touch_frame_adapter:frame|frame[16][0]   ;
; touch_ml_scanpipe_top:pipeline|touch_capture_top:touch_path|touch_frame_adapter:frame|frame[15][2]      ; Merged with touch_ml_scanpipe_top:pipeline|touch_capture_top:touch_path|touch_frame_adapter:frame|frame[15][1]   ;
; touch_ml_scanpipe_top:pipeline|touch_capture_top:touch_path|touch_frame_adapter:frame|frame[15][3]      ; Merged with touch_ml_scanpipe_top:pipeline|touch_capture_top:touch_path|touch_frame_adapter:frame|frame[15][1]   ;
; touch_ml_scanpipe_top:pipeline|touch_capture_top:touch_path|touch_frame_adapter:frame|frame[14][2]      ; Merged with touch_ml_scanpipe_top:pipeline|touch_capture_top:touch_path|touch_frame_adapter:frame|frame[14][0]   ;
; touch_ml_scanpipe_top:pipeline|touch_capture_top:touch_path|touch_frame_adapter:frame|frame[13][2]      ; Merged with touch_ml_scanpipe_top:pipeline|touch_capture_top:touch_path|touch_frame_adapter:frame|frame[13][0]   ;
; touch_ml_scanpipe_top:pipeline|touch_capture_top:touch_path|touch_frame_adapter:frame|frame[12][2]      ; Merged with touch_ml_scanpipe_top:pipeline|touch_capture_top:touch_path|touch_frame_adapter:frame|frame[12][0]   ;
; touch_ml_scanpipe_top:pipeline|touch_capture_top:touch_path|touch_frame_adapter:frame|frame[11][2]      ; Merged with touch_ml_scanpipe_top:pipeline|touch_capture_top:touch_path|touch_frame_adapter:frame|frame[11][0]   ;
; touch_ml_scanpipe_top:pipeline|touch_capture_top:touch_path|touch_frame_adapter:frame|frame[10][2]      ; Merged with touch_ml_scanpipe_top:pipeline|touch_capture_top:touch_path|touch_frame_adapter:frame|frame[10][0]   ;
; touch_ml_scanpipe_top:pipeline|touch_capture_top:touch_path|touch_frame_adapter:frame|frame[9][2]       ; Merged with touch_ml_scanpipe_top:pipeline|touch_capture_top:touch_path|touch_frame_adapter:frame|frame[9][0]    ;
; touch_ml_scanpipe_top:pipeline|touch_capture_top:touch_path|touch_frame_adapter:frame|frame[8][2]       ; Merged with touch_ml_scanpipe_top:pipeline|touch_capture_top:touch_path|touch_frame_adapter:frame|frame[8][0]    ;
; touch_ml_scanpipe_top:pipeline|touch_capture_top:touch_path|touch_frame_adapter:frame|frame[7][2]       ; Merged with touch_ml_scanpipe_top:pipeline|touch_capture_top:touch_path|touch_frame_adapter:frame|frame[7][0]    ;
; touch_ml_scanpipe_top:pipeline|touch_capture_top:touch_path|touch_frame_adapter:frame|frame[6][2]       ; Merged with touch_ml_scanpipe_top:pipeline|touch_capture_top:touch_path|touch_frame_adapter:frame|frame[6][0]    ;
; touch_ml_scanpipe_top:pipeline|touch_capture_top:touch_path|touch_frame_adapter:frame|frame[5][2]       ; Merged with touch_ml_scanpipe_top:pipeline|touch_capture_top:touch_path|touch_frame_adapter:frame|frame[5][0]    ;
; touch_ml_scanpipe_top:pipeline|touch_capture_top:touch_path|touch_frame_adapter:frame|frame[4][2]       ; Merged with touch_ml_scanpipe_top:pipeline|touch_capture_top:touch_path|touch_frame_adapter:frame|frame[4][0]    ;
; touch_ml_scanpipe_top:pipeline|touch_capture_top:touch_path|touch_frame_adapter:frame|frame[3][2]       ; Merged with touch_ml_scanpipe_top:pipeline|touch_capture_top:touch_path|touch_frame_adapter:frame|frame[3][0]    ;
; touch_ml_scanpipe_top:pipeline|touch_capture_top:touch_path|touch_frame_adapter:frame|frame[2][2]       ; Merged with touch_ml_scanpipe_top:pipeline|touch_capture_top:touch_path|touch_frame_adapter:frame|frame[2][0]    ;
; touch_ml_scanpipe_top:pipeline|touch_capture_top:touch_path|touch_frame_adapter:frame|frame[1][2]       ; Merged with touch_ml_scanpipe_top:pipeline|touch_capture_top:touch_path|touch_frame_adapter:frame|frame[1][0]    ;
; touch_ml_scanpipe_top:pipeline|touch_capture_top:touch_path|touch_frame_adapter:frame|frame[0][2]       ; Merged with touch_ml_scanpipe_top:pipeline|touch_capture_top:touch_path|touch_frame_adapter:frame|frame[0][0]    ;
; touch_ml_scanpipe_top:pipeline|touch_capture_top:touch_path|touch_frame_adapter:frame|frame[191][0]     ; Merged with touch_ml_scanpipe_top:pipeline|touch_capture_top:touch_path|touch_frame_adapter:frame|frame[191][3]  ;
; touch_ml_scanpipe_top:pipeline|touch_capture_top:touch_path|touch_frame_adapter:frame|frame[192][0]     ; Merged with touch_ml_scanpipe_top:pipeline|touch_capture_top:touch_path|touch_frame_adapter:frame|frame[192][3]  ;
; touch_ml_scanpipe_top:pipeline|touch_capture_top:touch_path|touch_frame_adapter:frame|frame[193][0]     ; Merged with touch_ml_scanpipe_top:pipeline|touch_capture_top:touch_path|touch_frame_adapter:frame|frame[193][3]  ;
; touch_ml_scanpipe_top:pipeline|touch_capture_top:touch_path|touch_frame_adapter:frame|frame[195][1]     ; Merged with touch_ml_scanpipe_top:pipeline|touch_capture_top:touch_path|touch_frame_adapter:frame|frame[195][3]  ;
; touch_ml_scanpipe_top:pipeline|touch_capture_top:touch_path|touch_frame_adapter:frame|frame[190][3]     ; Merged with touch_ml_scanpipe_top:pipeline|touch_capture_top:touch_path|touch_frame_adapter:frame|frame[190][1]  ;
; touch_ml_scanpipe_top:pipeline|touch_capture_top:touch_path|touch_frame_adapter:frame|frame[189][1]     ; Merged with touch_ml_scanpipe_top:pipeline|touch_capture_top:touch_path|touch_frame_adapter:frame|frame[189][0]  ;
; touch_ml_scanpipe_top:pipeline|touch_capture_top:touch_path|touch_frame_adapter:frame|frame[189][3]     ; Merged with touch_ml_scanpipe_top:pipeline|touch_capture_top:touch_path|touch_frame_adapter:frame|frame[189][0]  ;
; touch_ml_scanpipe_top:pipeline|touch_capture_top:touch_path|touch_frame_adapter:frame|frame[188][1]     ; Merged with touch_ml_scanpipe_top:pipeline|touch_capture_top:touch_path|touch_frame_adapter:frame|frame[188][0]  ;
; touch_ml_scanpipe_top:pipeline|touch_capture_top:touch_path|touch_frame_adapter:frame|frame[187][3]     ; Merged with touch_ml_scanpipe_top:pipeline|touch_capture_top:touch_path|touch_frame_adapter:frame|frame[187][0]  ;
; touch_ml_scanpipe_top:pipeline|touch_capture_top:touch_path|touch_frame_adapter:frame|frame[186][3]     ; Merged with touch_ml_scanpipe_top:pipeline|touch_capture_top:touch_path|touch_frame_adapter:frame|frame[186][0]  ;
; touch_ml_scanpipe_top:pipeline|touch_capture_top:touch_path|touch_frame_adapter:frame|frame[186][1]     ; Merged with touch_ml_scanpipe_top:pipeline|touch_capture_top:touch_path|touch_frame_adapter:frame|frame[186][0]  ;
; touch_ml_scanpipe_top:pipeline|touch_capture_top:touch_path|touch_frame_adapter:frame|frame[185][3]     ; Merged with touch_ml_scanpipe_top:pipeline|touch_capture_top:touch_path|touch_frame_adapter:frame|frame[185][0]  ;
; touch_ml_scanpipe_top:pipeline|touch_capture_top:touch_path|touch_frame_adapter:frame|frame[184][3]     ; Merged with touch_ml_scanpipe_top:pipeline|touch_capture_top:touch_path|touch_frame_adapter:frame|frame[184][0]  ;
; touch_ml_scanpipe_top:pipeline|touch_capture_top:touch_path|touch_frame_adapter:frame|frame[183][3]     ; Merged with touch_ml_scanpipe_top:pipeline|touch_capture_top:touch_path|touch_frame_adapter:frame|frame[183][0]  ;
; touch_ml_scanpipe_top:pipeline|touch_capture_top:touch_path|touch_frame_adapter:frame|frame[182][3]     ; Merged with touch_ml_scanpipe_top:pipeline|touch_capture_top:touch_path|touch_frame_adapter:frame|frame[182][0]  ;
; touch_ml_scanpipe_top:pipeline|touch_capture_top:touch_path|touch_frame_adapter:frame|frame[181][3]     ; Merged with touch_ml_scanpipe_top:pipeline|touch_capture_top:touch_path|touch_frame_adapter:frame|frame[181][0]  ;
; touch_ml_scanpipe_top:pipeline|touch_capture_top:touch_path|touch_frame_adapter:frame|frame[174][3]     ; Merged with touch_ml_scanpipe_top:pipeline|touch_capture_top:touch_path|touch_frame_adapter:frame|frame[174][0]  ;
; touch_ml_scanpipe_top:pipeline|touch_capture_top:touch_path|touch_frame_adapter:frame|frame[173][3]     ; Merged with touch_ml_scanpipe_top:pipeline|touch_capture_top:touch_path|touch_frame_adapter:frame|frame[173][0]  ;
; touch_ml_scanpipe_top:pipeline|touch_capture_top:touch_path|touch_frame_adapter:frame|frame[172][3]     ; Merged with touch_ml_scanpipe_top:pipeline|touch_capture_top:touch_path|touch_frame_adapter:frame|frame[172][0]  ;
; touch_ml_scanpipe_top:pipeline|touch_capture_top:touch_path|touch_frame_adapter:frame|frame[171][3]     ; Merged with touch_ml_scanpipe_top:pipeline|touch_capture_top:touch_path|touch_frame_adapter:frame|frame[171][0]  ;
; touch_ml_scanpipe_top:pipeline|touch_capture_top:touch_path|touch_frame_adapter:frame|frame[170][3]     ; Merged with touch_ml_scanpipe_top:pipeline|touch_capture_top:touch_path|touch_frame_adapter:frame|frame[170][0]  ;
; touch_ml_scanpipe_top:pipeline|touch_capture_top:touch_path|touch_frame_adapter:frame|frame[169][3]     ; Merged with touch_ml_scanpipe_top:pipeline|touch_capture_top:touch_path|touch_frame_adapter:frame|frame[169][0]  ;
; touch_ml_scanpipe_top:pipeline|touch_capture_top:touch_path|touch_frame_adapter:frame|frame[168][3]     ; Merged with touch_ml_scanpipe_top:pipeline|touch_capture_top:touch_path|touch_frame_adapter:frame|frame[168][0]  ;
; touch_ml_scanpipe_top:pipeline|touch_capture_top:touch_path|touch_frame_adapter:frame|frame[167][3]     ; Merged with touch_ml_scanpipe_top:pipeline|touch_capture_top:touch_path|touch_frame_adapter:frame|frame[167][0]  ;
; touch_ml_scanpipe_top:pipeline|touch_capture_top:touch_path|touch_frame_adapter:frame|frame[167][1]     ; Merged with touch_ml_scanpipe_top:pipeline|touch_capture_top:touch_path|touch_frame_adapter:frame|frame[167][0]  ;
; touch_ml_scanpipe_top:pipeline|touch_capture_top:touch_path|touch_frame_adapter:frame|frame[166][1]     ; Merged with touch_ml_scanpipe_top:pipeline|touch_capture_top:touch_path|touch_frame_adapter:frame|frame[166][0]  ;
; touch_ml_scanpipe_top:pipeline|touch_capture_top:touch_path|touch_frame_adapter:frame|frame[166][3]     ; Merged with touch_ml_scanpipe_top:pipeline|touch_capture_top:touch_path|touch_frame_adapter:frame|frame[166][0]  ;
; touch_ml_scanpipe_top:pipeline|touch_capture_top:touch_path|touch_frame_adapter:frame|frame[165][1]     ; Merged with touch_ml_scanpipe_top:pipeline|touch_capture_top:touch_path|touch_frame_adapter:frame|frame[165][0]  ;
; touch_ml_scanpipe_top:pipeline|touch_capture_top:touch_path|touch_frame_adapter:frame|frame[165][3]     ; Merged with touch_ml_scanpipe_top:pipeline|touch_capture_top:touch_path|touch_frame_adapter:frame|frame[165][0]  ;
; touch_ml_scanpipe_top:pipeline|touch_capture_top:touch_path|touch_frame_adapter:frame|frame[164][3]     ; Merged with touch_ml_scanpipe_top:pipeline|touch_capture_top:touch_path|touch_frame_adapter:frame|frame[164][0]  ;
; touch_ml_scanpipe_top:pipeline|touch_capture_top:touch_path|touch_frame_adapter:frame|frame[164][1]     ; Merged with touch_ml_scanpipe_top:pipeline|touch_capture_top:touch_path|touch_frame_adapter:frame|frame[164][0]  ;
; touch_ml_scanpipe_top:pipeline|touch_capture_top:touch_path|touch_frame_adapter:frame|frame[162][3]     ; Merged with touch_ml_scanpipe_top:pipeline|touch_capture_top:touch_path|touch_frame_adapter:frame|frame[162][0]  ;
; touch_ml_scanpipe_top:pipeline|touch_capture_top:touch_path|touch_frame_adapter:frame|frame[159][1]     ; Merged with touch_ml_scanpipe_top:pipeline|touch_capture_top:touch_path|touch_frame_adapter:frame|frame[159][0]  ;
; touch_ml_scanpipe_top:pipeline|touch_capture_top:touch_path|touch_frame_adapter:frame|frame[158][3]     ; Merged with touch_ml_scanpipe_top:pipeline|touch_capture_top:touch_path|touch_frame_adapter:frame|frame[158][0]  ;
; touch_ml_scanpipe_top:pipeline|touch_capture_top:touch_path|touch_frame_adapter:frame|frame[157][3]     ; Merged with touch_ml_scanpipe_top:pipeline|touch_capture_top:touch_path|touch_frame_adapter:frame|frame[157][0]  ;
; touch_ml_scanpipe_top:pipeline|touch_capture_top:touch_path|touch_frame_adapter:frame|frame[156][3]     ; Merged with touch_ml_scanpipe_top:pipeline|touch_capture_top:touch_path|touch_frame_adapter:frame|frame[156][0]  ;
; touch_ml_scanpipe_top:pipeline|touch_capture_top:touch_path|touch_frame_adapter:frame|frame[155][3]     ; Merged with touch_ml_scanpipe_top:pipeline|touch_capture_top:touch_path|touch_frame_adapter:frame|frame[155][0]  ;
; touch_ml_scanpipe_top:pipeline|touch_capture_top:touch_path|touch_frame_adapter:frame|frame[153][2]     ; Merged with touch_ml_scanpipe_top:pipeline|touch_capture_top:touch_path|touch_frame_adapter:frame|frame[153][0]  ;
; touch_ml_scanpipe_top:pipeline|touch_capture_top:touch_path|touch_frame_adapter:frame|frame[142][3]     ; Merged with touch_ml_scanpipe_top:pipeline|touch_capture_top:touch_path|touch_frame_adapter:frame|frame[142][0]  ;
; touch_ml_scanpipe_top:pipeline|touch_capture_top:touch_path|touch_frame_adapter:frame|frame[141][3]     ; Merged with touch_ml_scanpipe_top:pipeline|touch_capture_top:touch_path|touch_frame_adapter:frame|frame[141][0]  ;
; touch_ml_scanpipe_top:pipeline|touch_capture_top:touch_path|touch_frame_adapter:frame|frame[140][3]     ; Merged with touch_ml_scanpipe_top:pipeline|touch_capture_top:touch_path|touch_frame_adapter:frame|frame[140][0]  ;
; touch_ml_scanpipe_top:pipeline|touch_capture_top:touch_path|touch_frame_adapter:frame|frame[139][3]     ; Merged with touch_ml_scanpipe_top:pipeline|touch_capture_top:touch_path|touch_frame_adapter:frame|frame[139][0]  ;
; touch_ml_scanpipe_top:pipeline|touch_capture_top:touch_path|touch_frame_adapter:frame|frame[138][3]     ; Merged with touch_ml_scanpipe_top:pipeline|touch_capture_top:touch_path|touch_frame_adapter:frame|frame[138][0]  ;
; touch_ml_scanpipe_top:pipeline|touch_capture_top:touch_path|touch_frame_adapter:frame|frame[137][3]     ; Merged with touch_ml_scanpipe_top:pipeline|touch_capture_top:touch_path|touch_frame_adapter:frame|frame[137][0]  ;
; touch_ml_scanpipe_top:pipeline|touch_capture_top:touch_path|touch_frame_adapter:frame|frame[136][1]     ; Merged with touch_ml_scanpipe_top:pipeline|touch_capture_top:touch_path|touch_frame_adapter:frame|frame[136][0]  ;
; touch_ml_scanpipe_top:pipeline|touch_capture_top:touch_path|touch_frame_adapter:frame|frame[135][3]     ; Merged with touch_ml_scanpipe_top:pipeline|touch_capture_top:touch_path|touch_frame_adapter:frame|frame[135][0]  ;
; touch_ml_scanpipe_top:pipeline|touch_capture_top:touch_path|touch_frame_adapter:frame|frame[134][3]     ; Merged with touch_ml_scanpipe_top:pipeline|touch_capture_top:touch_path|touch_frame_adapter:frame|frame[134][0]  ;
; touch_ml_scanpipe_top:pipeline|touch_capture_top:touch_path|touch_frame_adapter:frame|frame[133][3]     ; Merged with touch_ml_scanpipe_top:pipeline|touch_capture_top:touch_path|touch_frame_adapter:frame|frame[133][0]  ;
; touch_ml_scanpipe_top:pipeline|touch_capture_top:touch_path|touch_frame_adapter:frame|frame[132][3]     ; Merged with touch_ml_scanpipe_top:pipeline|touch_capture_top:touch_path|touch_frame_adapter:frame|frame[132][0]  ;
; touch_ml_scanpipe_top:pipeline|touch_capture_top:touch_path|touch_frame_adapter:frame|frame[131][3]     ; Merged with touch_ml_scanpipe_top:pipeline|touch_capture_top:touch_path|touch_frame_adapter:frame|frame[131][0]  ;
; touch_ml_scanpipe_top:pipeline|touch_capture_top:touch_path|touch_frame_adapter:frame|frame[130][3]     ; Merged with touch_ml_scanpipe_top:pipeline|touch_capture_top:touch_path|touch_frame_adapter:frame|frame[130][0]  ;
; touch_ml_scanpipe_top:pipeline|touch_capture_top:touch_path|touch_frame_adapter:frame|frame[129][3]     ; Merged with touch_ml_scanpipe_top:pipeline|touch_capture_top:touch_path|touch_frame_adapter:frame|frame[129][0]  ;
; touch_ml_scanpipe_top:pipeline|touch_capture_top:touch_path|touch_frame_adapter:frame|frame[128][3]     ; Merged with touch_ml_scanpipe_top:pipeline|touch_capture_top:touch_path|touch_frame_adapter:frame|frame[128][0]  ;
; touch_ml_scanpipe_top:pipeline|touch_capture_top:touch_path|touch_frame_adapter:frame|frame[127][3]     ; Merged with touch_ml_scanpipe_top:pipeline|touch_capture_top:touch_path|touch_frame_adapter:frame|frame[127][0]  ;
; touch_ml_scanpipe_top:pipeline|touch_capture_top:touch_path|touch_frame_adapter:frame|frame[126][3]     ; Merged with touch_ml_scanpipe_top:pipeline|touch_capture_top:touch_path|touch_frame_adapter:frame|frame[126][0]  ;
; touch_ml_scanpipe_top:pipeline|touch_capture_top:touch_path|touch_frame_adapter:frame|frame[125][3]     ; Merged with touch_ml_scanpipe_top:pipeline|touch_capture_top:touch_path|touch_frame_adapter:frame|frame[125][0]  ;
; touch_ml_scanpipe_top:pipeline|touch_capture_top:touch_path|touch_frame_adapter:frame|frame[124][3]     ; Merged with touch_ml_scanpipe_top:pipeline|touch_capture_top:touch_path|touch_frame_adapter:frame|frame[124][0]  ;
; touch_ml_scanpipe_top:pipeline|touch_capture_top:touch_path|touch_frame_adapter:frame|frame[123][3]     ; Merged with touch_ml_scanpipe_top:pipeline|touch_capture_top:touch_path|touch_frame_adapter:frame|frame[123][0]  ;
; touch_ml_scanpipe_top:pipeline|touch_capture_top:touch_path|touch_frame_adapter:frame|frame[122][3]     ; Merged with touch_ml_scanpipe_top:pipeline|touch_capture_top:touch_path|touch_frame_adapter:frame|frame[122][0]  ;
; touch_ml_scanpipe_top:pipeline|touch_capture_top:touch_path|touch_frame_adapter:frame|frame[121][3]     ; Merged with touch_ml_scanpipe_top:pipeline|touch_capture_top:touch_path|touch_frame_adapter:frame|frame[121][0]  ;
; touch_ml_scanpipe_top:pipeline|touch_capture_top:touch_path|touch_frame_adapter:frame|frame[121][1]     ; Merged with touch_ml_scanpipe_top:pipeline|touch_capture_top:touch_path|touch_frame_adapter:frame|frame[121][0]  ;
; touch_ml_scanpipe_top:pipeline|touch_capture_top:touch_path|touch_frame_adapter:frame|frame[120][1]     ; Merged with touch_ml_scanpipe_top:pipeline|touch_capture_top:touch_path|touch_frame_adapter:frame|frame[120][0]  ;
; touch_ml_scanpipe_top:pipeline|touch_capture_top:touch_path|touch_frame_adapter:frame|frame[120][3]     ; Merged with touch_ml_scanpipe_top:pipeline|touch_capture_top:touch_path|touch_frame_adapter:frame|frame[120][0]  ;
; touch_ml_scanpipe_top:pipeline|touch_capture_top:touch_path|touch_frame_adapter:frame|frame[119][1]     ; Merged with touch_ml_scanpipe_top:pipeline|touch_capture_top:touch_path|touch_frame_adapter:frame|frame[119][0]  ;
; touch_ml_scanpipe_top:pipeline|touch_capture_top:touch_path|touch_frame_adapter:frame|frame[119][3]     ; Merged with touch_ml_scanpipe_top:pipeline|touch_capture_top:touch_path|touch_frame_adapter:frame|frame[119][0]  ;
; touch_ml_scanpipe_top:pipeline|touch_capture_top:touch_path|touch_frame_adapter:frame|frame[118][1]     ; Merged with touch_ml_scanpipe_top:pipeline|touch_capture_top:touch_path|touch_frame_adapter:frame|frame[118][0]  ;
; touch_ml_scanpipe_top:pipeline|touch_capture_top:touch_path|touch_frame_adapter:frame|frame[118][3]     ; Merged with touch_ml_scanpipe_top:pipeline|touch_capture_top:touch_path|touch_frame_adapter:frame|frame[118][0]  ;
; touch_ml_scanpipe_top:pipeline|touch_capture_top:touch_path|touch_frame_adapter:frame|frame[117][1]     ; Merged with touch_ml_scanpipe_top:pipeline|touch_capture_top:touch_path|touch_frame_adapter:frame|frame[117][0]  ;
; touch_ml_scanpipe_top:pipeline|touch_capture_top:touch_path|touch_frame_adapter:frame|frame[117][3]     ; Merged with touch_ml_scanpipe_top:pipeline|touch_capture_top:touch_path|touch_frame_adapter:frame|frame[117][0]  ;
; touch_ml_scanpipe_top:pipeline|touch_capture_top:touch_path|touch_frame_adapter:frame|frame[116][1]     ; Merged with touch_ml_scanpipe_top:pipeline|touch_capture_top:touch_path|touch_frame_adapter:frame|frame[116][0]  ;
; touch_ml_scanpipe_top:pipeline|touch_capture_top:touch_path|touch_frame_adapter:frame|frame[116][3]     ; Merged with touch_ml_scanpipe_top:pipeline|touch_capture_top:touch_path|touch_frame_adapter:frame|frame[116][0]  ;
; touch_ml_scanpipe_top:pipeline|touch_capture_top:touch_path|touch_frame_adapter:frame|frame[115][1]     ; Merged with touch_ml_scanpipe_top:pipeline|touch_capture_top:touch_path|touch_frame_adapter:frame|frame[115][0]  ;
; touch_ml_scanpipe_top:pipeline|touch_capture_top:touch_path|touch_frame_adapter:frame|frame[115][3]     ; Merged with touch_ml_scanpipe_top:pipeline|touch_capture_top:touch_path|touch_frame_adapter:frame|frame[115][0]  ;
; touch_ml_scanpipe_top:pipeline|touch_capture_top:touch_path|touch_frame_adapter:frame|frame[114][3]     ; Merged with touch_ml_scanpipe_top:pipeline|touch_capture_top:touch_path|touch_frame_adapter:frame|frame[114][0]  ;
; touch_ml_scanpipe_top:pipeline|touch_capture_top:touch_path|touch_frame_adapter:frame|frame[112][3]     ; Merged with touch_ml_scanpipe_top:pipeline|touch_capture_top:touch_path|touch_frame_adapter:frame|frame[112][0]  ;
; touch_ml_scanpipe_top:pipeline|touch_capture_top:touch_path|touch_frame_adapter:frame|frame[110][3]     ; Merged with touch_ml_scanpipe_top:pipeline|touch_capture_top:touch_path|touch_frame_adapter:frame|frame[110][0]  ;
; touch_ml_scanpipe_top:pipeline|touch_capture_top:touch_path|touch_frame_adapter:frame|frame[108][3]     ; Merged with touch_ml_scanpipe_top:pipeline|touch_capture_top:touch_path|touch_frame_adapter:frame|frame[108][0]  ;
; touch_ml_scanpipe_top:pipeline|touch_capture_top:touch_path|touch_frame_adapter:frame|frame[106][3]     ; Merged with touch_ml_scanpipe_top:pipeline|touch_capture_top:touch_path|touch_frame_adapter:frame|frame[106][0]  ;
; touch_ml_scanpipe_top:pipeline|touch_capture_top:touch_path|touch_frame_adapter:frame|frame[105][3]     ; Merged with touch_ml_scanpipe_top:pipeline|touch_capture_top:touch_path|touch_frame_adapter:frame|frame[105][0]  ;
; touch_ml_scanpipe_top:pipeline|touch_capture_top:touch_path|touch_frame_adapter:frame|frame[104][1]     ; Merged with touch_ml_scanpipe_top:pipeline|touch_capture_top:touch_path|touch_frame_adapter:frame|frame[104][0]  ;
; touch_ml_scanpipe_top:pipeline|touch_capture_top:touch_path|touch_frame_adapter:frame|frame[103][2]     ; Merged with touch_ml_scanpipe_top:pipeline|touch_capture_top:touch_path|touch_frame_adapter:frame|frame[103][0]  ;
; touch_ml_scanpipe_top:pipeline|touch_capture_top:touch_path|touch_frame_adapter:frame|frame[97][1]      ; Merged with touch_ml_scanpipe_top:pipeline|touch_capture_top:touch_path|touch_frame_adapter:frame|frame[97][0]   ;
; touch_ml_scanpipe_top:pipeline|touch_capture_top:touch_path|touch_frame_adapter:frame|frame[78][3]      ; Merged with touch_ml_scanpipe_top:pipeline|touch_capture_top:touch_path|touch_frame_adapter:frame|frame[78][0]   ;
; touch_ml_scanpipe_top:pipeline|touch_capture_top:touch_path|touch_frame_adapter:frame|frame[77][3]      ; Merged with touch_ml_scanpipe_top:pipeline|touch_capture_top:touch_path|touch_frame_adapter:frame|frame[77][0]   ;
; touch_ml_scanpipe_top:pipeline|touch_capture_top:touch_path|touch_frame_adapter:frame|frame[76][3]      ; Merged with touch_ml_scanpipe_top:pipeline|touch_capture_top:touch_path|touch_frame_adapter:frame|frame[76][0]   ;
; touch_ml_scanpipe_top:pipeline|touch_capture_top:touch_path|touch_frame_adapter:frame|frame[75][3]      ; Merged with touch_ml_scanpipe_top:pipeline|touch_capture_top:touch_path|touch_frame_adapter:frame|frame[75][0]   ;
; touch_ml_scanpipe_top:pipeline|touch_capture_top:touch_path|touch_frame_adapter:frame|frame[75][1]      ; Merged with touch_ml_scanpipe_top:pipeline|touch_capture_top:touch_path|touch_frame_adapter:frame|frame[75][0]   ;
; touch_ml_scanpipe_top:pipeline|touch_capture_top:touch_path|touch_frame_adapter:frame|frame[74][3]      ; Merged with touch_ml_scanpipe_top:pipeline|touch_capture_top:touch_path|touch_frame_adapter:frame|frame[74][0]   ;
; touch_ml_scanpipe_top:pipeline|touch_capture_top:touch_path|touch_frame_adapter:frame|frame[73][3]      ; Merged with touch_ml_scanpipe_top:pipeline|touch_capture_top:touch_path|touch_frame_adapter:frame|frame[73][0]   ;
; touch_ml_scanpipe_top:pipeline|touch_capture_top:touch_path|touch_frame_adapter:frame|frame[72][3]      ; Merged with touch_ml_scanpipe_top:pipeline|touch_capture_top:touch_path|touch_frame_adapter:frame|frame[72][0]   ;
; touch_ml_scanpipe_top:pipeline|touch_capture_top:touch_path|touch_frame_adapter:frame|frame[71][3]      ; Merged with touch_ml_scanpipe_top:pipeline|touch_capture_top:touch_path|touch_frame_adapter:frame|frame[71][0]   ;
; touch_ml_scanpipe_top:pipeline|touch_capture_top:touch_path|touch_frame_adapter:frame|frame[70][3]      ; Merged with touch_ml_scanpipe_top:pipeline|touch_capture_top:touch_path|touch_frame_adapter:frame|frame[70][1]   ;
; touch_ml_scanpipe_top:pipeline|touch_capture_top:touch_path|touch_frame_adapter:frame|frame[69][3]      ; Merged with touch_ml_scanpipe_top:pipeline|touch_capture_top:touch_path|touch_frame_adapter:frame|frame[69][0]   ;
; touch_ml_scanpipe_top:pipeline|touch_capture_top:touch_path|touch_frame_adapter:frame|frame[68][3]      ; Merged with touch_ml_scanpipe_top:pipeline|touch_capture_top:touch_path|touch_frame_adapter:frame|frame[68][0]   ;
; touch_ml_scanpipe_top:pipeline|touch_capture_top:touch_path|touch_frame_adapter:frame|frame[67][3]      ; Merged with touch_ml_scanpipe_top:pipeline|touch_capture_top:touch_path|touch_frame_adapter:frame|frame[67][0]   ;
; touch_ml_scanpipe_top:pipeline|touch_capture_top:touch_path|touch_frame_adapter:frame|frame[66][3]      ; Merged with touch_ml_scanpipe_top:pipeline|touch_capture_top:touch_path|touch_frame_adapter:frame|frame[66][0]   ;
; touch_ml_scanpipe_top:pipeline|touch_capture_top:touch_path|touch_frame_adapter:frame|frame[65][3]      ; Merged with touch_ml_scanpipe_top:pipeline|touch_capture_top:touch_path|touch_frame_adapter:frame|frame[65][0]   ;
; touch_ml_scanpipe_top:pipeline|touch_capture_top:touch_path|touch_frame_adapter:frame|frame[64][3]      ; Merged with touch_ml_scanpipe_top:pipeline|touch_capture_top:touch_path|touch_frame_adapter:frame|frame[64][0]   ;
; touch_ml_scanpipe_top:pipeline|touch_capture_top:touch_path|touch_frame_adapter:frame|frame[63][2]      ; Merged with touch_ml_scanpipe_top:pipeline|touch_capture_top:touch_path|touch_frame_adapter:frame|frame[63][0]   ;
; touch_ml_scanpipe_top:pipeline|touch_capture_top:touch_path|touch_frame_adapter:frame|frame[62][3]      ; Merged with touch_ml_scanpipe_top:pipeline|touch_capture_top:touch_path|touch_frame_adapter:frame|frame[62][0]   ;
; touch_ml_scanpipe_top:pipeline|touch_capture_top:touch_path|touch_frame_adapter:frame|frame[61][3]      ; Merged with touch_ml_scanpipe_top:pipeline|touch_capture_top:touch_path|touch_frame_adapter:frame|frame[61][0]   ;
; touch_ml_scanpipe_top:pipeline|touch_capture_top:touch_path|touch_frame_adapter:frame|frame[60][3]      ; Merged with touch_ml_scanpipe_top:pipeline|touch_capture_top:touch_path|touch_frame_adapter:frame|frame[60][0]   ;
; touch_ml_scanpipe_top:pipeline|touch_capture_top:touch_path|touch_frame_adapter:frame|frame[59][1]      ; Merged with touch_ml_scanpipe_top:pipeline|touch_capture_top:touch_path|touch_frame_adapter:frame|frame[59][0]   ;
; touch_ml_scanpipe_top:pipeline|touch_capture_top:touch_path|touch_frame_adapter:frame|frame[59][3]      ; Merged with touch_ml_scanpipe_top:pipeline|touch_capture_top:touch_path|touch_frame_adapter:frame|frame[59][0]   ;
; touch_ml_scanpipe_top:pipeline|touch_capture_top:touch_path|touch_frame_adapter:frame|frame[58][3]      ; Merged with touch_ml_scanpipe_top:pipeline|touch_capture_top:touch_path|touch_frame_adapter:frame|frame[58][0]   ;
; touch_ml_scanpipe_top:pipeline|touch_capture_top:touch_path|touch_frame_adapter:frame|frame[57][3]      ; Merged with touch_ml_scanpipe_top:pipeline|touch_capture_top:touch_path|touch_frame_adapter:frame|frame[57][0]   ;
; touch_ml_scanpipe_top:pipeline|touch_capture_top:touch_path|touch_frame_adapter:frame|frame[56][3]      ; Merged with touch_ml_scanpipe_top:pipeline|touch_capture_top:touch_path|touch_frame_adapter:frame|frame[56][0]   ;
; touch_ml_scanpipe_top:pipeline|touch_capture_top:touch_path|touch_frame_adapter:frame|frame[55][3]      ; Merged with touch_ml_scanpipe_top:pipeline|touch_capture_top:touch_path|touch_frame_adapter:frame|frame[55][0]   ;
; touch_ml_scanpipe_top:pipeline|touch_capture_top:touch_path|touch_frame_adapter:frame|frame[54][3]      ; Merged with touch_ml_scanpipe_top:pipeline|touch_capture_top:touch_path|touch_frame_adapter:frame|frame[54][0]   ;
; touch_ml_scanpipe_top:pipeline|touch_capture_top:touch_path|touch_frame_adapter:frame|frame[53][3]      ; Merged with touch_ml_scanpipe_top:pipeline|touch_capture_top:touch_path|touch_frame_adapter:frame|frame[53][0]   ;
; touch_ml_scanpipe_top:pipeline|touch_capture_top:touch_path|touch_frame_adapter:frame|frame[52][3]      ; Merged with touch_ml_scanpipe_top:pipeline|touch_capture_top:touch_path|touch_frame_adapter:frame|frame[52][0]   ;
; touch_ml_scanpipe_top:pipeline|touch_capture_top:touch_path|touch_frame_adapter:frame|frame[51][3]      ; Merged with touch_ml_scanpipe_top:pipeline|touch_capture_top:touch_path|touch_frame_adapter:frame|frame[51][0]   ;
; touch_ml_scanpipe_top:pipeline|touch_capture_top:touch_path|touch_frame_adapter:frame|frame[50][3]      ; Merged with touch_ml_scanpipe_top:pipeline|touch_capture_top:touch_path|touch_frame_adapter:frame|frame[50][0]   ;
; touch_ml_scanpipe_top:pipeline|touch_capture_top:touch_path|touch_frame_adapter:frame|frame[49][3]      ; Merged with touch_ml_scanpipe_top:pipeline|touch_capture_top:touch_path|touch_frame_adapter:frame|frame[49][0]   ;
; touch_ml_scanpipe_top:pipeline|touch_capture_top:touch_path|touch_frame_adapter:frame|frame[48][1]      ; Merged with touch_ml_scanpipe_top:pipeline|touch_capture_top:touch_path|touch_frame_adapter:frame|frame[48][0]   ;
; touch_ml_scanpipe_top:pipeline|touch_capture_top:touch_path|touch_frame_adapter:frame|frame[46][3]      ; Merged with touch_ml_scanpipe_top:pipeline|touch_capture_top:touch_path|touch_frame_adapter:frame|frame[46][0]   ;
; touch_ml_scanpipe_top:pipeline|touch_capture_top:touch_path|touch_frame_adapter:frame|frame[45][3]      ; Merged with touch_ml_scanpipe_top:pipeline|touch_capture_top:touch_path|touch_frame_adapter:frame|frame[45][0]   ;
; touch_ml_scanpipe_top:pipeline|touch_capture_top:touch_path|touch_frame_adapter:frame|frame[44][3]      ; Merged with touch_ml_scanpipe_top:pipeline|touch_capture_top:touch_path|touch_frame_adapter:frame|frame[44][0]   ;
; touch_ml_scanpipe_top:pipeline|touch_capture_top:touch_path|touch_frame_adapter:frame|frame[43][3]      ; Merged with touch_ml_scanpipe_top:pipeline|touch_capture_top:touch_path|touch_frame_adapter:frame|frame[43][0]   ;
; touch_ml_scanpipe_top:pipeline|touch_capture_top:touch_path|touch_frame_adapter:frame|frame[42][3]      ; Merged with touch_ml_scanpipe_top:pipeline|touch_capture_top:touch_path|touch_frame_adapter:frame|frame[42][0]   ;
; touch_ml_scanpipe_top:pipeline|touch_capture_top:touch_path|touch_frame_adapter:frame|frame[41][3]      ; Merged with touch_ml_scanpipe_top:pipeline|touch_capture_top:touch_path|touch_frame_adapter:frame|frame[41][0]   ;
; touch_ml_scanpipe_top:pipeline|touch_capture_top:touch_path|touch_frame_adapter:frame|frame[40][3]      ; Merged with touch_ml_scanpipe_top:pipeline|touch_capture_top:touch_path|touch_frame_adapter:frame|frame[40][0]   ;
; touch_ml_scanpipe_top:pipeline|touch_capture_top:touch_path|touch_frame_adapter:frame|frame[39][3]      ; Merged with touch_ml_scanpipe_top:pipeline|touch_capture_top:touch_path|touch_frame_adapter:frame|frame[39][0]   ;
; touch_ml_scanpipe_top:pipeline|touch_capture_top:touch_path|touch_frame_adapter:frame|frame[38][3]      ; Merged with touch_ml_scanpipe_top:pipeline|touch_capture_top:touch_path|touch_frame_adapter:frame|frame[38][0]   ;
; touch_ml_scanpipe_top:pipeline|touch_capture_top:touch_path|touch_frame_adapter:frame|frame[37][1]      ; Merged with touch_ml_scanpipe_top:pipeline|touch_capture_top:touch_path|touch_frame_adapter:frame|frame[37][0]   ;
; touch_ml_scanpipe_top:pipeline|touch_capture_top:touch_path|touch_frame_adapter:frame|frame[36][3]      ; Merged with touch_ml_scanpipe_top:pipeline|touch_capture_top:touch_path|touch_frame_adapter:frame|frame[36][0]   ;
; touch_ml_scanpipe_top:pipeline|touch_capture_top:touch_path|touch_frame_adapter:frame|frame[35][3]      ; Merged with touch_ml_scanpipe_top:pipeline|touch_capture_top:touch_path|touch_frame_adapter:frame|frame[35][0]   ;
; touch_ml_scanpipe_top:pipeline|touch_capture_top:touch_path|touch_frame_adapter:frame|frame[34][3]      ; Merged with touch_ml_scanpipe_top:pipeline|touch_capture_top:touch_path|touch_frame_adapter:frame|frame[34][0]   ;
; touch_ml_scanpipe_top:pipeline|touch_capture_top:touch_path|touch_frame_adapter:frame|frame[33][3]      ; Merged with touch_ml_scanpipe_top:pipeline|touch_capture_top:touch_path|touch_frame_adapter:frame|frame[33][0]   ;
; touch_ml_scanpipe_top:pipeline|touch_capture_top:touch_path|touch_frame_adapter:frame|frame[32][3]      ; Merged with touch_ml_scanpipe_top:pipeline|touch_capture_top:touch_path|touch_frame_adapter:frame|frame[32][0]   ;
; touch_ml_scanpipe_top:pipeline|touch_capture_top:touch_path|touch_frame_adapter:frame|frame[31][2]      ; Merged with touch_ml_scanpipe_top:pipeline|touch_capture_top:touch_path|touch_frame_adapter:frame|frame[31][0]   ;
; touch_ml_scanpipe_top:pipeline|touch_capture_top:touch_path|touch_frame_adapter:frame|frame[30][3]      ; Merged with touch_ml_scanpipe_top:pipeline|touch_capture_top:touch_path|touch_frame_adapter:frame|frame[30][0]   ;
; touch_ml_scanpipe_top:pipeline|touch_capture_top:touch_path|touch_frame_adapter:frame|frame[29][1]      ; Merged with touch_ml_scanpipe_top:pipeline|touch_capture_top:touch_path|touch_frame_adapter:frame|frame[29][0]   ;
; touch_ml_scanpipe_top:pipeline|touch_capture_top:touch_path|touch_frame_adapter:frame|frame[29][3]      ; Merged with touch_ml_scanpipe_top:pipeline|touch_capture_top:touch_path|touch_frame_adapter:frame|frame[29][0]   ;
; touch_ml_scanpipe_top:pipeline|touch_capture_top:touch_path|touch_frame_adapter:frame|frame[28][3]      ; Merged with touch_ml_scanpipe_top:pipeline|touch_capture_top:touch_path|touch_frame_adapter:frame|frame[28][0]   ;
; touch_ml_scanpipe_top:pipeline|touch_capture_top:touch_path|touch_frame_adapter:frame|frame[28][1]      ; Merged with touch_ml_scanpipe_top:pipeline|touch_capture_top:touch_path|touch_frame_adapter:frame|frame[28][0]   ;
; touch_ml_scanpipe_top:pipeline|touch_capture_top:touch_path|touch_frame_adapter:frame|frame[27][1]      ; Merged with touch_ml_scanpipe_top:pipeline|touch_capture_top:touch_path|touch_frame_adapter:frame|frame[27][0]   ;
; touch_ml_scanpipe_top:pipeline|touch_capture_top:touch_path|touch_frame_adapter:frame|frame[27][3]      ; Merged with touch_ml_scanpipe_top:pipeline|touch_capture_top:touch_path|touch_frame_adapter:frame|frame[27][0]   ;
; touch_ml_scanpipe_top:pipeline|touch_capture_top:touch_path|touch_frame_adapter:frame|frame[26][1]      ; Merged with touch_ml_scanpipe_top:pipeline|touch_capture_top:touch_path|touch_frame_adapter:frame|frame[26][0]   ;
; touch_ml_scanpipe_top:pipeline|touch_capture_top:touch_path|touch_frame_adapter:frame|frame[26][3]      ; Merged with touch_ml_scanpipe_top:pipeline|touch_capture_top:touch_path|touch_frame_adapter:frame|frame[26][0]   ;
; touch_ml_scanpipe_top:pipeline|touch_capture_top:touch_path|touch_frame_adapter:frame|frame[25][1]      ; Merged with touch_ml_scanpipe_top:pipeline|touch_capture_top:touch_path|touch_frame_adapter:frame|frame[25][0]   ;
; touch_ml_scanpipe_top:pipeline|touch_capture_top:touch_path|touch_frame_adapter:frame|frame[25][3]      ; Merged with touch_ml_scanpipe_top:pipeline|touch_capture_top:touch_path|touch_frame_adapter:frame|frame[25][0]   ;
; touch_ml_scanpipe_top:pipeline|touch_capture_top:touch_path|touch_frame_adapter:frame|frame[24][1]      ; Merged with touch_ml_scanpipe_top:pipeline|touch_capture_top:touch_path|touch_frame_adapter:frame|frame[24][0]   ;
; touch_ml_scanpipe_top:pipeline|touch_capture_top:touch_path|touch_frame_adapter:frame|frame[24][3]      ; Merged with touch_ml_scanpipe_top:pipeline|touch_capture_top:touch_path|touch_frame_adapter:frame|frame[24][0]   ;
; touch_ml_scanpipe_top:pipeline|touch_capture_top:touch_path|touch_frame_adapter:frame|frame[23][1]      ; Merged with touch_ml_scanpipe_top:pipeline|touch_capture_top:touch_path|touch_frame_adapter:frame|frame[23][0]   ;
; touch_ml_scanpipe_top:pipeline|touch_capture_top:touch_path|touch_frame_adapter:frame|frame[23][3]      ; Merged with touch_ml_scanpipe_top:pipeline|touch_capture_top:touch_path|touch_frame_adapter:frame|frame[23][0]   ;
; touch_ml_scanpipe_top:pipeline|touch_capture_top:touch_path|touch_frame_adapter:frame|frame[22][1]      ; Merged with touch_ml_scanpipe_top:pipeline|touch_capture_top:touch_path|touch_frame_adapter:frame|frame[22][0]   ;
; touch_ml_scanpipe_top:pipeline|touch_capture_top:touch_path|touch_frame_adapter:frame|frame[22][3]      ; Merged with touch_ml_scanpipe_top:pipeline|touch_capture_top:touch_path|touch_frame_adapter:frame|frame[22][0]   ;
; touch_ml_scanpipe_top:pipeline|touch_capture_top:touch_path|touch_frame_adapter:frame|frame[21][1]      ; Merged with touch_ml_scanpipe_top:pipeline|touch_capture_top:touch_path|touch_frame_adapter:frame|frame[21][0]   ;
; touch_ml_scanpipe_top:pipeline|touch_capture_top:touch_path|touch_frame_adapter:frame|frame[21][3]      ; Merged with touch_ml_scanpipe_top:pipeline|touch_capture_top:touch_path|touch_frame_adapter:frame|frame[21][0]   ;
; touch_ml_scanpipe_top:pipeline|touch_capture_top:touch_path|touch_frame_adapter:frame|frame[20][1]      ; Merged with touch_ml_scanpipe_top:pipeline|touch_capture_top:touch_path|touch_frame_adapter:frame|frame[20][0]   ;
; touch_ml_scanpipe_top:pipeline|touch_capture_top:touch_path|touch_frame_adapter:frame|frame[20][3]      ; Merged with touch_ml_scanpipe_top:pipeline|touch_capture_top:touch_path|touch_frame_adapter:frame|frame[20][0]   ;
; touch_ml_scanpipe_top:pipeline|touch_capture_top:touch_path|touch_frame_adapter:frame|frame[19][1]      ; Merged with touch_ml_scanpipe_top:pipeline|touch_capture_top:touch_path|touch_frame_adapter:frame|frame[19][0]   ;
; touch_ml_scanpipe_top:pipeline|touch_capture_top:touch_path|touch_frame_adapter:frame|frame[19][3]      ; Merged with touch_ml_scanpipe_top:pipeline|touch_capture_top:touch_path|touch_frame_adapter:frame|frame[19][0]   ;
; touch_ml_scanpipe_top:pipeline|touch_capture_top:touch_path|touch_frame_adapter:frame|frame[18][1]      ; Merged with touch_ml_scanpipe_top:pipeline|touch_capture_top:touch_path|touch_frame_adapter:frame|frame[18][0]   ;
; touch_ml_scanpipe_top:pipeline|touch_capture_top:touch_path|touch_frame_adapter:frame|frame[18][3]      ; Merged with touch_ml_scanpipe_top:pipeline|touch_capture_top:touch_path|touch_frame_adapter:frame|frame[18][0]   ;
; touch_ml_scanpipe_top:pipeline|touch_capture_top:touch_path|touch_frame_adapter:frame|frame[17][1]      ; Merged with touch_ml_scanpipe_top:pipeline|touch_capture_top:touch_path|touch_frame_adapter:frame|frame[17][0]   ;
; touch_ml_scanpipe_top:pipeline|touch_capture_top:touch_path|touch_frame_adapter:frame|frame[17][3]      ; Merged with touch_ml_scanpipe_top:pipeline|touch_capture_top:touch_path|touch_frame_adapter:frame|frame[17][0]   ;
; touch_ml_scanpipe_top:pipeline|touch_capture_top:touch_path|touch_frame_adapter:frame|frame[16][1]      ; Merged with touch_ml_scanpipe_top:pipeline|touch_capture_top:touch_path|touch_frame_adapter:frame|frame[16][0]   ;
; touch_ml_scanpipe_top:pipeline|touch_capture_top:touch_path|touch_frame_adapter:frame|frame[16][3]      ; Merged with touch_ml_scanpipe_top:pipeline|touch_capture_top:touch_path|touch_frame_adapter:frame|frame[16][0]   ;
; touch_ml_scanpipe_top:pipeline|touch_capture_top:touch_path|touch_frame_adapter:frame|frame[14][3]      ; Merged with touch_ml_scanpipe_top:pipeline|touch_capture_top:touch_path|touch_frame_adapter:frame|frame[14][0]   ;
; touch_ml_scanpipe_top:pipeline|touch_capture_top:touch_path|touch_frame_adapter:frame|frame[12][3]      ; Merged with touch_ml_scanpipe_top:pipeline|touch_capture_top:touch_path|touch_frame_adapter:frame|frame[12][0]   ;
; touch_ml_scanpipe_top:pipeline|touch_capture_top:touch_path|touch_frame_adapter:frame|frame[10][3]      ; Merged with touch_ml_scanpipe_top:pipeline|touch_capture_top:touch_path|touch_frame_adapter:frame|frame[10][0]   ;
; touch_ml_scanpipe_top:pipeline|touch_capture_top:touch_path|touch_frame_adapter:frame|frame[8][3]       ; Merged with touch_ml_scanpipe_top:pipeline|touch_capture_top:touch_path|touch_frame_adapter:frame|frame[8][0]    ;
; touch_ml_scanpipe_top:pipeline|touch_capture_top:touch_path|touch_frame_adapter:frame|frame[6][3]       ; Merged with touch_ml_scanpipe_top:pipeline|touch_capture_top:touch_path|touch_frame_adapter:frame|frame[6][0]    ;
; touch_ml_scanpipe_top:pipeline|touch_capture_top:touch_path|touch_frame_adapter:frame|frame[5][1]       ; Merged with touch_ml_scanpipe_top:pipeline|touch_capture_top:touch_path|touch_frame_adapter:frame|frame[5][0]    ;
; touch_ml_scanpipe_top:pipeline|touch_capture_top:touch_path|touch_frame_adapter:frame|frame[4][3]       ; Merged with touch_ml_scanpipe_top:pipeline|touch_capture_top:touch_path|touch_frame_adapter:frame|frame[4][0]    ;
; touch_ml_scanpipe_top:pipeline|touch_capture_top:touch_path|touch_frame_adapter:frame|frame[2][3]       ; Merged with touch_ml_scanpipe_top:pipeline|touch_capture_top:touch_path|touch_frame_adapter:frame|frame[2][0]    ;
; touch_ml_scanpipe_top:pipeline|touch_capture_top:touch_path|touch_frame_adapter:frame|frame[0][3]       ; Merged with touch_ml_scanpipe_top:pipeline|touch_capture_top:touch_path|touch_frame_adapter:frame|frame[0][1]    ;
; touch_ml_scanpipe_top:pipeline|touch_capture_top:touch_path|touch_frame_adapter:frame|frame[193][2]     ; Merged with touch_ml_scanpipe_top:pipeline|touch_capture_top:touch_path|touch_frame_adapter:frame|frame[193][3]  ;
; touch_ml_scanpipe_top:pipeline|touch_capture_top:touch_path|touch_frame_adapter:frame|frame[190][1]     ; Merged with touch_ml_scanpipe_top:pipeline|touch_capture_top:touch_path|touch_frame_adapter:frame|frame[190][0]  ;
; touch_ml_scanpipe_top:pipeline|touch_capture_top:touch_path|touch_frame_adapter:frame|frame[188][3]     ; Merged with touch_ml_scanpipe_top:pipeline|touch_capture_top:touch_path|touch_frame_adapter:frame|frame[188][0]  ;
; touch_ml_scanpipe_top:pipeline|touch_capture_top:touch_path|touch_frame_adapter:frame|frame[187][1]     ; Merged with touch_ml_scanpipe_top:pipeline|touch_capture_top:touch_path|touch_frame_adapter:frame|frame[187][0]  ;
; touch_ml_scanpipe_top:pipeline|touch_capture_top:touch_path|touch_frame_adapter:frame|frame[185][1]     ; Merged with touch_ml_scanpipe_top:pipeline|touch_capture_top:touch_path|touch_frame_adapter:frame|frame[185][0]  ;
; touch_ml_scanpipe_top:pipeline|touch_capture_top:touch_path|touch_frame_adapter:frame|frame[163][1]     ; Merged with touch_ml_scanpipe_top:pipeline|touch_capture_top:touch_path|touch_frame_adapter:frame|frame[163][0]  ;
; touch_ml_scanpipe_top:pipeline|touch_capture_top:touch_path|touch_frame_adapter:frame|frame[163][3]     ; Merged with touch_ml_scanpipe_top:pipeline|touch_capture_top:touch_path|touch_frame_adapter:frame|frame[163][0]  ;
; touch_ml_scanpipe_top:pipeline|touch_capture_top:touch_path|touch_frame_adapter:frame|frame[162][1]     ; Merged with touch_ml_scanpipe_top:pipeline|touch_capture_top:touch_path|touch_frame_adapter:frame|frame[162][0]  ;
; touch_ml_scanpipe_top:pipeline|touch_capture_top:touch_path|touch_frame_adapter:frame|frame[161][1]     ; Merged with touch_ml_scanpipe_top:pipeline|touch_capture_top:touch_path|touch_frame_adapter:frame|frame[161][0]  ;
; touch_ml_scanpipe_top:pipeline|touch_capture_top:touch_path|touch_frame_adapter:frame|frame[161][3]     ; Merged with touch_ml_scanpipe_top:pipeline|touch_capture_top:touch_path|touch_frame_adapter:frame|frame[161][0]  ;
; touch_ml_scanpipe_top:pipeline|touch_capture_top:touch_path|touch_frame_adapter:frame|frame[160][1]     ; Merged with touch_ml_scanpipe_top:pipeline|touch_capture_top:touch_path|touch_frame_adapter:frame|frame[160][0]  ;
; touch_ml_scanpipe_top:pipeline|touch_capture_top:touch_path|touch_frame_adapter:frame|frame[160][3]     ; Merged with touch_ml_scanpipe_top:pipeline|touch_capture_top:touch_path|touch_frame_adapter:frame|frame[160][0]  ;
; touch_ml_scanpipe_top:pipeline|touch_capture_top:touch_path|touch_frame_adapter:frame|frame[159][3]     ; Merged with touch_ml_scanpipe_top:pipeline|touch_capture_top:touch_path|touch_frame_adapter:frame|frame[159][0]  ;
; touch_ml_scanpipe_top:pipeline|touch_capture_top:touch_path|touch_frame_adapter:frame|frame[158][1]     ; Merged with touch_ml_scanpipe_top:pipeline|touch_capture_top:touch_path|touch_frame_adapter:frame|frame[158][0]  ;
; touch_ml_scanpipe_top:pipeline|touch_capture_top:touch_path|touch_frame_adapter:frame|frame[157][1]     ; Merged with touch_ml_scanpipe_top:pipeline|touch_capture_top:touch_path|touch_frame_adapter:frame|frame[157][0]  ;
; touch_ml_scanpipe_top:pipeline|touch_capture_top:touch_path|touch_frame_adapter:frame|frame[156][1]     ; Merged with touch_ml_scanpipe_top:pipeline|touch_capture_top:touch_path|touch_frame_adapter:frame|frame[156][0]  ;
; touch_ml_scanpipe_top:pipeline|touch_capture_top:touch_path|touch_frame_adapter:frame|frame[155][1]     ; Merged with touch_ml_scanpipe_top:pipeline|touch_capture_top:touch_path|touch_frame_adapter:frame|frame[155][0]  ;
; touch_ml_scanpipe_top:pipeline|touch_capture_top:touch_path|touch_frame_adapter:frame|frame[154][3]     ; Merged with touch_ml_scanpipe_top:pipeline|touch_capture_top:touch_path|touch_frame_adapter:frame|frame[154][0]  ;
; touch_ml_scanpipe_top:pipeline|touch_capture_top:touch_path|touch_frame_adapter:frame|frame[152][1]     ; Merged with touch_ml_scanpipe_top:pipeline|touch_capture_top:touch_path|touch_frame_adapter:frame|frame[152][0]  ;
; touch_ml_scanpipe_top:pipeline|touch_capture_top:touch_path|touch_frame_adapter:frame|frame[151][1]     ; Merged with touch_ml_scanpipe_top:pipeline|touch_capture_top:touch_path|touch_frame_adapter:frame|frame[151][0]  ;
; touch_ml_scanpipe_top:pipeline|touch_capture_top:touch_path|touch_frame_adapter:frame|frame[130][1]     ; Merged with touch_ml_scanpipe_top:pipeline|touch_capture_top:touch_path|touch_frame_adapter:frame|frame[130][0]  ;
; touch_ml_scanpipe_top:pipeline|touch_capture_top:touch_path|touch_frame_adapter:frame|frame[113][3]     ; Merged with touch_ml_scanpipe_top:pipeline|touch_capture_top:touch_path|touch_frame_adapter:frame|frame[113][0]  ;
; touch_ml_scanpipe_top:pipeline|touch_capture_top:touch_path|touch_frame_adapter:frame|frame[111][1]     ; Merged with touch_ml_scanpipe_top:pipeline|touch_capture_top:touch_path|touch_frame_adapter:frame|frame[111][0]  ;
; touch_ml_scanpipe_top:pipeline|touch_capture_top:touch_path|touch_frame_adapter:frame|frame[109][1]     ; Merged with touch_ml_scanpipe_top:pipeline|touch_capture_top:touch_path|touch_frame_adapter:frame|frame[109][0]  ;
; touch_ml_scanpipe_top:pipeline|touch_capture_top:touch_path|touch_frame_adapter:frame|frame[109][3]     ; Merged with touch_ml_scanpipe_top:pipeline|touch_capture_top:touch_path|touch_frame_adapter:frame|frame[109][0]  ;
; touch_ml_scanpipe_top:pipeline|touch_capture_top:touch_path|touch_frame_adapter:frame|frame[108][1]     ; Merged with touch_ml_scanpipe_top:pipeline|touch_capture_top:touch_path|touch_frame_adapter:frame|frame[108][0]  ;
; touch_ml_scanpipe_top:pipeline|touch_capture_top:touch_path|touch_frame_adapter:frame|frame[107][1]     ; Merged with touch_ml_scanpipe_top:pipeline|touch_capture_top:touch_path|touch_frame_adapter:frame|frame[107][0]  ;
; touch_ml_scanpipe_top:pipeline|touch_capture_top:touch_path|touch_frame_adapter:frame|frame[107][3]     ; Merged with touch_ml_scanpipe_top:pipeline|touch_capture_top:touch_path|touch_frame_adapter:frame|frame[107][0]  ;
; touch_ml_scanpipe_top:pipeline|touch_capture_top:touch_path|touch_frame_adapter:frame|frame[106][1]     ; Merged with touch_ml_scanpipe_top:pipeline|touch_capture_top:touch_path|touch_frame_adapter:frame|frame[106][0]  ;
; touch_ml_scanpipe_top:pipeline|touch_capture_top:touch_path|touch_frame_adapter:frame|frame[105][1]     ; Merged with touch_ml_scanpipe_top:pipeline|touch_capture_top:touch_path|touch_frame_adapter:frame|frame[105][0]  ;
; touch_ml_scanpipe_top:pipeline|touch_capture_top:touch_path|touch_frame_adapter:frame|frame[104][3]     ; Merged with touch_ml_scanpipe_top:pipeline|touch_capture_top:touch_path|touch_frame_adapter:frame|frame[104][0]  ;
; touch_ml_scanpipe_top:pipeline|touch_capture_top:touch_path|touch_frame_adapter:frame|frame[103][1]     ; Merged with touch_ml_scanpipe_top:pipeline|touch_capture_top:touch_path|touch_frame_adapter:frame|frame[103][0]  ;
; touch_ml_scanpipe_top:pipeline|touch_capture_top:touch_path|touch_frame_adapter:frame|frame[102][1]     ; Merged with touch_ml_scanpipe_top:pipeline|touch_capture_top:touch_path|touch_frame_adapter:frame|frame[102][0]  ;
; touch_ml_scanpipe_top:pipeline|touch_capture_top:touch_path|touch_frame_adapter:frame|frame[101][1]     ; Merged with touch_ml_scanpipe_top:pipeline|touch_capture_top:touch_path|touch_frame_adapter:frame|frame[101][0]  ;
; touch_ml_scanpipe_top:pipeline|touch_capture_top:touch_path|touch_frame_adapter:frame|frame[100][1]     ; Merged with touch_ml_scanpipe_top:pipeline|touch_capture_top:touch_path|touch_frame_adapter:frame|frame[100][0]  ;
; touch_ml_scanpipe_top:pipeline|touch_capture_top:touch_path|touch_frame_adapter:frame|frame[99][1]      ; Merged with touch_ml_scanpipe_top:pipeline|touch_capture_top:touch_path|touch_frame_adapter:frame|frame[99][0]   ;
; touch_ml_scanpipe_top:pipeline|touch_capture_top:touch_path|touch_frame_adapter:frame|frame[98][1]      ; Merged with touch_ml_scanpipe_top:pipeline|touch_capture_top:touch_path|touch_frame_adapter:frame|frame[98][0]   ;
; touch_ml_scanpipe_top:pipeline|touch_capture_top:touch_path|touch_frame_adapter:frame|frame[96][1]      ; Merged with touch_ml_scanpipe_top:pipeline|touch_capture_top:touch_path|touch_frame_adapter:frame|frame[96][0]   ;
; touch_ml_scanpipe_top:pipeline|touch_capture_top:touch_path|touch_frame_adapter:frame|frame[95][1]      ; Merged with touch_ml_scanpipe_top:pipeline|touch_capture_top:touch_path|touch_frame_adapter:frame|frame[95][0]   ;
; touch_ml_scanpipe_top:pipeline|touch_capture_top:touch_path|touch_frame_adapter:frame|frame[78][1]      ; Merged with touch_ml_scanpipe_top:pipeline|touch_capture_top:touch_path|touch_frame_adapter:frame|frame[78][0]   ;
; touch_ml_scanpipe_top:pipeline|touch_capture_top:touch_path|touch_frame_adapter:frame|frame[77][1]      ; Merged with touch_ml_scanpipe_top:pipeline|touch_capture_top:touch_path|touch_frame_adapter:frame|frame[77][0]   ;
; touch_ml_scanpipe_top:pipeline|touch_capture_top:touch_path|touch_frame_adapter:frame|frame[76][1]      ; Merged with touch_ml_scanpipe_top:pipeline|touch_capture_top:touch_path|touch_frame_adapter:frame|frame[76][0]   ;
; touch_ml_scanpipe_top:pipeline|touch_capture_top:touch_path|touch_frame_adapter:frame|frame[74][1]      ; Merged with touch_ml_scanpipe_top:pipeline|touch_capture_top:touch_path|touch_frame_adapter:frame|frame[74][0]   ;
; touch_ml_scanpipe_top:pipeline|touch_capture_top:touch_path|touch_frame_adapter:frame|frame[73][1]      ; Merged with touch_ml_scanpipe_top:pipeline|touch_capture_top:touch_path|touch_frame_adapter:frame|frame[73][0]   ;
; touch_ml_scanpipe_top:pipeline|touch_capture_top:touch_path|touch_frame_adapter:frame|frame[72][1]      ; Merged with touch_ml_scanpipe_top:pipeline|touch_capture_top:touch_path|touch_frame_adapter:frame|frame[72][0]   ;
; touch_ml_scanpipe_top:pipeline|touch_capture_top:touch_path|touch_frame_adapter:frame|frame[64][1]      ; Merged with touch_ml_scanpipe_top:pipeline|touch_capture_top:touch_path|touch_frame_adapter:frame|frame[64][0]   ;
; touch_ml_scanpipe_top:pipeline|touch_capture_top:touch_path|touch_frame_adapter:frame|frame[55][1]      ; Merged with touch_ml_scanpipe_top:pipeline|touch_capture_top:touch_path|touch_frame_adapter:frame|frame[55][0]   ;
; touch_ml_scanpipe_top:pipeline|touch_capture_top:touch_path|touch_frame_adapter:frame|frame[47][1]      ; Merged with touch_ml_scanpipe_top:pipeline|touch_capture_top:touch_path|touch_frame_adapter:frame|frame[47][0]   ;
; touch_ml_scanpipe_top:pipeline|touch_capture_top:touch_path|touch_frame_adapter:frame|frame[39][1]      ; Merged with touch_ml_scanpipe_top:pipeline|touch_capture_top:touch_path|touch_frame_adapter:frame|frame[39][0]   ;
; touch_ml_scanpipe_top:pipeline|touch_capture_top:touch_path|touch_frame_adapter:frame|frame[31][1]      ; Merged with touch_ml_scanpipe_top:pipeline|touch_capture_top:touch_path|touch_frame_adapter:frame|frame[31][0]   ;
; touch_ml_scanpipe_top:pipeline|touch_capture_top:touch_path|touch_frame_adapter:frame|frame[13][3]      ; Merged with touch_ml_scanpipe_top:pipeline|touch_capture_top:touch_path|touch_frame_adapter:frame|frame[13][0]   ;
; touch_ml_scanpipe_top:pipeline|touch_capture_top:touch_path|touch_frame_adapter:frame|frame[11][3]      ; Merged with touch_ml_scanpipe_top:pipeline|touch_capture_top:touch_path|touch_frame_adapter:frame|frame[11][0]   ;
; touch_ml_scanpipe_top:pipeline|touch_capture_top:touch_path|touch_frame_adapter:frame|frame[9][3]       ; Merged with touch_ml_scanpipe_top:pipeline|touch_capture_top:touch_path|touch_frame_adapter:frame|frame[9][0]    ;
; touch_ml_scanpipe_top:pipeline|touch_capture_top:touch_path|touch_frame_adapter:frame|frame[7][3]       ; Merged with touch_ml_scanpipe_top:pipeline|touch_capture_top:touch_path|touch_frame_adapter:frame|frame[7][0]    ;
; touch_ml_scanpipe_top:pipeline|touch_capture_top:touch_path|touch_frame_adapter:frame|frame[3][3]       ; Merged with touch_ml_scanpipe_top:pipeline|touch_capture_top:touch_path|touch_frame_adapter:frame|frame[3][1]    ;
; touch_ml_scanpipe_top:pipeline|touch_capture_top:touch_path|touch_frame_adapter:frame|frame[1][3]       ; Merged with touch_ml_scanpipe_top:pipeline|touch_capture_top:touch_path|touch_frame_adapter:frame|frame[1][0]    ;
; touch_ml_scanpipe_top:pipeline|touch_capture_top:touch_path|touch_frame_adapter:frame|frame[192][2]     ; Merged with touch_ml_scanpipe_top:pipeline|touch_capture_top:touch_path|touch_frame_adapter:frame|frame[192][3]  ;
; touch_ml_scanpipe_top:pipeline|touch_capture_top:touch_path|touch_frame_adapter:frame|frame[195][2]     ; Merged with touch_ml_scanpipe_top:pipeline|touch_capture_top:touch_path|touch_frame_adapter:frame|frame[195][3]  ;
; touch_ml_scanpipe_top:pipeline|touch_capture_top:touch_path|touch_frame_adapter:frame|frame[184][1]     ; Merged with touch_ml_scanpipe_top:pipeline|touch_capture_top:touch_path|touch_frame_adapter:frame|frame[184][0]  ;
; touch_ml_scanpipe_top:pipeline|touch_capture_top:touch_path|touch_frame_adapter:frame|frame[183][1]     ; Merged with touch_ml_scanpipe_top:pipeline|touch_capture_top:touch_path|touch_frame_adapter:frame|frame[183][0]  ;
; touch_ml_scanpipe_top:pipeline|touch_capture_top:touch_path|touch_frame_adapter:frame|frame[182][1]     ; Merged with touch_ml_scanpipe_top:pipeline|touch_capture_top:touch_path|touch_frame_adapter:frame|frame[182][0]  ;
; touch_ml_scanpipe_top:pipeline|touch_capture_top:touch_path|touch_frame_adapter:frame|frame[170][1]     ; Merged with touch_ml_scanpipe_top:pipeline|touch_capture_top:touch_path|touch_frame_adapter:frame|frame[170][0]  ;
; touch_ml_scanpipe_top:pipeline|touch_capture_top:touch_path|touch_frame_adapter:frame|frame[169][1]     ; Merged with touch_ml_scanpipe_top:pipeline|touch_capture_top:touch_path|touch_frame_adapter:frame|frame[169][0]  ;
; touch_ml_scanpipe_top:pipeline|touch_capture_top:touch_path|touch_frame_adapter:frame|frame[168][1]     ; Merged with touch_ml_scanpipe_top:pipeline|touch_capture_top:touch_path|touch_frame_adapter:frame|frame[168][0]  ;
; touch_ml_scanpipe_top:pipeline|touch_capture_top:touch_path|touch_frame_adapter:frame|frame[142][1]     ; Merged with touch_ml_scanpipe_top:pipeline|touch_capture_top:touch_path|touch_frame_adapter:frame|frame[142][0]  ;
; touch_ml_scanpipe_top:pipeline|touch_capture_top:touch_path|touch_frame_adapter:frame|frame[141][1]     ; Merged with touch_ml_scanpipe_top:pipeline|touch_capture_top:touch_path|touch_frame_adapter:frame|frame[141][0]  ;
; touch_ml_scanpipe_top:pipeline|touch_capture_top:touch_path|touch_frame_adapter:frame|frame[140][1]     ; Merged with touch_ml_scanpipe_top:pipeline|touch_capture_top:touch_path|touch_frame_adapter:frame|frame[140][0]  ;
; touch_ml_scanpipe_top:pipeline|touch_capture_top:touch_path|touch_frame_adapter:frame|frame[139][1]     ; Merged with touch_ml_scanpipe_top:pipeline|touch_capture_top:touch_path|touch_frame_adapter:frame|frame[139][0]  ;
; touch_ml_scanpipe_top:pipeline|touch_capture_top:touch_path|touch_frame_adapter:frame|frame[138][1]     ; Merged with touch_ml_scanpipe_top:pipeline|touch_capture_top:touch_path|touch_frame_adapter:frame|frame[138][0]  ;
; touch_ml_scanpipe_top:pipeline|touch_capture_top:touch_path|touch_frame_adapter:frame|frame[137][1]     ; Merged with touch_ml_scanpipe_top:pipeline|touch_capture_top:touch_path|touch_frame_adapter:frame|frame[137][0]  ;
; touch_ml_scanpipe_top:pipeline|touch_capture_top:touch_path|touch_frame_adapter:frame|frame[136][3]     ; Merged with touch_ml_scanpipe_top:pipeline|touch_capture_top:touch_path|touch_frame_adapter:frame|frame[136][0]  ;
; touch_ml_scanpipe_top:pipeline|touch_capture_top:touch_path|touch_frame_adapter:frame|frame[112][1]     ; Merged with touch_ml_scanpipe_top:pipeline|touch_capture_top:touch_path|touch_frame_adapter:frame|frame[112][0]  ;
; touch_ml_scanpipe_top:pipeline|touch_capture_top:touch_path|touch_frame_adapter:frame|frame[111][3]     ; Merged with touch_ml_scanpipe_top:pipeline|touch_capture_top:touch_path|touch_frame_adapter:frame|frame[111][0]  ;
; touch_ml_scanpipe_top:pipeline|touch_capture_top:touch_path|touch_frame_adapter:frame|frame[110][1]     ; Merged with touch_ml_scanpipe_top:pipeline|touch_capture_top:touch_path|touch_frame_adapter:frame|frame[110][0]  ;
; touch_ml_scanpipe_top:pipeline|touch_capture_top:touch_path|touch_frame_adapter:frame|frame[71][1]      ; Merged with touch_ml_scanpipe_top:pipeline|touch_capture_top:touch_path|touch_frame_adapter:frame|frame[71][0]   ;
; touch_ml_scanpipe_top:pipeline|touch_capture_top:touch_path|touch_frame_adapter:frame|frame[70][1]      ; Merged with touch_ml_scanpipe_top:pipeline|touch_capture_top:touch_path|touch_frame_adapter:frame|frame[70][0]   ;
; touch_ml_scanpipe_top:pipeline|touch_capture_top:touch_path|touch_frame_adapter:frame|frame[69][1]      ; Merged with touch_ml_scanpipe_top:pipeline|touch_capture_top:touch_path|touch_frame_adapter:frame|frame[69][0]   ;
; touch_ml_scanpipe_top:pipeline|touch_capture_top:touch_path|touch_frame_adapter:frame|frame[68][1]      ; Merged with touch_ml_scanpipe_top:pipeline|touch_capture_top:touch_path|touch_frame_adapter:frame|frame[68][0]   ;
; touch_ml_scanpipe_top:pipeline|touch_capture_top:touch_path|touch_frame_adapter:frame|frame[67][1]      ; Merged with touch_ml_scanpipe_top:pipeline|touch_capture_top:touch_path|touch_frame_adapter:frame|frame[67][0]   ;
; touch_ml_scanpipe_top:pipeline|touch_capture_top:touch_path|touch_frame_adapter:frame|frame[66][1]      ; Merged with touch_ml_scanpipe_top:pipeline|touch_capture_top:touch_path|touch_frame_adapter:frame|frame[66][0]   ;
; touch_ml_scanpipe_top:pipeline|touch_capture_top:touch_path|touch_frame_adapter:frame|frame[65][1]      ; Merged with touch_ml_scanpipe_top:pipeline|touch_capture_top:touch_path|touch_frame_adapter:frame|frame[65][0]   ;
; touch_ml_scanpipe_top:pipeline|touch_capture_top:touch_path|touch_frame_adapter:frame|frame[63][1]      ; Merged with touch_ml_scanpipe_top:pipeline|touch_capture_top:touch_path|touch_frame_adapter:frame|frame[63][0]   ;
; touch_ml_scanpipe_top:pipeline|touch_capture_top:touch_path|touch_frame_adapter:frame|frame[62][1]      ; Merged with touch_ml_scanpipe_top:pipeline|touch_capture_top:touch_path|touch_frame_adapter:frame|frame[62][0]   ;
; touch_ml_scanpipe_top:pipeline|touch_capture_top:touch_path|touch_frame_adapter:frame|frame[61][1]      ; Merged with touch_ml_scanpipe_top:pipeline|touch_capture_top:touch_path|touch_frame_adapter:frame|frame[61][0]   ;
; touch_ml_scanpipe_top:pipeline|touch_capture_top:touch_path|touch_frame_adapter:frame|frame[60][1]      ; Merged with touch_ml_scanpipe_top:pipeline|touch_capture_top:touch_path|touch_frame_adapter:frame|frame[60][0]   ;
; touch_ml_scanpipe_top:pipeline|touch_capture_top:touch_path|touch_frame_adapter:frame|frame[58][1]      ; Merged with touch_ml_scanpipe_top:pipeline|touch_capture_top:touch_path|touch_frame_adapter:frame|frame[58][0]   ;
; touch_ml_scanpipe_top:pipeline|touch_capture_top:touch_path|touch_frame_adapter:frame|frame[57][1]      ; Merged with touch_ml_scanpipe_top:pipeline|touch_capture_top:touch_path|touch_frame_adapter:frame|frame[57][0]   ;
; touch_ml_scanpipe_top:pipeline|touch_capture_top:touch_path|touch_frame_adapter:frame|frame[56][1]      ; Merged with touch_ml_scanpipe_top:pipeline|touch_capture_top:touch_path|touch_frame_adapter:frame|frame[56][0]   ;
; touch_ml_scanpipe_top:pipeline|touch_capture_top:touch_path|touch_frame_adapter:frame|frame[54][1]      ; Merged with touch_ml_scanpipe_top:pipeline|touch_capture_top:touch_path|touch_frame_adapter:frame|frame[54][0]   ;
; touch_ml_scanpipe_top:pipeline|touch_capture_top:touch_path|touch_frame_adapter:frame|frame[53][1]      ; Merged with touch_ml_scanpipe_top:pipeline|touch_capture_top:touch_path|touch_frame_adapter:frame|frame[53][0]   ;
; touch_ml_scanpipe_top:pipeline|touch_capture_top:touch_path|touch_frame_adapter:frame|frame[52][1]      ; Merged with touch_ml_scanpipe_top:pipeline|touch_capture_top:touch_path|touch_frame_adapter:frame|frame[52][0]   ;
; touch_ml_scanpipe_top:pipeline|touch_capture_top:touch_path|touch_frame_adapter:frame|frame[51][1]      ; Merged with touch_ml_scanpipe_top:pipeline|touch_capture_top:touch_path|touch_frame_adapter:frame|frame[51][0]   ;
; touch_ml_scanpipe_top:pipeline|touch_capture_top:touch_path|touch_frame_adapter:frame|frame[50][1]      ; Merged with touch_ml_scanpipe_top:pipeline|touch_capture_top:touch_path|touch_frame_adapter:frame|frame[50][0]   ;
; touch_ml_scanpipe_top:pipeline|touch_capture_top:touch_path|touch_frame_adapter:frame|frame[49][1]      ; Merged with touch_ml_scanpipe_top:pipeline|touch_capture_top:touch_path|touch_frame_adapter:frame|frame[49][0]   ;
; touch_ml_scanpipe_top:pipeline|touch_capture_top:touch_path|touch_frame_adapter:frame|frame[48][3]      ; Merged with touch_ml_scanpipe_top:pipeline|touch_capture_top:touch_path|touch_frame_adapter:frame|frame[48][0]   ;
; touch_ml_scanpipe_top:pipeline|touch_capture_top:touch_path|touch_frame_adapter:frame|frame[30][1]      ; Merged with touch_ml_scanpipe_top:pipeline|touch_capture_top:touch_path|touch_frame_adapter:frame|frame[30][0]   ;
; touch_ml_scanpipe_top:pipeline|touch_capture_top:touch_path|touch_frame_adapter:frame|frame[15][1]      ; Merged with touch_ml_scanpipe_top:pipeline|touch_capture_top:touch_path|touch_frame_adapter:frame|frame[15][0]   ;
; touch_ml_scanpipe_top:pipeline|touch_capture_top:touch_path|touch_frame_adapter:frame|frame[7][1]       ; Merged with touch_ml_scanpipe_top:pipeline|touch_capture_top:touch_path|touch_frame_adapter:frame|frame[7][0]    ;
; touch_ml_scanpipe_top:pipeline|touch_capture_top:touch_path|touch_frame_adapter:frame|frame[191][2]     ; Merged with touch_ml_scanpipe_top:pipeline|touch_capture_top:touch_path|touch_frame_adapter:frame|frame[191][3]  ;
; touch_ml_scanpipe_top:pipeline|touch_capture_top:touch_path|touch_frame_adapter:frame|frame[181][1]     ; Merged with touch_ml_scanpipe_top:pipeline|touch_capture_top:touch_path|touch_frame_adapter:frame|frame[181][0]  ;
; touch_ml_scanpipe_top:pipeline|touch_capture_top:touch_path|touch_frame_adapter:frame|frame[180][2]     ; Merged with touch_ml_scanpipe_top:pipeline|touch_capture_top:touch_path|touch_frame_adapter:frame|frame[180][0]  ;
; touch_ml_scanpipe_top:pipeline|touch_capture_top:touch_path|touch_frame_adapter:frame|frame[179][1]     ; Merged with touch_ml_scanpipe_top:pipeline|touch_capture_top:touch_path|touch_frame_adapter:frame|frame[179][0]  ;
; touch_ml_scanpipe_top:pipeline|touch_capture_top:touch_path|touch_frame_adapter:frame|frame[172][1]     ; Merged with touch_ml_scanpipe_top:pipeline|touch_capture_top:touch_path|touch_frame_adapter:frame|frame[172][0]  ;
; touch_ml_scanpipe_top:pipeline|touch_capture_top:touch_path|touch_frame_adapter:frame|frame[171][1]     ; Merged with touch_ml_scanpipe_top:pipeline|touch_capture_top:touch_path|touch_frame_adapter:frame|frame[171][0]  ;
; touch_ml_scanpipe_top:pipeline|touch_capture_top:touch_path|touch_frame_adapter:frame|frame[135][1]     ; Merged with touch_ml_scanpipe_top:pipeline|touch_capture_top:touch_path|touch_frame_adapter:frame|frame[135][0]  ;
; touch_ml_scanpipe_top:pipeline|touch_capture_top:touch_path|touch_frame_adapter:frame|frame[134][1]     ; Merged with touch_ml_scanpipe_top:pipeline|touch_capture_top:touch_path|touch_frame_adapter:frame|frame[134][0]  ;
; touch_ml_scanpipe_top:pipeline|touch_capture_top:touch_path|touch_frame_adapter:frame|frame[133][1]     ; Merged with touch_ml_scanpipe_top:pipeline|touch_capture_top:touch_path|touch_frame_adapter:frame|frame[133][0]  ;
; touch_ml_scanpipe_top:pipeline|touch_capture_top:touch_path|touch_frame_adapter:frame|frame[132][1]     ; Merged with touch_ml_scanpipe_top:pipeline|touch_capture_top:touch_path|touch_frame_adapter:frame|frame[132][0]  ;
; touch_ml_scanpipe_top:pipeline|touch_capture_top:touch_path|touch_frame_adapter:frame|frame[131][1]     ; Merged with touch_ml_scanpipe_top:pipeline|touch_capture_top:touch_path|touch_frame_adapter:frame|frame[131][0]  ;
; touch_ml_scanpipe_top:pipeline|touch_capture_top:touch_path|touch_frame_adapter:frame|frame[129][1]     ; Merged with touch_ml_scanpipe_top:pipeline|touch_capture_top:touch_path|touch_frame_adapter:frame|frame[129][0]  ;
; touch_ml_scanpipe_top:pipeline|touch_capture_top:touch_path|touch_frame_adapter:frame|frame[128][1]     ; Merged with touch_ml_scanpipe_top:pipeline|touch_capture_top:touch_path|touch_frame_adapter:frame|frame[128][0]  ;
; touch_ml_scanpipe_top:pipeline|touch_capture_top:touch_path|touch_frame_adapter:frame|frame[114][1]     ; Merged with touch_ml_scanpipe_top:pipeline|touch_capture_top:touch_path|touch_frame_adapter:frame|frame[114][0]  ;
; touch_ml_scanpipe_top:pipeline|touch_capture_top:touch_path|touch_frame_adapter:frame|frame[113][1]     ; Merged with touch_ml_scanpipe_top:pipeline|touch_capture_top:touch_path|touch_frame_adapter:frame|frame[113][0]  ;
; touch_ml_scanpipe_top:pipeline|touch_capture_top:touch_path|touch_frame_adapter:frame|frame[46][1]      ; Merged with touch_ml_scanpipe_top:pipeline|touch_capture_top:touch_path|touch_frame_adapter:frame|frame[46][0]   ;
; touch_ml_scanpipe_top:pipeline|touch_capture_top:touch_path|touch_frame_adapter:frame|frame[45][1]      ; Merged with touch_ml_scanpipe_top:pipeline|touch_capture_top:touch_path|touch_frame_adapter:frame|frame[45][0]   ;
; touch_ml_scanpipe_top:pipeline|touch_capture_top:touch_path|touch_frame_adapter:frame|frame[44][1]      ; Merged with touch_ml_scanpipe_top:pipeline|touch_capture_top:touch_path|touch_frame_adapter:frame|frame[44][0]   ;
; touch_ml_scanpipe_top:pipeline|touch_capture_top:touch_path|touch_frame_adapter:frame|frame[43][1]      ; Merged with touch_ml_scanpipe_top:pipeline|touch_capture_top:touch_path|touch_frame_adapter:frame|frame[43][0]   ;
; touch_ml_scanpipe_top:pipeline|touch_capture_top:touch_path|touch_frame_adapter:frame|frame[42][1]      ; Merged with touch_ml_scanpipe_top:pipeline|touch_capture_top:touch_path|touch_frame_adapter:frame|frame[42][0]   ;
; touch_ml_scanpipe_top:pipeline|touch_capture_top:touch_path|touch_frame_adapter:frame|frame[41][1]      ; Merged with touch_ml_scanpipe_top:pipeline|touch_capture_top:touch_path|touch_frame_adapter:frame|frame[41][0]   ;
; touch_ml_scanpipe_top:pipeline|touch_capture_top:touch_path|touch_frame_adapter:frame|frame[40][1]      ; Merged with touch_ml_scanpipe_top:pipeline|touch_capture_top:touch_path|touch_frame_adapter:frame|frame[40][0]   ;
; touch_ml_scanpipe_top:pipeline|touch_capture_top:touch_path|touch_frame_adapter:frame|frame[38][1]      ; Merged with touch_ml_scanpipe_top:pipeline|touch_capture_top:touch_path|touch_frame_adapter:frame|frame[38][0]   ;
; touch_ml_scanpipe_top:pipeline|touch_capture_top:touch_path|touch_frame_adapter:frame|frame[37][3]      ; Merged with touch_ml_scanpipe_top:pipeline|touch_capture_top:touch_path|touch_frame_adapter:frame|frame[37][0]   ;
; touch_ml_scanpipe_top:pipeline|touch_capture_top:touch_path|touch_frame_adapter:frame|frame[36][1]      ; Merged with touch_ml_scanpipe_top:pipeline|touch_capture_top:touch_path|touch_frame_adapter:frame|frame[36][0]   ;
; touch_ml_scanpipe_top:pipeline|touch_capture_top:touch_path|touch_frame_adapter:frame|frame[35][1]      ; Merged with touch_ml_scanpipe_top:pipeline|touch_capture_top:touch_path|touch_frame_adapter:frame|frame[35][0]   ;
; touch_ml_scanpipe_top:pipeline|touch_capture_top:touch_path|touch_frame_adapter:frame|frame[34][1]      ; Merged with touch_ml_scanpipe_top:pipeline|touch_capture_top:touch_path|touch_frame_adapter:frame|frame[34][0]   ;
; touch_ml_scanpipe_top:pipeline|touch_capture_top:touch_path|touch_frame_adapter:frame|frame[33][1]      ; Merged with touch_ml_scanpipe_top:pipeline|touch_capture_top:touch_path|touch_frame_adapter:frame|frame[33][0]   ;
; touch_ml_scanpipe_top:pipeline|touch_capture_top:touch_path|touch_frame_adapter:frame|frame[32][1]      ; Merged with touch_ml_scanpipe_top:pipeline|touch_capture_top:touch_path|touch_frame_adapter:frame|frame[32][0]   ;
; touch_ml_scanpipe_top:pipeline|touch_capture_top:touch_path|touch_frame_adapter:frame|frame[11][1]      ; Merged with touch_ml_scanpipe_top:pipeline|touch_capture_top:touch_path|touch_frame_adapter:frame|frame[11][0]   ;
; touch_ml_scanpipe_top:pipeline|touch_capture_top:touch_path|touch_frame_adapter:frame|frame[2][1]       ; Merged with touch_ml_scanpipe_top:pipeline|touch_capture_top:touch_path|touch_frame_adapter:frame|frame[2][0]    ;
; touch_ml_scanpipe_top:pipeline|touch_capture_top:touch_path|touch_frame_adapter:frame|frame[176][2]     ; Merged with touch_ml_scanpipe_top:pipeline|touch_capture_top:touch_path|touch_frame_adapter:frame|frame[176][0]  ;
; touch_ml_scanpipe_top:pipeline|touch_capture_top:touch_path|touch_frame_adapter:frame|frame[174][1]     ; Merged with touch_ml_scanpipe_top:pipeline|touch_capture_top:touch_path|touch_frame_adapter:frame|frame[174][0]  ;
; touch_ml_scanpipe_top:pipeline|touch_capture_top:touch_path|touch_frame_adapter:frame|frame[173][1]     ; Merged with touch_ml_scanpipe_top:pipeline|touch_capture_top:touch_path|touch_frame_adapter:frame|frame[173][0]  ;
; touch_ml_scanpipe_top:pipeline|touch_capture_top:touch_path|touch_frame_adapter:frame|frame[127][1]     ; Merged with touch_ml_scanpipe_top:pipeline|touch_capture_top:touch_path|touch_frame_adapter:frame|frame[127][0]  ;
; touch_ml_scanpipe_top:pipeline|touch_capture_top:touch_path|touch_frame_adapter:frame|frame[126][1]     ; Merged with touch_ml_scanpipe_top:pipeline|touch_capture_top:touch_path|touch_frame_adapter:frame|frame[126][0]  ;
; touch_ml_scanpipe_top:pipeline|touch_capture_top:touch_path|touch_frame_adapter:frame|frame[125][1]     ; Merged with touch_ml_scanpipe_top:pipeline|touch_capture_top:touch_path|touch_frame_adapter:frame|frame[125][0]  ;
; touch_ml_scanpipe_top:pipeline|touch_capture_top:touch_path|touch_frame_adapter:frame|frame[124][1]     ; Merged with touch_ml_scanpipe_top:pipeline|touch_capture_top:touch_path|touch_frame_adapter:frame|frame[124][0]  ;
; touch_ml_scanpipe_top:pipeline|touch_capture_top:touch_path|touch_frame_adapter:frame|frame[123][1]     ; Merged with touch_ml_scanpipe_top:pipeline|touch_capture_top:touch_path|touch_frame_adapter:frame|frame[123][0]  ;
; touch_ml_scanpipe_top:pipeline|touch_capture_top:touch_path|touch_frame_adapter:frame|frame[122][1]     ; Merged with touch_ml_scanpipe_top:pipeline|touch_capture_top:touch_path|touch_frame_adapter:frame|frame[122][0]  ;
; touch_ml_scanpipe_top:pipeline|touch_capture_top:touch_path|touch_frame_adapter:frame|frame[14][1]      ; Merged with touch_ml_scanpipe_top:pipeline|touch_capture_top:touch_path|touch_frame_adapter:frame|frame[14][0]   ;
; touch_ml_scanpipe_top:pipeline|touch_capture_top:touch_path|touch_frame_adapter:frame|frame[13][1]      ; Merged with touch_ml_scanpipe_top:pipeline|touch_capture_top:touch_path|touch_frame_adapter:frame|frame[13][0]   ;
; touch_ml_scanpipe_top:pipeline|touch_capture_top:touch_path|touch_frame_adapter:frame|frame[12][1]      ; Merged with touch_ml_scanpipe_top:pipeline|touch_capture_top:touch_path|touch_frame_adapter:frame|frame[12][0]   ;
; touch_ml_scanpipe_top:pipeline|touch_capture_top:touch_path|touch_frame_adapter:frame|frame[10][1]      ; Merged with touch_ml_scanpipe_top:pipeline|touch_capture_top:touch_path|touch_frame_adapter:frame|frame[10][0]   ;
; touch_ml_scanpipe_top:pipeline|touch_capture_top:touch_path|touch_frame_adapter:frame|frame[9][1]       ; Merged with touch_ml_scanpipe_top:pipeline|touch_capture_top:touch_path|touch_frame_adapter:frame|frame[9][0]    ;
; touch_ml_scanpipe_top:pipeline|touch_capture_top:touch_path|touch_frame_adapter:frame|frame[8][1]       ; Merged with touch_ml_scanpipe_top:pipeline|touch_capture_top:touch_path|touch_frame_adapter:frame|frame[8][0]    ;
; touch_ml_scanpipe_top:pipeline|touch_capture_top:touch_path|touch_frame_adapter:frame|frame[6][1]       ; Merged with touch_ml_scanpipe_top:pipeline|touch_capture_top:touch_path|touch_frame_adapter:frame|frame[6][0]    ;
; touch_ml_scanpipe_top:pipeline|touch_capture_top:touch_path|touch_frame_adapter:frame|frame[5][3]       ; Merged with touch_ml_scanpipe_top:pipeline|touch_capture_top:touch_path|touch_frame_adapter:frame|frame[5][0]    ;
; touch_ml_scanpipe_top:pipeline|touch_capture_top:touch_path|touch_frame_adapter:frame|frame[4][1]       ; Merged with touch_ml_scanpipe_top:pipeline|touch_capture_top:touch_path|touch_frame_adapter:frame|frame[4][0]    ;
; touch_ml_scanpipe_top:pipeline|touch_capture_top:touch_path|touch_frame_adapter:frame|frame[3][1]       ; Merged with touch_ml_scanpipe_top:pipeline|touch_capture_top:touch_path|touch_frame_adapter:frame|frame[3][0]    ;
; touch_ml_scanpipe_top:pipeline|touch_capture_top:touch_path|touch_frame_adapter:frame|frame[1][1]       ; Merged with touch_ml_scanpipe_top:pipeline|touch_capture_top:touch_path|touch_frame_adapter:frame|frame[1][0]    ;
; touch_ml_scanpipe_top:pipeline|touch_capture_top:touch_path|touch_frame_adapter:frame|frame[0][1]       ; Merged with touch_ml_scanpipe_top:pipeline|touch_capture_top:touch_path|touch_frame_adapter:frame|frame[0][0]    ;
; touch_ml_scanpipe_top:pipeline|ml_inference_scanpipe:ml_path|scan_best[33..39]                          ; Merged with touch_ml_scanpipe_top:pipeline|ml_inference_scanpipe:ml_path|scan_best[32]                           ;
; touch_ml_scanpipe_top:pipeline|ml_inference_scanpipe:ml_path|scores[9][33]                              ; Merged with touch_ml_scanpipe_top:pipeline|ml_inference_scanpipe:ml_path|scores[9][32]                           ;
; touch_ml_scanpipe_top:pipeline|ml_inference_scanpipe:ml_path|scores[9][34]                              ; Merged with touch_ml_scanpipe_top:pipeline|ml_inference_scanpipe:ml_path|scores[9][32]                           ;
; touch_ml_scanpipe_top:pipeline|ml_inference_scanpipe:ml_path|scores[9][35]                              ; Merged with touch_ml_scanpipe_top:pipeline|ml_inference_scanpipe:ml_path|scores[9][32]                           ;
; touch_ml_scanpipe_top:pipeline|ml_inference_scanpipe:ml_path|scores[9][36]                              ; Merged with touch_ml_scanpipe_top:pipeline|ml_inference_scanpipe:ml_path|scores[9][32]                           ;
; touch_ml_scanpipe_top:pipeline|ml_inference_scanpipe:ml_path|scores[9][37]                              ; Merged with touch_ml_scanpipe_top:pipeline|ml_inference_scanpipe:ml_path|scores[9][32]                           ;
; touch_ml_scanpipe_top:pipeline|ml_inference_scanpipe:ml_path|scores[9][38]                              ; Merged with touch_ml_scanpipe_top:pipeline|ml_inference_scanpipe:ml_path|scores[9][32]                           ;
; touch_ml_scanpipe_top:pipeline|ml_inference_scanpipe:ml_path|scores[9][39]                              ; Merged with touch_ml_scanpipe_top:pipeline|ml_inference_scanpipe:ml_path|scores[9][32]                           ;
; touch_ml_scanpipe_top:pipeline|ml_inference_scanpipe:ml_path|scores[8][33]                              ; Merged with touch_ml_scanpipe_top:pipeline|ml_inference_scanpipe:ml_path|scores[8][32]                           ;
; touch_ml_scanpipe_top:pipeline|ml_inference_scanpipe:ml_path|scores[8][34]                              ; Merged with touch_ml_scanpipe_top:pipeline|ml_inference_scanpipe:ml_path|scores[8][32]                           ;
; touch_ml_scanpipe_top:pipeline|ml_inference_scanpipe:ml_path|scores[8][35]                              ; Merged with touch_ml_scanpipe_top:pipeline|ml_inference_scanpipe:ml_path|scores[8][32]                           ;
; touch_ml_scanpipe_top:pipeline|ml_inference_scanpipe:ml_path|scores[8][36]                              ; Merged with touch_ml_scanpipe_top:pipeline|ml_inference_scanpipe:ml_path|scores[8][32]                           ;
; touch_ml_scanpipe_top:pipeline|ml_inference_scanpipe:ml_path|scores[8][37]                              ; Merged with touch_ml_scanpipe_top:pipeline|ml_inference_scanpipe:ml_path|scores[8][32]                           ;
; touch_ml_scanpipe_top:pipeline|ml_inference_scanpipe:ml_path|scores[8][38]                              ; Merged with touch_ml_scanpipe_top:pipeline|ml_inference_scanpipe:ml_path|scores[8][32]                           ;
; touch_ml_scanpipe_top:pipeline|ml_inference_scanpipe:ml_path|scores[8][39]                              ; Merged with touch_ml_scanpipe_top:pipeline|ml_inference_scanpipe:ml_path|scores[8][32]                           ;
; touch_ml_scanpipe_top:pipeline|ml_inference_scanpipe:ml_path|scores[7][33]                              ; Merged with touch_ml_scanpipe_top:pipeline|ml_inference_scanpipe:ml_path|scores[7][32]                           ;
; touch_ml_scanpipe_top:pipeline|ml_inference_scanpipe:ml_path|scores[7][34]                              ; Merged with touch_ml_scanpipe_top:pipeline|ml_inference_scanpipe:ml_path|scores[7][32]                           ;
; touch_ml_scanpipe_top:pipeline|ml_inference_scanpipe:ml_path|scores[7][35]                              ; Merged with touch_ml_scanpipe_top:pipeline|ml_inference_scanpipe:ml_path|scores[7][32]                           ;
; touch_ml_scanpipe_top:pipeline|ml_inference_scanpipe:ml_path|scores[7][36]                              ; Merged with touch_ml_scanpipe_top:pipeline|ml_inference_scanpipe:ml_path|scores[7][32]                           ;
; touch_ml_scanpipe_top:pipeline|ml_inference_scanpipe:ml_path|scores[7][37]                              ; Merged with touch_ml_scanpipe_top:pipeline|ml_inference_scanpipe:ml_path|scores[7][32]                           ;
; touch_ml_scanpipe_top:pipeline|ml_inference_scanpipe:ml_path|scores[7][38]                              ; Merged with touch_ml_scanpipe_top:pipeline|ml_inference_scanpipe:ml_path|scores[7][32]                           ;
; touch_ml_scanpipe_top:pipeline|ml_inference_scanpipe:ml_path|scores[7][39]                              ; Merged with touch_ml_scanpipe_top:pipeline|ml_inference_scanpipe:ml_path|scores[7][32]                           ;
; touch_ml_scanpipe_top:pipeline|ml_inference_scanpipe:ml_path|scores[6][33]                              ; Merged with touch_ml_scanpipe_top:pipeline|ml_inference_scanpipe:ml_path|scores[6][32]                           ;
; touch_ml_scanpipe_top:pipeline|ml_inference_scanpipe:ml_path|scores[6][34]                              ; Merged with touch_ml_scanpipe_top:pipeline|ml_inference_scanpipe:ml_path|scores[6][32]                           ;
; touch_ml_scanpipe_top:pipeline|ml_inference_scanpipe:ml_path|scores[6][35]                              ; Merged with touch_ml_scanpipe_top:pipeline|ml_inference_scanpipe:ml_path|scores[6][32]                           ;
; touch_ml_scanpipe_top:pipeline|ml_inference_scanpipe:ml_path|scores[6][36]                              ; Merged with touch_ml_scanpipe_top:pipeline|ml_inference_scanpipe:ml_path|scores[6][32]                           ;
; touch_ml_scanpipe_top:pipeline|ml_inference_scanpipe:ml_path|scores[6][37]                              ; Merged with touch_ml_scanpipe_top:pipeline|ml_inference_scanpipe:ml_path|scores[6][32]                           ;
; touch_ml_scanpipe_top:pipeline|ml_inference_scanpipe:ml_path|scores[6][38]                              ; Merged with touch_ml_scanpipe_top:pipeline|ml_inference_scanpipe:ml_path|scores[6][32]                           ;
; touch_ml_scanpipe_top:pipeline|ml_inference_scanpipe:ml_path|scores[6][39]                              ; Merged with touch_ml_scanpipe_top:pipeline|ml_inference_scanpipe:ml_path|scores[6][32]                           ;
; touch_ml_scanpipe_top:pipeline|ml_inference_scanpipe:ml_path|scores[5][33]                              ; Merged with touch_ml_scanpipe_top:pipeline|ml_inference_scanpipe:ml_path|scores[5][32]                           ;
; touch_ml_scanpipe_top:pipeline|ml_inference_scanpipe:ml_path|scores[5][34]                              ; Merged with touch_ml_scanpipe_top:pipeline|ml_inference_scanpipe:ml_path|scores[5][32]                           ;
; touch_ml_scanpipe_top:pipeline|ml_inference_scanpipe:ml_path|scores[5][35]                              ; Merged with touch_ml_scanpipe_top:pipeline|ml_inference_scanpipe:ml_path|scores[5][32]                           ;
; touch_ml_scanpipe_top:pipeline|ml_inference_scanpipe:ml_path|scores[5][36]                              ; Merged with touch_ml_scanpipe_top:pipeline|ml_inference_scanpipe:ml_path|scores[5][32]                           ;
; touch_ml_scanpipe_top:pipeline|ml_inference_scanpipe:ml_path|scores[5][37]                              ; Merged with touch_ml_scanpipe_top:pipeline|ml_inference_scanpipe:ml_path|scores[5][32]                           ;
; touch_ml_scanpipe_top:pipeline|ml_inference_scanpipe:ml_path|scores[5][38]                              ; Merged with touch_ml_scanpipe_top:pipeline|ml_inference_scanpipe:ml_path|scores[5][32]                           ;
; touch_ml_scanpipe_top:pipeline|ml_inference_scanpipe:ml_path|scores[5][39]                              ; Merged with touch_ml_scanpipe_top:pipeline|ml_inference_scanpipe:ml_path|scores[5][32]                           ;
; touch_ml_scanpipe_top:pipeline|ml_inference_scanpipe:ml_path|scores[4][33]                              ; Merged with touch_ml_scanpipe_top:pipeline|ml_inference_scanpipe:ml_path|scores[4][32]                           ;
; touch_ml_scanpipe_top:pipeline|ml_inference_scanpipe:ml_path|scores[4][34]                              ; Merged with touch_ml_scanpipe_top:pipeline|ml_inference_scanpipe:ml_path|scores[4][32]                           ;
; touch_ml_scanpipe_top:pipeline|ml_inference_scanpipe:ml_path|scores[4][35]                              ; Merged with touch_ml_scanpipe_top:pipeline|ml_inference_scanpipe:ml_path|scores[4][32]                           ;
; touch_ml_scanpipe_top:pipeline|ml_inference_scanpipe:ml_path|scores[4][36]                              ; Merged with touch_ml_scanpipe_top:pipeline|ml_inference_scanpipe:ml_path|scores[4][32]                           ;
; touch_ml_scanpipe_top:pipeline|ml_inference_scanpipe:ml_path|scores[4][37]                              ; Merged with touch_ml_scanpipe_top:pipeline|ml_inference_scanpipe:ml_path|scores[4][32]                           ;
; touch_ml_scanpipe_top:pipeline|ml_inference_scanpipe:ml_path|scores[4][38]                              ; Merged with touch_ml_scanpipe_top:pipeline|ml_inference_scanpipe:ml_path|scores[4][32]                           ;
; touch_ml_scanpipe_top:pipeline|ml_inference_scanpipe:ml_path|scores[4][39]                              ; Merged with touch_ml_scanpipe_top:pipeline|ml_inference_scanpipe:ml_path|scores[4][32]                           ;
; touch_ml_scanpipe_top:pipeline|ml_inference_scanpipe:ml_path|scores[3][33]                              ; Merged with touch_ml_scanpipe_top:pipeline|ml_inference_scanpipe:ml_path|scores[3][32]                           ;
; touch_ml_scanpipe_top:pipeline|ml_inference_scanpipe:ml_path|scores[3][34]                              ; Merged with touch_ml_scanpipe_top:pipeline|ml_inference_scanpipe:ml_path|scores[3][32]                           ;
; touch_ml_scanpipe_top:pipeline|ml_inference_scanpipe:ml_path|scores[3][35]                              ; Merged with touch_ml_scanpipe_top:pipeline|ml_inference_scanpipe:ml_path|scores[3][32]                           ;
; touch_ml_scanpipe_top:pipeline|ml_inference_scanpipe:ml_path|scores[3][36]                              ; Merged with touch_ml_scanpipe_top:pipeline|ml_inference_scanpipe:ml_path|scores[3][32]                           ;
; touch_ml_scanpipe_top:pipeline|ml_inference_scanpipe:ml_path|scores[3][37]                              ; Merged with touch_ml_scanpipe_top:pipeline|ml_inference_scanpipe:ml_path|scores[3][32]                           ;
; touch_ml_scanpipe_top:pipeline|ml_inference_scanpipe:ml_path|scores[3][38]                              ; Merged with touch_ml_scanpipe_top:pipeline|ml_inference_scanpipe:ml_path|scores[3][32]                           ;
; touch_ml_scanpipe_top:pipeline|ml_inference_scanpipe:ml_path|scores[3][39]                              ; Merged with touch_ml_scanpipe_top:pipeline|ml_inference_scanpipe:ml_path|scores[3][32]                           ;
; touch_ml_scanpipe_top:pipeline|ml_inference_scanpipe:ml_path|scores[2][33]                              ; Merged with touch_ml_scanpipe_top:pipeline|ml_inference_scanpipe:ml_path|scores[2][32]                           ;
; touch_ml_scanpipe_top:pipeline|ml_inference_scanpipe:ml_path|scores[2][34]                              ; Merged with touch_ml_scanpipe_top:pipeline|ml_inference_scanpipe:ml_path|scores[2][32]                           ;
; touch_ml_scanpipe_top:pipeline|ml_inference_scanpipe:ml_path|scores[2][35]                              ; Merged with touch_ml_scanpipe_top:pipeline|ml_inference_scanpipe:ml_path|scores[2][32]                           ;
; touch_ml_scanpipe_top:pipeline|ml_inference_scanpipe:ml_path|scores[2][36]                              ; Merged with touch_ml_scanpipe_top:pipeline|ml_inference_scanpipe:ml_path|scores[2][32]                           ;
; touch_ml_scanpipe_top:pipeline|ml_inference_scanpipe:ml_path|scores[2][37]                              ; Merged with touch_ml_scanpipe_top:pipeline|ml_inference_scanpipe:ml_path|scores[2][32]                           ;
; touch_ml_scanpipe_top:pipeline|ml_inference_scanpipe:ml_path|scores[2][38]                              ; Merged with touch_ml_scanpipe_top:pipeline|ml_inference_scanpipe:ml_path|scores[2][32]                           ;
; touch_ml_scanpipe_top:pipeline|ml_inference_scanpipe:ml_path|scores[2][39]                              ; Merged with touch_ml_scanpipe_top:pipeline|ml_inference_scanpipe:ml_path|scores[2][32]                           ;
; touch_ml_scanpipe_top:pipeline|ml_inference_scanpipe:ml_path|scores[1][33]                              ; Merged with touch_ml_scanpipe_top:pipeline|ml_inference_scanpipe:ml_path|scores[1][32]                           ;
; touch_ml_scanpipe_top:pipeline|ml_inference_scanpipe:ml_path|scores[1][34]                              ; Merged with touch_ml_scanpipe_top:pipeline|ml_inference_scanpipe:ml_path|scores[1][32]                           ;
; touch_ml_scanpipe_top:pipeline|ml_inference_scanpipe:ml_path|scores[1][35]                              ; Merged with touch_ml_scanpipe_top:pipeline|ml_inference_scanpipe:ml_path|scores[1][32]                           ;
; touch_ml_scanpipe_top:pipeline|ml_inference_scanpipe:ml_path|scores[1][36]                              ; Merged with touch_ml_scanpipe_top:pipeline|ml_inference_scanpipe:ml_path|scores[1][32]                           ;
; touch_ml_scanpipe_top:pipeline|ml_inference_scanpipe:ml_path|scores[1][37]                              ; Merged with touch_ml_scanpipe_top:pipeline|ml_inference_scanpipe:ml_path|scores[1][32]                           ;
; touch_ml_scanpipe_top:pipeline|ml_inference_scanpipe:ml_path|scores[1][38]                              ; Merged with touch_ml_scanpipe_top:pipeline|ml_inference_scanpipe:ml_path|scores[1][32]                           ;
; touch_ml_scanpipe_top:pipeline|ml_inference_scanpipe:ml_path|scores[1][39]                              ; Merged with touch_ml_scanpipe_top:pipeline|ml_inference_scanpipe:ml_path|scores[1][32]                           ;
; touch_ml_scanpipe_top:pipeline|ml_inference_scanpipe:ml_path|scores[0][33]                              ; Merged with touch_ml_scanpipe_top:pipeline|ml_inference_scanpipe:ml_path|scores[0][32]                           ;
; touch_ml_scanpipe_top:pipeline|ml_inference_scanpipe:ml_path|scores[0][34]                              ; Merged with touch_ml_scanpipe_top:pipeline|ml_inference_scanpipe:ml_path|scores[0][32]                           ;
; touch_ml_scanpipe_top:pipeline|ml_inference_scanpipe:ml_path|scores[0][35]                              ; Merged with touch_ml_scanpipe_top:pipeline|ml_inference_scanpipe:ml_path|scores[0][32]                           ;
; touch_ml_scanpipe_top:pipeline|ml_inference_scanpipe:ml_path|scores[0][36]                              ; Merged with touch_ml_scanpipe_top:pipeline|ml_inference_scanpipe:ml_path|scores[0][32]                           ;
; touch_ml_scanpipe_top:pipeline|ml_inference_scanpipe:ml_path|scores[0][37]                              ; Merged with touch_ml_scanpipe_top:pipeline|ml_inference_scanpipe:ml_path|scores[0][32]                           ;
; touch_ml_scanpipe_top:pipeline|ml_inference_scanpipe:ml_path|scores[0][38]                              ; Merged with touch_ml_scanpipe_top:pipeline|ml_inference_scanpipe:ml_path|scores[0][32]                           ;
; touch_ml_scanpipe_top:pipeline|ml_inference_scanpipe:ml_path|scores[0][39]                              ; Merged with touch_ml_scanpipe_top:pipeline|ml_inference_scanpipe:ml_path|scores[0][32]                           ;
; touch_ml_scanpipe_top:pipeline|touch_capture_top:touch_path|touch_frame_adapter:frame|input_pixel[1..3] ; Merged with touch_ml_scanpipe_top:pipeline|touch_capture_top:touch_path|touch_frame_adapter:frame|input_pixel[0] ;
; touch_ml_scanpipe_top:pipeline|touch_capture_top:touch_path|xpt2046_reader:reader|command[7]            ; Merged with touch_ml_scanpipe_top:pipeline|touch_capture_top:touch_path|xpt2046_reader:reader|command[4]         ;
; touch_ml_scanpipe_top:pipeline|touch_capture_top:touch_path|xpt2046_reader:reader|command[1..3,5]       ; Merged with touch_ml_scanpipe_top:pipeline|touch_capture_top:touch_path|xpt2046_reader:reader|command[0]         ;
; touch_ml_scanpipe_top:pipeline|touch_capture_top:touch_path|xpt2046_calibrator:calibrator|point_y[8]    ; Stuck at GND due to stuck port data_in                                                                           ;
; touch_ml_scanpipe_top:pipeline|touch_capture_top:touch_path|xpt2046_reader:reader|command[0]            ; Stuck at GND due to stuck port data_in                                                                           ;
; touch_ml_scanpipe_top:pipeline|ml_inference_scanpipe:ml_path|input_mem_rtl_0_bypass[2]                  ; Merged with touch_ml_scanpipe_top:pipeline|ml_inference_scanpipe:ml_path|pixel_idx[0]                            ;
; touch_ml_scanpipe_top:pipeline|ml_inference_scanpipe:ml_path|input_mem_rtl_0_bypass[4]                  ; Merged with touch_ml_scanpipe_top:pipeline|ml_inference_scanpipe:ml_path|pixel_idx[1]                            ;
; touch_ml_scanpipe_top:pipeline|ml_inference_scanpipe:ml_path|input_mem_rtl_0_bypass[6]                  ; Merged with touch_ml_scanpipe_top:pipeline|ml_inference_scanpipe:ml_path|pixel_idx[2]                            ;
; touch_ml_scanpipe_top:pipeline|ml_inference_scanpipe:ml_path|input_mem_rtl_0_bypass[8]                  ; Merged with touch_ml_scanpipe_top:pipeline|ml_inference_scanpipe:ml_path|pixel_idx[3]                            ;
; touch_ml_scanpipe_top:pipeline|ml_inference_scanpipe:ml_path|input_mem_rtl_0_bypass[10]                 ; Merged with touch_ml_scanpipe_top:pipeline|ml_inference_scanpipe:ml_path|pixel_idx[4]                            ;
; touch_ml_scanpipe_top:pipeline|ml_inference_scanpipe:ml_path|input_mem_rtl_0_bypass[12]                 ; Merged with touch_ml_scanpipe_top:pipeline|ml_inference_scanpipe:ml_path|pixel_idx[5]                            ;
; touch_ml_scanpipe_top:pipeline|ml_inference_scanpipe:ml_path|input_mem_rtl_0_bypass[14]                 ; Merged with touch_ml_scanpipe_top:pipeline|ml_inference_scanpipe:ml_path|pixel_idx[6]                            ;
; touch_ml_scanpipe_top:pipeline|ml_inference_scanpipe:ml_path|input_mem_rtl_0_bypass[16]                 ; Merged with touch_ml_scanpipe_top:pipeline|ml_inference_scanpipe:ml_path|pixel_idx[7]                            ;
; touch_ml_scanpipe_top:pipeline|ml_inference_scanpipe:ml_path|hidden_rtl_0_bypass[2]                     ; Merged with touch_ml_scanpipe_top:pipeline|ml_inference_scanpipe:ml_path|neuron[0]                               ;
; touch_ml_scanpipe_top:pipeline|ml_inference_scanpipe:ml_path|hidden_rtl_0_bypass[4]                     ; Merged with touch_ml_scanpipe_top:pipeline|ml_inference_scanpipe:ml_path|neuron[1]                               ;
; touch_ml_scanpipe_top:pipeline|ml_inference_scanpipe:ml_path|hidden_rtl_0_bypass[6]                     ; Merged with touch_ml_scanpipe_top:pipeline|ml_inference_scanpipe:ml_path|neuron[2]                               ;
; touch_ml_scanpipe_top:pipeline|ml_inference_scanpipe:ml_path|hidden_rtl_0_bypass[8]                     ; Merged with touch_ml_scanpipe_top:pipeline|ml_inference_scanpipe:ml_path|neuron[3]                               ;
; touch_ml_scanpipe_top:pipeline|ml_inference_scanpipe:ml_path|hidden_rtl_0_bypass[10]                    ; Merged with touch_ml_scanpipe_top:pipeline|ml_inference_scanpipe:ml_path|neuron[4]                               ;
; touch_ml_scanpipe_top:pipeline|ml_inference_scanpipe:ml_path|input_mem_rtl_0_bypass[18..20]             ; Merged with touch_ml_scanpipe_top:pipeline|ml_inference_scanpipe:ml_path|input_mem_rtl_0_bypass[17]              ;
; touch_ml_scanpipe_top:pipeline|ml_inference_scanpipe:ml_path|state.FINISH                               ; Lost fanout                                                                                                      ;
; touch_ml_scanpipe_top:pipeline|ml_inference_scanpipe:ml_path|state.REJECT_FRAME                         ; Lost fanout                                                                                                      ;
; lcd_live_writer:lcd_writer|state~5                                                                      ; Lost fanout                                                                                                      ;
; lcd_live_writer:lcd_writer|state~6                                                                      ; Lost fanout                                                                                                      ;
; lcd_live_writer:lcd_writer|state~7                                                                      ; Lost fanout                                                                                                      ;
; lcd_live_writer:lcd_writer|state~8                                                                      ; Lost fanout                                                                                                      ;
; lcd_live_writer:lcd_writer|state~9                                                                      ; Lost fanout                                                                                                      ;
; touch_ml_scanpipe_top:pipeline|ml_inference_scanpipe:ml_path|state~14                                   ; Lost fanout                                                                                                      ;
; touch_ml_scanpipe_top:pipeline|ml_inference_scanpipe:ml_path|state~15                                   ; Lost fanout                                                                                                      ;
; touch_ml_scanpipe_top:pipeline|ml_inference_scanpipe:ml_path|state~16                                   ; Lost fanout                                                                                                      ;
; touch_ml_scanpipe_top:pipeline|ml_inference_scanpipe:ml_path|state~17                                   ; Lost fanout                                                                                                      ;
; touch_ml_scanpipe_top:pipeline|touch_capture_top:touch_path|xpt2046_reader:reader|state~9               ; Lost fanout                                                                                                      ;
; touch_ml_scanpipe_top:pipeline|touch_capture_top:touch_path|xpt2046_reader:reader|state~10              ; Lost fanout                                                                                                      ;
; lcd_live_writer:lcd_writer|state.S_CLEAR_Y                                                              ; Stuck at GND due to stuck port data_in                                                                           ;
; lcd_live_writer:lcd_writer|state.S_CLEAR_YP                                                             ; Stuck at GND due to stuck port data_in                                                                           ;
; lcd_live_writer:lcd_writer|state.S_CLEAR_RAM                                                            ; Stuck at GND due to stuck port data_in                                                                           ;
; lcd_live_writer:lcd_writer|state.S_CLEAR_RAMP                                                           ; Stuck at GND due to stuck port data_in                                                                           ;
; lcd_live_writer:lcd_writer|state.S_CLEAR_NEXT                                                           ; Stuck at GND due to stuck port data_in                                                                           ;
; lcd_live_writer:lcd_writer|clear_x[0..9]                                                                ; Stuck at GND due to stuck port clock_enable                                                                      ;
; lcd_live_writer:lcd_writer|state.S_CLEAR_X                                                              ; Stuck at GND due to stuck port data_in                                                                           ;
; lcd_live_writer:lcd_writer|clear_y[0..8]                                                                ; Stuck at GND due to stuck port clock_enable                                                                      ;
; lcd_live_writer:lcd_writer|state.S_CLEAR_XP                                                             ; Stuck at GND due to stuck port data_in                                                                           ;
; lcd_live_writer:lcd_writer|draw_y[8]                                                                    ; Stuck at GND due to stuck port data_in                                                                           ;
; touch_ml_scanpipe_top:pipeline|ml_inference_scanpipe:ml_path|hidden_rtl_0_bypass[0]                     ; Merged with touch_ml_scanpipe_top:pipeline|ml_inference_scanpipe:ml_path|state.H_NEXT                            ;
; Total Number of Removed Registers = 732                                                                 ;                                                                                                                  ;
+---------------------------------------------------------------------------------------------------------+------------------------------------------------------------------------------------------------------------------+


+----------------------------------------------------------------------------------------------------------------------------------------------------------------------------------------------------------------------------+
; Removed Registers Triggering Further Register Optimizations                                                                                                                                                                ;
+------------------------------------------------------------------------------------------------------+--------------------------------+------------------------------------------------------------------------------------+
; Register name                                                                                        ; Reason for Removal             ; Registers Removed due to This Register                                             ;
+------------------------------------------------------------------------------------------------------+--------------------------------+------------------------------------------------------------------------------------+
; lcd_live_writer:lcd_writer|clear_x[0]                                                                ; Stuck at GND                   ; lcd_live_writer:lcd_writer|clear_x[6], lcd_live_writer:lcd_writer|clear_x[8],      ;
;                                                                                                      ; due to stuck port clock_enable ; lcd_live_writer:lcd_writer|clear_y[2], lcd_live_writer:lcd_writer|clear_y[3],      ;
;                                                                                                      ;                                ; lcd_live_writer:lcd_writer|clear_y[4], lcd_live_writer:lcd_writer|clear_y[6],      ;
;                                                                                                      ;                                ; lcd_live_writer:lcd_writer|clear_y[7], lcd_live_writer:lcd_writer|clear_y[8]       ;
; lcd_live_writer:lcd_writer|state.S_CLEAR_NEXT                                                        ; Stuck at GND                   ; lcd_live_writer:lcd_writer|state.S_CLEAR_X, lcd_live_writer:lcd_writer|clear_y[0], ;
;                                                                                                      ; due to stuck port data_in      ; lcd_live_writer:lcd_writer|clear_y[1], lcd_live_writer:lcd_writer|clear_y[5],      ;
;                                                                                                      ;                                ; lcd_live_writer:lcd_writer|state.S_CLEAR_XP                                        ;
; touch_ml_scanpipe_top:pipeline|touch_capture_top:touch_path|xpt2046_calibrator:calibrator|point_y[8] ; Stuck at GND                   ; lcd_live_writer:lcd_writer|draw_y[8]                                               ;
;                                                                                                      ; due to stuck port data_in      ;                                                                                    ;
+------------------------------------------------------------------------------------------------------+--------------------------------+------------------------------------------------------------------------------------+


+------------------------------------------------------+
; General Register Statistics                          ;
+----------------------------------------------+-------+
; Statistic                                    ; Value ;
+----------------------------------------------+-------+
; Total registers                              ; 1071  ;
; Number of registers using Synchronous Clear  ; 350   ;
; Number of registers using Synchronous Load   ; 52    ;
; Number of registers using Asynchronous Clear ; 239   ;
; Number of registers using Asynchronous Load  ; 0     ;
; Number of registers using Clock Enable       ; 888   ;
; Number of registers using Preset             ; 0     ;
+----------------------------------------------+-------+


+--------------------------------------------------------------------------------------------------------+
; Inverted Register Statistics                                                                           ;
+----------------------------------------------------------------------------------------------+---------+
; Inverted Register                                                                            ; Fan out ;
+----------------------------------------------------------------------------------------------+---------+
; touch_ml_scanpipe_top:pipeline|touch_capture_top:touch_path|xpt2046_reader:reader|touch_cs_n ; 2       ;
; joy_sync[0]                                                                                  ; 6       ;
; joy_sync[3]                                                                                  ; 4       ;
; joy_sync[2]                                                                                  ; 4       ;
; joy_sync[1]                                                                                  ; 4       ;
; press_sync                                                                                   ; 4       ;
; irq_sync                                                                                     ; 9       ;
; joy_meta[0]                                                                                  ; 1       ;
; joy_meta[3]                                                                                  ; 1       ;
; joy_meta[2]                                                                                  ; 1       ;
; joy_meta[1]                                                                                  ; 1       ;
; joy_prev[0]                                                                                  ; 3       ;
; press_meta                                                                                   ; 1       ;
; irq_meta                                                                                     ; 1       ;
; joy_prev[3]                                                                                  ; 1       ;
; joy_prev[2]                                                                                  ; 1       ;
; joy_prev[1]                                                                                  ; 1       ;
; Total number of inverted registers = 17                                                      ;         ;
+----------------------------------------------------------------------------------------------+---------+


+------------------------------------------------------------------------------------------------------------------------------------------------------------------------+
; Registers Added for RAM Pass-Through Logic                                                                                                                             ;
+-----------------------------------------------------------------------------------------+------------------------------------------------------------------------------+
; Register Name                                                                           ; RAM Name                                                                     ;
+-----------------------------------------------------------------------------------------+------------------------------------------------------------------------------+
; touch_ml_scanpipe_top:pipeline|ml_inference_scanpipe:ml_path|hidden_rtl_0_bypass[0]     ; touch_ml_scanpipe_top:pipeline|ml_inference_scanpipe:ml_path|hidden_rtl_0    ;
; touch_ml_scanpipe_top:pipeline|ml_inference_scanpipe:ml_path|hidden_rtl_0_bypass[1]     ; touch_ml_scanpipe_top:pipeline|ml_inference_scanpipe:ml_path|hidden_rtl_0    ;
; touch_ml_scanpipe_top:pipeline|ml_inference_scanpipe:ml_path|hidden_rtl_0_bypass[2]     ; touch_ml_scanpipe_top:pipeline|ml_inference_scanpipe:ml_path|hidden_rtl_0    ;
; touch_ml_scanpipe_top:pipeline|ml_inference_scanpipe:ml_path|hidden_rtl_0_bypass[3]     ; touch_ml_scanpipe_top:pipeline|ml_inference_scanpipe:ml_path|hidden_rtl_0    ;
; touch_ml_scanpipe_top:pipeline|ml_inference_scanpipe:ml_path|hidden_rtl_0_bypass[4]     ; touch_ml_scanpipe_top:pipeline|ml_inference_scanpipe:ml_path|hidden_rtl_0    ;
; touch_ml_scanpipe_top:pipeline|ml_inference_scanpipe:ml_path|hidden_rtl_0_bypass[5]     ; touch_ml_scanpipe_top:pipeline|ml_inference_scanpipe:ml_path|hidden_rtl_0    ;
; touch_ml_scanpipe_top:pipeline|ml_inference_scanpipe:ml_path|hidden_rtl_0_bypass[6]     ; touch_ml_scanpipe_top:pipeline|ml_inference_scanpipe:ml_path|hidden_rtl_0    ;
; touch_ml_scanpipe_top:pipeline|ml_inference_scanpipe:ml_path|hidden_rtl_0_bypass[7]     ; touch_ml_scanpipe_top:pipeline|ml_inference_scanpipe:ml_path|hidden_rtl_0    ;
; touch_ml_scanpipe_top:pipeline|ml_inference_scanpipe:ml_path|hidden_rtl_0_bypass[8]     ; touch_ml_scanpipe_top:pipeline|ml_inference_scanpipe:ml_path|hidden_rtl_0    ;
; touch_ml_scanpipe_top:pipeline|ml_inference_scanpipe:ml_path|hidden_rtl_0_bypass[9]     ; touch_ml_scanpipe_top:pipeline|ml_inference_scanpipe:ml_path|hidden_rtl_0    ;
; touch_ml_scanpipe_top:pipeline|ml_inference_scanpipe:ml_path|hidden_rtl_0_bypass[10]    ; touch_ml_scanpipe_top:pipeline|ml_inference_scanpipe:ml_path|hidden_rtl_0    ;
; touch_ml_scanpipe_top:pipeline|ml_inference_scanpipe:ml_path|hidden_rtl_0_bypass[11]    ; touch_ml_scanpipe_top:pipeline|ml_inference_scanpipe:ml_path|hidden_rtl_0    ;
; touch_ml_scanpipe_top:pipeline|ml_inference_scanpipe:ml_path|hidden_rtl_0_bypass[12]    ; touch_ml_scanpipe_top:pipeline|ml_inference_scanpipe:ml_path|hidden_rtl_0    ;
; touch_ml_scanpipe_top:pipeline|ml_inference_scanpipe:ml_path|hidden_rtl_0_bypass[13]    ; touch_ml_scanpipe_top:pipeline|ml_inference_scanpipe:ml_path|hidden_rtl_0    ;
; touch_ml_scanpipe_top:pipeline|ml_inference_scanpipe:ml_path|hidden_rtl_0_bypass[14]    ; touch_ml_scanpipe_top:pipeline|ml_inference_scanpipe:ml_path|hidden_rtl_0    ;
; touch_ml_scanpipe_top:pipeline|ml_inference_scanpipe:ml_path|hidden_rtl_0_bypass[15]    ; touch_ml_scanpipe_top:pipeline|ml_inference_scanpipe:ml_path|hidden_rtl_0    ;
; touch_ml_scanpipe_top:pipeline|ml_inference_scanpipe:ml_path|hidden_rtl_0_bypass[16]    ; touch_ml_scanpipe_top:pipeline|ml_inference_scanpipe:ml_path|hidden_rtl_0    ;
; touch_ml_scanpipe_top:pipeline|ml_inference_scanpipe:ml_path|hidden_rtl_0_bypass[17]    ; touch_ml_scanpipe_top:pipeline|ml_inference_scanpipe:ml_path|hidden_rtl_0    ;
; touch_ml_scanpipe_top:pipeline|ml_inference_scanpipe:ml_path|hidden_rtl_0_bypass[18]    ; touch_ml_scanpipe_top:pipeline|ml_inference_scanpipe:ml_path|hidden_rtl_0    ;
; touch_ml_scanpipe_top:pipeline|ml_inference_scanpipe:ml_path|hidden_rtl_0_bypass[19]    ; touch_ml_scanpipe_top:pipeline|ml_inference_scanpipe:ml_path|hidden_rtl_0    ;
; touch_ml_scanpipe_top:pipeline|ml_inference_scanpipe:ml_path|hidden_rtl_0_bypass[20]    ; touch_ml_scanpipe_top:pipeline|ml_inference_scanpipe:ml_path|hidden_rtl_0    ;
; touch_ml_scanpipe_top:pipeline|ml_inference_scanpipe:ml_path|hidden_rtl_0_bypass[21]    ; touch_ml_scanpipe_top:pipeline|ml_inference_scanpipe:ml_path|hidden_rtl_0    ;
; touch_ml_scanpipe_top:pipeline|ml_inference_scanpipe:ml_path|hidden_rtl_0_bypass[22]    ; touch_ml_scanpipe_top:pipeline|ml_inference_scanpipe:ml_path|hidden_rtl_0    ;
; touch_ml_scanpipe_top:pipeline|ml_inference_scanpipe:ml_path|hidden_rtl_0_bypass[23]    ; touch_ml_scanpipe_top:pipeline|ml_inference_scanpipe:ml_path|hidden_rtl_0    ;
; touch_ml_scanpipe_top:pipeline|ml_inference_scanpipe:ml_path|hidden_rtl_0_bypass[24]    ; touch_ml_scanpipe_top:pipeline|ml_inference_scanpipe:ml_path|hidden_rtl_0    ;
; touch_ml_scanpipe_top:pipeline|ml_inference_scanpipe:ml_path|hidden_rtl_0_bypass[25]    ; touch_ml_scanpipe_top:pipeline|ml_inference_scanpipe:ml_path|hidden_rtl_0    ;
; touch_ml_scanpipe_top:pipeline|ml_inference_scanpipe:ml_path|hidden_rtl_0_bypass[26]    ; touch_ml_scanpipe_top:pipeline|ml_inference_scanpipe:ml_path|hidden_rtl_0    ;
; touch_ml_scanpipe_top:pipeline|ml_inference_scanpipe:ml_path|hidden_rtl_0_bypass[27]    ; touch_ml_scanpipe_top:pipeline|ml_inference_scanpipe:ml_path|hidden_rtl_0    ;
; touch_ml_scanpipe_top:pipeline|ml_inference_scanpipe:ml_path|hidden_rtl_0_bypass[28]    ; touch_ml_scanpipe_top:pipeline|ml_inference_scanpipe:ml_path|hidden_rtl_0    ;
; touch_ml_scanpipe_top:pipeline|ml_inference_scanpipe:ml_path|hidden_rtl_0_bypass[29]    ; touch_ml_scanpipe_top:pipeline|ml_inference_scanpipe:ml_path|hidden_rtl_0    ;
; touch_ml_scanpipe_top:pipeline|ml_inference_scanpipe:ml_path|hidden_rtl_0_bypass[30]    ; touch_ml_scanpipe_top:pipeline|ml_inference_scanpipe:ml_path|hidden_rtl_0    ;
; touch_ml_scanpipe_top:pipeline|ml_inference_scanpipe:ml_path|hidden_rtl_0_bypass[31]    ; touch_ml_scanpipe_top:pipeline|ml_inference_scanpipe:ml_path|hidden_rtl_0    ;
; touch_ml_scanpipe_top:pipeline|ml_inference_scanpipe:ml_path|hidden_rtl_0_bypass[32]    ; touch_ml_scanpipe_top:pipeline|ml_inference_scanpipe:ml_path|hidden_rtl_0    ;
; touch_ml_scanpipe_top:pipeline|ml_inference_scanpipe:ml_path|hidden_rtl_0_bypass[33]    ; touch_ml_scanpipe_top:pipeline|ml_inference_scanpipe:ml_path|hidden_rtl_0    ;
; touch_ml_scanpipe_top:pipeline|ml_inference_scanpipe:ml_path|hidden_rtl_0_bypass[34]    ; touch_ml_scanpipe_top:pipeline|ml_inference_scanpipe:ml_path|hidden_rtl_0    ;
; touch_ml_scanpipe_top:pipeline|ml_inference_scanpipe:ml_path|hidden_rtl_0_bypass[35]    ; touch_ml_scanpipe_top:pipeline|ml_inference_scanpipe:ml_path|hidden_rtl_0    ;
; touch_ml_scanpipe_top:pipeline|ml_inference_scanpipe:ml_path|hidden_rtl_0_bypass[36]    ; touch_ml_scanpipe_top:pipeline|ml_inference_scanpipe:ml_path|hidden_rtl_0    ;
; touch_ml_scanpipe_top:pipeline|ml_inference_scanpipe:ml_path|hidden_rtl_0_bypass[37]    ; touch_ml_scanpipe_top:pipeline|ml_inference_scanpipe:ml_path|hidden_rtl_0    ;
; touch_ml_scanpipe_top:pipeline|ml_inference_scanpipe:ml_path|hidden_rtl_0_bypass[38]    ; touch_ml_scanpipe_top:pipeline|ml_inference_scanpipe:ml_path|hidden_rtl_0    ;
; touch_ml_scanpipe_top:pipeline|ml_inference_scanpipe:ml_path|hidden_rtl_0_bypass[39]    ; touch_ml_scanpipe_top:pipeline|ml_inference_scanpipe:ml_path|hidden_rtl_0    ;
; touch_ml_scanpipe_top:pipeline|ml_inference_scanpipe:ml_path|hidden_rtl_0_bypass[40]    ; touch_ml_scanpipe_top:pipeline|ml_inference_scanpipe:ml_path|hidden_rtl_0    ;
; touch_ml_scanpipe_top:pipeline|ml_inference_scanpipe:ml_path|hidden_rtl_0_bypass[41]    ; touch_ml_scanpipe_top:pipeline|ml_inference_scanpipe:ml_path|hidden_rtl_0    ;
; touch_ml_scanpipe_top:pipeline|ml_inference_scanpipe:ml_path|hidden_rtl_0_bypass[42]    ; touch_ml_scanpipe_top:pipeline|ml_inference_scanpipe:ml_path|hidden_rtl_0    ;
; touch_ml_scanpipe_top:pipeline|ml_inference_scanpipe:ml_path|input_mem_rtl_0_bypass[0]  ; touch_ml_scanpipe_top:pipeline|ml_inference_scanpipe:ml_path|input_mem_rtl_0 ;
; touch_ml_scanpipe_top:pipeline|ml_inference_scanpipe:ml_path|input_mem_rtl_0_bypass[1]  ; touch_ml_scanpipe_top:pipeline|ml_inference_scanpipe:ml_path|input_mem_rtl_0 ;
; touch_ml_scanpipe_top:pipeline|ml_inference_scanpipe:ml_path|input_mem_rtl_0_bypass[2]  ; touch_ml_scanpipe_top:pipeline|ml_inference_scanpipe:ml_path|input_mem_rtl_0 ;
; touch_ml_scanpipe_top:pipeline|ml_inference_scanpipe:ml_path|input_mem_rtl_0_bypass[3]  ; touch_ml_scanpipe_top:pipeline|ml_inference_scanpipe:ml_path|input_mem_rtl_0 ;
; touch_ml_scanpipe_top:pipeline|ml_inference_scanpipe:ml_path|input_mem_rtl_0_bypass[4]  ; touch_ml_scanpipe_top:pipeline|ml_inference_scanpipe:ml_path|input_mem_rtl_0 ;
; touch_ml_scanpipe_top:pipeline|ml_inference_scanpipe:ml_path|input_mem_rtl_0_bypass[5]  ; touch_ml_scanpipe_top:pipeline|ml_inference_scanpipe:ml_path|input_mem_rtl_0 ;
; touch_ml_scanpipe_top:pipeline|ml_inference_scanpipe:ml_path|input_mem_rtl_0_bypass[6]  ; touch_ml_scanpipe_top:pipeline|ml_inference_scanpipe:ml_path|input_mem_rtl_0 ;
; touch_ml_scanpipe_top:pipeline|ml_inference_scanpipe:ml_path|input_mem_rtl_0_bypass[7]  ; touch_ml_scanpipe_top:pipeline|ml_inference_scanpipe:ml_path|input_mem_rtl_0 ;
; touch_ml_scanpipe_top:pipeline|ml_inference_scanpipe:ml_path|input_mem_rtl_0_bypass[8]  ; touch_ml_scanpipe_top:pipeline|ml_inference_scanpipe:ml_path|input_mem_rtl_0 ;
; touch_ml_scanpipe_top:pipeline|ml_inference_scanpipe:ml_path|input_mem_rtl_0_bypass[9]  ; touch_ml_scanpipe_top:pipeline|ml_inference_scanpipe:ml_path|input_mem_rtl_0 ;
; touch_ml_scanpipe_top:pipeline|ml_inference_scanpipe:ml_path|input_mem_rtl_0_bypass[10] ; touch_ml_scanpipe_top:pipeline|ml_inference_scanpipe:ml_path|input_mem_rtl_0 ;
; touch_ml_scanpipe_top:pipeline|ml_inference_scanpipe:ml_path|input_mem_rtl_0_bypass[11] ; touch_ml_scanpipe_top:pipeline|ml_inference_scanpipe:ml_path|input_mem_rtl_0 ;
; touch_ml_scanpipe_top:pipeline|ml_inference_scanpipe:ml_path|input_mem_rtl_0_bypass[12] ; touch_ml_scanpipe_top:pipeline|ml_inference_scanpipe:ml_path|input_mem_rtl_0 ;
; touch_ml_scanpipe_top:pipeline|ml_inference_scanpipe:ml_path|input_mem_rtl_0_bypass[13] ; touch_ml_scanpipe_top:pipeline|ml_inference_scanpipe:ml_path|input_mem_rtl_0 ;
; touch_ml_scanpipe_top:pipeline|ml_inference_scanpipe:ml_path|input_mem_rtl_0_bypass[14] ; touch_ml_scanpipe_top:pipeline|ml_inference_scanpipe:ml_path|input_mem_rtl_0 ;
; touch_ml_scanpipe_top:pipeline|ml_inference_scanpipe:ml_path|input_mem_rtl_0_bypass[15] ; touch_ml_scanpipe_top:pipeline|ml_inference_scanpipe:ml_path|input_mem_rtl_0 ;
; touch_ml_scanpipe_top:pipeline|ml_inference_scanpipe:ml_path|input_mem_rtl_0_bypass[16] ; touch_ml_scanpipe_top:pipeline|ml_inference_scanpipe:ml_path|input_mem_rtl_0 ;
; touch_ml_scanpipe_top:pipeline|ml_inference_scanpipe:ml_path|input_mem_rtl_0_bypass[17] ; touch_ml_scanpipe_top:pipeline|ml_inference_scanpipe:ml_path|input_mem_rtl_0 ;
; touch_ml_scanpipe_top:pipeline|ml_inference_scanpipe:ml_path|input_mem_rtl_0_bypass[18] ; touch_ml_scanpipe_top:pipeline|ml_inference_scanpipe:ml_path|input_mem_rtl_0 ;
; touch_ml_scanpipe_top:pipeline|ml_inference_scanpipe:ml_path|input_mem_rtl_0_bypass[19] ; touch_ml_scanpipe_top:pipeline|ml_inference_scanpipe:ml_path|input_mem_rtl_0 ;
; touch_ml_scanpipe_top:pipeline|ml_inference_scanpipe:ml_path|input_mem_rtl_0_bypass[20] ; touch_ml_scanpipe_top:pipeline|ml_inference_scanpipe:ml_path|input_mem_rtl_0 ;
+-----------------------------------------------------------------------------------------+------------------------------------------------------------------------------+


+----------------------------------------------------------------------------------------------------------------------------------------------------------------------------------------------------------------------------------------------+
; Multiplexer Restructuring Statistics (Restructuring Performed)                                                                                                                                                                               ;
+--------------------+-----------+---------------+----------------------+------------------------+------------+--------------------------------------------------------------------------------------------------------------------------------+
; Multiplexer Inputs ; Bus Width ; Baseline Area ; Area if Restructured ; Saving if Restructured ; Registered ; Example Multiplexer Output                                                                                                     ;
+--------------------+-----------+---------------+----------------------+------------------------+------------+--------------------------------------------------------------------------------------------------------------------------------+
; 3:1                ; 17 bits   ; 34 LEs        ; 17 LEs               ; 17 LEs                 ; Yes        ; |cyclone2_lcd_ml_hw|touch_ml_scanpipe_top:pipeline|touch_capture_top:touch_path|xpt2046_calibrator:calibrator|point_y[5]       ;
; 3:1                ; 21 bits   ; 42 LEs        ; 21 LEs               ; 21 LEs                 ; Yes        ; |cyclone2_lcd_ml_hw|submit_ack_count[1]                                                                                        ;
; 3:1                ; 22 bits   ; 44 LEs        ; 22 LEs               ; 22 LEs                 ; Yes        ; |cyclone2_lcd_ml_hw|result_ack_count[12]                                                                                       ;
; 4:1                ; 8 bits    ; 16 LEs        ; 8 LEs                ; 8 LEs                  ; Yes        ; |cyclone2_lcd_ml_hw|touch_ml_scanpipe_top:pipeline|touch_capture_top:touch_path|touch_frame_adapter:frame|input_pixel_index[4] ;
; 4:1                ; 33 bits   ; 66 LEs        ; 33 LEs               ; 33 LEs                 ; Yes        ; |cyclone2_lcd_ml_hw|touch_ml_scanpipe_top:pipeline|ml_inference_scanpipe:ml_path|scan_best[9]                                  ;
; 6:1                ; 8 bits    ; 32 LEs        ; 8 LEs                ; 24 LEs                 ; Yes        ; |cyclone2_lcd_ml_hw|touch_ml_scanpipe_top:pipeline|touch_capture_top:touch_path|touch_frame_adapter:frame|stream_index[5]      ;
; 6:1                ; 7 bits    ; 28 LEs        ; 0 LEs                ; 28 LEs                 ; Yes        ; |cyclone2_lcd_ml_hw|lcd_live_writer:lcd_writer|init_index[6]                                                                   ;
; 5:1                ; 17 bits   ; 51 LEs        ; 17 LEs               ; 34 LEs                 ; Yes        ; |cyclone2_lcd_ml_hw|lcd_live_writer:lcd_writer|clear_index[10]                                                                 ;
; 5:1                ; 3 bits    ; 9 LEs         ; 3 LEs                ; 6 LEs                  ; Yes        ; |cyclone2_lcd_ml_hw|lcd_live_writer:lcd_writer|draw_dy[2]                                                                      ;
; 5:1                ; 3 bits    ; 9 LEs         ; 3 LEs                ; 6 LEs                  ; Yes        ; |cyclone2_lcd_ml_hw|lcd_live_writer:lcd_writer|draw_dx[0]                                                                      ;
; 6:1                ; 30 bits   ; 120 LEs       ; 60 LEs               ; 60 LEs                 ; Yes        ; |cyclone2_lcd_ml_hw|touch_ml_scanpipe_top:pipeline|ml_inference_scanpipe:ml_path|acc[12]                                       ;
; 5:1                ; 9 bits    ; 27 LEs        ; 9 LEs                ; 18 LEs                 ; Yes        ; |cyclone2_lcd_ml_hw|lcd_live_writer:lcd_writer|draw_x[6]                                                                       ;
; 5:1                ; 8 bits    ; 24 LEs        ; 8 LEs                ; 16 LEs                 ; Yes        ; |cyclone2_lcd_ml_hw|lcd_live_writer:lcd_writer|draw_y[1]                                                                       ;
; 7:1                ; 3 bits    ; 12 LEs        ; 6 LEs                ; 6 LEs                  ; Yes        ; |cyclone2_lcd_ml_hw|touch_ml_scanpipe_top:pipeline|ml_inference_scanpipe:ml_path|acc[38]                                       ;
; 7:1                ; 32 bits   ; 128 LEs       ; 32 LEs               ; 96 LEs                 ; Yes        ; |cyclone2_lcd_ml_hw|touch_ml_scanpipe_top:pipeline|ml_inference_scanpipe:ml_path|output_n[21]                                  ;
; 7:1                ; 3 bits    ; 12 LEs        ; 6 LEs                ; 6 LEs                  ; Yes        ; |cyclone2_lcd_ml_hw|touch_ml_scanpipe_top:pipeline|ml_inference_scanpipe:ml_path|acc[6]                                        ;
; 8:1                ; 4 bits    ; 20 LEs        ; 12 LEs               ; 8 LEs                  ; Yes        ; |cyclone2_lcd_ml_hw|touch_ml_scanpipe_top:pipeline|ml_inference_scanpipe:ml_path|acc[1]                                        ;
; 8:1                ; 3 bits    ; 15 LEs        ; 3 LEs                ; 12 LEs                 ; Yes        ; |cyclone2_lcd_ml_hw|touch_ml_scanpipe_top:pipeline|touch_capture_top:touch_path|xpt2046_reader:reader|command[4]               ;
; 8:1                ; 5 bits    ; 25 LEs        ; 5 LEs                ; 20 LEs                 ; Yes        ; |cyclone2_lcd_ml_hw|touch_ml_scanpipe_top:pipeline|touch_capture_top:touch_path|xpt2046_reader:reader|bit_index[0]             ;
; 9:1                ; 15 bits   ; 90 LEs        ; 15 LEs               ; 75 LEs                 ; Yes        ; |cyclone2_lcd_ml_hw|touch_ml_scanpipe_top:pipeline|touch_capture_top:touch_path|xpt2046_reader:reader|rx_shift[3]              ;
; 10:1               ; 32 bits   ; 192 LEs       ; 32 LEs               ; 160 LEs                ; Yes        ; |cyclone2_lcd_ml_hw|lcd_live_writer:lcd_writer|delay_count[25]                                                                 ;
; 9:1                ; 24 bits   ; 144 LEs       ; 24 LEs               ; 120 LEs                ; Yes        ; |cyclone2_lcd_ml_hw|touch_ml_scanpipe_top:pipeline|ml_inference_scanpipe:ml_path|pixel_idx[13]                                 ;
; 10:1               ; 27 bits   ; 162 LEs       ; 27 LEs               ; 135 LEs                ; Yes        ; |cyclone2_lcd_ml_hw|touch_ml_scanpipe_top:pipeline|ml_inference_scanpipe:ml_path|neuron[5]                                     ;
; 32:1               ; 33 bits   ; 693 LEs       ; 231 LEs              ; 462 LEs                ; No         ; |cyclone2_lcd_ml_hw|touch_ml_scanpipe_top:pipeline|ml_inference_scanpipe:ml_path|Mux20                                         ;
; 6:1                ; 4 bits    ; 16 LEs        ; 16 LEs               ; 0 LEs                  ; No         ; |cyclone2_lcd_ml_hw|led                                                                                                        ;
; 8:1                ; 4 bits    ; 20 LEs        ; 16 LEs               ; 4 LEs                  ; No         ; |cyclone2_lcd_ml_hw|lcd_live_writer:lcd_writer|bus_data[13]                                                                    ;
; 8:1                ; 9 bits    ; 45 LEs        ; 36 LEs               ; 9 LEs                  ; No         ; |cyclone2_lcd_ml_hw|lcd_live_writer:lcd_writer|bus_data[1]                                                                     ;
; 9:1                ; 3 bits    ; 18 LEs        ; 6 LEs                ; 12 LEs                 ; No         ; |cyclone2_lcd_ml_hw|touch_ml_scanpipe_top:pipeline|ml_inference_scanpipe:ml_path|state                                         ;
; 9:1                ; 2 bits    ; 12 LEs        ; 4 LEs                ; 8 LEs                  ; No         ; |cyclone2_lcd_ml_hw|touch_ml_scanpipe_top:pipeline|touch_capture_top:touch_path|xpt2046_reader:reader|Selector52               ;
; 9:1                ; 8 bits    ; 48 LEs        ; 16 LEs               ; 32 LEs                 ; No         ; |cyclone2_lcd_ml_hw|touch_ml_scanpipe_top:pipeline|ml_inference_scanpipe:ml_path|pixel_idx                                     ;
; 10:1               ; 2 bits    ; 12 LEs        ; 6 LEs                ; 6 LEs                  ; No         ; |cyclone2_lcd_ml_hw|touch_ml_scanpipe_top:pipeline|touch_capture_top:touch_path|xpt2046_reader:reader|Selector53               ;
; 11:1               ; 2 bits    ; 14 LEs        ; 8 LEs                ; 6 LEs                  ; No         ; |cyclone2_lcd_ml_hw|lcd_live_writer:lcd_writer|Selector50                                                                      ;
; 10:1               ; 5 bits    ; 30 LEs        ; 10 LEs               ; 20 LEs                 ; No         ; |cyclone2_lcd_ml_hw|touch_ml_scanpipe_top:pipeline|ml_inference_scanpipe:ml_path|neuron                                        ;
; 12:1               ; 2 bits    ; 16 LEs        ; 16 LEs               ; 0 LEs                  ; No         ; |cyclone2_lcd_ml_hw|touch_ml_scanpipe_top:pipeline|touch_capture_top:touch_path|xpt2046_calibrator:calibrator|raw_to_cell      ;
; 12:1               ; 2 bits    ; 16 LEs        ; 16 LEs               ; 0 LEs                  ; No         ; |cyclone2_lcd_ml_hw|touch_ml_scanpipe_top:pipeline|touch_capture_top:touch_path|xpt2046_calibrator:calibrator|raw_to_cell      ;
; 12:1               ; 2 bits    ; 16 LEs        ; 16 LEs               ; 0 LEs                  ; No         ; |cyclone2_lcd_ml_hw|touch_ml_scanpipe_top:pipeline|touch_capture_top:touch_path|touch_frame_adapter:frame|mapped_x[2]          ;
; 12:1               ; 2 bits    ; 16 LEs        ; 16 LEs               ; 0 LEs                  ; No         ; |cyclone2_lcd_ml_hw|touch_ml_scanpipe_top:pipeline|touch_capture_top:touch_path|touch_frame_adapter:frame|mapped_y[1]          ;
+--------------------+-----------+---------------+----------------------+------------------------+------------+--------------------------------------------------------------------------------------------------------------------------------+


+-------------------------------------------------------------------------------------------------------------------------------------+
; Source assignments for touch_ml_scanpipe_top:pipeline|ml_inference_scanpipe:ml_path|altsyncram:l1_rom|altsyncram_vqt:auto_generated ;
+---------------------------------+--------------------+------+-----------------------------------------------------------------------+
; Assignment                      ; Value              ; From ; To                                                                    ;
+---------------------------------+--------------------+------+-----------------------------------------------------------------------+
; OPTIMIZE_POWER_DURING_SYNTHESIS ; NORMAL_COMPILATION ; -    ; -                                                                     ;
+---------------------------------+--------------------+------+-----------------------------------------------------------------------+


+-------------------------------------------------------------------------------------------------------------------------------------+
; Source assignments for touch_ml_scanpipe_top:pipeline|ml_inference_scanpipe:ml_path|altsyncram:l2_rom|altsyncram_pnt:auto_generated ;
+---------------------------------+--------------------+------+-----------------------------------------------------------------------+
; Assignment                      ; Value              ; From ; To                                                                    ;
+---------------------------------+--------------------+------+-----------------------------------------------------------------------+
; OPTIMIZE_POWER_DURING_SYNTHESIS ; NORMAL_COMPILATION ; -    ; -                                                                     ;
+---------------------------------+--------------------+------+-----------------------------------------------------------------------+


+-------------------------------------------------------------------------------------------------------------------------------------+
; Source assignments for touch_ml_scanpipe_top:pipeline|ml_inference_scanpipe:ml_path|altsyncram:b1_rom|altsyncram_mct:auto_generated ;
+---------------------------------+--------------------+------+-----------------------------------------------------------------------+
; Assignment                      ; Value              ; From ; To                                                                    ;
+---------------------------------+--------------------+------+-----------------------------------------------------------------------+
; OPTIMIZE_POWER_DURING_SYNTHESIS ; NORMAL_COMPILATION ; -    ; -                                                                     ;
+---------------------------------+--------------------+------+-----------------------------------------------------------------------+


+-------------------------------------------------------------------------------------------------------------------------------------+
; Source assignments for touch_ml_scanpipe_top:pipeline|ml_inference_scanpipe:ml_path|altsyncram:b2_rom|altsyncram_hct:auto_generated ;
+---------------------------------+--------------------+------+-----------------------------------------------------------------------+
; Assignment                      ; Value              ; From ; To                                                                    ;
+---------------------------------+--------------------+------+-----------------------------------------------------------------------+
; OPTIMIZE_POWER_DURING_SYNTHESIS ; NORMAL_COMPILATION ; -    ; -                                                                     ;
+---------------------------------+--------------------+------+-----------------------------------------------------------------------+


+--------------------------------------------------------------------------------------------------------------------------------------------+
; Source assignments for touch_ml_scanpipe_top:pipeline|ml_inference_scanpipe:ml_path|altsyncram:hidden_rtl_0|altsyncram_sng1:auto_generated ;
+---------------------------------+--------------------+------+------------------------------------------------------------------------------+
; Assignment                      ; Value              ; From ; To                                                                           ;
+---------------------------------+--------------------+------+------------------------------------------------------------------------------+
; OPTIMIZE_POWER_DURING_SYNTHESIS ; NORMAL_COMPILATION ; -    ; -                                                                            ;
+---------------------------------+--------------------+------+------------------------------------------------------------------------------+


+-----------------------------------------------------------------------------------------------------------------------------------------------+
; Source assignments for touch_ml_scanpipe_top:pipeline|ml_inference_scanpipe:ml_path|altsyncram:input_mem_rtl_0|altsyncram_mog1:auto_generated ;
+---------------------------------+--------------------+------+---------------------------------------------------------------------------------+
; Assignment                      ; Value              ; From ; To                                                                              ;
+---------------------------------+--------------------+------+---------------------------------------------------------------------------------+
; OPTIMIZE_POWER_DURING_SYNTHESIS ; NORMAL_COMPILATION ; -    ; -                                                                               ;
+---------------------------------+--------------------+------+---------------------------------------------------------------------------------+


+-----------------------------------------------------------------------------+
; Parameter Settings for User Entity Instance: touch_ml_scanpipe_top:pipeline ;
+----------------------+-------+----------------------------------------------+
; Parameter Name       ; Value ; Type                                         ;
+----------------------+-------+----------------------------------------------+
; TOUCH_CLOCK_DIV      ; 3     ; Signed Integer                               ;
; CONFIDENCE_THRESHOLD ; 0     ; Signed Integer                               ;
; MARGIN_THRESHOLD     ; 0     ; Signed Integer                               ;
+----------------------+-------+----------------------------------------------+
Note: In order to hide this table in the UI and the text report file, please set the "Show Parameter Settings in Synthesis Report" option in "Analysis and Synthesis Settings -> More Settings" to "Off".


+----------------------------------------------------------------------------------------------------------+
; Parameter Settings for User Entity Instance: touch_ml_scanpipe_top:pipeline|touch_capture_top:touch_path ;
+----------------+-------+---------------------------------------------------------------------------------+
; Parameter Name ; Value ; Type                                                                            ;
+----------------+-------+---------------------------------------------------------------------------------+
; CLOCK_DIV      ; 3     ; Signed Integer                                                                  ;
+----------------+-------+---------------------------------------------------------------------------------+
Note: In order to hide this table in the UI and the text report file, please set the "Show Parameter Settings in Synthesis Report" option in "Analysis and Synthesis Settings -> More Settings" to "Off".


+--------------------------------------------------------------------------------------------------------------------------------+
; Parameter Settings for User Entity Instance: touch_ml_scanpipe_top:pipeline|touch_capture_top:touch_path|xpt2046_reader:reader ;
+----------------+-------+-------------------------------------------------------------------------------------------------------+
; Parameter Name ; Value ; Type                                                                                                  ;
+----------------+-------+-------------------------------------------------------------------------------------------------------+
; CLOCK_DIV      ; 3     ; Signed Integer                                                                                        ;
+----------------+-------+-------------------------------------------------------------------------------------------------------+
Note: In order to hide this table in the UI and the text report file, please set the "Show Parameter Settings in Synthesis Report" option in "Analysis and Synthesis Settings -> More Settings" to "Off".


+-----------------------------------------------------------------------------------------------------------+
; Parameter Settings for User Entity Instance: touch_ml_scanpipe_top:pipeline|ml_inference_scanpipe:ml_path ;
+----------------------+-------+----------------------------------------------------------------------------+
; Parameter Name       ; Value ; Type                                                                       ;
+----------------------+-------+----------------------------------------------------------------------------+
; CONFIDENCE_THRESHOLD ; 0     ; Signed Integer                                                             ;
; MARGIN_THRESHOLD     ; 0     ; Signed Integer                                                             ;
+----------------------+-------+----------------------------------------------------------------------------+
Note: In order to hide this table in the UI and the text report file, please set the "Show Parameter Settings in Synthesis Report" option in "Analysis and Synthesis Settings -> More Settings" to "Off".


+-----------------------------------------------------------------------------------------------------------------------------+
; Parameter Settings for User Entity Instance: touch_ml_scanpipe_top:pipeline|ml_inference_scanpipe:ml_path|altsyncram:l1_rom ;
+------------------------------------+--------------------------------+-------------------------------------------------------+
; Parameter Name                     ; Value                          ; Type                                                  ;
+------------------------------------+--------------------------------+-------------------------------------------------------+
; BYTE_SIZE_BLOCK                    ; 8                              ; Untyped                                               ;
; AUTO_CARRY_CHAINS                  ; ON                             ; AUTO_CARRY                                            ;
; IGNORE_CARRY_BUFFERS               ; OFF                            ; IGNORE_CARRY                                          ;
; AUTO_CASCADE_CHAINS                ; ON                             ; AUTO_CASCADE                                          ;
; IGNORE_CASCADE_BUFFERS             ; OFF                            ; IGNORE_CASCADE                                        ;
; WIDTH_BYTEENA                      ; 1                              ; Untyped                                               ;
; OPERATION_MODE                     ; ROM                            ; Untyped                                               ;
; WIDTH_A                            ; 8                              ; Signed Integer                                        ;
; WIDTHAD_A                          ; 13                             ; Signed Integer                                        ;
; NUMWORDS_A                         ; 6272                           ; Signed Integer                                        ;
; OUTDATA_REG_A                      ; UNREGISTERED                   ; Untyped                                               ;
; ADDRESS_ACLR_A                     ; NONE                           ; Untyped                                               ;
; OUTDATA_ACLR_A                     ; NONE                           ; Untyped                                               ;
; WRCONTROL_ACLR_A                   ; NONE                           ; Untyped                                               ;
; INDATA_ACLR_A                      ; NONE                           ; Untyped                                               ;
; BYTEENA_ACLR_A                     ; NONE                           ; Untyped                                               ;
; WIDTH_B                            ; 1                              ; Untyped                                               ;
; WIDTHAD_B                          ; 1                              ; Untyped                                               ;
; NUMWORDS_B                         ; 1                              ; Untyped                                               ;
; INDATA_REG_B                       ; CLOCK1                         ; Untyped                                               ;
; WRCONTROL_WRADDRESS_REG_B          ; CLOCK1                         ; Untyped                                               ;
; RDCONTROL_REG_B                    ; CLOCK1                         ; Untyped                                               ;
; ADDRESS_REG_B                      ; CLOCK1                         ; Untyped                                               ;
; OUTDATA_REG_B                      ; UNREGISTERED                   ; Untyped                                               ;
; BYTEENA_REG_B                      ; CLOCK1                         ; Untyped                                               ;
; INDATA_ACLR_B                      ; NONE                           ; Untyped                                               ;
; WRCONTROL_ACLR_B                   ; NONE                           ; Untyped                                               ;
; ADDRESS_ACLR_B                     ; NONE                           ; Untyped                                               ;
; OUTDATA_ACLR_B                     ; NONE                           ; Untyped                                               ;
; RDCONTROL_ACLR_B                   ; NONE                           ; Untyped                                               ;
; BYTEENA_ACLR_B                     ; NONE                           ; Untyped                                               ;
; WIDTH_BYTEENA_A                    ; 1                              ; Untyped                                               ;
; WIDTH_BYTEENA_B                    ; 1                              ; Untyped                                               ;
; RAM_BLOCK_TYPE                     ; AUTO                           ; Untyped                                               ;
; BYTE_SIZE                          ; 8                              ; Untyped                                               ;
; READ_DURING_WRITE_MODE_MIXED_PORTS ; DONT_CARE                      ; Untyped                                               ;
; READ_DURING_WRITE_MODE_PORT_A      ; NEW_DATA_NO_NBE_READ           ; Untyped                                               ;
; READ_DURING_WRITE_MODE_PORT_B      ; NEW_DATA_NO_NBE_READ           ; Untyped                                               ;
; INIT_FILE                          ; ../../artifacts/weights_l1.mif ; Untyped                                               ;
; INIT_FILE_LAYOUT                   ; PORT_A                         ; Untyped                                               ;
; MAXIMUM_DEPTH                      ; 0                              ; Untyped                                               ;
; CLOCK_ENABLE_INPUT_A               ; NORMAL                         ; Untyped                                               ;
; CLOCK_ENABLE_INPUT_B               ; NORMAL                         ; Untyped                                               ;
; CLOCK_ENABLE_OUTPUT_A              ; NORMAL                         ; Untyped                                               ;
; CLOCK_ENABLE_OUTPUT_B              ; NORMAL                         ; Untyped                                               ;
; CLOCK_ENABLE_CORE_A                ; USE_INPUT_CLKEN                ; Untyped                                               ;
; CLOCK_ENABLE_CORE_B                ; USE_INPUT_CLKEN                ; Untyped                                               ;
; ENABLE_ECC                         ; FALSE                          ; Untyped                                               ;
; ECC_PIPELINE_STAGE_ENABLED         ; FALSE                          ; Untyped                                               ;
; WIDTH_ECCSTATUS                    ; 3                              ; Untyped                                               ;
; DEVICE_FAMILY                      ; Cyclone II                     ; Untyped                                               ;
; CBXI_PARAMETER                     ; altsyncram_vqt                 ; Untyped                                               ;
+------------------------------------+--------------------------------+-------------------------------------------------------+
Note: In order to hide this table in the UI and the text report file, please set the "Show Parameter Settings in Synthesis Report" option in "Analysis and Synthesis Settings -> More Settings" to "Off".


+-----------------------------------------------------------------------------------------------------------------------------+
; Parameter Settings for User Entity Instance: touch_ml_scanpipe_top:pipeline|ml_inference_scanpipe:ml_path|altsyncram:l2_rom ;
+------------------------------------+--------------------------------+-------------------------------------------------------+
; Parameter Name                     ; Value                          ; Type                                                  ;
+------------------------------------+--------------------------------+-------------------------------------------------------+
; BYTE_SIZE_BLOCK                    ; 8                              ; Untyped                                               ;
; AUTO_CARRY_CHAINS                  ; ON                             ; AUTO_CARRY                                            ;
; IGNORE_CARRY_BUFFERS               ; OFF                            ; IGNORE_CARRY                                          ;
; AUTO_CASCADE_CHAINS                ; ON                             ; AUTO_CASCADE                                          ;
; IGNORE_CASCADE_BUFFERS             ; OFF                            ; IGNORE_CASCADE                                        ;
; WIDTH_BYTEENA                      ; 1                              ; Untyped                                               ;
; OPERATION_MODE                     ; ROM                            ; Untyped                                               ;
; WIDTH_A                            ; 8                              ; Signed Integer                                        ;
; WIDTHAD_A                          ; 9                              ; Signed Integer                                        ;
; NUMWORDS_A                         ; 320                            ; Signed Integer                                        ;
; OUTDATA_REG_A                      ; UNREGISTERED                   ; Untyped                                               ;
; ADDRESS_ACLR_A                     ; NONE                           ; Untyped                                               ;
; OUTDATA_ACLR_A                     ; NONE                           ; Untyped                                               ;
; WRCONTROL_ACLR_A                   ; NONE                           ; Untyped                                               ;
; INDATA_ACLR_A                      ; NONE                           ; Untyped                                               ;
; BYTEENA_ACLR_A                     ; NONE                           ; Untyped                                               ;
; WIDTH_B                            ; 1                              ; Untyped                                               ;
; WIDTHAD_B                          ; 1                              ; Untyped                                               ;
; NUMWORDS_B                         ; 1                              ; Untyped                                               ;
; INDATA_REG_B                       ; CLOCK1                         ; Untyped                                               ;
; WRCONTROL_WRADDRESS_REG_B          ; CLOCK1                         ; Untyped                                               ;
; RDCONTROL_REG_B                    ; CLOCK1                         ; Untyped                                               ;
; ADDRESS_REG_B                      ; CLOCK1                         ; Untyped                                               ;
; OUTDATA_REG_B                      ; UNREGISTERED                   ; Untyped                                               ;
; BYTEENA_REG_B                      ; CLOCK1                         ; Untyped                                               ;
; INDATA_ACLR_B                      ; NONE                           ; Untyped                                               ;
; WRCONTROL_ACLR_B                   ; NONE                           ; Untyped                                               ;
; ADDRESS_ACLR_B                     ; NONE                           ; Untyped                                               ;
; OUTDATA_ACLR_B                     ; NONE                           ; Untyped                                               ;
; RDCONTROL_ACLR_B                   ; NONE                           ; Untyped                                               ;
; BYTEENA_ACLR_B                     ; NONE                           ; Untyped                                               ;
; WIDTH_BYTEENA_A                    ; 1                              ; Untyped                                               ;
; WIDTH_BYTEENA_B                    ; 1                              ; Untyped                                               ;
; RAM_BLOCK_TYPE                     ; AUTO                           ; Untyped                                               ;
; BYTE_SIZE                          ; 8                              ; Untyped                                               ;
; READ_DURING_WRITE_MODE_MIXED_PORTS ; DONT_CARE                      ; Untyped                                               ;
; READ_DURING_WRITE_MODE_PORT_A      ; NEW_DATA_NO_NBE_READ           ; Untyped                                               ;
; READ_DURING_WRITE_MODE_PORT_B      ; NEW_DATA_NO_NBE_READ           ; Untyped                                               ;
; INIT_FILE                          ; ../../artifacts/weights_l2.mif ; Untyped                                               ;
; INIT_FILE_LAYOUT                   ; PORT_A                         ; Untyped                                               ;
; MAXIMUM_DEPTH                      ; 0                              ; Untyped                                               ;
; CLOCK_ENABLE_INPUT_A               ; NORMAL                         ; Untyped                                               ;
; CLOCK_ENABLE_INPUT_B               ; NORMAL                         ; Untyped                                               ;
; CLOCK_ENABLE_OUTPUT_A              ; NORMAL                         ; Untyped                                               ;
; CLOCK_ENABLE_OUTPUT_B              ; NORMAL                         ; Untyped                                               ;
; CLOCK_ENABLE_CORE_A                ; USE_INPUT_CLKEN                ; Untyped                                               ;
; CLOCK_ENABLE_CORE_B                ; USE_INPUT_CLKEN                ; Untyped                                               ;
; ENABLE_ECC                         ; FALSE                          ; Untyped                                               ;
; ECC_PIPELINE_STAGE_ENABLED         ; FALSE                          ; Untyped                                               ;
; WIDTH_ECCSTATUS                    ; 3                              ; Untyped                                               ;
; DEVICE_FAMILY                      ; Cyclone II                     ; Untyped                                               ;
; CBXI_PARAMETER                     ; altsyncram_pnt                 ; Untyped                                               ;
+------------------------------------+--------------------------------+-------------------------------------------------------+
Note: In order to hide this table in the UI and the text report file, please set the "Show Parameter Settings in Synthesis Report" option in "Analysis and Synthesis Settings -> More Settings" to "Off".


+-----------------------------------------------------------------------------------------------------------------------------+
; Parameter Settings for User Entity Instance: touch_ml_scanpipe_top:pipeline|ml_inference_scanpipe:ml_path|altsyncram:b1_rom ;
+------------------------------------+-----------------------------+----------------------------------------------------------+
; Parameter Name                     ; Value                       ; Type                                                     ;
+------------------------------------+-----------------------------+----------------------------------------------------------+
; BYTE_SIZE_BLOCK                    ; 8                           ; Untyped                                                  ;
; AUTO_CARRY_CHAINS                  ; ON                          ; AUTO_CARRY                                               ;
; IGNORE_CARRY_BUFFERS               ; OFF                         ; IGNORE_CARRY                                             ;
; AUTO_CASCADE_CHAINS                ; ON                          ; AUTO_CASCADE                                             ;
; IGNORE_CASCADE_BUFFERS             ; OFF                         ; IGNORE_CASCADE                                           ;
; WIDTH_BYTEENA                      ; 1                           ; Untyped                                                  ;
; OPERATION_MODE                     ; ROM                         ; Untyped                                                  ;
; WIDTH_A                            ; 32                          ; Signed Integer                                           ;
; WIDTHAD_A                          ; 6                           ; Signed Integer                                           ;
; NUMWORDS_A                         ; 32                          ; Signed Integer                                           ;
; OUTDATA_REG_A                      ; UNREGISTERED                ; Untyped                                                  ;
; ADDRESS_ACLR_A                     ; NONE                        ; Untyped                                                  ;
; OUTDATA_ACLR_A                     ; NONE                        ; Untyped                                                  ;
; WRCONTROL_ACLR_A                   ; NONE                        ; Untyped                                                  ;
; INDATA_ACLR_A                      ; NONE                        ; Untyped                                                  ;
; BYTEENA_ACLR_A                     ; NONE                        ; Untyped                                                  ;
; WIDTH_B                            ; 1                           ; Untyped                                                  ;
; WIDTHAD_B                          ; 1                           ; Untyped                                                  ;
; NUMWORDS_B                         ; 1                           ; Untyped                                                  ;
; INDATA_REG_B                       ; CLOCK1                      ; Untyped                                                  ;
; WRCONTROL_WRADDRESS_REG_B          ; CLOCK1                      ; Untyped                                                  ;
; RDCONTROL_REG_B                    ; CLOCK1                      ; Untyped                                                  ;
; ADDRESS_REG_B                      ; CLOCK1                      ; Untyped                                                  ;
; OUTDATA_REG_B                      ; UNREGISTERED                ; Untyped                                                  ;
; BYTEENA_REG_B                      ; CLOCK1                      ; Untyped                                                  ;
; INDATA_ACLR_B                      ; NONE                        ; Untyped                                                  ;
; WRCONTROL_ACLR_B                   ; NONE                        ; Untyped                                                  ;
; ADDRESS_ACLR_B                     ; NONE                        ; Untyped                                                  ;
; OUTDATA_ACLR_B                     ; NONE                        ; Untyped                                                  ;
; RDCONTROL_ACLR_B                   ; NONE                        ; Untyped                                                  ;
; BYTEENA_ACLR_B                     ; NONE                        ; Untyped                                                  ;
; WIDTH_BYTEENA_A                    ; 1                           ; Untyped                                                  ;
; WIDTH_BYTEENA_B                    ; 1                           ; Untyped                                                  ;
; RAM_BLOCK_TYPE                     ; AUTO                        ; Untyped                                                  ;
; BYTE_SIZE                          ; 8                           ; Untyped                                                  ;
; READ_DURING_WRITE_MODE_MIXED_PORTS ; DONT_CARE                   ; Untyped                                                  ;
; READ_DURING_WRITE_MODE_PORT_A      ; NEW_DATA_NO_NBE_READ        ; Untyped                                                  ;
; READ_DURING_WRITE_MODE_PORT_B      ; NEW_DATA_NO_NBE_READ        ; Untyped                                                  ;
; INIT_FILE                          ; ../../artifacts/bias_l1.mif ; Untyped                                                  ;
; INIT_FILE_LAYOUT                   ; PORT_A                      ; Untyped                                                  ;
; MAXIMUM_DEPTH                      ; 0                           ; Untyped                                                  ;
; CLOCK_ENABLE_INPUT_A               ; NORMAL                      ; Untyped                                                  ;
; CLOCK_ENABLE_INPUT_B               ; NORMAL                      ; Untyped                                                  ;
; CLOCK_ENABLE_OUTPUT_A              ; NORMAL                      ; Untyped                                                  ;
; CLOCK_ENABLE_OUTPUT_B              ; NORMAL                      ; Untyped                                                  ;
; CLOCK_ENABLE_CORE_A                ; USE_INPUT_CLKEN             ; Untyped                                                  ;
; CLOCK_ENABLE_CORE_B                ; USE_INPUT_CLKEN             ; Untyped                                                  ;
; ENABLE_ECC                         ; FALSE                       ; Untyped                                                  ;
; ECC_PIPELINE_STAGE_ENABLED         ; FALSE                       ; Untyped                                                  ;
; WIDTH_ECCSTATUS                    ; 3                           ; Untyped                                                  ;
; DEVICE_FAMILY                      ; Cyclone II                  ; Untyped                                                  ;
; CBXI_PARAMETER                     ; altsyncram_mct              ; Untyped                                                  ;
+------------------------------------+-----------------------------+----------------------------------------------------------+
Note: In order to hide this table in the UI and the text report file, please set the "Show Parameter Settings in Synthesis Report" option in "Analysis and Synthesis Settings -> More Settings" to "Off".


+-----------------------------------------------------------------------------------------------------------------------------+
; Parameter Settings for User Entity Instance: touch_ml_scanpipe_top:pipeline|ml_inference_scanpipe:ml_path|altsyncram:b2_rom ;
+------------------------------------+-----------------------------+----------------------------------------------------------+
; Parameter Name                     ; Value                       ; Type                                                     ;
+------------------------------------+-----------------------------+----------------------------------------------------------+
; BYTE_SIZE_BLOCK                    ; 8                           ; Untyped                                                  ;
; AUTO_CARRY_CHAINS                  ; ON                          ; AUTO_CARRY                                               ;
; IGNORE_CARRY_BUFFERS               ; OFF                         ; IGNORE_CARRY                                             ;
; AUTO_CASCADE_CHAINS                ; ON                          ; AUTO_CASCADE                                             ;
; IGNORE_CASCADE_BUFFERS             ; OFF                         ; IGNORE_CASCADE                                           ;
; WIDTH_BYTEENA                      ; 1                           ; Untyped                                                  ;
; OPERATION_MODE                     ; ROM                         ; Untyped                                                  ;
; WIDTH_A                            ; 32                          ; Signed Integer                                           ;
; WIDTHAD_A                          ; 4                           ; Signed Integer                                           ;
; NUMWORDS_A                         ; 10                          ; Signed Integer                                           ;
; OUTDATA_REG_A                      ; UNREGISTERED                ; Untyped                                                  ;
; ADDRESS_ACLR_A                     ; NONE                        ; Untyped                                                  ;
; OUTDATA_ACLR_A                     ; NONE                        ; Untyped                                                  ;
; WRCONTROL_ACLR_A                   ; NONE                        ; Untyped                                                  ;
; INDATA_ACLR_A                      ; NONE                        ; Untyped                                                  ;
; BYTEENA_ACLR_A                     ; NONE                        ; Untyped                                                  ;
; WIDTH_B                            ; 1                           ; Untyped                                                  ;
; WIDTHAD_B                          ; 1                           ; Untyped                                                  ;
; NUMWORDS_B                         ; 1                           ; Untyped                                                  ;
; INDATA_REG_B                       ; CLOCK1                      ; Untyped                                                  ;
; WRCONTROL_WRADDRESS_REG_B          ; CLOCK1                      ; Untyped                                                  ;
; RDCONTROL_REG_B                    ; CLOCK1                      ; Untyped                                                  ;
; ADDRESS_REG_B                      ; CLOCK1                      ; Untyped                                                  ;
; OUTDATA_REG_B                      ; UNREGISTERED                ; Untyped                                                  ;
; BYTEENA_REG_B                      ; CLOCK1                      ; Untyped                                                  ;
; INDATA_ACLR_B                      ; NONE                        ; Untyped                                                  ;
; WRCONTROL_ACLR_B                   ; NONE                        ; Untyped                                                  ;
; ADDRESS_ACLR_B                     ; NONE                        ; Untyped                                                  ;
; OUTDATA_ACLR_B                     ; NONE                        ; Untyped                                                  ;
; RDCONTROL_ACLR_B                   ; NONE                        ; Untyped                                                  ;
; BYTEENA_ACLR_B                     ; NONE                        ; Untyped                                                  ;
; WIDTH_BYTEENA_A                    ; 1                           ; Untyped                                                  ;
; WIDTH_BYTEENA_B                    ; 1                           ; Untyped                                                  ;
; RAM_BLOCK_TYPE                     ; AUTO                        ; Untyped                                                  ;
; BYTE_SIZE                          ; 8                           ; Untyped                                                  ;
; READ_DURING_WRITE_MODE_MIXED_PORTS ; DONT_CARE                   ; Untyped                                                  ;
; READ_DURING_WRITE_MODE_PORT_A      ; NEW_DATA_NO_NBE_READ        ; Untyped                                                  ;
; READ_DURING_WRITE_MODE_PORT_B      ; NEW_DATA_NO_NBE_READ        ; Untyped                                                  ;
; INIT_FILE                          ; ../../artifacts/bias_l2.mif ; Untyped                                                  ;
; INIT_FILE_LAYOUT                   ; PORT_A                      ; Untyped                                                  ;
; MAXIMUM_DEPTH                      ; 0                           ; Untyped                                                  ;
; CLOCK_ENABLE_INPUT_A               ; NORMAL                      ; Untyped                                                  ;
; CLOCK_ENABLE_INPUT_B               ; NORMAL                      ; Untyped                                                  ;
; CLOCK_ENABLE_OUTPUT_A              ; NORMAL                      ; Untyped                                                  ;
; CLOCK_ENABLE_OUTPUT_B              ; NORMAL                      ; Untyped                                                  ;
; CLOCK_ENABLE_CORE_A                ; USE_INPUT_CLKEN             ; Untyped                                                  ;
; CLOCK_ENABLE_CORE_B                ; USE_INPUT_CLKEN             ; Untyped                                                  ;
; ENABLE_ECC                         ; FALSE                       ; Untyped                                                  ;
; ECC_PIPELINE_STAGE_ENABLED         ; FALSE                       ; Untyped                                                  ;
; WIDTH_ECCSTATUS                    ; 3                           ; Untyped                                                  ;
; DEVICE_FAMILY                      ; Cyclone II                  ; Untyped                                                  ;
; CBXI_PARAMETER                     ; altsyncram_hct              ; Untyped                                                  ;
+------------------------------------+-----------------------------+----------------------------------------------------------+
Note: In order to hide this table in the UI and the text report file, please set the "Show Parameter Settings in Synthesis Report" option in "Analysis and Synthesis Settings -> More Settings" to "Off".


+-------------------------------------------------------------------------+
; Parameter Settings for User Entity Instance: lcd_live_writer:lcd_writer ;
+------------------------+--------+---------------------------------------+
; Parameter Name         ; Value  ; Type                                  ;
+------------------------+--------+---------------------------------------+
; RESET_HOLD_CYCLES      ; 100000 ; Signed Integer                        ;
; INIT_GAP_CYCLES        ; 125000 ; Signed Integer                        ;
; CLEAR_PIXEL_COUNT      ; 76800  ; Signed Integer                        ;
; INIT_DONE_DELAY_CYCLES ; 600000 ; Signed Integer                        ;
+------------------------+--------+---------------------------------------+
Note: In order to hide this table in the UI and the text report file, please set the "Show Parameter Settings in Synthesis Report" option in "Analysis and Synthesis Settings -> More Settings" to "Off".


+---------------------------------------------------------------------------------------------------------------------------------------+
; Parameter Settings for Inferred Entity Instance: touch_ml_scanpipe_top:pipeline|ml_inference_scanpipe:ml_path|altsyncram:hidden_rtl_0 ;
+------------------------------------+----------------------+---------------------------------------------------------------------------+
; Parameter Name                     ; Value                ; Type                                                                      ;
+------------------------------------+----------------------+---------------------------------------------------------------------------+
; BYTE_SIZE_BLOCK                    ; 8                    ; Untyped                                                                   ;
; AUTO_CARRY_CHAINS                  ; ON                   ; AUTO_CARRY                                                                ;
; IGNORE_CARRY_BUFFERS               ; OFF                  ; IGNORE_CARRY                                                              ;
; AUTO_CASCADE_CHAINS                ; ON                   ; AUTO_CASCADE                                                              ;
; IGNORE_CASCADE_BUFFERS             ; OFF                  ; IGNORE_CASCADE                                                            ;
; WIDTH_BYTEENA                      ; 1                    ; Untyped                                                                   ;
; OPERATION_MODE                     ; DUAL_PORT            ; Untyped                                                                   ;
; WIDTH_A                            ; 32                   ; Untyped                                                                   ;
; WIDTHAD_A                          ; 5                    ; Untyped                                                                   ;
; NUMWORDS_A                         ; 32                   ; Untyped                                                                   ;
; OUTDATA_REG_A                      ; UNREGISTERED         ; Untyped                                                                   ;
; ADDRESS_ACLR_A                     ; NONE                 ; Untyped                                                                   ;
; OUTDATA_ACLR_A                     ; NONE                 ; Untyped                                                                   ;
; WRCONTROL_ACLR_A                   ; NONE                 ; Untyped                                                                   ;
; INDATA_ACLR_A                      ; NONE                 ; Untyped                                                                   ;
; BYTEENA_ACLR_A                     ; NONE                 ; Untyped                                                                   ;
; WIDTH_B                            ; 32                   ; Untyped                                                                   ;
; WIDTHAD_B                          ; 5                    ; Untyped                                                                   ;
; NUMWORDS_B                         ; 32                   ; Untyped                                                                   ;
; INDATA_REG_B                       ; CLOCK1               ; Untyped                                                                   ;
; WRCONTROL_WRADDRESS_REG_B          ; CLOCK1               ; Untyped                                                                   ;
; RDCONTROL_REG_B                    ; CLOCK1               ; Untyped                                                                   ;
; ADDRESS_REG_B                      ; CLOCK0               ; Untyped                                                                   ;
; OUTDATA_REG_B                      ; UNREGISTERED         ; Untyped                                                                   ;
; BYTEENA_REG_B                      ; CLOCK1               ; Untyped                                                                   ;
; INDATA_ACLR_B                      ; NONE                 ; Untyped                                                                   ;
; WRCONTROL_ACLR_B                   ; NONE                 ; Untyped                                                                   ;
; ADDRESS_ACLR_B                     ; NONE                 ; Untyped                                                                   ;
; OUTDATA_ACLR_B                     ; NONE                 ; Untyped                                                                   ;
; RDCONTROL_ACLR_B                   ; NONE                 ; Untyped                                                                   ;
; BYTEENA_ACLR_B                     ; NONE                 ; Untyped                                                                   ;
; WIDTH_BYTEENA_A                    ; 1                    ; Untyped                                                                   ;
; WIDTH_BYTEENA_B                    ; 1                    ; Untyped                                                                   ;
; RAM_BLOCK_TYPE                     ; AUTO                 ; Untyped                                                                   ;
; BYTE_SIZE                          ; 8                    ; Untyped                                                                   ;
; READ_DURING_WRITE_MODE_MIXED_PORTS ; OLD_DATA             ; Untyped                                                                   ;
; READ_DURING_WRITE_MODE_PORT_A      ; NEW_DATA_NO_NBE_READ ; Untyped                                                                   ;
; READ_DURING_WRITE_MODE_PORT_B      ; NEW_DATA_NO_NBE_READ ; Untyped                                                                   ;
; INIT_FILE                          ; UNUSED               ; Untyped                                                                   ;
; INIT_FILE_LAYOUT                   ; PORT_A               ; Untyped                                                                   ;
; MAXIMUM_DEPTH                      ; 0                    ; Untyped                                                                   ;
; CLOCK_ENABLE_INPUT_A               ; NORMAL               ; Untyped                                                                   ;
; CLOCK_ENABLE_INPUT_B               ; NORMAL               ; Untyped                                                                   ;
; CLOCK_ENABLE_OUTPUT_A              ; NORMAL               ; Untyped                                                                   ;
; CLOCK_ENABLE_OUTPUT_B              ; NORMAL               ; Untyped                                                                   ;
; CLOCK_ENABLE_CORE_A                ; USE_INPUT_CLKEN      ; Untyped                                                                   ;
; CLOCK_ENABLE_CORE_B                ; USE_INPUT_CLKEN      ; Untyped                                                                   ;
; ENABLE_ECC                         ; FALSE                ; Untyped                                                                   ;
; ECC_PIPELINE_STAGE_ENABLED         ; FALSE                ; Untyped                                                                   ;
; WIDTH_ECCSTATUS                    ; 3                    ; Untyped                                                                   ;
; DEVICE_FAMILY                      ; Cyclone II           ; Untyped                                                                   ;
; CBXI_PARAMETER                     ; altsyncram_sng1      ; Untyped                                                                   ;
+------------------------------------+----------------------+---------------------------------------------------------------------------+
Note: In order to hide this table in the UI and the text report file, please set the "Show Parameter Settings in Synthesis Report" option in "Analysis and Synthesis Settings -> More Settings" to "Off".


+------------------------------------------------------------------------------------------------------------------------------------------+
; Parameter Settings for Inferred Entity Instance: touch_ml_scanpipe_top:pipeline|ml_inference_scanpipe:ml_path|altsyncram:input_mem_rtl_0 ;
+------------------------------------+----------------------+------------------------------------------------------------------------------+
; Parameter Name                     ; Value                ; Type                                                                         ;
+------------------------------------+----------------------+------------------------------------------------------------------------------+
; BYTE_SIZE_BLOCK                    ; 8                    ; Untyped                                                                      ;
; AUTO_CARRY_CHAINS                  ; ON                   ; AUTO_CARRY                                                                   ;
; IGNORE_CARRY_BUFFERS               ; OFF                  ; IGNORE_CARRY                                                                 ;
; AUTO_CASCADE_CHAINS                ; ON                   ; AUTO_CASCADE                                                                 ;
; IGNORE_CASCADE_BUFFERS             ; OFF                  ; IGNORE_CASCADE                                                               ;
; WIDTH_BYTEENA                      ; 1                    ; Untyped                                                                      ;
; OPERATION_MODE                     ; DUAL_PORT            ; Untyped                                                                      ;
; WIDTH_A                            ; 4                    ; Untyped                                                                      ;
; WIDTHAD_A                          ; 8                    ; Untyped                                                                      ;
; NUMWORDS_A                         ; 196                  ; Untyped                                                                      ;
; OUTDATA_REG_A                      ; UNREGISTERED         ; Untyped                                                                      ;
; ADDRESS_ACLR_A                     ; NONE                 ; Untyped                                                                      ;
; OUTDATA_ACLR_A                     ; NONE                 ; Untyped                                                                      ;
; WRCONTROL_ACLR_A                   ; NONE                 ; Untyped                                                                      ;
; INDATA_ACLR_A                      ; NONE                 ; Untyped                                                                      ;
; BYTEENA_ACLR_A                     ; NONE                 ; Untyped                                                                      ;
; WIDTH_B                            ; 4                    ; Untyped                                                                      ;
; WIDTHAD_B                          ; 8                    ; Untyped                                                                      ;
; NUMWORDS_B                         ; 196                  ; Untyped                                                                      ;
; INDATA_REG_B                       ; CLOCK1               ; Untyped                                                                      ;
; WRCONTROL_WRADDRESS_REG_B          ; CLOCK1               ; Untyped                                                                      ;
; RDCONTROL_REG_B                    ; CLOCK1               ; Untyped                                                                      ;
; ADDRESS_REG_B                      ; CLOCK0               ; Untyped                                                                      ;
; OUTDATA_REG_B                      ; UNREGISTERED         ; Untyped                                                                      ;
; BYTEENA_REG_B                      ; CLOCK1               ; Untyped                                                                      ;
; INDATA_ACLR_B                      ; NONE                 ; Untyped                                                                      ;
; WRCONTROL_ACLR_B                   ; NONE                 ; Untyped                                                                      ;
; ADDRESS_ACLR_B                     ; NONE                 ; Untyped                                                                      ;
; OUTDATA_ACLR_B                     ; NONE                 ; Untyped                                                                      ;
; RDCONTROL_ACLR_B                   ; NONE                 ; Untyped                                                                      ;
; BYTEENA_ACLR_B                     ; NONE                 ; Untyped                                                                      ;
; WIDTH_BYTEENA_A                    ; 1                    ; Untyped                                                                      ;
; WIDTH_BYTEENA_B                    ; 1                    ; Untyped                                                                      ;
; RAM_BLOCK_TYPE                     ; AUTO                 ; Untyped                                                                      ;
; BYTE_SIZE                          ; 8                    ; Untyped                                                                      ;
; READ_DURING_WRITE_MODE_MIXED_PORTS ; OLD_DATA             ; Untyped                                                                      ;
; READ_DURING_WRITE_MODE_PORT_A      ; NEW_DATA_NO_NBE_READ ; Untyped                                                                      ;
; READ_DURING_WRITE_MODE_PORT_B      ; NEW_DATA_NO_NBE_READ ; Untyped                                                                      ;
; INIT_FILE                          ; UNUSED               ; Untyped                                                                      ;
; INIT_FILE_LAYOUT                   ; PORT_A               ; Untyped                                                                      ;
; MAXIMUM_DEPTH                      ; 0                    ; Untyped                                                                      ;
; CLOCK_ENABLE_INPUT_A               ; NORMAL               ; Untyped                                                                      ;
; CLOCK_ENABLE_INPUT_B               ; NORMAL               ; Untyped                                                                      ;
; CLOCK_ENABLE_OUTPUT_A              ; NORMAL               ; Untyped                                                                      ;
; CLOCK_ENABLE_OUTPUT_B              ; NORMAL               ; Untyped                                                                      ;
; CLOCK_ENABLE_CORE_A                ; USE_INPUT_CLKEN      ; Untyped                                                                      ;
; CLOCK_ENABLE_CORE_B                ; USE_INPUT_CLKEN      ; Untyped                                                                      ;
; ENABLE_ECC                         ; FALSE                ; Untyped                                                                      ;
; ECC_PIPELINE_STAGE_ENABLED         ; FALSE                ; Untyped                                                                      ;
; WIDTH_ECCSTATUS                    ; 3                    ; Untyped                                                                      ;
; DEVICE_FAMILY                      ; Cyclone II           ; Untyped                                                                      ;
; CBXI_PARAMETER                     ; altsyncram_mog1      ; Untyped                                                                      ;
+------------------------------------+----------------------+------------------------------------------------------------------------------+
Note: In order to hide this table in the UI and the text report file, please set the "Show Parameter Settings in Synthesis Report" option in "Analysis and Synthesis Settings -> More Settings" to "Off".


+------------------------------------------------------------------------------------------------------------------------------+
; Parameter Settings for Inferred Entity Instance: touch_ml_scanpipe_top:pipeline|ml_inference_scanpipe:ml_path|lpm_mult:Mult0 ;
+------------------------------------------------+------------+----------------------------------------------------------------+
; Parameter Name                                 ; Value      ; Type                                                           ;
+------------------------------------------------+------------+----------------------------------------------------------------+
; AUTO_CARRY_CHAINS                              ; ON         ; AUTO_CARRY                                                     ;
; IGNORE_CARRY_BUFFERS                           ; OFF        ; IGNORE_CARRY                                                   ;
; AUTO_CASCADE_CHAINS                            ; ON         ; AUTO_CASCADE                                                   ;
; IGNORE_CASCADE_BUFFERS                         ; OFF        ; IGNORE_CASCADE                                                 ;
; LPM_WIDTHA                                     ; 5          ; Untyped                                                        ;
; LPM_WIDTHB                                     ; 8          ; Untyped                                                        ;
; LPM_WIDTHP                                     ; 13         ; Untyped                                                        ;
; LPM_WIDTHR                                     ; 13         ; Untyped                                                        ;
; LPM_WIDTHS                                     ; 1          ; Untyped                                                        ;
; LPM_REPRESENTATION                             ; SIGNED     ; Untyped                                                        ;
; LPM_PIPELINE                                   ; 0          ; Untyped                                                        ;
; LATENCY                                        ; 0          ; Untyped                                                        ;
; INPUT_A_IS_CONSTANT                            ; NO         ; Untyped                                                        ;
; INPUT_B_IS_CONSTANT                            ; NO         ; Untyped                                                        ;
; USE_EAB                                        ; OFF        ; Untyped                                                        ;
; MAXIMIZE_SPEED                                 ; 5          ; Untyped                                                        ;
; DEVICE_FAMILY                                  ; Cyclone II ; Untyped                                                        ;
; CARRY_CHAIN                                    ; MANUAL     ; Untyped                                                        ;
; APEX20K_TECHNOLOGY_MAPPER                      ; LUT        ; TECH_MAPPER_APEX20K                                            ;
; DEDICATED_MULTIPLIER_CIRCUITRY                 ; AUTO       ; Untyped                                                        ;
; DEDICATED_MULTIPLIER_MIN_INPUT_WIDTH_FOR_AUTO  ; 0          ; Untyped                                                        ;
; DEDICATED_MULTIPLIER_MIN_OUTPUT_WIDTH_FOR_AUTO ; 0          ; Untyped                                                        ;
; CBXI_PARAMETER                                 ; mult_fus   ; Untyped                                                        ;
; INPUT_A_FIXED_VALUE                            ; Bx         ; Untyped                                                        ;
; INPUT_B_FIXED_VALUE                            ; Bx         ; Untyped                                                        ;
; USE_AHDL_IMPLEMENTATION                        ; OFF        ; Untyped                                                        ;
+------------------------------------------------+------------+----------------------------------------------------------------+
Note: In order to hide this table in the UI and the text report file, please set the "Show Parameter Settings in Synthesis Report" option in "Analysis and Synthesis Settings -> More Settings" to "Off".


+------------------------------------------------------------------------------------------------------------------------------+
; Parameter Settings for Inferred Entity Instance: touch_ml_scanpipe_top:pipeline|ml_inference_scanpipe:ml_path|lpm_mult:Mult1 ;
+------------------------------------------------+------------+----------------------------------------------------------------+
; Parameter Name                                 ; Value      ; Type                                                           ;
+------------------------------------------------+------------+----------------------------------------------------------------+
; AUTO_CARRY_CHAINS                              ; ON         ; AUTO_CARRY                                                     ;
; IGNORE_CARRY_BUFFERS                           ; OFF        ; IGNORE_CARRY                                                   ;
; AUTO_CASCADE_CHAINS                            ; ON         ; AUTO_CASCADE                                                   ;
; IGNORE_CASCADE_BUFFERS                         ; OFF        ; IGNORE_CASCADE                                                 ;
; LPM_WIDTHA                                     ; 32         ; Untyped                                                        ;
; LPM_WIDTHB                                     ; 8          ; Untyped                                                        ;
; LPM_WIDTHP                                     ; 40         ; Untyped                                                        ;
; LPM_WIDTHR                                     ; 40         ; Untyped                                                        ;
; LPM_WIDTHS                                     ; 1          ; Untyped                                                        ;
; LPM_REPRESENTATION                             ; SIGNED     ; Untyped                                                        ;
; LPM_PIPELINE                                   ; 0          ; Untyped                                                        ;
; LATENCY                                        ; 0          ; Untyped                                                        ;
; INPUT_A_IS_CONSTANT                            ; NO         ; Untyped                                                        ;
; INPUT_B_IS_CONSTANT                            ; NO         ; Untyped                                                        ;
; USE_EAB                                        ; OFF        ; Untyped                                                        ;
; MAXIMIZE_SPEED                                 ; 5          ; Untyped                                                        ;
; DEVICE_FAMILY                                  ; Cyclone II ; Untyped                                                        ;
; CARRY_CHAIN                                    ; MANUAL     ; Untyped                                                        ;
; APEX20K_TECHNOLOGY_MAPPER                      ; LUT        ; TECH_MAPPER_APEX20K                                            ;
; DEDICATED_MULTIPLIER_CIRCUITRY                 ; AUTO       ; Untyped                                                        ;
; DEDICATED_MULTIPLIER_MIN_INPUT_WIDTH_FOR_AUTO  ; 0          ; Untyped                                                        ;
; DEDICATED_MULTIPLIER_MIN_OUTPUT_WIDTH_FOR_AUTO ; 0          ; Untyped                                                        ;
; CBXI_PARAMETER                                 ; mult_vvs   ; Untyped                                                        ;
; INPUT_A_FIXED_VALUE                            ; Bx         ; Untyped                                                        ;
; INPUT_B_FIXED_VALUE                            ; Bx         ; Untyped                                                        ;
; USE_AHDL_IMPLEMENTATION                        ; OFF        ; Untyped                                                        ;
+------------------------------------------------+------------+----------------------------------------------------------------+
Note: In order to hide this table in the UI and the text report file, please set the "Show Parameter Settings in Synthesis Report" option in "Analysis and Synthesis Settings -> More Settings" to "Off".


+-------------------------------------------------------------------------------------------------------------------------------------+
; altsyncram Parameter Settings by Entity Instance                                                                                    ;
+-------------------------------------------+-----------------------------------------------------------------------------------------+
; Name                                      ; Value                                                                                   ;
+-------------------------------------------+-----------------------------------------------------------------------------------------+
; Number of entity instances                ; 6                                                                                       ;
; Entity Instance                           ; touch_ml_scanpipe_top:pipeline|ml_inference_scanpipe:ml_path|altsyncram:l1_rom          ;
;     -- OPERATION_MODE                     ; ROM                                                                                     ;
;     -- WIDTH_A                            ; 8                                                                                       ;
;     -- NUMWORDS_A                         ; 6272                                                                                    ;
;     -- OUTDATA_REG_A                      ; UNREGISTERED                                                                            ;
;     -- WIDTH_B                            ; 1                                                                                       ;
;     -- NUMWORDS_B                         ; 1                                                                                       ;
;     -- ADDRESS_REG_B                      ; CLOCK1                                                                                  ;
;     -- OUTDATA_REG_B                      ; UNREGISTERED                                                                            ;
;     -- RAM_BLOCK_TYPE                     ; AUTO                                                                                    ;
;     -- READ_DURING_WRITE_MODE_MIXED_PORTS ; DONT_CARE                                                                               ;
; Entity Instance                           ; touch_ml_scanpipe_top:pipeline|ml_inference_scanpipe:ml_path|altsyncram:l2_rom          ;
;     -- OPERATION_MODE                     ; ROM                                                                                     ;
;     -- WIDTH_A                            ; 8                                                                                       ;
;     -- NUMWORDS_A                         ; 320                                                                                     ;
;     -- OUTDATA_REG_A                      ; UNREGISTERED                                                                            ;
;     -- WIDTH_B                            ; 1                                                                                       ;
;     -- NUMWORDS_B                         ; 1                                                                                       ;
;     -- ADDRESS_REG_B                      ; CLOCK1                                                                                  ;
;     -- OUTDATA_REG_B                      ; UNREGISTERED                                                                            ;
;     -- RAM_BLOCK_TYPE                     ; AUTO                                                                                    ;
;     -- READ_DURING_WRITE_MODE_MIXED_PORTS ; DONT_CARE                                                                               ;
; Entity Instance                           ; touch_ml_scanpipe_top:pipeline|ml_inference_scanpipe:ml_path|altsyncram:b1_rom          ;
;     -- OPERATION_MODE                     ; ROM                                                                                     ;
;     -- WIDTH_A                            ; 32                                                                                      ;
;     -- NUMWORDS_A                         ; 32                                                                                      ;
;     -- OUTDATA_REG_A                      ; UNREGISTERED                                                                            ;
;     -- WIDTH_B                            ; 1                                                                                       ;
;     -- NUMWORDS_B                         ; 1                                                                                       ;
;     -- ADDRESS_REG_B                      ; CLOCK1                                                                                  ;
;     -- OUTDATA_REG_B                      ; UNREGISTERED                                                                            ;
;     -- RAM_BLOCK_TYPE                     ; AUTO                                                                                    ;
;     -- READ_DURING_WRITE_MODE_MIXED_PORTS ; DONT_CARE                                                                               ;
; Entity Instance                           ; touch_ml_scanpipe_top:pipeline|ml_inference_scanpipe:ml_path|altsyncram:b2_rom          ;
;     -- OPERATION_MODE                     ; ROM                                                                                     ;
;     -- WIDTH_A                            ; 32                                                                                      ;
;     -- NUMWORDS_A                         ; 10                                                                                      ;
;     -- OUTDATA_REG_A                      ; UNREGISTERED                                                                            ;
;     -- WIDTH_B                            ; 1                                                                                       ;
;     -- NUMWORDS_B                         ; 1                                                                                       ;
;     -- ADDRESS_REG_B                      ; CLOCK1                                                                                  ;
;     -- OUTDATA_REG_B                      ; UNREGISTERED                                                                            ;
;     -- RAM_BLOCK_TYPE                     ; AUTO                                                                                    ;
;     -- READ_DURING_WRITE_MODE_MIXED_PORTS ; DONT_CARE                                                                               ;
; Entity Instance                           ; touch_ml_scanpipe_top:pipeline|ml_inference_scanpipe:ml_path|altsyncram:hidden_rtl_0    ;
;     -- OPERATION_MODE                     ; DUAL_PORT                                                                               ;
;     -- WIDTH_A                            ; 32                                                                                      ;
;     -- NUMWORDS_A                         ; 32                                                                                      ;
;     -- OUTDATA_REG_A                      ; UNREGISTERED                                                                            ;
;     -- WIDTH_B                            ; 32                                                                                      ;
;     -- NUMWORDS_B                         ; 32                                                                                      ;
;     -- ADDRESS_REG_B                      ; CLOCK0                                                                                  ;
;     -- OUTDATA_REG_B                      ; UNREGISTERED                                                                            ;
;     -- RAM_BLOCK_TYPE                     ; AUTO                                                                                    ;
;     -- READ_DURING_WRITE_MODE_MIXED_PORTS ; OLD_DATA                                                                                ;
; Entity Instance                           ; touch_ml_scanpipe_top:pipeline|ml_inference_scanpipe:ml_path|altsyncram:input_mem_rtl_0 ;
;     -- OPERATION_MODE                     ; DUAL_PORT                                                                               ;
;     -- WIDTH_A                            ; 4                                                                                       ;
;     -- NUMWORDS_A                         ; 196                                                                                     ;
;     -- OUTDATA_REG_A                      ; UNREGISTERED                                                                            ;
;     -- WIDTH_B                            ; 4                                                                                       ;
;     -- NUMWORDS_B                         ; 196                                                                                     ;
;     -- ADDRESS_REG_B                      ; CLOCK0                                                                                  ;
;     -- OUTDATA_REG_B                      ; UNREGISTERED                                                                            ;
;     -- RAM_BLOCK_TYPE                     ; AUTO                                                                                    ;
;     -- READ_DURING_WRITE_MODE_MIXED_PORTS ; OLD_DATA                                                                                ;
+-------------------------------------------+-----------------------------------------------------------------------------------------+


+---------------------------------------------------------------------------------------------------------------------+
; lpm_mult Parameter Settings by Entity Instance                                                                      ;
+---------------------------------------+-----------------------------------------------------------------------------+
; Name                                  ; Value                                                                       ;
+---------------------------------------+-----------------------------------------------------------------------------+
; Number of entity instances            ; 2                                                                           ;
; Entity Instance                       ; touch_ml_scanpipe_top:pipeline|ml_inference_scanpipe:ml_path|lpm_mult:Mult0 ;
;     -- LPM_WIDTHA                     ; 5                                                                           ;
;     -- LPM_WIDTHB                     ; 8                                                                           ;
;     -- LPM_WIDTHP                     ; 13                                                                          ;
;     -- LPM_REPRESENTATION             ; SIGNED                                                                      ;
;     -- INPUT_A_IS_CONSTANT            ; NO                                                                          ;
;     -- INPUT_B_IS_CONSTANT            ; NO                                                                          ;
;     -- USE_EAB                        ; OFF                                                                         ;
;     -- DEDICATED_MULTIPLIER_CIRCUITRY ; AUTO                                                                        ;
;     -- INPUT_A_FIXED_VALUE            ; Bx                                                                          ;
;     -- INPUT_B_FIXED_VALUE            ; Bx                                                                          ;
; Entity Instance                       ; touch_ml_scanpipe_top:pipeline|ml_inference_scanpipe:ml_path|lpm_mult:Mult1 ;
;     -- LPM_WIDTHA                     ; 32                                                                          ;
;     -- LPM_WIDTHB                     ; 8                                                                           ;
;     -- LPM_WIDTHP                     ; 40                                                                          ;
;     -- LPM_REPRESENTATION             ; SIGNED                                                                      ;
;     -- INPUT_A_IS_CONSTANT            ; NO                                                                          ;
;     -- INPUT_B_IS_CONSTANT            ; NO                                                                          ;
;     -- USE_EAB                        ; OFF                                                                         ;
;     -- DEDICATED_MULTIPLIER_CIRCUITRY ; AUTO                                                                        ;
;     -- INPUT_A_FIXED_VALUE            ; Bx                                                                          ;
;     -- INPUT_B_FIXED_VALUE            ; Bx                                                                          ;
+---------------------------------------+-----------------------------------------------------------------------------+


+-----------------------------------------------------------------------------------------------------------------+
; Port Connectivity Checks: "lcd_live_writer:lcd_writer"                                                          ;
+-------+--------+----------+-------------------------------------------------------------------------------------+
; Port  ; Type   ; Severity ; Details                                                                             ;
+-------+--------+----------+-------------------------------------------------------------------------------------+
; ready ; Output ; Info     ; Connected to dangling logic. Logic that only feeds a dangling port will be removed. ;
+-------+--------+----------+-------------------------------------------------------------------------------------+


+------------------------------------------------------------------------------------------+
; Port Connectivity Checks: "touch_ml_scanpipe_top:pipeline|ml_inference_scanpipe:ml_path" ;
+-------------------+-------+----------+---------------------------------------------------+
; Port              ; Type  ; Severity ; Details                                           ;
+-------------------+-------+----------+---------------------------------------------------+
; clock_enable      ; Input ; Info     ; Stuck at VCC                                      ;
; input_frame_error ; Input ; Info     ; Stuck at GND                                      ;
+-------------------+-------+----------+---------------------------------------------------+


+----------------------------------------------------------------------------------------------------------------+
; Port Connectivity Checks: "touch_ml_scanpipe_top:pipeline|touch_capture_top:touch_path|xpt2046_reader:reader"  ;
+------+--------+----------+-------------------------------------------------------------------------------------+
; Port ; Type   ; Severity ; Details                                                                             ;
+------+--------+----------+-------------------------------------------------------------------------------------+
; busy ; Output ; Info     ; Connected to dangling logic. Logic that only feeds a dangling port will be removed. ;
+------+--------+----------+-------------------------------------------------------------------------------------+


+------------------------------------------------------------------------------------------------------------------------------+
; Port Connectivity Checks: "touch_ml_scanpipe_top:pipeline|touch_capture_top:touch_path"                                      ;
+--------------------+--------+----------+-------------------------------------------------------------------------------------+
; Port               ; Type   ; Severity ; Details                                                                             ;
+--------------------+--------+----------+-------------------------------------------------------------------------------------+
; stream_busy        ; Output ; Info     ; Connected to dangling logic. Logic that only feeds a dangling port will be removed. ;
; stream_done        ; Output ; Info     ; Connected to dangling logic. Logic that only feeds a dangling port will be removed. ;
; sample_valid_debug ; Output ; Info     ; Connected to dangling logic. Logic that only feeds a dangling port will be removed. ;
; raw_x_debug        ; Output ; Info     ; Connected to dangling logic. Logic that only feeds a dangling port will be removed. ;
; raw_y_debug        ; Output ; Info     ; Connected to dangling logic. Logic that only feeds a dangling port will be removed. ;
+--------------------+--------+----------+-------------------------------------------------------------------------------------+


+-----------------------------------------------------------------------------------------------------------------------------+
; Port Connectivity Checks: "touch_ml_scanpipe_top:pipeline"                                                                  ;
+-------------------+--------+----------+-------------------------------------------------------------------------------------+
; Port              ; Type   ; Severity ; Details                                                                             ;
+-------------------+--------+----------+-------------------------------------------------------------------------------------+
; result_accepted   ; Output ; Info     ; Connected to dangling logic. Logic that only feeds a dangling port will be removed. ;
; result_confidence ; Output ; Info     ; Connected to dangling logic. Logic that only feeds a dangling port will be removed. ;
; result_margin     ; Output ; Info     ; Connected to dangling logic. Logic that only feeds a dangling port will be removed. ;
; result_cycles     ; Output ; Info     ; Connected to dangling logic. Logic that only feeds a dangling port will be removed. ;
+-------------------+--------+----------+-------------------------------------------------------------------------------------+


+-------------------------------+
; Elapsed Time Per Partition    ;
+----------------+--------------+
; Partition Name ; Elapsed Time ;
+----------------+--------------+
; Top            ; 00:00:07     ;
+----------------+--------------+


+-------------------------------+
; Analysis & Synthesis Messages ;
+-------------------------------+
Info: *******************************************************************
Info: Running Quartus II 64-Bit Analysis & Synthesis
    Info: Version 13.0.1 Build 232 06/12/2013 Service Pack 1 SJ Web Edition
    Info: Processing started: Tue Oct 06 09:29:52 2026
Info: Command: quartus_map --read_settings_files=on --write_settings_files=off cyclone2_lcd_ml_hw -c cyclone2_lcd_ml_hw
Info (20032): Parallel compilation is enabled and will use up to 2 processors
Info (12021): Found 1 design units, including 1 entities, in source file cyclone2_lcd_ml_hw.sv
    Info (12023): Found entity 1: cyclone2_lcd_ml_hw
Info (12021): Found 1 design units, including 1 entities, in source file experiments/touch_ml_scanpipe_top.sv
    Info (12023): Found entity 1: touch_ml_scanpipe_top
Info (12021): Found 1 design units, including 1 entities, in source file touch_capture_top.sv
    Info (12023): Found entity 1: touch_capture_top
Info (12021): Found 1 design units, including 1 entities, in source file xpt2046_reader.sv
    Info (12023): Found entity 1: xpt2046_reader
Info (12021): Found 1 design units, including 1 entities, in source file xpt2046_calibrator.sv
    Info (12023): Found entity 1: xpt2046_calibrator
Info (12021): Found 1 design units, including 1 entities, in source file touch_frame_adapter.sv
    Info (12023): Found entity 1: touch_frame_adapter
Info (12021): Found 1 design units, including 1 entities, in source file lcd_live_writer.sv
    Info (12023): Found entity 1: lcd_live_writer
Info (12021): Found 1 design units, including 1 entities, in source file experiments/ml_inference_scanpipe.sv
    Info (12023): Found entity 1: ml_inference_scanpipe
Info (12127): Elaborating entity "cyclone2_lcd_ml_hw" for the top level hierarchy
Info (12128): Elaborating entity "touch_ml_scanpipe_top" for hierarchy "touch_ml_scanpipe_top:pipeline"
Info (12128): Elaborating entity "touch_capture_top" for hierarchy "touch_ml_scanpipe_top:pipeline|touch_capture_top:touch_path"
Info (12128): Elaborating entity "xpt2046_reader" for hierarchy "touch_ml_scanpipe_top:pipeline|touch_capture_top:touch_path|xpt2046_reader:reader"
Info (12128): Elaborating entity "xpt2046_calibrator" for hierarchy "touch_ml_scanpipe_top:pipeline|touch_capture_top:touch_path|xpt2046_calibrator:calibrator"
Info (12128): Elaborating entity "touch_frame_adapter" for hierarchy "touch_ml_scanpipe_top:pipeline|touch_capture_top:touch_path|touch_frame_adapter:frame"
Info (12128): Elaborating entity "ml_inference_scanpipe" for hierarchy "touch_ml_scanpipe_top:pipeline|ml_inference_scanpipe:ml_path"
Warning (10230): Verilog HDL assignment warning at ml_inference_scanpipe.sv(48): truncated value with size 32 to match size of target (13)
Warning (10230): Verilog HDL assignment warning at ml_inference_scanpipe.sv(49): truncated value with size 32 to match size of target (9)
Warning (10230): Verilog HDL assignment warning at ml_inference_scanpipe.sv(50): truncated value with size 32 to match size of target (6)
Warning (10230): Verilog HDL assignment warning at ml_inference_scanpipe.sv(51): truncated value with size 32 to match size of target (4)
Warning (10230): Verilog HDL assignment warning at ml_inference_scanpipe.sv(95): truncated value with size 40 to match size of target (32)
Warning (10230): Verilog HDL assignment warning at ml_inference_scanpipe.sv(135): truncated value with size 32 to match size of target (8)
Warning (10230): Verilog HDL assignment warning at ml_inference_scanpipe.sv(136): truncated value with size 32 to match size of target (16)
Info (10264): Verilog HDL Case Statement information at ml_inference_scanpipe.sv(70): all case item expressions in this case statement are onehot
Info (12128): Elaborating entity "altsyncram" for hierarchy "touch_ml_scanpipe_top:pipeline|ml_inference_scanpipe:ml_path|altsyncram:l1_rom"
Info (12130): Elaborated megafunction instantiation "touch_ml_scanpipe_top:pipeline|ml_inference_scanpipe:ml_path|altsyncram:l1_rom"
Info (12133): Instantiated megafunction "touch_ml_scanpipe_top:pipeline|ml_inference_scanpipe:ml_path|altsyncram:l1_rom" with the following parameter:
    Info (12134): Parameter "operation_mode" = "ROM"
    Info (12134): Parameter "width_a" = "8"
    Info (12134): Parameter "widthad_a" = "13"
    Info (12134): Parameter "numwords_a" = "6272"
    Info (12134): Parameter "outdata_reg_a" = "UNREGISTERED"
    Info (12134): Parameter "init_file" = "../../artifacts/weights_l1.mif"
    Info (12134): Parameter "lpm_type" = "altsyncram"
Info (12021): Found 1 design units, including 1 entities, in source file db/altsyncram_vqt.tdf
    Info (12023): Found entity 1: altsyncram_vqt
Info (12128): Elaborating entity "altsyncram_vqt" for hierarchy "touch_ml_scanpipe_top:pipeline|ml_inference_scanpipe:ml_path|altsyncram:l1_rom|altsyncram_vqt:auto_generated"
Info (12021): Found 1 design units, including 1 entities, in source file db/decode_1oa.tdf
    Info (12023): Found entity 1: decode_1oa
Info (12128): Elaborating entity "decode_1oa" for hierarchy "touch_ml_scanpipe_top:pipeline|ml_inference_scanpipe:ml_path|altsyncram:l1_rom|altsyncram_vqt:auto_generated|decode_1oa:deep_decode"
Info (12021): Found 1 design units, including 1 entities, in source file db/mux_hib.tdf
    Info (12023): Found entity 1: mux_hib
Info (12128): Elaborating entity "mux_hib" for hierarchy "touch_ml_scanpipe_top:pipeline|ml_inference_scanpipe:ml_path|altsyncram:l1_rom|altsyncram_vqt:auto_generated|mux_hib:mux2"
Info (12128): Elaborating entity "altsyncram" for hierarchy "touch_ml_scanpipe_top:pipeline|ml_inference_scanpipe:ml_path|altsyncram:l2_rom"
Info (12130): Elaborated megafunction instantiation "touch_ml_scanpipe_top:pipeline|ml_inference_scanpipe:ml_path|altsyncram:l2_rom"
Info (12133): Instantiated megafunction "touch_ml_scanpipe_top:pipeline|ml_inference_scanpipe:ml_path|altsyncram:l2_rom" with the following parameter:
    Info (12134): Parameter "operation_mode" = "ROM"
    Info (12134): Parameter "width_a" = "8"
    Info (12134): Parameter "widthad_a" = "9"
    Info (12134): Parameter "numwords_a" = "320"
    Info (12134): Parameter "outdata_reg_a" = "UNREGISTERED"
    Info (12134): Parameter "init_file" = "../../artifacts/weights_l2.mif"
    Info (12134): Parameter "lpm_type" = "altsyncram"
Info (12021): Found 1 design units, including 1 entities, in source file db/altsyncram_pnt.tdf
    Info (12023): Found entity 1: altsyncram_pnt
Info (12128): Elaborating entity "altsyncram_pnt" for hierarchy "touch_ml_scanpipe_top:pipeline|ml_inference_scanpipe:ml_path|altsyncram:l2_rom|altsyncram_pnt:auto_generated"
Info (12128): Elaborating entity "altsyncram" for hierarchy "touch_ml_scanpipe_top:pipeline|ml_inference_scanpipe:ml_path|altsyncram:b1_rom"
Info (12130): Elaborated megafunction instantiation "touch_ml_scanpipe_top:pipeline|ml_inference_scanpipe:ml_path|altsyncram:b1_rom"
Info (12133): Instantiated megafunction "touch_ml_scanpipe_top:pipeline|ml_inference_scanpipe:ml_path|altsyncram:b1_rom" with the following parameter:
    Info (12134): Parameter "operation_mode" = "ROM"
    Info (12134): Parameter "width_a" = "32"
    Info (12134): Parameter "widthad_a" = "6"
    Info (12134): Parameter "numwords_a" = "32"
    Info (12134): Parameter "outdata_reg_a" = "UNREGISTERED"
    Info (12134): Parameter "init_file" = "../../artifacts/bias_l1.mif"
    Info (12134): Parameter "lpm_type" = "altsyncram"
Warning (287001): Assertion warning: Not using extra address lines in altsyncram megafunction design -- 32 memory words in side A specified but total number of address lines is 6
Info (12021): Found 1 design units, including 1 entities, in source file db/altsyncram_mct.tdf
    Info (12023): Found entity 1: altsyncram_mct
Info (12128): Elaborating entity "altsyncram_mct" for hierarchy "touch_ml_scanpipe_top:pipeline|ml_inference_scanpipe:ml_path|altsyncram:b1_rom|altsyncram_mct:auto_generated"
Info (12128): Elaborating entity "altsyncram" for hierarchy "touch_ml_scanpipe_top:pipeline|ml_inference_scanpipe:ml_path|altsyncram:b2_rom"
Info (12130): Elaborated megafunction instantiation "touch_ml_scanpipe_top:pipeline|ml_inference_scanpipe:ml_path|altsyncram:b2_rom"
Info (12133): Instantiated megafunction "touch_ml_scanpipe_top:pipeline|ml_inference_scanpipe:ml_path|altsyncram:b2_rom" with the following parameter:
    Info (12134): Parameter "operation_mode" = "ROM"
    Info (12134): Parameter "width_a" = "32"
    Info (12134): Parameter "widthad_a" = "4"
    Info (12134): Parameter "numwords_a" = "10"
    Info (12134): Parameter "outdata_reg_a" = "UNREGISTERED"
    Info (12134): Parameter "init_file" = "../../artifacts/bias_l2.mif"
    Info (12134): Parameter "lpm_type" = "altsyncram"
Info (12021): Found 1 design units, including 1 entities, in source file db/altsyncram_hct.tdf
    Info (12023): Found entity 1: altsyncram_hct
Info (12128): Elaborating entity "altsyncram_hct" for hierarchy "touch_ml_scanpipe_top:pipeline|ml_inference_scanpipe:ml_path|altsyncram:b2_rom|altsyncram_hct:auto_generated"
Info (12128): Elaborating entity "lcd_live_writer" for hierarchy "lcd_live_writer:lcd_writer"
Info (10264): Verilog HDL Case Statement information at lcd_live_writer.sv(83): all case item expressions in this case statement are onehot
Warning (10230): Verilog HDL assignment warning at lcd_live_writer.sv(140): truncated value with size 32 to match size of target (9)
Warning (10230): Verilog HDL assignment warning at lcd_live_writer.sv(149): truncated value with size 32 to match size of target (9)
Warning (276020): Inferred RAM node "touch_ml_scanpipe_top:pipeline|ml_inference_scanpipe:ml_path|hidden_rtl_0" from synchronous design logic.  Pass-through logic has been added to match the read-during-write behavior of the original design.
Warning (276020): Inferred RAM node "touch_ml_scanpipe_top:pipeline|ml_inference_scanpipe:ml_path|input_mem_rtl_0" from synchronous design logic.  Pass-through logic has been added to match the read-during-write behavior of the original design.
Info (19000): Inferred 2 megafunctions from design logic
    Info (276029): Inferred altsyncram megafunction from the following design logic: "touch_ml_scanpipe_top:pipeline|ml_inference_scanpipe:ml_path|hidden_rtl_0" 
        Info (286033): Parameter OPERATION_MODE set to DUAL_PORT
        Info (286033): Parameter WIDTH_A set to 32
        Info (286033): Parameter WIDTHAD_A set to 5
        Info (286033): Parameter NUMWORDS_A set to 32
        Info (286033): Parameter WIDTH_B set to 32
        Info (286033): Parameter WIDTHAD_B set to 5
        Info (286033): Parameter NUMWORDS_B set to 32
        Info (286033): Parameter ADDRESS_ACLR_A set to NONE
        Info (286033): Parameter OUTDATA_REG_B set to UNREGISTERED
        Info (286033): Parameter ADDRESS_ACLR_B set to NONE
        Info (286033): Parameter OUTDATA_ACLR_B set to NONE
        Info (286033): Parameter ADDRESS_REG_B set to CLOCK0
        Info (286033): Parameter INDATA_ACLR_A set to NONE
        Info (286033): Parameter WRCONTROL_ACLR_A set to NONE
        Info (286033): Parameter READ_DURING_WRITE_MODE_MIXED_PORTS set to OLD_DATA
    Info (276029): Inferred altsyncram megafunction from the following design logic: "touch_ml_scanpipe_top:pipeline|ml_inference_scanpipe:ml_path|input_mem_rtl_0" 
        Info (286033): Parameter OPERATION_MODE set to DUAL_PORT
        Info (286033): Parameter WIDTH_A set to 4
        Info (286033): Parameter WIDTHAD_A set to 8
        Info (286033): Parameter NUMWORDS_A set to 196
        Info (286033): Parameter WIDTH_B set to 4
        Info (286033): Parameter WIDTHAD_B set to 8
        Info (286033): Parameter NUMWORDS_B set to 196
        Info (286033): Parameter ADDRESS_ACLR_A set to NONE
        Info (286033): Parameter OUTDATA_REG_B set to UNREGISTERED
        Info (286033): Parameter ADDRESS_ACLR_B set to NONE
        Info (286033): Parameter OUTDATA_ACLR_B set to NONE
        Info (286033): Parameter ADDRESS_REG_B set to CLOCK0
        Info (286033): Parameter INDATA_ACLR_A set to NONE
        Info (286033): Parameter WRCONTROL_ACLR_A set to NONE
        Info (286033): Parameter READ_DURING_WRITE_MODE_MIXED_PORTS set to OLD_DATA
Info (278001): Inferred 2 megafunctions from design logic
    Info (278003): Inferred multiplier megafunction ("lpm_mult") from the following logic: "touch_ml_scanpipe_top:pipeline|ml_inference_scanpipe:ml_path|Mult0"
    Info (278003): Inferred multiplier megafunction ("lpm_mult") from the following logic: "touch_ml_scanpipe_top:pipeline|ml_inference_scanpipe:ml_path|Mult1"
Info (12130): Elaborated megafunction instantiation "touch_ml_scanpipe_top:pipeline|ml_inference_scanpipe:ml_path|altsyncram:hidden_rtl_0"
Info (12133): Instantiated megafunction "touch_ml_scanpipe_top:pipeline|ml_inference_scanpipe:ml_path|altsyncram:hidden_rtl_0" with the following parameter:
    Info (12134): Parameter "OPERATION_MODE" = "DUAL_PORT"
    Info (12134): Parameter "WIDTH_A" = "32"
    Info (12134): Parameter "WIDTHAD_A" = "5"
    Info (12134): Parameter "NUMWORDS_A" = "32"
    Info (12134): Parameter "WIDTH_B" = "32"
    Info (12134): Parameter "WIDTHAD_B" = "5"
    Info (12134): Parameter "NUMWORDS_B" = "32"
    Info (12134): Parameter "ADDRESS_ACLR_A" = "NONE"
    Info (12134): Parameter "OUTDATA_REG_B" = "UNREGISTERED"
    Info (12134): Parameter "ADDRESS_ACLR_B" = "NONE"
    Info (12134): Parameter "OUTDATA_ACLR_B" = "NONE"
    Info (12134): Parameter "ADDRESS_REG_B" = "CLOCK0"
    Info (12134): Parameter "INDATA_ACLR_A" = "NONE"
    Info (12134): Parameter "WRCONTROL_ACLR_A" = "NONE"
    Info (12134): Parameter "READ_DURING_WRITE_MODE_MIXED_PORTS" = "OLD_DATA"
Info (12021): Found 1 design units, including 1 entities, in source file db/altsyncram_sng1.tdf
    Info (12023): Found entity 1: altsyncram_sng1
Info (12130): Elaborated megafunction instantiation "touch_ml_scanpipe_top:pipeline|ml_inference_scanpipe:ml_path|altsyncram:input_mem_rtl_0"
Info (12133): Instantiated megafunction "touch_ml_scanpipe_top:pipeline|ml_inference_scanpipe:ml_path|altsyncram:input_mem_rtl_0" with the following parameter:
    Info (12134): Parameter "OPERATION_MODE" = "DUAL_PORT"
    Info (12134): Parameter "WIDTH_A" = "4"
    Info (12134): Parameter "WIDTHAD_A" = "8"
    Info (12134): Parameter "NUMWORDS_A" = "196"
    Info (12134): Parameter "WIDTH_B" = "4"
    Info (12134): Parameter "WIDTHAD_B" = "8"
    Info (12134): Parameter "NUMWORDS_B" = "196"
    Info (12134): Parameter "ADDRESS_ACLR_A" = "NONE"
    Info (12134): Parameter "OUTDATA_REG_B" = "UNREGISTERED"
    Info (12134): Parameter "ADDRESS_ACLR_B" = "NONE"
    Info (12134): Parameter "OUTDATA_ACLR_B" = "NONE"
    Info (12134): Parameter "ADDRESS_REG_B" = "CLOCK0"
    Info (12134): Parameter "INDATA_ACLR_A" = "NONE"
    Info (12134): Parameter "WRCONTROL_ACLR_A" = "NONE"
    Info (12134): Parameter "READ_DURING_WRITE_MODE_MIXED_PORTS" = "OLD_DATA"
Info (12021): Found 1 design units, including 1 entities, in source file db/altsyncram_mog1.tdf
    Info (12023): Found entity 1: altsyncram_mog1
Info (12130): Elaborated megafunction instantiation "touch_ml_scanpipe_top:pipeline|ml_inference_scanpipe:ml_path|lpm_mult:Mult0"
Info (12133): Instantiated megafunction "touch_ml_scanpipe_top:pipeline|ml_inference_scanpipe:ml_path|lpm_mult:Mult0" with the following parameter:
    Info (12134): Parameter "LPM_WIDTHA" = "5"
    Info (12134): Parameter "LPM_WIDTHB" = "8"
    Info (12134): Parameter "LPM_WIDTHP" = "13"
    Info (12134): Parameter "LPM_WIDTHR" = "13"
    Info (12134): Parameter "LPM_WIDTHS" = "1"
    Info (12134): Parameter "LPM_REPRESENTATION" = "SIGNED"
    Info (12134): Parameter "INPUT_A_IS_CONSTANT" = "NO"
    Info (12134): Parameter "INPUT_B_IS_CONSTANT" = "NO"
    Info (12134): Parameter "MAXIMIZE_SPEED" = "5"
Info (12021): Found 1 design units, including 1 entities, in source file db/mult_fus.tdf
    Info (12023): Found entity 1: mult_fus
Info (12130): Elaborated megafunction instantiation "touch_ml_scanpipe_top:pipeline|ml_inference_scanpipe:ml_path|lpm_mult:Mult1"
Info (12133): Instantiated megafunction "touch_ml_scanpipe_top:pipeline|ml_inference_scanpipe:ml_path|lpm_mult:Mult1" with the following parameter:
    Info (12134): Parameter "LPM_WIDTHA" = "32"
    Info (12134): Parameter "LPM_WIDTHB" = "8"
    Info (12134): Parameter "LPM_WIDTHP" = "40"
    Info (12134): Parameter "LPM_WIDTHR" = "40"
    Info (12134): Parameter "LPM_WIDTHS" = "1"
    Info (12134): Parameter "LPM_REPRESENTATION" = "SIGNED"
    Info (12134): Parameter "INPUT_A_IS_CONSTANT" = "NO"
    Info (12134): Parameter "INPUT_B_IS_CONSTANT" = "NO"
    Info (12134): Parameter "MAXIMIZE_SPEED" = "5"
Info (12021): Found 1 design units, including 1 entities, in source file db/mult_vvs.tdf
    Info (12023): Found entity 1: mult_vvs
Info (13014): Ignored 82 buffer(s)
    Info (13019): Ignored 82 SOFT buffer(s)
Info (13000): Registers with preset signals will power-up high
Info (13003): DEV_CLRn pin will set, and not reset, register with preset signal due to NOT Gate Push-Back
Warning (13024): Output pins are stuck at VCC or GND
    Warning (13410): Pin "lcd_rd_n" is stuck at VCC
    Warning (13410): Pin "buzzer_n" is stuck at VCC
Info (17049): 13 registers lost all their fanouts during netlist optimizations.
Info (144001): Generated suppressed messages file D:/fpga/cyclone2-lcd-ml-direct/rtl/output_files_hw/cyclone2_lcd_ml_hw.map.smsg
Info (16010): Generating hard_block partition "hard_block:auto_generated_inst"
    Info (16011): Adding 0 node(s), including 0 DDIO, 0 PLL, 0 transceiver and 0 LCELL
Info (21057): Implemented 2764 device resources after synthesis - the final resource count might be different
    Info (21058): Implemented 9 input pins
    Info (21059): Implemented 13 output pins
    Info (21060): Implemented 16 bidirectional pins
    Info (21061): Implemented 2597 logic cells
    Info (21064): Implemented 124 RAM segments
    Info (21062): Implemented 5 DSP elements
Info: Quartus II 64-Bit Analysis & Synthesis was successful. 0 errors, 15 warnings
    Info: Peak virtual memory: 4627 megabytes
    Info: Processing ended: Tue Oct 06 09:30:03 2026
    Info: Elapsed time: 00:00:11
    Info: Total CPU time (on all processors): 00:00:10


+------------------------------------------+
; Analysis & Synthesis Suppressed Messages ;
+------------------------------------------+
The suppressed messages can be found in D:/fpga/cyclone2-lcd-ml-direct/rtl/output_files_hw/cyclone2_lcd_ml_hw.map.smsg.


